ISO-10303-21;
HEADER;
FILE_DESCRIPTION((''),'2;1');
FILE_NAME('Electronics_Cover', '2026-08-25T14:46:16', (''), (''), 'ImageToStl.com STEP Converter','', '');
FILE_SCHEMA(('AUTOMOTIVE_DESIGN_CC2'));
ENDSEC;
DATA;
#1=PRODUCT_DEFINITION_CONTEXT('',#4,'design');
#2=APPLICATION_PROTOCOL_DEFINITION('INTERNATIONAL STANDARD','automotive_design',1994,#4);
#3=(GEOMETRIC_REPRESENTATION_CONTEXT(3)GLOBAL_UNCERTAINTY_ASSIGNED_CONTEXT((#5))GLOBAL_UNIT_ASSIGNED_CONTEXT((#6,#7,#8))REPRESENTATION_CONTEXT('NONE','WORKSPACE'));
#4=APPLICATION_CONTEXT(' ');
#5=UNCERTAINTY_MEASURE_WITH_UNIT(LENGTH_MEASURE(1.0E-006),#6,'','');
#6=(CONVERSION_BASED_UNIT('METRE',#10)LENGTH_UNIT()NAMED_UNIT(#11));
#7=(NAMED_UNIT(#12)PLANE_ANGLE_UNIT()SI_UNIT($,.RADIAN.));
#8=(NAMED_UNIT(#12)SOLID_ANGLE_UNIT()SI_UNIT($,.STERADIAN.));
#9=AXIS2_PLACEMENT_3D('',#14,#15,#16);
#10=LENGTH_MEASURE_WITH_UNIT(LENGTH_MEASURE(1.0),#17);
#11=DIMENSIONAL_EXPONENTS(1.0,0.0,0.0,0.0,0.0,0.0,0.0);
#12=DIMENSIONAL_EXPONENTS(0.0,0.0,0.0,0.0,0.0,0.0,0.0);
#13=PRODUCT_CONTEXT('',#4,'mechanical');
#14=CARTESIAN_POINT('',(0.0,0.0,0.0));
#15=DIRECTION('',(0.0,0.0,1.0));
#16=DIRECTION('',(1.0,0.0,0.0));
#17=(NAMED_UNIT(#11)LENGTH_UNIT()SI_UNIT(.MILLI.,.METRE.));
#18=PRESENTATION_STYLE_ASSIGNMENT((#19));
#19=SURFACE_STYLE_USAGE(.BOTH.,#20);
#20=SURFACE_SIDE_STYLE('',(#21));
#21=SURFACE_STYLE_FILL_AREA(#22);
#22=FILL_AREA_STYLE('',(#23));
#23=FILL_AREA_STYLE_COLOUR('',#24);
#24=COLOUR_RGB('',0.9,0.9,0.9);
#25=SHAPE_DEFINITION_REPRESENTATION(#26,#27);
#26=PRODUCT_DEFINITION_SHAPE('productshape0','',#30);
#27=MANIFOLD_SURFACE_SHAPE_REPRESENTATION('',(#28,#9),#3);
#28=SHELL_BASED_SURFACE_MODEL('shell0',(#33));
#29=PRODUCT('product0','','',(#13));
#30=PRODUCT_DEFINITION('mesh0','',#31,#2);
#31=PRODUCT_DEFINITION_FORMATION_WITH_SPECIFIED_SOURCE('prodsource0','',#29,.NOT_KNOWN.);
#32=STYLED_ITEM('',(#18),#33);
#33=CLOSED_SHELL('',(#150,#172,#194,#216,#238,#260,#282,#304,#326,#348,#370,#392,#414,#436,#458,#480,#502,#524,#546,#568,#590,#612,#634,#656,#678,#700,#722,#744,#766,#788,#810,#832,#854,#876,#898,#920,#942,#964,#986,#1008,#1030,#1052,#1074,#1096,#1118,#1140,#1162,#1184,#1206,#1228,#1250,#1272,#1294,#1316,#1338,#1360,#1382,#1404,#1426,#1448,#1470,#1492,#1514,#1536,#1558,#1580,#1602,#1624,#1646,#1668,#1690,#1712,#1734,#1756,#1778,#1800,#1822,#1844,#1866,#1888,#1910,#1932,#1954,#1976,#1998,#2020,#2042,#2064,#2086,#2108,#2130,#2152,#2174,#2196,#2218,#2240,#2262,#2284,#2306,#2328,#2350,#2372,#2394,#2416,#2438,#2460,#2482,#2504,#2526,#2548,#2570,#2592,#2614,#2636,#2658,#2680));
#34=CARTESIAN_POINT('',(-39.973392486572266,-62.72132873535156,63.97129821777344));
#35=VERTEX_POINT('',#34);
#36=CARTESIAN_POINT('',(39.95756149291992,-62.72132873535156,63.97130584716797));
#37=VERTEX_POINT('',#36);
#38=CARTESIAN_POINT('',(39.95756149291992,-62.72132873535156,65.97129821777344));
#39=VERTEX_POINT('',#38);
#40=CARTESIAN_POINT('',(-39.973392486572266,-62.72132873535156,65.97129821777344));
#41=VERTEX_POINT('',#40);
#42=CARTESIAN_POINT('',(11.775822639465332,-61.78913879394531,65.97129821777344));
#43=VERTEX_POINT('',#42);
#44=CARTESIAN_POINT('',(-12.846580505371094,-61.78913879394531,65.97129821777344));
#45=VERTEX_POINT('',#44);
#46=CARTESIAN_POINT('',(-12.846580505371094,-61.78913879394531,63.97129821777344));
#47=VERTEX_POINT('',#46);
#48=CARTESIAN_POINT('',(11.775822639465332,-61.78913879394531,63.97129821777344));
#49=VERTEX_POINT('',#48);
#50=CARTESIAN_POINT('',(-12.846580505371094,-49.13068771362305,63.97129821777344));
#51=VERTEX_POINT('',#50);
#52=CARTESIAN_POINT('',(-12.846580505371094,-49.13068771362305,65.97129821777344));
#53=VERTEX_POINT('',#52);
#54=CARTESIAN_POINT('',(11.775822639465332,-49.13068771362305,63.97129821777344));
#55=VERTEX_POINT('',#54);
#56=CARTESIAN_POINT('',(11.775822639465332,-49.13068771362305,65.97129821777344));
#57=VERTEX_POINT('',#56);
#58=CARTESIAN_POINT('',(-39.973392486572266,-6.403979568858631E-10,65.97129821777344));
#59=VERTEX_POINT('',#58);
#60=CARTESIAN_POINT('',(-39.973392486572266,-6.403979568858631E-10,63.97129821777344));
#61=VERTEX_POINT('',#60);
#62=CARTESIAN_POINT('',(34.86119842529297,-45.64651870727539,63.97130584716797));
#63=VERTEX_POINT('',#62);
#64=CARTESIAN_POINT('',(34.86119842529297,0,63.97130584716797));
#65=VERTEX_POINT('',#64);
#66=CARTESIAN_POINT('',(39.95756149291992,-6.403979568858631E-10,63.97130584716797));
#67=VERTEX_POINT('',#66);
#68=CARTESIAN_POINT('',(-34.86119842529297,0,63.97129821777344));
#69=VERTEX_POINT('',#68);
#70=CARTESIAN_POINT('',(-34.86119842529297,-45.64651870727539,63.97129821777344));
#71=VERTEX_POINT('',#70);
#72=CARTESIAN_POINT('',(39.95756149291992,-6.403979568858631E-10,65.97129821777344));
#73=VERTEX_POINT('',#72);
#74=CARTESIAN_POINT('',(-34.86119842529297,0,65.97129821777344));
#75=VERTEX_POINT('',#74);
#76=CARTESIAN_POINT('',(34.86119842529297,0,65.97129821777344));
#77=VERTEX_POINT('',#76);
#78=CARTESIAN_POINT('',(34.86119842529297,-45.64651870727539,65.97129821777344));
#79=VERTEX_POINT('',#78);
#80=CARTESIAN_POINT('',(-34.86119842529297,-45.64651870727539,65.97129821777344));
#81=VERTEX_POINT('',#80);
#82=CARTESIAN_POINT('',(-39.973392486572266,62.72132873535156,63.97129821777344));
#83=VERTEX_POINT('',#82);
#84=CARTESIAN_POINT('',(-39.973392486572266,62.72132873535156,65.97129821777344));
#85=VERTEX_POINT('',#84);
#86=CARTESIAN_POINT('',(39.95756149291992,62.72132873535156,65.97129821777344));
#87=VERTEX_POINT('',#86);
#88=CARTESIAN_POINT('',(39.95756149291992,62.72132873535156,63.97130584716797));
#89=VERTEX_POINT('',#88);
#90=CARTESIAN_POINT('',(11.775822639465332,61.78913879394531,65.97129821777344));
#91=VERTEX_POINT('',#90);
#92=CARTESIAN_POINT('',(-12.846580505371094,61.78913879394531,65.97129821777344));
#93=VERTEX_POINT('',#92);
#94=CARTESIAN_POINT('',(11.775822639465332,61.78913879394531,63.97129821777344));
#95=VERTEX_POINT('',#94);
#96=CARTESIAN_POINT('',(-12.846580505371094,61.78913879394531,63.97129821777344));
#97=VERTEX_POINT('',#96);
#98=CARTESIAN_POINT('',(-12.846580505371094,49.13068771362305,65.97129821777344));
#99=VERTEX_POINT('',#98);
#100=CARTESIAN_POINT('',(-12.846580505371094,49.13068771362305,63.97129821777344));
#101=VERTEX_POINT('',#100);
#102=CARTESIAN_POINT('',(11.775822639465332,49.13068771362305,65.97129821777344));
#103=VERTEX_POINT('',#102);
#104=CARTESIAN_POINT('',(11.775822639465332,49.13068771362305,63.97129821777344));
#105=VERTEX_POINT('',#104);
#106=CARTESIAN_POINT('',(34.86119842529297,45.64651870727539,63.97130584716797));
#107=VERTEX_POINT('',#106);
#108=CARTESIAN_POINT('',(-34.86119842529297,45.64651870727539,63.97129821777344));
#109=VERTEX_POINT('',#108);
#110=CARTESIAN_POINT('',(34.86119842529297,45.64651870727539,65.97129821777344));
#111=VERTEX_POINT('',#110);
#112=CARTESIAN_POINT('',(-34.86119842529297,45.64651870727539,65.97129821777344));
#113=VERTEX_POINT('',#112);
#114=CARTESIAN_POINT('',(34.86119842529297,0,28.319679260253906));
#115=VERTEX_POINT('',#114);
#116=CARTESIAN_POINT('',(36.95286560058594,3.8146826142337886E-08,28.319679260253906));
#117=VERTEX_POINT('',#116);
#118=CARTESIAN_POINT('',(36.95286560058594,-48.38530349731445,28.319679260253906));
#119=VERTEX_POINT('',#118);
#120=CARTESIAN_POINT('',(34.86119842529297,-45.64651870727539,28.319679260253906));
#121=VERTEX_POINT('',#120);
#122=CARTESIAN_POINT('',(-34.86119842529297,45.64651870727539,28.31967544555664));
#123=VERTEX_POINT('',#122);
#124=CARTESIAN_POINT('',(-36.95286560058594,48.38530349731445,28.31967544555664));
#125=VERTEX_POINT('',#124);
#126=CARTESIAN_POINT('',(36.95286560058594,48.38530349731445,28.319679260253906));
#127=VERTEX_POINT('',#126);
#128=CARTESIAN_POINT('',(34.86119842529297,45.64651870727539,28.319679260253906));
#129=VERTEX_POINT('',#128);
#130=CARTESIAN_POINT('',(-34.86119842529297,-45.64651870727539,28.31967544555664));
#131=VERTEX_POINT('',#130);
#132=CARTESIAN_POINT('',(-36.95286560058594,-48.38530349731445,28.31967544555664));
#133=VERTEX_POINT('',#132);
#134=CARTESIAN_POINT('',(-36.95286560058594,3.8146826142337886E-08,28.31967544555664));
#135=VERTEX_POINT('',#134);
#136=CARTESIAN_POINT('',(-34.86119842529297,0,28.31967544555664));
#137=VERTEX_POINT('',#136);
#138=CARTESIAN_POINT('',(36.95286560058594,-48.38530349731445,64.47449493408203));
#139=VERTEX_POINT('',#138);
#140=CARTESIAN_POINT('',(-36.95286560058594,-48.38530349731445,64.47449493408203));
#141=VERTEX_POINT('',#140);
#142=CARTESIAN_POINT('',(36.95286560058594,3.8146826142337886E-08,64.47449493408203));
#143=VERTEX_POINT('',#142);
#144=CARTESIAN_POINT('',(-36.95286560058594,3.8146826142337886E-08,64.47449493408203));
#145=VERTEX_POINT('',#144);
#146=CARTESIAN_POINT('',(-36.95286560058594,48.38530349731445,64.47449493408203));
#147=VERTEX_POINT('',#146);
#148=CARTESIAN_POINT('',(36.95286560058594,48.38530349731445,64.47449493408203));
#149=VERTEX_POINT('',#148);
#150=FACE_SURFACE('',(#155),#151,.T.);
#151=PLANE('',#152);
#152=AXIS2_PLACEMENT_3D('',#34,#153,#154);
#153=DIRECTION('',(0,-1,0));
#154=DIRECTION('',(0.9999999999999953,0,9.54498120115948E-08));
#155=FACE_BOUND('',#156,.T.);
#156=EDGE_LOOP('',(#157,#158,#159));
#157=ORIENTED_EDGE('',*,*,#160,.T.);
#158=ORIENTED_EDGE('',*,*,#161,.T.);
#159=ORIENTED_EDGE('',*,*,#162,.T.);
#160=EDGE_CURVE('',#35,#37,#163,.F.);
#161=EDGE_CURVE('',#37,#39,#164,.T.);
#162=EDGE_CURVE('',#39,#35,#165,.T.);
#163=LINE('',#34,#166);
#164=LINE('',#36,#167);
#165=LINE('',#38,#168);
#166=VECTOR('',#169,1.0);
#167=VECTOR('',#170,1.0);
#168=VECTOR('',#171,1.0);
#169=DIRECTION('',(0.9999999999999953,0,9.54498120115948E-08));
#170=DIRECTION('',(0,0,1));
#171=DIRECTION('',(-0.9996871067933455,0,-0.025013766432709767));
#172=FACE_SURFACE('',(#177),#173,.T.);
#173=PLANE('',#174);
#174=AXIS2_PLACEMENT_3D('',#34,#175,#176);
#175=DIRECTION('',(0,-1,0));
#176=DIRECTION('',(0.9996871067933455,0,0.025013766432709767));
#177=FACE_BOUND('',#178,.T.);
#178=EDGE_LOOP('',(#179,#180,#181));
#179=ORIENTED_EDGE('',*,*,#182,.T.);
#180=ORIENTED_EDGE('',*,*,#183,.T.);
#181=ORIENTED_EDGE('',*,*,#184,.T.);
#182=EDGE_CURVE('',#35,#39,#185,.F.);
#183=EDGE_CURVE('',#39,#41,#186,.T.);
#184=EDGE_CURVE('',#41,#35,#187,.T.);
#185=LINE('',#34,#188);
#186=LINE('',#38,#189);
#187=LINE('',#40,#190);
#188=VECTOR('',#191,1.0);
#189=VECTOR('',#192,1.0);
#190=VECTOR('',#193,1.0);
#191=DIRECTION('',(0.9996871067933455,0,0.025013766432709767));
#192=DIRECTION('',(-1,0,0));
#193=DIRECTION('',(0,0,-1));
#194=FACE_SURFACE('',(#199),#195,.T.);
#195=PLANE('',#196);
#196=AXIS2_PLACEMENT_3D('',#42,#197,#198);
#197=DIRECTION('',(0,0,1));
#198=DIRECTION('',(-1,0,0));
#199=FACE_BOUND('',#200,.T.);
#200=EDGE_LOOP('',(#201,#202,#203));
#201=ORIENTED_EDGE('',*,*,#204,.T.);
#202=ORIENTED_EDGE('',*,*,#205,.T.);
#203=ORIENTED_EDGE('',*,*,#206,.T.);
#204=EDGE_CURVE('',#43,#45,#207,.F.);
#205=EDGE_CURVE('',#45,#41,#208,.T.);
#206=EDGE_CURVE('',#41,#43,#209,.T.);
#207=LINE('',#42,#210);
#208=LINE('',#44,#211);
#209=LINE('',#40,#212);
#210=VECTOR('',#213,1.0);
#211=VECTOR('',#214,1.0);
#212=VECTOR('',#215,1.0);
#213=DIRECTION('',(-1,0,0));
#214=DIRECTION('',(-0.9994100748921432,-0.03434388161056845,0));
#215=DIRECTION('',(0.9998377944846001,0.01801068350092519,0));
#216=FACE_SURFACE('',(#221),#217,.T.);
#217=PLANE('',#218);
#218=AXIS2_PLACEMENT_3D('',#42,#219,#220);
#219=DIRECTION('',(0,0,1));
#220=DIRECTION('',(-0.9998377944846001,-0.01801068350092519,0));
#221=FACE_BOUND('',#222,.T.);
#222=EDGE_LOOP('',(#223,#224,#225));
#223=ORIENTED_EDGE('',*,*,#226,.T.);
#224=ORIENTED_EDGE('',*,*,#227,.T.);
#225=ORIENTED_EDGE('',*,*,#228,.T.);
#226=EDGE_CURVE('',#43,#41,#229,.F.);
#227=EDGE_CURVE('',#41,#39,#230,.T.);
#228=EDGE_CURVE('',#39,#43,#231,.T.);
#229=LINE('',#42,#232);
#230=LINE('',#40,#233);
#231=LINE('',#38,#234);
#232=VECTOR('',#235,1.0);
#233=VECTOR('',#236,1.0);
#234=VECTOR('',#237,1.0);
#235=DIRECTION('',(-0.9998377944846001,-0.01801068350092519,0));
#236=DIRECTION('',(1,0,0));
#237=DIRECTION('',(-0.9994533780703337,0.03305971965698828,0));
#238=FACE_SURFACE('',(#243),#239,.T.);
#239=PLANE('',#240);
#240=AXIS2_PLACEMENT_3D('',#34,#241,#242);
#241=DIRECTION('',(0,0,-1));
#242=DIRECTION('',(0.9994100748921432,0.03434388161056845,0));
#243=FACE_BOUND('',#244,.T.);
#244=EDGE_LOOP('',(#245,#246,#247));
#245=ORIENTED_EDGE('',*,*,#248,.T.);
#246=ORIENTED_EDGE('',*,*,#249,.T.);
#247=ORIENTED_EDGE('',*,*,#250,.T.);
#248=EDGE_CURVE('',#35,#47,#251,.F.);
#249=EDGE_CURVE('',#47,#49,#252,.T.);
#250=EDGE_CURVE('',#49,#35,#253,.T.);
#251=LINE('',#34,#254);
#252=LINE('',#46,#255);
#253=LINE('',#48,#256);
#254=VECTOR('',#257,1.0);
#255=VECTOR('',#258,1.0);
#256=VECTOR('',#259,1.0);
#257=DIRECTION('',(0.9994100748921432,0.03434388161056845,0));
#258=DIRECTION('',(1,0,0));
#259=DIRECTION('',(-0.9998377944846001,-0.01801068350092519,0));
#260=FACE_SURFACE('',(#265),#261,.T.);
#261=PLANE('',#262);
#262=AXIS2_PLACEMENT_3D('',#34,#263,#264);
#263=DIRECTION('',(9.544981201025483E-08,-5.2987622329491565E-06,-0.9999999999859569));
#264=DIRECTION('',(0.9998377944846001,0.01801068350092519,0));
#265=FACE_BOUND('',#266,.T.);
#266=EDGE_LOOP('',(#267,#268,#269));
#267=ORIENTED_EDGE('',*,*,#270,.T.);
#268=ORIENTED_EDGE('',*,*,#271,.T.);
#269=ORIENTED_EDGE('',*,*,#272,.T.);
#270=EDGE_CURVE('',#35,#49,#273,.F.);
#271=EDGE_CURVE('',#49,#37,#274,.T.);
#272=EDGE_CURVE('',#37,#35,#275,.T.);
#273=LINE('',#34,#276);
#274=LINE('',#48,#277);
#275=LINE('',#36,#278);
#276=VECTOR('',#279,1.0);
#277=VECTOR('',#280,1.0);
#278=VECTOR('',#281,1.0);
#279=DIRECTION('',(0.9998377944846001,0.01801068350092519,0));
#280=DIRECTION('',(0.999453378070297,-0.03305971965698706,2.7057323100395357E-07));
#281=DIRECTION('',(-0.9999999999999953,0,-9.54498120115948E-08));
#282=FACE_SURFACE('',(#287),#283,.T.);
#283=PLANE('',#284);
#284=AXIS2_PLACEMENT_3D('',#46,#285,#286);
#285=DIRECTION('',(1,0,0));
#286=DIRECTION('',(0,1,0));
#287=FACE_BOUND('',#288,.T.);
#288=EDGE_LOOP('',(#289,#290,#291));
#289=ORIENTED_EDGE('',*,*,#292,.T.);
#290=ORIENTED_EDGE('',*,*,#293,.T.);
#291=ORIENTED_EDGE('',*,*,#294,.T.);
#292=EDGE_CURVE('',#47,#51,#295,.F.);
#293=EDGE_CURVE('',#51,#53,#296,.T.);
#294=EDGE_CURVE('',#53,#47,#297,.T.);
#295=LINE('',#46,#298);
#296=LINE('',#50,#299);
#297=LINE('',#52,#300);
#298=VECTOR('',#301,1.0);
#299=VECTOR('',#302,1.0);
#300=VECTOR('',#303,1.0);
#301=DIRECTION('',(0,1,0));
#302=DIRECTION('',(0,0,1));
#303=DIRECTION('',(0,-0.9877473668539826,-0.15606133176743073));
#304=FACE_SURFACE('',(#309),#305,.T.);
#305=PLANE('',#306);
#306=AXIS2_PLACEMENT_3D('',#46,#307,#308);
#307=DIRECTION('',(1,0,0));
#308=DIRECTION('',(0,0.9877473668539826,0.15606133176743073));
#309=FACE_BOUND('',#310,.T.);
#310=EDGE_LOOP('',(#311,#312,#313));
#311=ORIENTED_EDGE('',*,*,#314,.T.);
#312=ORIENTED_EDGE('',*,*,#315,.T.);
#313=ORIENTED_EDGE('',*,*,#316,.T.);
#314=EDGE_CURVE('',#47,#53,#317,.F.);
#315=EDGE_CURVE('',#53,#45,#318,.T.);
#316=EDGE_CURVE('',#45,#47,#319,.T.);
#317=LINE('',#46,#320);
#318=LINE('',#52,#321);
#319=LINE('',#44,#322);
#320=VECTOR('',#323,1.0);
#321=VECTOR('',#324,1.0);
#322=VECTOR('',#325,1.0);
#323=DIRECTION('',(0,0.9877473668539826,0.15606133176743073));
#324=DIRECTION('',(0,-1,0));
#325=DIRECTION('',(0,0,-1));
#326=FACE_SURFACE('',(#331),#327,.T.);
#327=PLANE('',#328);
#328=AXIS2_PLACEMENT_3D('',#52,#329,#330);
#329=DIRECTION('',(0,-1,0));
#330=DIRECTION('',(0,0,-1));
#331=FACE_BOUND('',#332,.T.);
#332=EDGE_LOOP('',(#333,#334,#335));
#333=ORIENTED_EDGE('',*,*,#336,.T.);
#334=ORIENTED_EDGE('',*,*,#337,.T.);
#335=ORIENTED_EDGE('',*,*,#338,.T.);
#336=EDGE_CURVE('',#53,#51,#339,.F.);
#337=EDGE_CURVE('',#51,#55,#340,.T.);
#338=EDGE_CURVE('',#55,#53,#341,.T.);
#339=LINE('',#52,#342);
#340=LINE('',#50,#343);
#341=LINE('',#54,#344);
#342=VECTOR('',#345,1.0);
#343=VECTOR('',#346,1.0);
#344=VECTOR('',#347,1.0);
#345=DIRECTION('',(0,0,-1));
#346=DIRECTION('',(1,0,0));
#347=DIRECTION('',(-0.9967173351059097,0,0.0809601994771117));
#348=FACE_SURFACE('',(#353),#349,.T.);
#349=PLANE('',#350);
#350=AXIS2_PLACEMENT_3D('',#52,#351,#352);
#351=DIRECTION('',(0,-1,0));
#352=DIRECTION('',(0.9967173351059097,0,-0.0809601994771117));
#353=FACE_BOUND('',#354,.T.);
#354=EDGE_LOOP('',(#355,#356,#357));
#355=ORIENTED_EDGE('',*,*,#358,.T.);
#356=ORIENTED_EDGE('',*,*,#359,.T.);
#357=ORIENTED_EDGE('',*,*,#360,.T.);
#358=EDGE_CURVE('',#53,#55,#361,.F.);
#359=EDGE_CURVE('',#55,#57,#362,.T.);
#360=EDGE_CURVE('',#57,#53,#363,.T.);
#361=LINE('',#52,#364);
#362=LINE('',#54,#365);
#363=LINE('',#56,#366);
#364=VECTOR('',#367,1.0);
#365=VECTOR('',#368,1.0);
#366=VECTOR('',#369,1.0);
#367=DIRECTION('',(0.9967173351059097,0,-0.0809601994771117));
#368=DIRECTION('',(0,0,1));
#369=DIRECTION('',(-1,0,0));
#370=FACE_SURFACE('',(#375),#371,.T.);
#371=PLANE('',#372);
#372=AXIS2_PLACEMENT_3D('',#56,#373,#374);
#373=DIRECTION('',(-1,0,-0));
#374=DIRECTION('',(0,0,-1));
#375=FACE_BOUND('',#376,.T.);
#376=EDGE_LOOP('',(#377,#378,#379));
#377=ORIENTED_EDGE('',*,*,#380,.T.);
#378=ORIENTED_EDGE('',*,*,#381,.T.);
#379=ORIENTED_EDGE('',*,*,#382,.T.);
#380=EDGE_CURVE('',#57,#55,#383,.F.);
#381=EDGE_CURVE('',#55,#49,#384,.T.);
#382=EDGE_CURVE('',#49,#57,#385,.T.);
#383=LINE('',#56,#386);
#384=LINE('',#54,#387);
#385=LINE('',#48,#388);
#386=VECTOR('',#389,1.0);
#387=VECTOR('',#390,1.0);
#388=VECTOR('',#391,1.0);
#389=DIRECTION('',(0,0,-1));
#390=DIRECTION('',(0,-1,0));
#391=DIRECTION('',(0,0.9877473668539826,0.15606133176743073));
#392=FACE_SURFACE('',(#397),#393,.T.);
#393=PLANE('',#394);
#394=AXIS2_PLACEMENT_3D('',#56,#395,#396);
#395=DIRECTION('',(-1,-0,0));
#396=DIRECTION('',(0,-0.9877473668539826,-0.15606133176743073));
#397=FACE_BOUND('',#398,.T.);
#398=EDGE_LOOP('',(#399,#400,#401));
#399=ORIENTED_EDGE('',*,*,#402,.T.);
#400=ORIENTED_EDGE('',*,*,#403,.T.);
#401=ORIENTED_EDGE('',*,*,#404,.T.);
#402=EDGE_CURVE('',#57,#49,#405,.F.);
#403=EDGE_CURVE('',#49,#43,#406,.T.);
#404=EDGE_CURVE('',#43,#57,#407,.T.);
#405=LINE('',#56,#408);
#406=LINE('',#48,#409);
#407=LINE('',#42,#410);
#408=VECTOR('',#411,1.0);
#409=VECTOR('',#412,1.0);
#410=VECTOR('',#413,1.0);
#411=DIRECTION('',(0,-0.9877473668539826,-0.15606133176743073));
#412=DIRECTION('',(0,0,1));
#413=DIRECTION('',(0,1,0));
#414=FACE_SURFACE('',(#419),#415,.T.);
#415=PLANE('',#416);
#416=AXIS2_PLACEMENT_3D('',#48,#417,#418);
#417=DIRECTION('',(0,1,0));
#418=DIRECTION('',(-1,0,0));
#419=FACE_BOUND('',#420,.T.);
#420=EDGE_LOOP('',(#421,#422,#423));
#421=ORIENTED_EDGE('',*,*,#424,.T.);
#422=ORIENTED_EDGE('',*,*,#425,.T.);
#423=ORIENTED_EDGE('',*,*,#426,.T.);
#424=EDGE_CURVE('',#49,#47,#427,.F.);
#425=EDGE_CURVE('',#47,#45,#428,.T.);
#426=EDGE_CURVE('',#45,#49,#429,.T.);
#427=LINE('',#48,#430);
#428=LINE('',#46,#431);
#429=LINE('',#44,#432);
#430=VECTOR('',#433,1.0);
#431=VECTOR('',#434,1.0);
#432=VECTOR('',#435,1.0);
#433=DIRECTION('',(-1,0,0));
#434=DIRECTION('',(0,0,1));
#435=DIRECTION('',(0.9967173351059097,0,-0.0809601994771117));
#436=FACE_SURFACE('',(#441),#437,.T.);
#437=PLANE('',#438);
#438=AXIS2_PLACEMENT_3D('',#48,#439,#440);
#439=DIRECTION('',(0,1,-0));
#440=DIRECTION('',(-0.9967173351059097,0,0.0809601994771117));
#441=FACE_BOUND('',#442,.T.);
#442=EDGE_LOOP('',(#443,#444,#445));
#443=ORIENTED_EDGE('',*,*,#446,.T.);
#444=ORIENTED_EDGE('',*,*,#447,.T.);
#445=ORIENTED_EDGE('',*,*,#448,.T.);
#446=EDGE_CURVE('',#49,#45,#449,.F.);
#447=EDGE_CURVE('',#45,#43,#450,.T.);
#448=EDGE_CURVE('',#43,#49,#451,.T.);
#449=LINE('',#48,#452);
#450=LINE('',#44,#453);
#451=LINE('',#42,#454);
#452=VECTOR('',#455,1.0);
#453=VECTOR('',#456,1.0);
#454=VECTOR('',#457,1.0);
#455=DIRECTION('',(-0.9967173351059097,0,0.0809601994771117));
#456=DIRECTION('',(1,0,0));
#457=DIRECTION('',(0,0,-1));
#458=FACE_SURFACE('',(#463),#459,.T.);
#459=PLANE('',#460);
#460=AXIS2_PLACEMENT_3D('',#40,#461,#462);
#461=DIRECTION('',(-1,0,0));
#462=DIRECTION('',(0,1,0));
#463=FACE_BOUND('',#464,.T.);
#464=EDGE_LOOP('',(#465,#466,#467));
#465=ORIENTED_EDGE('',*,*,#468,.T.);
#466=ORIENTED_EDGE('',*,*,#469,.T.);
#467=ORIENTED_EDGE('',*,*,#470,.T.);
#468=EDGE_CURVE('',#41,#59,#471,.F.);
#469=EDGE_CURVE('',#59,#61,#472,.T.);
#470=EDGE_CURVE('',#61,#41,#473,.T.);
#471=LINE('',#40,#474);
#472=LINE('',#58,#475);
#473=LINE('',#60,#476);
#474=VECTOR('',#477,1.0);
#475=VECTOR('',#478,1.0);
#476=VECTOR('',#479,1.0);
#477=DIRECTION('',(0,1,0));
#478=DIRECTION('',(0,0,-1));
#479=DIRECTION('',(0,-0.9994919944451329,0.031870880754858597));
#480=FACE_SURFACE('',(#485),#481,.T.);
#481=PLANE('',#482);
#482=AXIS2_PLACEMENT_3D('',#40,#483,#484);
#483=DIRECTION('',(-1,0,0));
#484=DIRECTION('',(0,0.9994919944451329,-0.031870880754858597));
#485=FACE_BOUND('',#486,.T.);
#486=EDGE_LOOP('',(#487,#488,#489));
#487=ORIENTED_EDGE('',*,*,#490,.T.);
#488=ORIENTED_EDGE('',*,*,#491,.T.);
#489=ORIENTED_EDGE('',*,*,#492,.T.);
#490=EDGE_CURVE('',#41,#61,#493,.F.);
#491=EDGE_CURVE('',#61,#35,#494,.T.);
#492=EDGE_CURVE('',#35,#41,#495,.T.);
#493=LINE('',#40,#496);
#494=LINE('',#60,#497);
#495=LINE('',#34,#498);
#496=VECTOR('',#499,1.0);
#497=VECTOR('',#500,1.0);
#498=VECTOR('',#501,1.0);
#499=DIRECTION('',(0,0.9994919944451329,-0.031870880754858597));
#500=DIRECTION('',(0,-1,0));
#501=DIRECTION('',(0,0,1));
#502=FACE_SURFACE('',(#507),#503,.T.);
#503=PLANE('',#504);
#504=AXIS2_PLACEMENT_3D('',#62,#505,#506);
#505=DIRECTION('',(0,0,-1));
#506=DIRECTION('',(0,1,0));
#507=FACE_BOUND('',#508,.T.);
#508=EDGE_LOOP('',(#509,#510,#511));
#509=ORIENTED_EDGE('',*,*,#512,.T.);
#510=ORIENTED_EDGE('',*,*,#513,.T.);
#511=ORIENTED_EDGE('',*,*,#514,.T.);
#512=EDGE_CURVE('',#63,#65,#515,.F.);
#513=EDGE_CURVE('',#65,#67,#516,.T.);
#514=EDGE_CURVE('',#67,#63,#517,.T.);
#515=LINE('',#62,#518);
#516=LINE('',#64,#519);
#517=LINE('',#66,#520);
#518=VECTOR('',#521,1.0);
#519=VECTOR('',#522,1.0);
#520=VECTOR('',#523,1.0);
#521=DIRECTION('',(0,1,0));
#522=DIRECTION('',(1,-1.2565783645866798E-10,0));
#523=DIRECTION('',(-0.11095901901546994,-0.9938249826298011,0));
#524=FACE_SURFACE('',(#529),#525,.T.);
#525=PLANE('',#526);
#526=AXIS2_PLACEMENT_3D('',#36,#527,#528);
#527=DIRECTION('',(2.7072121315589047E-07,0,-0.9999999999999634));
#528=DIRECTION('',(-0.999453378070297,0.03305971965698706,-2.7057323100395357E-07));
#529=FACE_BOUND('',#530,.T.);
#530=EDGE_LOOP('',(#531,#532,#533));
#531=ORIENTED_EDGE('',*,*,#534,.T.);
#532=ORIENTED_EDGE('',*,*,#535,.T.);
#533=ORIENTED_EDGE('',*,*,#536,.T.);
#534=EDGE_CURVE('',#37,#49,#537,.F.);
#535=EDGE_CURVE('',#49,#55,#538,.T.);
#536=EDGE_CURVE('',#55,#37,#539,.T.);
#537=LINE('',#36,#540);
#538=LINE('',#48,#541);
#539=LINE('',#54,#542);
#540=VECTOR('',#543,1.0);
#541=VECTOR('',#544,1.0);
#542=VECTOR('',#545,1.0);
#543=DIRECTION('',(-0.999453378070297,0.03305971965698706,-2.7057323100395357E-07));
#544=DIRECTION('',(0,1,0));
#545=DIRECTION('',(0.9007309559399344,-0.43437742230861015,2.438469771191329E-07));
#546=FACE_SURFACE('',(#551),#547,.T.);
#547=PLANE('',#548);
#548=AXIS2_PLACEMENT_3D('',#50,#549,#550);
#549=DIRECTION('',(0,-0,-1));
#550=DIRECTION('',(0,-1,0));
#551=FACE_BOUND('',#552,.T.);
#552=EDGE_LOOP('',(#553,#554,#555));
#553=ORIENTED_EDGE('',*,*,#556,.T.);
#554=ORIENTED_EDGE('',*,*,#557,.T.);
#555=ORIENTED_EDGE('',*,*,#558,.T.);
#556=EDGE_CURVE('',#51,#47,#559,.F.);
#557=EDGE_CURVE('',#47,#35,#560,.T.);
#558=EDGE_CURVE('',#35,#51,#561,.T.);
#559=LINE('',#50,#562);
#560=LINE('',#46,#563);
#561=LINE('',#34,#564);
#562=VECTOR('',#565,1.0);
#563=VECTOR('',#566,1.0);
#564=VECTOR('',#567,1.0);
#565=DIRECTION('',(0,-1,0));
#566=DIRECTION('',(-0.9994100748921432,-0.03434388161056845,0));
#567=DIRECTION('',(0.8940678488768119,0.44793155906320137,0));
#568=FACE_SURFACE('',(#573),#569,.T.);
#569=PLANE('',#570);
#570=AXIS2_PLACEMENT_3D('',#34,#571,#572);
#571=DIRECTION('',(0,0,-1));
#572=DIRECTION('',(0,1,0));
#573=FACE_BOUND('',#574,.T.);
#574=EDGE_LOOP('',(#575,#576,#577));
#575=ORIENTED_EDGE('',*,*,#578,.T.);
#576=ORIENTED_EDGE('',*,*,#579,.T.);
#577=ORIENTED_EDGE('',*,*,#580,.T.);
#578=EDGE_CURVE('',#35,#61,#581,.F.);
#579=EDGE_CURVE('',#61,#69,#582,.T.);
#580=EDGE_CURVE('',#69,#35,#583,.T.);
#581=LINE('',#34,#584);
#582=LINE('',#60,#585);
#583=LINE('',#68,#586);
#584=VECTOR('',#587,1.0);
#585=VECTOR('',#588,1.0);
#586=VECTOR('',#589,1.0);
#587=DIRECTION('',(0,1,0));
#588=DIRECTION('',(1,1.252687103051028E-10,0));
#589=DIRECTION('',(-0.0812370747624138,-0.9966948066906168,0));
#590=FACE_SURFACE('',(#595),#591,.T.);
#591=PLANE('',#592);
#592=AXIS2_PLACEMENT_3D('',#34,#593,#594);
#593=DIRECTION('',(0,0,-1));
#594=DIRECTION('',(0.0812370747624138,0.9966948066906168,0));
#595=FACE_BOUND('',#596,.T.);
#596=EDGE_LOOP('',(#597,#598,#599));
#597=ORIENTED_EDGE('',*,*,#600,.T.);
#598=ORIENTED_EDGE('',*,*,#601,.T.);
#599=ORIENTED_EDGE('',*,*,#602,.T.);
#600=EDGE_CURVE('',#35,#69,#603,.F.);
#601=EDGE_CURVE('',#69,#71,#604,.T.);
#602=EDGE_CURVE('',#71,#35,#605,.T.);
#603=LINE('',#34,#606);
#604=LINE('',#68,#607);
#605=LINE('',#70,#608);
#606=VECTOR('',#609,1.0);
#607=VECTOR('',#610,1.0);
#608=VECTOR('',#611,1.0);
#609=DIRECTION('',(0.0812370747624138,0.9966948066906168,0));
#610=DIRECTION('',(0,-1,0));
#611=DIRECTION('',(-0.28682030208337383,-0.957984401915189,0));
#612=FACE_SURFACE('',(#617),#613,.T.);
#613=PLANE('',#614);
#614=AXIS2_PLACEMENT_3D('',#50,#615,#616);
#615=DIRECTION('',(-0,0,-1));
#616=DIRECTION('',(-0.8940678488768119,-0.44793155906320137,0));
#617=FACE_BOUND('',#618,.T.);
#618=EDGE_LOOP('',(#619,#620,#621));
#619=ORIENTED_EDGE('',*,*,#622,.T.);
#620=ORIENTED_EDGE('',*,*,#623,.T.);
#621=ORIENTED_EDGE('',*,*,#624,.T.);
#622=EDGE_CURVE('',#51,#35,#625,.F.);
#623=EDGE_CURVE('',#35,#71,#626,.T.);
#624=EDGE_CURVE('',#71,#51,#627,.T.);
#625=LINE('',#50,#628);
#626=LINE('',#34,#629);
#627=LINE('',#70,#630);
#628=VECTOR('',#631,1.0);
#629=VECTOR('',#632,1.0);
#630=VECTOR('',#633,1.0);
#631=DIRECTION('',(-0.8940678488768119,-0.44793155906320137,0));
#632=DIRECTION('',(0.28682030208337383,0.957984401915189,0));
#633=DIRECTION('',(0.9877063849127512,-0.1563204951456595,0));
#634=FACE_SURFACE('',(#639),#635,.T.);
#635=PLANE('',#636);
#636=AXIS2_PLACEMENT_3D('',#62,#637,#638);
#637=DIRECTION('',(0,0,-1));
#638=DIRECTION('',(0.11095901901546994,0.9938249826298011,0));
#639=FACE_BOUND('',#640,.T.);
#640=EDGE_LOOP('',(#641,#642,#643));
#641=ORIENTED_EDGE('',*,*,#644,.T.);
#642=ORIENTED_EDGE('',*,*,#645,.T.);
#643=ORIENTED_EDGE('',*,*,#646,.T.);
#644=EDGE_CURVE('',#63,#67,#647,.F.);
#645=EDGE_CURVE('',#67,#37,#648,.T.);
#646=EDGE_CURVE('',#37,#63,#649,.T.);
#647=LINE('',#62,#650);
#648=LINE('',#66,#651);
#649=LINE('',#36,#652);
#650=VECTOR('',#653,1.0);
#651=VECTOR('',#654,1.0);
#652=VECTOR('',#655,1.0);
#653=DIRECTION('',(0.11095901901546994,0.9938249826298011,0));
#654=DIRECTION('',(0,-1,0));
#655=DIRECTION('',(-0.28600485941473797,0.9582281671873123,0));
#656=FACE_SURFACE('',(#661),#657,.T.);
#657=PLANE('',#658);
#658=AXIS2_PLACEMENT_3D('',#50,#659,#660);
#659=DIRECTION('',(1.094253048643438E-07,6.914005241911987E-07,-0.999999999999755));
#660=DIRECTION('',(-0.9877063849127512,0.1563204951456595,0));
#661=FACE_BOUND('',#662,.T.);
#662=EDGE_LOOP('',(#663,#664,#665));
#663=ORIENTED_EDGE('',*,*,#666,.T.);
#664=ORIENTED_EDGE('',*,*,#667,.T.);
#665=ORIENTED_EDGE('',*,*,#668,.T.);
#666=EDGE_CURVE('',#51,#71,#669,.F.);
#667=EDGE_CURVE('',#71,#63,#670,.T.);
#668=EDGE_CURVE('',#63,#51,#671,.T.);
#669=LINE('',#50,#672);
#670=LINE('',#70,#673);
#671=LINE('',#62,#674);
#672=VECTOR('',#675,1.0);
#673=VECTOR('',#676,1.0);
#674=VECTOR('',#677,1.0);
#675=DIRECTION('',(-0.9877063849127512,0.1563204951456595,0));
#676=DIRECTION('',(0.9999999999999941,0,1.0942530486436997E-07));
#677=DIRECTION('',(-0.9973438230496074,-0.07283748090624756,-1.5949452437115852E-07));
#678=FACE_SURFACE('',(#683),#679,.T.);
#679=PLANE('',#680);
#680=AXIS2_PLACEMENT_3D('',#62,#681,#682);
#681=DIRECTION('',(3.1624033754664005E-07,9.438907806977024E-08,-0.9999999999999456));
#682=DIRECTION('',(0.28600485941473797,-0.9582281671873123,0));
#683=FACE_BOUND('',#684,.T.);
#684=EDGE_LOOP('',(#685,#686,#687));
#685=ORIENTED_EDGE('',*,*,#688,.T.);
#686=ORIENTED_EDGE('',*,*,#689,.T.);
#687=ORIENTED_EDGE('',*,*,#690,.T.);
#688=EDGE_CURVE('',#63,#37,#691,.F.);
#689=EDGE_CURVE('',#37,#55,#692,.T.);
#690=EDGE_CURVE('',#55,#63,#693,.T.);
#691=LINE('',#62,#694);
#692=LINE('',#36,#695);
#693=LINE('',#54,#696);
#694=VECTOR('',#697,1.0);
#695=VECTOR('',#698,1.0);
#696=VECTOR('',#699,1.0);
#697=DIRECTION('',(0.28600485941473797,-0.9582281671873123,0));
#698=DIRECTION('',(-0.9007309559399344,0.43437742230861015,-2.438469771191329E-07));
#699=DIRECTION('',(0.9888017162835168,0.14923527021004415,3.267851680948332E-07));
#700=FACE_SURFACE('',(#705),#701,.T.);
#701=PLANE('',#702);
#702=AXIS2_PLACEMENT_3D('',#54,#703,#704);
#703=DIRECTION('',(0,2.189731473224188E-06,-0.9999999999976026));
#704=DIRECTION('',(-1,0,0));
#705=FACE_BOUND('',#706,.T.);
#706=EDGE_LOOP('',(#707,#708,#709));
#707=ORIENTED_EDGE('',*,*,#710,.T.);
#708=ORIENTED_EDGE('',*,*,#711,.T.);
#709=ORIENTED_EDGE('',*,*,#712,.T.);
#710=EDGE_CURVE('',#55,#51,#713,.F.);
#711=EDGE_CURVE('',#51,#63,#714,.T.);
#712=EDGE_CURVE('',#63,#55,#715,.T.);
#713=LINE('',#54,#716);
#714=LINE('',#50,#717);
#715=LINE('',#62,#718);
#716=VECTOR('',#719,1.0);
#717=VECTOR('',#720,1.0);
#718=VECTOR('',#721,1.0);
#719=DIRECTION('',(-1,0,0));
#720=DIRECTION('',(0.9973438230496074,0.07283748090624756,1.5949452437115852E-07));
#721=DIRECTION('',(-0.9888017162835168,-0.14923527021004415,-3.267851680948332E-07));
#722=FACE_SURFACE('',(#727),#723,.T.);
#723=PLANE('',#724);
#724=AXIS2_PLACEMENT_3D('',#38,#725,#726);
#725=DIRECTION('',(1,0,0));
#726=DIRECTION('',(0,0,-1));
#727=FACE_BOUND('',#728,.T.);
#728=EDGE_LOOP('',(#729,#730,#731));
#729=ORIENTED_EDGE('',*,*,#732,.T.);
#730=ORIENTED_EDGE('',*,*,#733,.T.);
#731=ORIENTED_EDGE('',*,*,#734,.T.);
#732=EDGE_CURVE('',#39,#37,#735,.F.);
#733=EDGE_CURVE('',#37,#67,#736,.T.);
#734=EDGE_CURVE('',#67,#39,#737,.T.);
#735=LINE('',#38,#738);
#736=LINE('',#36,#739);
#737=LINE('',#66,#740);
#738=VECTOR('',#741,1.0);
#739=VECTOR('',#742,1.0);
#740=VECTOR('',#743,1.0);
#741=DIRECTION('',(0,0,-1));
#742=DIRECTION('',(0,1,0));
#743=DIRECTION('',(0,-0.9994919983179475,0.03187075930058921));
#744=FACE_SURFACE('',(#749),#745,.T.);
#745=PLANE('',#746);
#746=AXIS2_PLACEMENT_3D('',#38,#747,#748);
#747=DIRECTION('',(1,-0,0));
#748=DIRECTION('',(0,0.9994919983179475,-0.03187075930058921));
#749=FACE_BOUND('',#750,.T.);
#750=EDGE_LOOP('',(#751,#752,#753));
#751=ORIENTED_EDGE('',*,*,#754,.T.);
#752=ORIENTED_EDGE('',*,*,#755,.T.);
#753=ORIENTED_EDGE('',*,*,#756,.T.);
#754=EDGE_CURVE('',#39,#67,#757,.F.);
#755=EDGE_CURVE('',#67,#73,#758,.T.);
#756=EDGE_CURVE('',#73,#39,#759,.T.);
#757=LINE('',#38,#760);
#758=LINE('',#66,#761);
#759=LINE('',#72,#762);
#760=VECTOR('',#763,1.0);
#761=VECTOR('',#764,1.0);
#762=VECTOR('',#765,1.0);
#763=DIRECTION('',(0,0.9994919983179475,-0.03187075930058921));
#764=DIRECTION('',(0,0,1));
#765=DIRECTION('',(0,-1,0));
#766=FACE_SURFACE('',(#771),#767,.T.);
#767=PLANE('',#768);
#768=AXIS2_PLACEMENT_3D('',#74,#769,#770);
#769=DIRECTION('',(0,0,1));
#770=DIRECTION('',(-1,-1.252687103051028E-10,0));
#771=FACE_BOUND('',#772,.T.);
#772=EDGE_LOOP('',(#773,#774,#775));
#773=ORIENTED_EDGE('',*,*,#776,.T.);
#774=ORIENTED_EDGE('',*,*,#777,.T.);
#775=ORIENTED_EDGE('',*,*,#778,.T.);
#776=EDGE_CURVE('',#75,#59,#779,.F.);
#777=EDGE_CURVE('',#59,#41,#780,.T.);
#778=EDGE_CURVE('',#41,#75,#781,.T.);
#779=LINE('',#74,#782);
#780=LINE('',#58,#783);
#781=LINE('',#40,#784);
#782=VECTOR('',#785,1.0);
#783=VECTOR('',#786,1.0);
#784=VECTOR('',#787,1.0);
#785=DIRECTION('',(-1,-1.252687103051028E-10,0));
#786=DIRECTION('',(0,-1,0));
#787=DIRECTION('',(0.0812370747624138,0.9966948066906168,0));
#788=FACE_SURFACE('',(#793),#789,.T.);
#789=PLANE('',#790);
#790=AXIS2_PLACEMENT_3D('',#40,#791,#792);
#791=DIRECTION('',(0,0,1));
#792=DIRECTION('',(0.9994100748921432,0.03434388161056845,0));
#793=FACE_BOUND('',#794,.T.);
#794=EDGE_LOOP('',(#795,#796,#797));
#795=ORIENTED_EDGE('',*,*,#798,.T.);
#796=ORIENTED_EDGE('',*,*,#799,.T.);
#797=ORIENTED_EDGE('',*,*,#800,.T.);
#798=EDGE_CURVE('',#41,#45,#801,.F.);
#799=EDGE_CURVE('',#45,#53,#802,.T.);
#800=EDGE_CURVE('',#53,#41,#803,.T.);
#801=LINE('',#40,#804);
#802=LINE('',#44,#805);
#803=LINE('',#52,#806);
#804=VECTOR('',#807,1.0);
#805=VECTOR('',#808,1.0);
#806=VECTOR('',#809,1.0);
#807=DIRECTION('',(0.9994100748921432,0.03434388161056845,0));
#808=DIRECTION('',(0,1,0));
#809=DIRECTION('',(-0.8940678488768119,-0.44793155906320137,0));
#810=FACE_SURFACE('',(#815),#811,.T.);
#811=PLANE('',#812);
#812=AXIS2_PLACEMENT_3D('',#56,#813,#814);
#813=DIRECTION('',(0,0,1));
#814=DIRECTION('',(0,-1,0));
#815=FACE_BOUND('',#816,.T.);
#816=EDGE_LOOP('',(#817,#818,#819));
#817=ORIENTED_EDGE('',*,*,#820,.T.);
#818=ORIENTED_EDGE('',*,*,#821,.T.);
#819=ORIENTED_EDGE('',*,*,#822,.T.);
#820=EDGE_CURVE('',#57,#43,#823,.F.);
#821=EDGE_CURVE('',#43,#39,#824,.T.);
#822=EDGE_CURVE('',#39,#57,#825,.T.);
#823=LINE('',#56,#826);
#824=LINE('',#42,#827);
#825=LINE('',#38,#828);
#826=VECTOR('',#829,1.0);
#827=VECTOR('',#830,1.0);
#828=VECTOR('',#831,1.0);
#829=DIRECTION('',(0,-1,0));
#830=DIRECTION('',(0.9994533780703337,-0.03305971965698828,0));
#831=DIRECTION('',(-0.9007309559399611,0.4343774223086231,0));
#832=FACE_SURFACE('',(#837),#833,.T.);
#833=PLANE('',#834);
#834=AXIS2_PLACEMENT_3D('',#38,#835,#836);
#835=DIRECTION('',(0,-0,1));
#836=DIRECTION('',(0,1,0));
#837=FACE_BOUND('',#838,.T.);
#838=EDGE_LOOP('',(#839,#840,#841));
#839=ORIENTED_EDGE('',*,*,#842,.T.);
#840=ORIENTED_EDGE('',*,*,#843,.T.);
#841=ORIENTED_EDGE('',*,*,#844,.T.);
#842=EDGE_CURVE('',#39,#73,#845,.F.);
#843=EDGE_CURVE('',#73,#77,#846,.T.);
#844=EDGE_CURVE('',#77,#39,#847,.T.);
#845=LINE('',#38,#848);
#846=LINE('',#72,#849);
#847=LINE('',#76,#850);
#848=VECTOR('',#851,1.0);
#849=VECTOR('',#852,1.0);
#850=VECTOR('',#853,1.0);
#851=DIRECTION('',(0,1,0));
#852=DIRECTION('',(-1,1.2565783645866798E-10,0));
#853=DIRECTION('',(0.0809871594821707,-0.9967151448628687,0));
#854=FACE_SURFACE('',(#859),#855,.T.);
#855=PLANE('',#856);
#856=AXIS2_PLACEMENT_3D('',#38,#857,#858);
#857=DIRECTION('',(0,0,1));
#858=DIRECTION('',(-0.0809871594821707,0.9967151448628687,0));
#859=FACE_BOUND('',#860,.T.);
#860=EDGE_LOOP('',(#861,#862,#863));
#861=ORIENTED_EDGE('',*,*,#864,.T.);
#862=ORIENTED_EDGE('',*,*,#865,.T.);
#863=ORIENTED_EDGE('',*,*,#866,.T.);
#864=EDGE_CURVE('',#39,#77,#867,.F.);
#865=EDGE_CURVE('',#77,#79,#868,.T.);
#866=EDGE_CURVE('',#79,#39,#869,.T.);
#867=LINE('',#38,#870);
#868=LINE('',#76,#871);
#869=LINE('',#78,#872);
#870=VECTOR('',#873,1.0);
#871=VECTOR('',#874,1.0);
#872=VECTOR('',#875,1.0);
#873=DIRECTION('',(-0.0809871594821707,0.9967151448628687,0));
#874=DIRECTION('',(0,-1,0));
#875=DIRECTION('',(0.28600485941473797,-0.9582281671873123,0));
#876=FACE_SURFACE('',(#881),#877,.T.);
#877=PLANE('',#878);
#878=AXIS2_PLACEMENT_3D('',#56,#879,#880);
#879=DIRECTION('',(-0,0,1));
#880=DIRECTION('',(0.9007309559399611,-0.4343774223086231,0));
#881=FACE_BOUND('',#882,.T.);
#882=EDGE_LOOP('',(#883,#884,#885));
#883=ORIENTED_EDGE('',*,*,#886,.T.);
#884=ORIENTED_EDGE('',*,*,#887,.T.);
#885=ORIENTED_EDGE('',*,*,#888,.T.);
#886=EDGE_CURVE('',#57,#39,#889,.F.);
#887=EDGE_CURVE('',#39,#79,#890,.T.);
#888=EDGE_CURVE('',#79,#57,#891,.T.);
#889=LINE('',#56,#892);
#890=LINE('',#38,#893);
#891=LINE('',#78,#894);
#892=VECTOR('',#895,1.0);
#893=VECTOR('',#896,1.0);
#894=VECTOR('',#897,1.0);
#895=DIRECTION('',(0.9007309559399611,-0.4343774223086231,0));
#896=DIRECTION('',(-0.28600485941473797,0.9582281671873123,0));
#897=DIRECTION('',(-0.9888017162835695,-0.14923527021005212,0));
#898=FACE_SURFACE('',(#903),#899,.T.);
#899=PLANE('',#900);
#900=AXIS2_PLACEMENT_3D('',#80,#901,#902);
#901=DIRECTION('',(0,-0,1));
#902=DIRECTION('',(0,1,0));
#903=FACE_BOUND('',#904,.T.);
#904=EDGE_LOOP('',(#905,#906,#907));
#905=ORIENTED_EDGE('',*,*,#908,.T.);
#906=ORIENTED_EDGE('',*,*,#909,.T.);
#907=ORIENTED_EDGE('',*,*,#910,.T.);
#908=EDGE_CURVE('',#81,#75,#911,.F.);
#909=EDGE_CURVE('',#75,#41,#912,.T.);
#910=EDGE_CURVE('',#41,#81,#913,.T.);
#911=LINE('',#80,#914);
#912=LINE('',#74,#915);
#913=LINE('',#40,#916);
#914=VECTOR('',#917,1.0);
#915=VECTOR('',#918,1.0);
#916=VECTOR('',#919,1.0);
#917=DIRECTION('',(0,1,0));
#918=DIRECTION('',(-0.0812370747624138,-0.9966948066906168,0));
#919=DIRECTION('',(0.28682030208337383,0.957984401915189,0));
#920=FACE_SURFACE('',(#925),#921,.T.);
#921=PLANE('',#922);
#922=AXIS2_PLACEMENT_3D('',#56,#923,#924);
#923=DIRECTION('',(0,-0,1));
#924=DIRECTION('',(0.9888017162835695,0.14923527021005212,0));
#925=FACE_BOUND('',#926,.T.);
#926=EDGE_LOOP('',(#927,#928,#929));
#927=ORIENTED_EDGE('',*,*,#930,.T.);
#928=ORIENTED_EDGE('',*,*,#931,.T.);
#929=ORIENTED_EDGE('',*,*,#932,.T.);
#930=EDGE_CURVE('',#57,#79,#933,.F.);
#931=EDGE_CURVE('',#79,#81,#934,.T.);
#932=EDGE_CURVE('',#81,#57,#935,.T.);
#933=LINE('',#56,#936);
#934=LINE('',#78,#937);
#935=LINE('',#80,#938);
#936=VECTOR('',#939,1.0);
#937=VECTOR('',#940,1.0);
#938=VECTOR('',#941,1.0);
#939=DIRECTION('',(0.9888017162835695,0.14923527021005212,0));
#940=DIRECTION('',(-1,0,0));
#941=DIRECTION('',(0.9972209682503153,-0.07450060725862434,0));
#942=FACE_SURFACE('',(#947),#943,.T.);
#943=PLANE('',#944);
#944=AXIS2_PLACEMENT_3D('',#80,#945,#946);
#945=DIRECTION('',(0,0,1));
#946=DIRECTION('',(-0.28682030208337383,-0.957984401915189,0));
#947=FACE_BOUND('',#948,.T.);
#948=EDGE_LOOP('',(#949,#950,#951));
#949=ORIENTED_EDGE('',*,*,#952,.T.);
#950=ORIENTED_EDGE('',*,*,#953,.T.);
#951=ORIENTED_EDGE('',*,*,#954,.T.);
#952=EDGE_CURVE('',#81,#41,#955,.F.);
#953=EDGE_CURVE('',#41,#53,#956,.T.);
#954=EDGE_CURVE('',#53,#81,#957,.T.);
#955=LINE('',#80,#958);
#956=LINE('',#40,#959);
#957=LINE('',#52,#960);
#958=VECTOR('',#961,1.0);
#959=VECTOR('',#962,1.0);
#960=VECTOR('',#963,1.0);
#961=DIRECTION('',(-0.28682030208337383,-0.957984401915189,0));
#962=DIRECTION('',(0.8940678488768119,0.44793155906320137,0));
#963=DIRECTION('',(-0.9877063849127512,0.1563204951456595,0));
#964=FACE_SURFACE('',(#969),#965,.T.);
#965=PLANE('',#966);
#966=AXIS2_PLACEMENT_3D('',#52,#967,#968);
#967=DIRECTION('',(0,-0,1));
#968=DIRECTION('',(1,0,0));
#969=FACE_BOUND('',#970,.T.);
#970=EDGE_LOOP('',(#971,#972,#973));
#971=ORIENTED_EDGE('',*,*,#974,.T.);
#972=ORIENTED_EDGE('',*,*,#975,.T.);
#973=ORIENTED_EDGE('',*,*,#976,.T.);
#974=EDGE_CURVE('',#53,#57,#977,.F.);
#975=EDGE_CURVE('',#57,#81,#978,.T.);
#976=EDGE_CURVE('',#81,#53,#979,.T.);
#977=LINE('',#52,#980);
#978=LINE('',#56,#981);
#979=LINE('',#80,#982);
#980=VECTOR('',#983,1.0);
#981=VECTOR('',#984,1.0);
#982=VECTOR('',#985,1.0);
#983=DIRECTION('',(1,0,0));
#984=DIRECTION('',(-0.9972209682503153,0.07450060725862434,0));
#985=DIRECTION('',(0.9877063849127512,-0.1563204951456595,0));
#986=FACE_SURFACE('',(#991),#987,.T.);
#987=PLANE('',#988);
#988=AXIS2_PLACEMENT_3D('',#82,#989,#990);
#989=DIRECTION('',(0,1,0));
#990=DIRECTION('',(0,0,1));
#991=FACE_BOUND('',#992,.T.);
#992=EDGE_LOOP('',(#993,#994,#995));
#993=ORIENTED_EDGE('',*,*,#996,.T.);
#994=ORIENTED_EDGE('',*,*,#997,.T.);
#995=ORIENTED_EDGE('',*,*,#998,.T.);
#996=EDGE_CURVE('',#83,#85,#999,.F.);
#997=EDGE_CURVE('',#85,#87,#1000,.T.);
#998=EDGE_CURVE('',#87,#83,#1001,.T.);
#999=LINE('',#82,#1002);
#1000=LINE('',#84,#1003);
#1001=LINE('',#86,#1004);
#1002=VECTOR('',#1005,1.0);
#1003=VECTOR('',#1006,1.0);
#1004=VECTOR('',#1007,1.0);
#1005=DIRECTION('',(0,0,1));
#1006=DIRECTION('',(1,0,0));
#1007=DIRECTION('',(-0.9996871067933455,0,-0.025013766432709767));
#1008=FACE_SURFACE('',(#1013),#1009,.T.);
#1009=PLANE('',#1010);
#1010=AXIS2_PLACEMENT_3D('',#82,#1011,#1012);
#1011=DIRECTION('',(0,1,0));
#1012=DIRECTION('',(0.9996871067933455,0,0.025013766432709767));
#1013=FACE_BOUND('',#1014,.T.);
#1014=EDGE_LOOP('',(#1015,#1016,#1017));
#1015=ORIENTED_EDGE('',*,*,#1018,.T.);
#1016=ORIENTED_EDGE('',*,*,#1019,.T.);
#1017=ORIENTED_EDGE('',*,*,#1020,.T.);
#1018=EDGE_CURVE('',#83,#87,#1021,.F.);
#1019=EDGE_CURVE('',#87,#89,#1022,.T.);
#1020=EDGE_CURVE('',#89,#83,#1023,.T.);
#1021=LINE('',#82,#1024);
#1022=LINE('',#86,#1025);
#1023=LINE('',#88,#1026);
#1024=VECTOR('',#1027,1.0);
#1025=VECTOR('',#1028,1.0);
#1026=VECTOR('',#1029,1.0);
#1027=DIRECTION('',(0.9996871067933455,0,0.025013766432709767));
#1028=DIRECTION('',(0,0,-1));
#1029=DIRECTION('',(-0.9999999999999953,0,-9.54498120115948E-08));
#1030=FACE_SURFACE('',(#1035),#1031,.T.);
#1031=PLANE('',#1032);
#1032=AXIS2_PLACEMENT_3D('',#90,#1033,#1034);
#1033=DIRECTION('',(0,-0,1));
#1034=DIRECTION('',(0.9994533780703337,0.03305971965698828,0));
#1035=FACE_BOUND('',#1036,.T.);
#1036=EDGE_LOOP('',(#1037,#1038,#1039));
#1037=ORIENTED_EDGE('',*,*,#1040,.T.);
#1038=ORIENTED_EDGE('',*,*,#1041,.T.);
#1039=ORIENTED_EDGE('',*,*,#1042,.T.);
#1040=EDGE_CURVE('',#91,#87,#1043,.F.);
#1041=EDGE_CURVE('',#87,#85,#1044,.T.);
#1042=EDGE_CURVE('',#85,#91,#1045,.T.);
#1043=LINE('',#90,#1046);
#1044=LINE('',#86,#1047);
#1045=LINE('',#84,#1048);
#1046=VECTOR('',#1049,1.0);
#1047=VECTOR('',#1050,1.0);
#1048=VECTOR('',#1051,1.0);
#1049=DIRECTION('',(0.9994533780703337,0.03305971965698828,0));
#1050=DIRECTION('',(-1,0,0));
#1051=DIRECTION('',(0.9998377944846001,-0.01801068350092519,0));
#1052=FACE_SURFACE('',(#1057),#1053,.T.);
#1053=PLANE('',#1054);
#1054=AXIS2_PLACEMENT_3D('',#90,#1055,#1056);
#1055=DIRECTION('',(0,0,1));
#1056=DIRECTION('',(-0.9998377944846001,0.01801068350092519,0));
#1057=FACE_BOUND('',#1058,.T.);
#1058=EDGE_LOOP('',(#1059,#1060,#1061));
#1059=ORIENTED_EDGE('',*,*,#1062,.T.);
#1060=ORIENTED_EDGE('',*,*,#1063,.T.);
#1061=ORIENTED_EDGE('',*,*,#1064,.T.);
#1062=EDGE_CURVE('',#91,#85,#1065,.F.);
#1063=EDGE_CURVE('',#85,#93,#1066,.T.);
#1064=EDGE_CURVE('',#93,#91,#1067,.T.);
#1065=LINE('',#90,#1068);
#1066=LINE('',#84,#1069);
#1067=LINE('',#92,#1070);
#1068=VECTOR('',#1071,1.0);
#1069=VECTOR('',#1072,1.0);
#1070=VECTOR('',#1073,1.0);
#1071=DIRECTION('',(-0.9998377944846001,0.01801068350092519,0));
#1072=DIRECTION('',(0.9994100748921432,-0.03434388161056845,0));
#1073=DIRECTION('',(1,0,0));
#1074=FACE_SURFACE('',(#1079),#1075,.T.);
#1075=PLANE('',#1076);
#1076=AXIS2_PLACEMENT_3D('',#82,#1077,#1078);
#1077=DIRECTION('',(9.544981201025483E-08,5.2987622329491565E-06,-0.9999999999859569));
#1078=DIRECTION('',(0.9999999999999953,0,9.54498120115948E-08));
#1079=FACE_BOUND('',#1080,.T.);
#1080=EDGE_LOOP('',(#1081,#1082,#1083));
#1081=ORIENTED_EDGE('',*,*,#1084,.T.);
#1082=ORIENTED_EDGE('',*,*,#1085,.T.);
#1083=ORIENTED_EDGE('',*,*,#1086,.T.);
#1084=EDGE_CURVE('',#83,#89,#1087,.F.);
#1085=EDGE_CURVE('',#89,#95,#1088,.T.);
#1086=EDGE_CURVE('',#95,#83,#1089,.T.);
#1087=LINE('',#82,#1090);
#1088=LINE('',#88,#1091);
#1089=LINE('',#94,#1092);
#1090=VECTOR('',#1093,1.0);
#1091=VECTOR('',#1094,1.0);
#1092=VECTOR('',#1095,1.0);
#1093=DIRECTION('',(0.9999999999999953,0,9.54498120115948E-08));
#1094=DIRECTION('',(-0.999453378070297,-0.03305971965698706,-2.7057323100395357E-07));
#1095=DIRECTION('',(-0.9998377944846001,0.01801068350092519,0));
#1096=FACE_SURFACE('',(#1101),#1097,.T.);
#1097=PLANE('',#1098);
#1098=AXIS2_PLACEMENT_3D('',#82,#1099,#1100);
#1099=DIRECTION('',(0,0,-1));
#1100=DIRECTION('',(0.9998377944846001,-0.01801068350092519,0));
#1101=FACE_BOUND('',#1102,.T.);
#1102=EDGE_LOOP('',(#1103,#1104,#1105));
#1103=ORIENTED_EDGE('',*,*,#1106,.T.);
#1104=ORIENTED_EDGE('',*,*,#1107,.T.);
#1105=ORIENTED_EDGE('',*,*,#1108,.T.);
#1106=EDGE_CURVE('',#83,#95,#1109,.F.);
#1107=EDGE_CURVE('',#95,#97,#1110,.T.);
#1108=EDGE_CURVE('',#97,#83,#1111,.T.);
#1109=LINE('',#82,#1112);
#1110=LINE('',#94,#1113);
#1111=LINE('',#96,#1114);
#1112=VECTOR('',#1115,1.0);
#1113=VECTOR('',#1116,1.0);
#1114=VECTOR('',#1117,1.0);
#1115=DIRECTION('',(0.9998377944846001,-0.01801068350092519,0));
#1116=DIRECTION('',(-1,0,0));
#1117=DIRECTION('',(-0.9994100748921432,0.03434388161056845,0));
#1118=FACE_SURFACE('',(#1123),#1119,.T.);
#1119=PLANE('',#1120);
#1120=AXIS2_PLACEMENT_3D('',#96,#1121,#1122);
#1121=DIRECTION('',(1,0,-0));
#1122=DIRECTION('',(0,0,1));
#1123=FACE_BOUND('',#1124,.T.);
#1124=EDGE_LOOP('',(#1125,#1126,#1127));
#1125=ORIENTED_EDGE('',*,*,#1128,.T.);
#1126=ORIENTED_EDGE('',*,*,#1129,.T.);
#1127=ORIENTED_EDGE('',*,*,#1130,.T.);
#1128=EDGE_CURVE('',#97,#93,#1131,.F.);
#1129=EDGE_CURVE('',#93,#99,#1132,.T.);
#1130=EDGE_CURVE('',#99,#97,#1133,.T.);
#1131=LINE('',#96,#1134);
#1132=LINE('',#92,#1135);
#1133=LINE('',#98,#1136);
#1134=VECTOR('',#1137,1.0);
#1135=VECTOR('',#1138,1.0);
#1136=VECTOR('',#1139,1.0);
#1137=DIRECTION('',(0,0,1));
#1138=DIRECTION('',(0,-1,0));
#1139=DIRECTION('',(0,0.9877473668539826,-0.15606133176743073));
#1140=FACE_SURFACE('',(#1145),#1141,.T.);
#1141=PLANE('',#1142);
#1142=AXIS2_PLACEMENT_3D('',#96,#1143,#1144);
#1143=DIRECTION('',(1,0,0));
#1144=DIRECTION('',(0,-0.9877473668539826,0.15606133176743073));
#1145=FACE_BOUND('',#1146,.T.);
#1146=EDGE_LOOP('',(#1147,#1148,#1149));
#1147=ORIENTED_EDGE('',*,*,#1150,.T.);
#1148=ORIENTED_EDGE('',*,*,#1151,.T.);
#1149=ORIENTED_EDGE('',*,*,#1152,.T.);
#1150=EDGE_CURVE('',#97,#99,#1153,.F.);
#1151=EDGE_CURVE('',#99,#101,#1154,.T.);
#1152=EDGE_CURVE('',#101,#97,#1155,.T.);
#1153=LINE('',#96,#1156);
#1154=LINE('',#98,#1157);
#1155=LINE('',#100,#1158);
#1156=VECTOR('',#1159,1.0);
#1157=VECTOR('',#1160,1.0);
#1158=VECTOR('',#1161,1.0);
#1159=DIRECTION('',(0,-0.9877473668539826,0.15606133176743073));
#1160=DIRECTION('',(0,0,-1));
#1161=DIRECTION('',(0,1,0));
#1162=FACE_SURFACE('',(#1167),#1163,.T.);
#1163=PLANE('',#1164);
#1164=AXIS2_PLACEMENT_3D('',#98,#1165,#1166);
#1165=DIRECTION('',(-0,1,0));
#1166=DIRECTION('',(1,0,0));
#1167=FACE_BOUND('',#1168,.T.);
#1168=EDGE_LOOP('',(#1169,#1170,#1171));
#1169=ORIENTED_EDGE('',*,*,#1172,.T.);
#1170=ORIENTED_EDGE('',*,*,#1173,.T.);
#1171=ORIENTED_EDGE('',*,*,#1174,.T.);
#1172=EDGE_CURVE('',#99,#103,#1175,.F.);
#1173=EDGE_CURVE('',#103,#105,#1176,.T.);
#1174=EDGE_CURVE('',#105,#99,#1177,.T.);
#1175=LINE('',#98,#1178);
#1176=LINE('',#102,#1179);
#1177=LINE('',#104,#1180);
#1178=VECTOR('',#1181,1.0);
#1179=VECTOR('',#1182,1.0);
#1180=VECTOR('',#1183,1.0);
#1181=DIRECTION('',(1,0,0));
#1182=DIRECTION('',(0,0,-1));
#1183=DIRECTION('',(-0.9967173351059097,0,0.0809601994771117));
#1184=FACE_SURFACE('',(#1189),#1185,.T.);
#1185=PLANE('',#1186);
#1186=AXIS2_PLACEMENT_3D('',#98,#1187,#1188);
#1187=DIRECTION('',(0,1,0));
#1188=DIRECTION('',(0.9967173351059097,0,-0.0809601994771117));
#1189=FACE_BOUND('',#1190,.T.);
#1190=EDGE_LOOP('',(#1191,#1192,#1193));
#1191=ORIENTED_EDGE('',*,*,#1194,.T.);
#1192=ORIENTED_EDGE('',*,*,#1195,.T.);
#1193=ORIENTED_EDGE('',*,*,#1196,.T.);
#1194=EDGE_CURVE('',#99,#105,#1197,.F.);
#1195=EDGE_CURVE('',#105,#101,#1198,.T.);
#1196=EDGE_CURVE('',#101,#99,#1199,.T.);
#1197=LINE('',#98,#1200);
#1198=LINE('',#104,#1201);
#1199=LINE('',#100,#1202);
#1200=VECTOR('',#1203,1.0);
#1201=VECTOR('',#1204,1.0);
#1202=VECTOR('',#1205,1.0);
#1203=DIRECTION('',(0.9967173351059097,0,-0.0809601994771117));
#1204=DIRECTION('',(-1,0,0));
#1205=DIRECTION('',(0,0,1));
#1206=FACE_SURFACE('',(#1211),#1207,.T.);
#1207=PLANE('',#1208);
#1208=AXIS2_PLACEMENT_3D('',#102,#1209,#1210);
#1209=DIRECTION('',(-1,0,0));
#1210=DIRECTION('',(0,1,0));
#1211=FACE_BOUND('',#1212,.T.);
#1212=EDGE_LOOP('',(#1213,#1214,#1215));
#1213=ORIENTED_EDGE('',*,*,#1216,.T.);
#1214=ORIENTED_EDGE('',*,*,#1217,.T.);
#1215=ORIENTED_EDGE('',*,*,#1218,.T.);
#1216=EDGE_CURVE('',#103,#91,#1219,.F.);
#1217=EDGE_CURVE('',#91,#95,#1220,.T.);
#1218=EDGE_CURVE('',#95,#103,#1221,.T.);
#1219=LINE('',#102,#1222);
#1220=LINE('',#90,#1223);
#1221=LINE('',#94,#1224);
#1222=VECTOR('',#1225,1.0);
#1223=VECTOR('',#1226,1.0);
#1224=VECTOR('',#1227,1.0);
#1225=DIRECTION('',(0,1,0));
#1226=DIRECTION('',(0,0,-1));
#1227=DIRECTION('',(0,-0.9877473668539826,0.15606133176743073));
#1228=FACE_SURFACE('',(#1233),#1229,.T.);
#1229=PLANE('',#1230);
#1230=AXIS2_PLACEMENT_3D('',#102,#1231,#1232);
#1231=DIRECTION('',(-1,0,0));
#1232=DIRECTION('',(0,0.9877473668539826,-0.15606133176743073));
#1233=FACE_BOUND('',#1234,.T.);
#1234=EDGE_LOOP('',(#1235,#1236,#1237));
#1235=ORIENTED_EDGE('',*,*,#1238,.T.);
#1236=ORIENTED_EDGE('',*,*,#1239,.T.);
#1237=ORIENTED_EDGE('',*,*,#1240,.T.);
#1238=EDGE_CURVE('',#103,#95,#1241,.F.);
#1239=EDGE_CURVE('',#95,#105,#1242,.T.);
#1240=EDGE_CURVE('',#105,#103,#1243,.T.);
#1241=LINE('',#102,#1244);
#1242=LINE('',#94,#1245);
#1243=LINE('',#104,#1246);
#1244=VECTOR('',#1247,1.0);
#1245=VECTOR('',#1248,1.0);
#1246=VECTOR('',#1249,1.0);
#1247=DIRECTION('',(0,0.9877473668539826,-0.15606133176743073));
#1248=DIRECTION('',(0,-1,0));
#1249=DIRECTION('',(0,0,1));
#1250=FACE_SURFACE('',(#1255),#1251,.T.);
#1251=PLANE('',#1252);
#1252=AXIS2_PLACEMENT_3D('',#94,#1253,#1254);
#1253=DIRECTION('',(0,-1,0));
#1254=DIRECTION('',(0,0,1));
#1255=FACE_BOUND('',#1256,.T.);
#1256=EDGE_LOOP('',(#1257,#1258,#1259));
#1257=ORIENTED_EDGE('',*,*,#1260,.T.);
#1258=ORIENTED_EDGE('',*,*,#1261,.T.);
#1259=ORIENTED_EDGE('',*,*,#1262,.T.);
#1260=EDGE_CURVE('',#95,#91,#1263,.F.);
#1261=EDGE_CURVE('',#91,#93,#1264,.T.);
#1262=EDGE_CURVE('',#93,#95,#1265,.T.);
#1263=LINE('',#94,#1266);
#1264=LINE('',#90,#1267);
#1265=LINE('',#92,#1268);
#1266=VECTOR('',#1269,1.0);
#1267=VECTOR('',#1270,1.0);
#1268=VECTOR('',#1271,1.0);
#1269=DIRECTION('',(0,0,1));
#1270=DIRECTION('',(-1,0,0));
#1271=DIRECTION('',(0.9967173351059097,0,-0.0809601994771117));
#1272=FACE_SURFACE('',(#1277),#1273,.T.);
#1273=PLANE('',#1274);
#1274=AXIS2_PLACEMENT_3D('',#94,#1275,#1276);
#1275=DIRECTION('',(0,-1,0));
#1276=DIRECTION('',(-0.9967173351059097,0,0.0809601994771117));
#1277=FACE_BOUND('',#1278,.T.);
#1278=EDGE_LOOP('',(#1279,#1280,#1281));
#1279=ORIENTED_EDGE('',*,*,#1282,.T.);
#1280=ORIENTED_EDGE('',*,*,#1283,.T.);
#1281=ORIENTED_EDGE('',*,*,#1284,.T.);
#1282=EDGE_CURVE('',#95,#93,#1285,.F.);
#1283=EDGE_CURVE('',#93,#97,#1286,.T.);
#1284=EDGE_CURVE('',#97,#95,#1287,.T.);
#1285=LINE('',#94,#1288);
#1286=LINE('',#92,#1289);
#1287=LINE('',#96,#1290);
#1288=VECTOR('',#1291,1.0);
#1289=VECTOR('',#1292,1.0);
#1290=VECTOR('',#1293,1.0);
#1291=DIRECTION('',(-0.9967173351059097,0,0.0809601994771117));
#1292=DIRECTION('',(0,0,-1));
#1293=DIRECTION('',(1,0,0));
#1294=FACE_SURFACE('',(#1299),#1295,.T.);
#1295=PLANE('',#1296);
#1296=AXIS2_PLACEMENT_3D('',#84,#1297,#1298);
#1297=DIRECTION('',(-1,0,-0));
#1298=DIRECTION('',(0,0,-1));
#1299=FACE_BOUND('',#1300,.T.);
#1300=EDGE_LOOP('',(#1301,#1302,#1303));
#1301=ORIENTED_EDGE('',*,*,#1304,.T.);
#1302=ORIENTED_EDGE('',*,*,#1305,.T.);
#1303=ORIENTED_EDGE('',*,*,#1306,.T.);
#1304=EDGE_CURVE('',#85,#83,#1307,.F.);
#1305=EDGE_CURVE('',#83,#61,#1308,.T.);
#1306=EDGE_CURVE('',#61,#85,#1309,.T.);
#1307=LINE('',#84,#1310);
#1308=LINE('',#82,#1311);
#1309=LINE('',#60,#1312);
#1310=VECTOR('',#1313,1.0);
#1311=VECTOR('',#1314,1.0);
#1312=VECTOR('',#1315,1.0);
#1313=DIRECTION('',(0,0,-1));
#1314=DIRECTION('',(0,-1,0));
#1315=DIRECTION('',(0,0.9994919944451537,0.03187088075420844));
#1316=FACE_SURFACE('',(#1321),#1317,.T.);
#1317=PLANE('',#1318);
#1318=AXIS2_PLACEMENT_3D('',#84,#1319,#1320);
#1319=DIRECTION('',(-1,-0,0));
#1320=DIRECTION('',(0,-0.9994919944451537,-0.03187088075420844));
#1321=FACE_BOUND('',#1322,.T.);
#1322=EDGE_LOOP('',(#1323,#1324,#1325));
#1323=ORIENTED_EDGE('',*,*,#1326,.T.);
#1324=ORIENTED_EDGE('',*,*,#1327,.T.);
#1325=ORIENTED_EDGE('',*,*,#1328,.T.);
#1326=EDGE_CURVE('',#85,#61,#1329,.F.);
#1327=EDGE_CURVE('',#61,#59,#1330,.T.);
#1328=EDGE_CURVE('',#59,#85,#1331,.T.);
#1329=LINE('',#84,#1332);
#1330=LINE('',#60,#1333);
#1331=LINE('',#58,#1334);
#1332=VECTOR('',#1335,1.0);
#1333=VECTOR('',#1336,1.0);
#1334=VECTOR('',#1337,1.0);
#1335=DIRECTION('',(0,-0.9994919944451537,-0.03187088075420844));
#1336=DIRECTION('',(0,0,1));
#1337=DIRECTION('',(0,1,0));
#1338=FACE_SURFACE('',(#1343),#1339,.T.);
#1339=PLANE('',#1340);
#1340=AXIS2_PLACEMENT_3D('',#68,#1341,#1342);
#1341=DIRECTION('',(-0,0,-1));
#1342=DIRECTION('',(-1,-1.252687103051028E-10,0));
#1343=FACE_BOUND('',#1344,.T.);
#1344=EDGE_LOOP('',(#1345,#1346,#1347));
#1345=ORIENTED_EDGE('',*,*,#1348,.T.);
#1346=ORIENTED_EDGE('',*,*,#1349,.T.);
#1347=ORIENTED_EDGE('',*,*,#1350,.T.);
#1348=EDGE_CURVE('',#69,#61,#1351,.F.);
#1349=EDGE_CURVE('',#61,#83,#1352,.T.);
#1350=EDGE_CURVE('',#83,#69,#1353,.T.);
#1351=LINE('',#68,#1354);
#1352=LINE('',#60,#1355);
#1353=LINE('',#82,#1356);
#1354=VECTOR('',#1357,1.0);
#1355=VECTOR('',#1358,1.0);
#1356=VECTOR('',#1359,1.0);
#1357=DIRECTION('',(-1,-1.252687103051028E-10,0));
#1358=DIRECTION('',(0,1,0));
#1359=DIRECTION('',(0.0812370747624138,-0.9966948066906168,0));
#1360=FACE_SURFACE('',(#1365),#1361,.T.);
#1361=PLANE('',#1362);
#1362=AXIS2_PLACEMENT_3D('',#82,#1363,#1364);
#1363=DIRECTION('',(0,0,-1));
#1364=DIRECTION('',(0.9994100748921432,-0.03434388161056845,0));
#1365=FACE_BOUND('',#1366,.T.);
#1366=EDGE_LOOP('',(#1367,#1368,#1369));
#1367=ORIENTED_EDGE('',*,*,#1370,.T.);
#1368=ORIENTED_EDGE('',*,*,#1371,.T.);
#1369=ORIENTED_EDGE('',*,*,#1372,.T.);
#1370=EDGE_CURVE('',#83,#97,#1373,.F.);
#1371=EDGE_CURVE('',#97,#101,#1374,.T.);
#1372=EDGE_CURVE('',#101,#83,#1375,.T.);
#1373=LINE('',#82,#1376);
#1374=LINE('',#96,#1377);
#1375=LINE('',#100,#1378);
#1376=VECTOR('',#1379,1.0);
#1377=VECTOR('',#1380,1.0);
#1378=VECTOR('',#1381,1.0);
#1379=DIRECTION('',(0.9994100748921432,-0.03434388161056845,0));
#1380=DIRECTION('',(0,-1,0));
#1381=DIRECTION('',(-0.8940678488768119,0.44793155906320137,0));
#1382=FACE_SURFACE('',(#1387),#1383,.T.);
#1383=PLANE('',#1384);
#1384=AXIS2_PLACEMENT_3D('',#104,#1385,#1386);
#1385=DIRECTION('',(2.7072121315589047E-07,0,-0.9999999999999634));
#1386=DIRECTION('',(0,1,0));
#1387=FACE_BOUND('',#1388,.T.);
#1388=EDGE_LOOP('',(#1389,#1390,#1391));
#1389=ORIENTED_EDGE('',*,*,#1392,.T.);
#1390=ORIENTED_EDGE('',*,*,#1393,.T.);
#1391=ORIENTED_EDGE('',*,*,#1394,.T.);
#1392=EDGE_CURVE('',#105,#95,#1395,.F.);
#1393=EDGE_CURVE('',#95,#89,#1396,.T.);
#1394=EDGE_CURVE('',#89,#105,#1397,.T.);
#1395=LINE('',#104,#1398);
#1396=LINE('',#94,#1399);
#1397=LINE('',#88,#1400);
#1398=VECTOR('',#1401,1.0);
#1399=VECTOR('',#1402,1.0);
#1400=VECTOR('',#1403,1.0);
#1401=DIRECTION('',(0,1,0));
#1402=DIRECTION('',(0.999453378070297,0.03305971965698706,2.7057323100395357E-07));
#1403=DIRECTION('',(-0.9007309559399344,-0.43437742230861015,-2.438469771191329E-07));
#1404=FACE_SURFACE('',(#1409),#1405,.T.);
#1405=PLANE('',#1406);
#1406=AXIS2_PLACEMENT_3D('',#88,#1407,#1408);
#1407=DIRECTION('',(0,-0,-1));
#1408=DIRECTION('',(0,-1,0));
#1409=FACE_BOUND('',#1410,.T.);
#1410=EDGE_LOOP('',(#1411,#1412,#1413));
#1411=ORIENTED_EDGE('',*,*,#1414,.T.);
#1412=ORIENTED_EDGE('',*,*,#1415,.T.);
#1413=ORIENTED_EDGE('',*,*,#1416,.T.);
#1414=EDGE_CURVE('',#89,#67,#1417,.F.);
#1415=EDGE_CURVE('',#67,#65,#1418,.T.);
#1416=EDGE_CURVE('',#65,#89,#1419,.T.);
#1417=LINE('',#88,#1420);
#1418=LINE('',#66,#1421);
#1419=LINE('',#64,#1422);
#1420=VECTOR('',#1423,1.0);
#1421=VECTOR('',#1424,1.0);
#1422=VECTOR('',#1425,1.0);
#1423=DIRECTION('',(0,-1,0));
#1424=DIRECTION('',(-1,1.2565783645866798E-10,0));
#1425=DIRECTION('',(0.0809871594821707,0.9967151448628687,0));
#1426=FACE_SURFACE('',(#1431),#1427,.T.);
#1427=PLANE('',#1428);
#1428=AXIS2_PLACEMENT_3D('',#88,#1429,#1430);
#1429=DIRECTION('',(0,0,-1));
#1430=DIRECTION('',(-0.0809871594821707,-0.9967151448628687,0));
#1431=FACE_BOUND('',#1432,.T.);
#1432=EDGE_LOOP('',(#1433,#1434,#1435));
#1433=ORIENTED_EDGE('',*,*,#1436,.T.);
#1434=ORIENTED_EDGE('',*,*,#1437,.T.);
#1435=ORIENTED_EDGE('',*,*,#1438,.T.);
#1436=EDGE_CURVE('',#89,#65,#1439,.F.);
#1437=EDGE_CURVE('',#65,#107,#1440,.T.);
#1438=EDGE_CURVE('',#107,#89,#1441,.T.);
#1439=LINE('',#88,#1442);
#1440=LINE('',#64,#1443);
#1441=LINE('',#106,#1444);
#1442=VECTOR('',#1445,1.0);
#1443=VECTOR('',#1446,1.0);
#1444=VECTOR('',#1447,1.0);
#1445=DIRECTION('',(-0.0809871594821707,-0.9967151448628687,0));
#1446=DIRECTION('',(0,1,0));
#1447=DIRECTION('',(0.28600485941473797,0.9582281671873123,0));
#1448=FACE_SURFACE('',(#1453),#1449,.T.);
#1449=PLANE('',#1450);
#1450=AXIS2_PLACEMENT_3D('',#104,#1451,#1452);
#1451=DIRECTION('',(3.1624033754664005E-07,-9.438907806977024E-08,-0.9999999999999456));
#1452=DIRECTION('',(0.9007309559399344,0.43437742230861015,2.438469771191329E-07));
#1453=FACE_BOUND('',#1454,.T.);
#1454=EDGE_LOOP('',(#1455,#1456,#1457));
#1455=ORIENTED_EDGE('',*,*,#1458,.T.);
#1456=ORIENTED_EDGE('',*,*,#1459,.T.);
#1457=ORIENTED_EDGE('',*,*,#1460,.T.);
#1458=EDGE_CURVE('',#105,#89,#1461,.F.);
#1459=EDGE_CURVE('',#89,#107,#1462,.T.);
#1460=EDGE_CURVE('',#107,#105,#1463,.T.);
#1461=LINE('',#104,#1464);
#1462=LINE('',#88,#1465);
#1463=LINE('',#106,#1466);
#1464=VECTOR('',#1467,1.0);
#1465=VECTOR('',#1468,1.0);
#1466=VECTOR('',#1469,1.0);
#1467=DIRECTION('',(0.9007309559399344,0.43437742230861015,2.438469771191329E-07));
#1468=DIRECTION('',(-0.28600485941473797,-0.9582281671873123,0));
#1469=DIRECTION('',(-0.9888017162835168,0.14923527021004415,-3.267851680948332E-07));
#1470=FACE_SURFACE('',(#1475),#1471,.T.);
#1471=PLANE('',#1472);
#1472=AXIS2_PLACEMENT_3D('',#108,#1473,#1474);
#1473=DIRECTION('',(-0,-0,-1));
#1474=DIRECTION('',(0,-1,0));
#1475=FACE_BOUND('',#1476,.T.);
#1476=EDGE_LOOP('',(#1477,#1478,#1479));
#1477=ORIENTED_EDGE('',*,*,#1480,.T.);
#1478=ORIENTED_EDGE('',*,*,#1481,.T.);
#1479=ORIENTED_EDGE('',*,*,#1482,.T.);
#1480=EDGE_CURVE('',#109,#69,#1483,.F.);
#1481=EDGE_CURVE('',#69,#83,#1484,.T.);
#1482=EDGE_CURVE('',#83,#109,#1485,.T.);
#1483=LINE('',#108,#1486);
#1484=LINE('',#68,#1487);
#1485=LINE('',#82,#1488);
#1486=VECTOR('',#1489,1.0);
#1487=VECTOR('',#1490,1.0);
#1488=VECTOR('',#1491,1.0);
#1489=DIRECTION('',(0,-1,0));
#1490=DIRECTION('',(-0.0812370747624138,0.9966948066906168,0));
#1491=DIRECTION('',(0.28682030208337383,-0.957984401915189,0));
#1492=FACE_SURFACE('',(#1497),#1493,.T.);
#1493=PLANE('',#1494);
#1494=AXIS2_PLACEMENT_3D('',#104,#1495,#1496);
#1495=DIRECTION('',(1.0942530486425259E-07,-1.4647022686541097E-06,-0.9999999999989214));
#1496=DIRECTION('',(0.9888017162835168,-0.14923527021004415,3.267851680948332E-07));
#1497=FACE_BOUND('',#1498,.T.);
#1498=EDGE_LOOP('',(#1499,#1500,#1501));
#1499=ORIENTED_EDGE('',*,*,#1502,.T.);
#1500=ORIENTED_EDGE('',*,*,#1503,.T.);
#1501=ORIENTED_EDGE('',*,*,#1504,.T.);
#1502=EDGE_CURVE('',#105,#107,#1505,.F.);
#1503=EDGE_CURVE('',#107,#109,#1506,.T.);
#1504=EDGE_CURVE('',#109,#105,#1507,.T.);
#1505=LINE('',#104,#1508);
#1506=LINE('',#106,#1509);
#1507=LINE('',#108,#1510);
#1508=VECTOR('',#1511,1.0);
#1509=VECTOR('',#1512,1.0);
#1510=VECTOR('',#1513,1.0);
#1511=DIRECTION('',(0.9888017162835168,-0.14923527021004415,3.267851680948332E-07));
#1512=DIRECTION('',(-0.9999999999999941,0,-1.0942530486436997E-07));
#1513=DIRECTION('',(0.9972209682503153,0.07450060725862434,0));
#1514=FACE_SURFACE('',(#1519),#1515,.T.);
#1515=PLANE('',#1516);
#1516=AXIS2_PLACEMENT_3D('',#108,#1517,#1518);
#1517=DIRECTION('',(0,0,-1));
#1518=DIRECTION('',(-0.28682030208337383,0.957984401915189,0));
#1519=FACE_BOUND('',#1520,.T.);
#1520=EDGE_LOOP('',(#1521,#1522,#1523));
#1521=ORIENTED_EDGE('',*,*,#1524,.T.);
#1522=ORIENTED_EDGE('',*,*,#1525,.T.);
#1523=ORIENTED_EDGE('',*,*,#1526,.T.);
#1524=EDGE_CURVE('',#109,#83,#1527,.F.);
#1525=EDGE_CURVE('',#83,#101,#1528,.T.);
#1526=EDGE_CURVE('',#101,#109,#1529,.T.);
#1527=LINE('',#108,#1530);
#1528=LINE('',#82,#1531);
#1529=LINE('',#100,#1532);
#1530=VECTOR('',#1533,1.0);
#1531=VECTOR('',#1534,1.0);
#1532=VECTOR('',#1535,1.0);
#1533=DIRECTION('',(-0.28682030208337383,0.957984401915189,0));
#1534=DIRECTION('',(0.8940678488768119,-0.44793155906320137,0));
#1535=DIRECTION('',(-0.9877063849127512,-0.1563204951456595,0));
#1536=FACE_SURFACE('',(#1541),#1537,.T.);
#1537=PLANE('',#1538);
#1538=AXIS2_PLACEMENT_3D('',#100,#1539,#1540);
#1539=DIRECTION('',(0,-0,-1));
#1540=DIRECTION('',(1,0,0));
#1541=FACE_BOUND('',#1542,.T.);
#1542=EDGE_LOOP('',(#1543,#1544,#1545));
#1543=ORIENTED_EDGE('',*,*,#1546,.T.);
#1544=ORIENTED_EDGE('',*,*,#1547,.T.);
#1545=ORIENTED_EDGE('',*,*,#1548,.T.);
#1546=EDGE_CURVE('',#101,#105,#1549,.F.);
#1547=EDGE_CURVE('',#105,#109,#1550,.T.);
#1548=EDGE_CURVE('',#109,#101,#1551,.T.);
#1549=LINE('',#100,#1552);
#1550=LINE('',#104,#1553);
#1551=LINE('',#108,#1554);
#1552=VECTOR('',#1555,1.0);
#1553=VECTOR('',#1556,1.0);
#1554=VECTOR('',#1557,1.0);
#1555=DIRECTION('',(1,0,0));
#1556=DIRECTION('',(-0.9972209682503153,-0.07450060725862434,0));
#1557=DIRECTION('',(0.9877063849127512,0.1563204951456595,0));
#1558=FACE_SURFACE('',(#1563),#1559,.T.);
#1559=PLANE('',#1560);
#1560=AXIS2_PLACEMENT_3D('',#86,#1561,#1562);
#1561=DIRECTION('',(1,0,0));
#1562=DIRECTION('',(0,-1,0));
#1563=FACE_BOUND('',#1564,.T.);
#1564=EDGE_LOOP('',(#1565,#1566,#1567));
#1565=ORIENTED_EDGE('',*,*,#1568,.T.);
#1566=ORIENTED_EDGE('',*,*,#1569,.T.);
#1567=ORIENTED_EDGE('',*,*,#1570,.T.);
#1568=EDGE_CURVE('',#87,#73,#1571,.F.);
#1569=EDGE_CURVE('',#73,#67,#1572,.T.);
#1570=EDGE_CURVE('',#67,#87,#1573,.T.);
#1571=LINE('',#86,#1574);
#1572=LINE('',#72,#1575);
#1573=LINE('',#66,#1576);
#1574=VECTOR('',#1577,1.0);
#1575=VECTOR('',#1578,1.0);
#1576=VECTOR('',#1579,1.0);
#1577=DIRECTION('',(0,-1,0));
#1578=DIRECTION('',(0,0,-1));
#1579=DIRECTION('',(0,0.9994919983179682,0.03187075929993905));
#1580=FACE_SURFACE('',(#1585),#1581,.T.);
#1581=PLANE('',#1582);
#1582=AXIS2_PLACEMENT_3D('',#86,#1583,#1584);
#1583=DIRECTION('',(1,0,0));
#1584=DIRECTION('',(0,-0.9994919983179682,-0.03187075929993905));
#1585=FACE_BOUND('',#1586,.T.);
#1586=EDGE_LOOP('',(#1587,#1588,#1589));
#1587=ORIENTED_EDGE('',*,*,#1590,.T.);
#1588=ORIENTED_EDGE('',*,*,#1591,.T.);
#1589=ORIENTED_EDGE('',*,*,#1592,.T.);
#1590=EDGE_CURVE('',#87,#67,#1593,.F.);
#1591=EDGE_CURVE('',#67,#89,#1594,.T.);
#1592=EDGE_CURVE('',#89,#87,#1595,.T.);
#1593=LINE('',#86,#1596);
#1594=LINE('',#66,#1597);
#1595=LINE('',#88,#1598);
#1596=VECTOR('',#1599,1.0);
#1597=VECTOR('',#1600,1.0);
#1598=VECTOR('',#1601,1.0);
#1599=DIRECTION('',(0,-0.9994919983179682,-0.03187075929993905));
#1600=DIRECTION('',(0,1,0));
#1601=DIRECTION('',(0,0,1));
#1602=FACE_SURFACE('',(#1607),#1603,.T.);
#1603=PLANE('',#1604);
#1604=AXIS2_PLACEMENT_3D('',#110,#1605,#1606);
#1605=DIRECTION('',(0,0,1));
#1606=DIRECTION('',(0,-1,0));
#1607=FACE_BOUND('',#1608,.T.);
#1608=EDGE_LOOP('',(#1609,#1610,#1611));
#1609=ORIENTED_EDGE('',*,*,#1612,.T.);
#1610=ORIENTED_EDGE('',*,*,#1613,.T.);
#1611=ORIENTED_EDGE('',*,*,#1614,.T.);
#1612=EDGE_CURVE('',#111,#77,#1615,.F.);
#1613=EDGE_CURVE('',#77,#73,#1616,.T.);
#1614=EDGE_CURVE('',#73,#111,#1617,.T.);
#1615=LINE('',#110,#1618);
#1616=LINE('',#76,#1619);
#1617=LINE('',#72,#1620);
#1618=VECTOR('',#1621,1.0);
#1619=VECTOR('',#1622,1.0);
#1620=VECTOR('',#1623,1.0);
#1621=DIRECTION('',(0,-1,0));
#1622=DIRECTION('',(1,-1.2565783645866798E-10,0));
#1623=DIRECTION('',(-0.11095901901239488,0.9938249826301445,0));
#1624=FACE_SURFACE('',(#1629),#1625,.T.);
#1625=PLANE('',#1626);
#1626=AXIS2_PLACEMENT_3D('',#86,#1627,#1628);
#1627=DIRECTION('',(0,0,1));
#1628=DIRECTION('',(-0.9994533780703337,-0.03305971965698828,0));
#1629=FACE_BOUND('',#1630,.T.);
#1630=EDGE_LOOP('',(#1631,#1632,#1633));
#1631=ORIENTED_EDGE('',*,*,#1634,.T.);
#1632=ORIENTED_EDGE('',*,*,#1635,.T.);
#1633=ORIENTED_EDGE('',*,*,#1636,.T.);
#1634=EDGE_CURVE('',#87,#91,#1637,.F.);
#1635=EDGE_CURVE('',#91,#103,#1638,.T.);
#1636=EDGE_CURVE('',#103,#87,#1639,.T.);
#1637=LINE('',#86,#1640);
#1638=LINE('',#90,#1641);
#1639=LINE('',#102,#1642);
#1640=VECTOR('',#1643,1.0);
#1641=VECTOR('',#1644,1.0);
#1642=VECTOR('',#1645,1.0);
#1643=DIRECTION('',(-0.9994533780703337,-0.03305971965698828,0));
#1644=DIRECTION('',(0,-1,0));
#1645=DIRECTION('',(0.9007309559399611,0.4343774223086231,0));
#1646=FACE_SURFACE('',(#1651),#1647,.T.);
#1647=PLANE('',#1648);
#1648=AXIS2_PLACEMENT_3D('',#98,#1649,#1650);
#1649=DIRECTION('',(0,-0,1));
#1650=DIRECTION('',(0,1,0));
#1651=FACE_BOUND('',#1652,.T.);
#1652=EDGE_LOOP('',(#1653,#1654,#1655));
#1653=ORIENTED_EDGE('',*,*,#1656,.T.);
#1654=ORIENTED_EDGE('',*,*,#1657,.T.);
#1655=ORIENTED_EDGE('',*,*,#1658,.T.);
#1656=EDGE_CURVE('',#99,#93,#1659,.F.);
#1657=EDGE_CURVE('',#93,#85,#1660,.T.);
#1658=EDGE_CURVE('',#85,#99,#1661,.T.);
#1659=LINE('',#98,#1662);
#1660=LINE('',#92,#1663);
#1661=LINE('',#84,#1664);
#1662=VECTOR('',#1665,1.0);
#1663=VECTOR('',#1666,1.0);
#1664=VECTOR('',#1667,1.0);
#1665=DIRECTION('',(0,1,0));
#1666=DIRECTION('',(-0.9994100748921432,0.03434388161056845,0));
#1667=DIRECTION('',(0.8940678488768119,-0.44793155906320137,0));
#1668=FACE_SURFACE('',(#1673),#1669,.T.);
#1669=PLANE('',#1670);
#1670=AXIS2_PLACEMENT_3D('',#84,#1671,#1672);
#1671=DIRECTION('',(0,0,1));
#1672=DIRECTION('',(0,-1,0));
#1673=FACE_BOUND('',#1674,.T.);
#1674=EDGE_LOOP('',(#1675,#1676,#1677));
#1675=ORIENTED_EDGE('',*,*,#1678,.T.);
#1676=ORIENTED_EDGE('',*,*,#1679,.T.);
#1677=ORIENTED_EDGE('',*,*,#1680,.T.);
#1678=EDGE_CURVE('',#85,#59,#1681,.F.);
#1679=EDGE_CURVE('',#59,#75,#1682,.T.);
#1680=EDGE_CURVE('',#75,#85,#1683,.T.);
#1681=LINE('',#84,#1684);
#1682=LINE('',#58,#1685);
#1683=LINE('',#74,#1686);
#1684=VECTOR('',#1687,1.0);
#1685=VECTOR('',#1688,1.0);
#1686=VECTOR('',#1689,1.0);
#1687=DIRECTION('',(0,-1,0));
#1688=DIRECTION('',(1,1.252687103051028E-10,0));
#1689=DIRECTION('',(-0.0812370747624138,0.9966948066906168,0));
#1690=FACE_SURFACE('',(#1695),#1691,.T.);
#1691=PLANE('',#1692);
#1692=AXIS2_PLACEMENT_3D('',#84,#1693,#1694);
#1693=DIRECTION('',(0,0,1));
#1694=DIRECTION('',(0.0812370747624138,-0.9966948066906168,0));
#1695=FACE_BOUND('',#1696,.T.);
#1696=EDGE_LOOP('',(#1697,#1698,#1699));
#1697=ORIENTED_EDGE('',*,*,#1700,.T.);
#1698=ORIENTED_EDGE('',*,*,#1701,.T.);
#1699=ORIENTED_EDGE('',*,*,#1702,.T.);
#1700=EDGE_CURVE('',#85,#75,#1703,.F.);
#1701=EDGE_CURVE('',#75,#113,#1704,.T.);
#1702=EDGE_CURVE('',#113,#85,#1705,.T.);
#1703=LINE('',#84,#1706);
#1704=LINE('',#74,#1707);
#1705=LINE('',#112,#1708);
#1706=VECTOR('',#1709,1.0);
#1707=VECTOR('',#1710,1.0);
#1708=VECTOR('',#1711,1.0);
#1709=DIRECTION('',(0.0812370747624138,-0.9966948066906168,0));
#1710=DIRECTION('',(0,1,0));
#1711=DIRECTION('',(-0.28682030208337383,0.957984401915189,0));
#1712=FACE_SURFACE('',(#1717),#1713,.T.);
#1713=PLANE('',#1714);
#1714=AXIS2_PLACEMENT_3D('',#98,#1715,#1716);
#1715=DIRECTION('',(0,0,1));
#1716=DIRECTION('',(-0.8940678488768119,0.44793155906320137,0));
#1717=FACE_BOUND('',#1718,.T.);
#1718=EDGE_LOOP('',(#1719,#1720,#1721));
#1719=ORIENTED_EDGE('',*,*,#1722,.T.);
#1720=ORIENTED_EDGE('',*,*,#1723,.T.);
#1721=ORIENTED_EDGE('',*,*,#1724,.T.);
#1722=EDGE_CURVE('',#99,#85,#1725,.F.);
#1723=EDGE_CURVE('',#85,#113,#1726,.T.);
#1724=EDGE_CURVE('',#113,#99,#1727,.T.);
#1725=LINE('',#98,#1728);
#1726=LINE('',#84,#1729);
#1727=LINE('',#112,#1730);
#1728=VECTOR('',#1731,1.0);
#1729=VECTOR('',#1732,1.0);
#1730=VECTOR('',#1733,1.0);
#1731=DIRECTION('',(-0.8940678488768119,0.44793155906320137,0));
#1732=DIRECTION('',(0.28682030208337383,-0.957984401915189,0));
#1733=DIRECTION('',(0.9877063849127512,0.1563204951456595,0));
#1734=FACE_SURFACE('',(#1739),#1735,.T.);
#1735=PLANE('',#1736);
#1736=AXIS2_PLACEMENT_3D('',#110,#1737,#1738);
#1737=DIRECTION('',(-0,0,1));
#1738=DIRECTION('',(0.11095901901239488,-0.9938249826301445,0));
#1739=FACE_BOUND('',#1740,.T.);
#1740=EDGE_LOOP('',(#1741,#1742,#1743));
#1741=ORIENTED_EDGE('',*,*,#1744,.T.);
#1742=ORIENTED_EDGE('',*,*,#1745,.T.);
#1743=ORIENTED_EDGE('',*,*,#1746,.T.);
#1744=EDGE_CURVE('',#111,#73,#1747,.F.);
#1745=EDGE_CURVE('',#73,#87,#1748,.T.);
#1746=EDGE_CURVE('',#87,#111,#1749,.T.);
#1747=LINE('',#110,#1750);
#1748=LINE('',#72,#1751);
#1749=LINE('',#86,#1752);
#1750=VECTOR('',#1753,1.0);
#1751=VECTOR('',#1754,1.0);
#1752=VECTOR('',#1755,1.0);
#1753=DIRECTION('',(0.11095901901239488,-0.9938249826301445,0));
#1754=DIRECTION('',(0,1,0));
#1755=DIRECTION('',(-0.28600485941473797,-0.9582281671873123,0));
#1756=FACE_SURFACE('',(#1761),#1757,.T.);
#1757=PLANE('',#1758);
#1758=AXIS2_PLACEMENT_3D('',#98,#1759,#1760);
#1759=DIRECTION('',(0,0,1));
#1760=DIRECTION('',(-0.9877063849127512,-0.1563204951456595,0));
#1761=FACE_BOUND('',#1762,.T.);
#1762=EDGE_LOOP('',(#1763,#1764,#1765));
#1763=ORIENTED_EDGE('',*,*,#1766,.T.);
#1764=ORIENTED_EDGE('',*,*,#1767,.T.);
#1765=ORIENTED_EDGE('',*,*,#1768,.T.);
#1766=EDGE_CURVE('',#99,#113,#1769,.F.);
#1767=EDGE_CURVE('',#113,#111,#1770,.T.);
#1768=EDGE_CURVE('',#111,#99,#1771,.T.);
#1769=LINE('',#98,#1772);
#1770=LINE('',#112,#1773);
#1771=LINE('',#110,#1774);
#1772=VECTOR('',#1775,1.0);
#1773=VECTOR('',#1776,1.0);
#1774=VECTOR('',#1777,1.0);
#1775=DIRECTION('',(-0.9877063849127512,-0.1563204951456595,0));
#1776=DIRECTION('',(1,0,0));
#1777=DIRECTION('',(-0.99734382304962,0.07283748090624848,0));
#1778=FACE_SURFACE('',(#1783),#1779,.T.);
#1779=PLANE('',#1780);
#1780=AXIS2_PLACEMENT_3D('',#110,#1781,#1782);
#1781=DIRECTION('',(0,-0,1));
#1782=DIRECTION('',(0.28600485941473797,0.9582281671873123,0));
#1783=FACE_BOUND('',#1784,.T.);
#1784=EDGE_LOOP('',(#1785,#1786,#1787));
#1785=ORIENTED_EDGE('',*,*,#1788,.T.);
#1786=ORIENTED_EDGE('',*,*,#1789,.T.);
#1787=ORIENTED_EDGE('',*,*,#1790,.T.);
#1788=EDGE_CURVE('',#111,#87,#1791,.F.);
#1789=EDGE_CURVE('',#87,#103,#1792,.T.);
#1790=EDGE_CURVE('',#103,#111,#1793,.T.);
#1791=LINE('',#110,#1794);
#1792=LINE('',#86,#1795);
#1793=LINE('',#102,#1796);
#1794=VECTOR('',#1797,1.0);
#1795=VECTOR('',#1798,1.0);
#1796=VECTOR('',#1799,1.0);
#1797=DIRECTION('',(0.28600485941473797,0.9582281671873123,0));
#1798=DIRECTION('',(-0.9007309559399611,-0.4343774223086231,0));
#1799=DIRECTION('',(0.9888017162835695,-0.14923527021005212,0));
#1800=FACE_SURFACE('',(#1805),#1801,.T.);
#1801=PLANE('',#1802);
#1802=AXIS2_PLACEMENT_3D('',#102,#1803,#1804);
#1803=DIRECTION('',(0,0,1));
#1804=DIRECTION('',(-1,0,0));
#1805=FACE_BOUND('',#1806,.T.);
#1806=EDGE_LOOP('',(#1807,#1808,#1809));
#1807=ORIENTED_EDGE('',*,*,#1810,.T.);
#1808=ORIENTED_EDGE('',*,*,#1811,.T.);
#1809=ORIENTED_EDGE('',*,*,#1812,.T.);
#1810=EDGE_CURVE('',#103,#99,#1813,.F.);
#1811=EDGE_CURVE('',#99,#111,#1814,.T.);
#1812=EDGE_CURVE('',#111,#103,#1815,.T.);
#1813=LINE('',#102,#1816);
#1814=LINE('',#98,#1817);
#1815=LINE('',#110,#1818);
#1816=VECTOR('',#1819,1.0);
#1817=VECTOR('',#1820,1.0);
#1818=VECTOR('',#1821,1.0);
#1819=DIRECTION('',(-1,0,0));
#1820=DIRECTION('',(0.99734382304962,-0.07283748090624848,0));
#1821=DIRECTION('',(-0.9888017162835695,0.14923527021005212,0));
#1822=FACE_SURFACE('',(#1827),#1823,.T.);
#1823=PLANE('',#1824);
#1824=AXIS2_PLACEMENT_3D('',#114,#1825,#1826);
#1825=DIRECTION('',(0,0,-1));
#1826=DIRECTION('',(0.9999999999999998,1.8237522007771075E-08,0));
#1827=FACE_BOUND('',#1828,.T.);
#1828=EDGE_LOOP('',(#1829,#1830,#1831));
#1829=ORIENTED_EDGE('',*,*,#1832,.T.);
#1830=ORIENTED_EDGE('',*,*,#1833,.T.);
#1831=ORIENTED_EDGE('',*,*,#1834,.T.);
#1832=EDGE_CURVE('',#115,#117,#1835,.F.);
#1833=EDGE_CURVE('',#117,#119,#1836,.T.);
#1834=EDGE_CURVE('',#119,#115,#1837,.T.);
#1835=LINE('',#114,#1838);
#1836=LINE('',#116,#1839);
#1837=LINE('',#118,#1840);
#1838=VECTOR('',#1841,1.0);
#1839=VECTOR('',#1842,1.0);
#1840=VECTOR('',#1843,1.0);
#1841=DIRECTION('',(0.9999999999999998,1.8237522007771075E-08,0));
#1842=DIRECTION('',(0,-1,0));
#1843=DIRECTION('',(-0.04318905382824973,0.9990669174932281,0));
#1844=FACE_SURFACE('',(#1849),#1845,.T.);
#1845=PLANE('',#1846);
#1846=AXIS2_PLACEMENT_3D('',#114,#1847,#1848);
#1847=DIRECTION('',(0,0,-1));
#1848=DIRECTION('',(0.04318905382824973,-0.9990669174932281,0));
#1849=FACE_BOUND('',#1850,.T.);
#1850=EDGE_LOOP('',(#1851,#1852,#1853));
#1851=ORIENTED_EDGE('',*,*,#1854,.T.);
#1852=ORIENTED_EDGE('',*,*,#1855,.T.);
#1853=ORIENTED_EDGE('',*,*,#1856,.T.);
#1854=EDGE_CURVE('',#115,#119,#1857,.F.);
#1855=EDGE_CURVE('',#119,#121,#1858,.T.);
#1856=EDGE_CURVE('',#121,#115,#1859,.T.);
#1857=LINE('',#114,#1860);
#1858=LINE('',#118,#1861);
#1859=LINE('',#120,#1862);
#1860=VECTOR('',#1863,1.0);
#1861=VECTOR('',#1864,1.0);
#1862=VECTOR('',#1865,1.0);
#1863=DIRECTION('',(0.04318905382824973,-0.9990669174932281,0));
#1864=DIRECTION('',(-0.606956037957469,0.7947354075332063,0));
#1865=DIRECTION('',(0,1,0));
#1866=FACE_SURFACE('',(#1871),#1867,.T.);
#1867=PLANE('',#1868);
#1868=AXIS2_PLACEMENT_3D('',#122,#1869,#1870);
#1869=DIRECTION('',(5.161571644885512E-08,3.942000124214205E-08,-0.9999999999999979));
#1870=DIRECTION('',(-0.606956037957469,0.7947354075332063,0));
#1871=FACE_BOUND('',#1872,.T.);
#1872=EDGE_LOOP('',(#1873,#1874,#1875));
#1873=ORIENTED_EDGE('',*,*,#1876,.T.);
#1874=ORIENTED_EDGE('',*,*,#1877,.T.);
#1875=ORIENTED_EDGE('',*,*,#1878,.T.);
#1876=EDGE_CURVE('',#123,#125,#1879,.F.);
#1877=EDGE_CURVE('',#125,#127,#1880,.T.);
#1878=EDGE_CURVE('',#127,#123,#1881,.T.);
#1879=LINE('',#122,#1882);
#1880=LINE('',#124,#1883);
#1881=LINE('',#126,#1884);
#1882=VECTOR('',#1885,1.0);
#1883=VECTOR('',#1886,1.0);
#1884=VECTOR('',#1887,1.0);
#1885=DIRECTION('',(-0.606956037957469,0.7947354075332063,0));
#1886=DIRECTION('',(0.9999999999999987,0,5.161571644885516E-08));
#1887=DIRECTION('',(-0.9992735706497604,-0.038109460779122,-5.3080496268743486E-08));
#1888=FACE_SURFACE('',(#1893),#1889,.T.);
#1889=PLANE('',#1890);
#1890=AXIS2_PLACEMENT_3D('',#122,#1891,#1892);
#1891=DIRECTION('',(5.471265243218518E-08,-4.1785195967873956E-08,-0.9999999999999977));
#1892=DIRECTION('',(0.9992735706497604,0.038109460779122,5.3080496268743486E-08));
#1893=FACE_BOUND('',#1894,.T.);
#1894=EDGE_LOOP('',(#1895,#1896,#1897));
#1895=ORIENTED_EDGE('',*,*,#1898,.T.);
#1896=ORIENTED_EDGE('',*,*,#1899,.T.);
#1897=ORIENTED_EDGE('',*,*,#1900,.T.);
#1898=EDGE_CURVE('',#123,#127,#1901,.F.);
#1899=EDGE_CURVE('',#127,#129,#1902,.T.);
#1900=EDGE_CURVE('',#129,#123,#1903,.T.);
#1901=LINE('',#122,#1904);
#1902=LINE('',#126,#1905);
#1903=LINE('',#128,#1906);
#1904=VECTOR('',#1907,1.0);
#1905=VECTOR('',#1908,1.0);
#1906=VECTOR('',#1909,1.0);
#1907=DIRECTION('',(0.9992735706497604,0.038109460779122,5.3080496268743486E-08));
#1908=DIRECTION('',(-0.606956037957469,-0.7947354075332063,0));
#1909=DIRECTION('',(-0.9999999999999986,0,-5.471265243218523E-08));
#1910=FACE_SURFACE('',(#1915),#1911,.T.);
#1911=PLANE('',#1912);
#1912=AXIS2_PLACEMENT_3D('',#130,#1913,#1914);
#1913=DIRECTION('',(-0,0,-1));
#1914=DIRECTION('',(-0.606956037957469,-0.7947354075332063,0));
#1915=FACE_BOUND('',#1916,.T.);
#1916=EDGE_LOOP('',(#1917,#1918,#1919));
#1917=ORIENTED_EDGE('',*,*,#1920,.T.);
#1918=ORIENTED_EDGE('',*,*,#1921,.T.);
#1919=ORIENTED_EDGE('',*,*,#1922,.T.);
#1920=EDGE_CURVE('',#131,#133,#1923,.F.);
#1921=EDGE_CURVE('',#133,#135,#1924,.T.);
#1922=EDGE_CURVE('',#135,#131,#1925,.T.);
#1923=LINE('',#130,#1926);
#1924=LINE('',#132,#1927);
#1925=LINE('',#134,#1928);
#1926=VECTOR('',#1929,1.0);
#1927=VECTOR('',#1930,1.0);
#1928=VECTOR('',#1931,1.0);
#1929=DIRECTION('',(-0.606956037957469,-0.7947354075332063,0));
#1930=DIRECTION('',(0,1,0));
#1931=DIRECTION('',(0.045775114609812526,-0.9989517700482133,0));
#1932=FACE_SURFACE('',(#1937),#1933,.T.);
#1933=PLANE('',#1934);
#1934=AXIS2_PLACEMENT_3D('',#130,#1935,#1936);
#1935=DIRECTION('',(0,0,-1));
#1936=DIRECTION('',(-0.045775114609812526,0.9989517700482133,0));
#1937=FACE_BOUND('',#1938,.T.);
#1938=EDGE_LOOP('',(#1939,#1940,#1941));
#1939=ORIENTED_EDGE('',*,*,#1942,.T.);
#1940=ORIENTED_EDGE('',*,*,#1943,.T.);
#1941=ORIENTED_EDGE('',*,*,#1944,.T.);
#1942=EDGE_CURVE('',#131,#135,#1945,.F.);
#1943=EDGE_CURVE('',#135,#137,#1946,.T.);
#1944=EDGE_CURVE('',#137,#131,#1947,.T.);
#1945=LINE('',#130,#1948);
#1946=LINE('',#134,#1949);
#1947=LINE('',#136,#1950);
#1948=VECTOR('',#1951,1.0);
#1949=VECTOR('',#1952,1.0);
#1950=VECTOR('',#1953,1.0);
#1951=DIRECTION('',(-0.045775114609812526,0.9989517700482133,0));
#1952=DIRECTION('',(0.9999999999999998,-1.8237522007771075E-08,0));
#1953=DIRECTION('',(0,-1,0));
#1954=FACE_SURFACE('',(#1959),#1955,.T.);
#1955=PLANE('',#1956);
#1956=AXIS2_PLACEMENT_3D('',#136,#1957,#1958);
#1957=DIRECTION('',(0,0,-1));
#1958=DIRECTION('',(-0.9999999999999998,1.8237522007771075E-08,0));
#1959=FACE_BOUND('',#1960,.T.);
#1960=EDGE_LOOP('',(#1961,#1962,#1963));
#1961=ORIENTED_EDGE('',*,*,#1964,.T.);
#1962=ORIENTED_EDGE('',*,*,#1965,.T.);
#1963=ORIENTED_EDGE('',*,*,#1966,.T.);
#1964=EDGE_CURVE('',#137,#135,#1967,.F.);
#1965=EDGE_CURVE('',#135,#125,#1968,.T.);
#1966=EDGE_CURVE('',#125,#137,#1969,.T.);
#1967=LINE('',#136,#1970);
#1968=LINE('',#134,#1971);
#1969=LINE('',#124,#1972);
#1970=VECTOR('',#1973,1.0);
#1971=VECTOR('',#1974,1.0);
#1972=VECTOR('',#1975,1.0);
#1973=DIRECTION('',(-0.9999999999999998,1.8237522007771075E-08,0));
#1974=DIRECTION('',(0,1,0));
#1975=DIRECTION('',(0.04318905382824973,-0.9990669174932281,0));
#1976=FACE_SURFACE('',(#1981),#1977,.T.);
#1977=PLANE('',#1978);
#1978=AXIS2_PLACEMENT_3D('',#136,#1979,#1980);
#1979=DIRECTION('',(0,0,-1));
#1980=DIRECTION('',(-0.04318905382824973,0.9990669174932281,0));
#1981=FACE_BOUND('',#1982,.T.);
#1982=EDGE_LOOP('',(#1983,#1984,#1985));
#1983=ORIENTED_EDGE('',*,*,#1986,.T.);
#1984=ORIENTED_EDGE('',*,*,#1987,.T.);
#1985=ORIENTED_EDGE('',*,*,#1988,.T.);
#1986=EDGE_CURVE('',#137,#125,#1989,.F.);
#1987=EDGE_CURVE('',#125,#123,#1990,.T.);
#1988=EDGE_CURVE('',#123,#137,#1991,.T.);
#1989=LINE('',#136,#1992);
#1990=LINE('',#124,#1993);
#1991=LINE('',#122,#1994);
#1992=VECTOR('',#1995,1.0);
#1993=VECTOR('',#1996,1.0);
#1994=VECTOR('',#1997,1.0);
#1995=DIRECTION('',(-0.04318905382824973,0.9990669174932281,0));
#1996=DIRECTION('',(0.606956037957469,-0.7947354075332063,0));
#1997=DIRECTION('',(0,-1,0));
#1998=FACE_SURFACE('',(#2003),#1999,.T.);
#1999=PLANE('',#2000);
#2000=AXIS2_PLACEMENT_3D('',#120,#2001,#2002);
#2001=DIRECTION('',(5.161571644885512E-08,3.942000124214205E-08,-0.9999999999999979));
#2002=DIRECTION('',(0.606956037957469,-0.7947354075332063,0));
#2003=FACE_BOUND('',#2004,.T.);
#2004=EDGE_LOOP('',(#2005,#2006,#2007));
#2005=ORIENTED_EDGE('',*,*,#2008,.T.);
#2006=ORIENTED_EDGE('',*,*,#2009,.T.);
#2007=ORIENTED_EDGE('',*,*,#2010,.T.);
#2008=EDGE_CURVE('',#121,#119,#2011,.F.);
#2009=EDGE_CURVE('',#119,#133,#2012,.T.);
#2010=EDGE_CURVE('',#133,#121,#2013,.T.);
#2011=LINE('',#120,#2014);
#2012=LINE('',#118,#2015);
#2013=LINE('',#132,#2016);
#2014=VECTOR('',#2017,1.0);
#2015=VECTOR('',#2018,1.0);
#2016=VECTOR('',#2019,1.0);
#2017=DIRECTION('',(0.606956037957469,-0.7947354075332063,0));
#2018=DIRECTION('',(-0.9999999999999987,0,-5.161571644885516E-08));
#2019=DIRECTION('',(0.9992735706497604,0.038109460779122,5.3080496268743486E-08));
#2020=FACE_SURFACE('',(#2025),#2021,.T.);
#2021=PLANE('',#2022);
#2022=AXIS2_PLACEMENT_3D('',#120,#2023,#2024);
#2023=DIRECTION('',(5.471265243218518E-08,-4.1785195967873956E-08,-0.9999999999999977));
#2024=DIRECTION('',(-0.9992735706497604,-0.038109460779122,-5.3080496268743486E-08));
#2025=FACE_BOUND('',#2026,.T.);
#2026=EDGE_LOOP('',(#2027,#2028,#2029));
#2027=ORIENTED_EDGE('',*,*,#2030,.T.);
#2028=ORIENTED_EDGE('',*,*,#2031,.T.);
#2029=ORIENTED_EDGE('',*,*,#2032,.T.);
#2030=EDGE_CURVE('',#121,#133,#2033,.F.);
#2031=EDGE_CURVE('',#133,#131,#2034,.T.);
#2032=EDGE_CURVE('',#131,#121,#2035,.T.);
#2033=LINE('',#120,#2036);
#2034=LINE('',#132,#2037);
#2035=LINE('',#130,#2038);
#2036=VECTOR('',#2039,1.0);
#2037=VECTOR('',#2040,1.0);
#2038=VECTOR('',#2041,1.0);
#2039=DIRECTION('',(-0.9992735706497604,-0.038109460779122,-5.3080496268743486E-08));
#2040=DIRECTION('',(0.606956037957469,0.7947354075332063,0));
#2041=DIRECTION('',(0.9999999999999986,0,5.471265243218523E-08));
#2042=FACE_SURFACE('',(#2047),#2043,.T.);
#2043=PLANE('',#2044);
#2044=AXIS2_PLACEMENT_3D('',#128,#2045,#2046);
#2045=DIRECTION('',(0,0,-1));
#2046=DIRECTION('',(0.606956037957469,0.7947354075332063,0));
#2047=FACE_BOUND('',#2048,.T.);
#2048=EDGE_LOOP('',(#2049,#2050,#2051));
#2049=ORIENTED_EDGE('',*,*,#2052,.T.);
#2050=ORIENTED_EDGE('',*,*,#2053,.T.);
#2051=ORIENTED_EDGE('',*,*,#2054,.T.);
#2052=EDGE_CURVE('',#129,#127,#2055,.F.);
#2053=EDGE_CURVE('',#127,#117,#2056,.T.);
#2054=EDGE_CURVE('',#117,#129,#2057,.T.);
#2055=LINE('',#128,#2058);
#2056=LINE('',#126,#2059);
#2057=LINE('',#116,#2060);
#2058=VECTOR('',#2061,1.0);
#2059=VECTOR('',#2062,1.0);
#2060=VECTOR('',#2063,1.0);
#2061=DIRECTION('',(0.606956037957469,0.7947354075332063,0));
#2062=DIRECTION('',(0,-1,0));
#2063=DIRECTION('',(-0.045775114686160794,0.9989517700447148,0));
#2064=FACE_SURFACE('',(#2069),#2065,.T.);
#2065=PLANE('',#2066);
#2066=AXIS2_PLACEMENT_3D('',#128,#2067,#2068);
#2067=DIRECTION('',(0,0,-1));
#2068=DIRECTION('',(0.045775114686160794,-0.9989517700447148,0));
#2069=FACE_BOUND('',#2070,.T.);
#2070=EDGE_LOOP('',(#2071,#2072,#2073));
#2071=ORIENTED_EDGE('',*,*,#2074,.T.);
#2072=ORIENTED_EDGE('',*,*,#2075,.T.);
#2073=ORIENTED_EDGE('',*,*,#2076,.T.);
#2074=EDGE_CURVE('',#129,#117,#2077,.F.);
#2075=EDGE_CURVE('',#117,#115,#2078,.T.);
#2076=EDGE_CURVE('',#115,#129,#2079,.T.);
#2077=LINE('',#128,#2080);
#2078=LINE('',#116,#2081);
#2079=LINE('',#114,#2082);
#2080=VECTOR('',#2083,1.0);
#2081=VECTOR('',#2084,1.0);
#2082=VECTOR('',#2085,1.0);
#2083=DIRECTION('',(0.045775114686160794,-0.9989517700447148,0));
#2084=DIRECTION('',(-0.9999999999999998,-1.8237522007771075E-08,0));
#2085=DIRECTION('',(0,1,0));
#2086=FACE_SURFACE('',(#2091),#2087,.T.);
#2087=PLANE('',#2088);
#2088=AXIS2_PLACEMENT_3D('',#120,#2089,#2090);
#2089=DIRECTION('',(5.471265243218523E-08,0,-0.9999999999999986));
#2090=DIRECTION('',(-0.9999999999999986,0,-5.471265243218523E-08));
#2091=FACE_BOUND('',#2092,.T.);
#2092=EDGE_LOOP('',(#2093,#2094,#2095));
#2093=ORIENTED_EDGE('',*,*,#2096,.T.);
#2094=ORIENTED_EDGE('',*,*,#2097,.T.);
#2095=ORIENTED_EDGE('',*,*,#2098,.T.);
#2096=EDGE_CURVE('',#121,#131,#2099,.F.);
#2097=EDGE_CURVE('',#131,#137,#2100,.T.);
#2098=EDGE_CURVE('',#137,#121,#2101,.T.);
#2099=LINE('',#120,#2102);
#2100=LINE('',#130,#2103);
#2101=LINE('',#136,#2104);
#2102=VECTOR('',#2105,1.0);
#2103=VECTOR('',#2106,1.0);
#2104=VECTOR('',#2107,1.0);
#2105=DIRECTION('',(-0.9999999999999986,0,-5.471265243218523E-08));
#2106=DIRECTION('',(0,1,0));
#2107=DIRECTION('',(0.8366463026771979,-0.5477435204697292,4.5775138367050434E-08));
#2108=FACE_SURFACE('',(#2113),#2109,.T.);
#2109=PLANE('',#2110);
#2110=AXIS2_PLACEMENT_3D('',#136,#2111,#2112);
#2111=DIRECTION('',(5.471265243218523E-08,0,-0.9999999999999986));
#2112=DIRECTION('',(0,1,0));
#2113=FACE_BOUND('',#2114,.T.);
#2114=EDGE_LOOP('',(#2115,#2116,#2117));
#2115=ORIENTED_EDGE('',*,*,#2118,.T.);
#2116=ORIENTED_EDGE('',*,*,#2119,.T.);
#2117=ORIENTED_EDGE('',*,*,#2120,.T.);
#2118=EDGE_CURVE('',#137,#123,#2121,.F.);
#2119=EDGE_CURVE('',#123,#129,#2122,.T.);
#2120=EDGE_CURVE('',#129,#137,#2123,.T.);
#2121=LINE('',#136,#2124);
#2122=LINE('',#122,#2125);
#2123=LINE('',#128,#2126);
#2124=VECTOR('',#2127,1.0);
#2125=VECTOR('',#2128,1.0);
#2126=VECTOR('',#2129,1.0);
#2127=DIRECTION('',(0,1,0));
#2128=DIRECTION('',(0.9999999999999986,0,5.471265243218523E-08));
#2129=DIRECTION('',(-0.8366463026771979,-0.5477435204697292,-4.5775138367050434E-08));
#2130=FACE_SURFACE('',(#2135),#2131,.T.);
#2131=PLANE('',#2132);
#2132=AXIS2_PLACEMENT_3D('',#114,#2133,#2134);
#2133=DIRECTION('',(5.471265243218523E-08,0,-0.9999999999999986));
#2134=DIRECTION('',(0,-1,0));
#2135=FACE_BOUND('',#2136,.T.);
#2136=EDGE_LOOP('',(#2137,#2138,#2139));
#2137=ORIENTED_EDGE('',*,*,#2140,.T.);
#2138=ORIENTED_EDGE('',*,*,#2141,.T.);
#2139=ORIENTED_EDGE('',*,*,#2142,.T.);
#2140=EDGE_CURVE('',#115,#121,#2143,.F.);
#2141=EDGE_CURVE('',#121,#137,#2144,.T.);
#2142=EDGE_CURVE('',#137,#115,#2145,.T.);
#2143=LINE('',#114,#2146);
#2144=LINE('',#120,#2147);
#2145=LINE('',#136,#2148);
#2146=VECTOR('',#2149,1.0);
#2147=VECTOR('',#2150,1.0);
#2148=VECTOR('',#2151,1.0);
#2149=DIRECTION('',(0,-1,0));
#2150=DIRECTION('',(-0.8366463026771979,0.5477435204697292,-4.5775138367050434E-08));
#2151=DIRECTION('',(0.9999999999999986,0,5.471265243218523E-08));
#2152=FACE_SURFACE('',(#2157),#2153,.T.);
#2153=PLANE('',#2154);
#2154=AXIS2_PLACEMENT_3D('',#136,#2155,#2156);
#2155=DIRECTION('',(5.471265243218523E-08,0,-0.9999999999999986));
#2156=DIRECTION('',(0.8366463026771979,0.5477435204697292,4.5775138367050434E-08));
#2157=FACE_BOUND('',#2158,.T.);
#2158=EDGE_LOOP('',(#2159,#2160,#2161));
#2159=ORIENTED_EDGE('',*,*,#2162,.T.);
#2160=ORIENTED_EDGE('',*,*,#2163,.T.);
#2161=ORIENTED_EDGE('',*,*,#2164,.T.);
#2162=EDGE_CURVE('',#137,#129,#2165,.F.);
#2163=EDGE_CURVE('',#129,#115,#2166,.T.);
#2164=EDGE_CURVE('',#115,#137,#2167,.T.);
#2165=LINE('',#136,#2168);
#2166=LINE('',#128,#2169);
#2167=LINE('',#114,#2170);
#2168=VECTOR('',#2171,1.0);
#2169=VECTOR('',#2172,1.0);
#2170=VECTOR('',#2173,1.0);
#2171=DIRECTION('',(0.8366463026771979,0.5477435204697292,4.5775138367050434E-08));
#2172=DIRECTION('',(0,-1,0));
#2173=DIRECTION('',(-0.9999999999999986,0,-5.471265243218523E-08));
#2174=FACE_SURFACE('',(#2179),#2175,.T.);
#2175=PLANE('',#2176);
#2176=AXIS2_PLACEMENT_3D('',#80,#2177,#2178);
#2177=DIRECTION('',(-0,1,0));
#2178=DIRECTION('',(1,0,0));
#2179=FACE_BOUND('',#2180,.T.);
#2180=EDGE_LOOP('',(#2181,#2182,#2183));
#2181=ORIENTED_EDGE('',*,*,#2184,.T.);
#2182=ORIENTED_EDGE('',*,*,#2185,.T.);
#2183=ORIENTED_EDGE('',*,*,#2186,.T.);
#2184=EDGE_CURVE('',#81,#79,#2187,.F.);
#2185=EDGE_CURVE('',#79,#63,#2188,.T.);
#2186=EDGE_CURVE('',#63,#81,#2189,.T.);
#2187=LINE('',#80,#2190);
#2188=LINE('',#78,#2191);
#2189=LINE('',#62,#2192);
#2190=VECTOR('',#2193,1.0);
#2191=VECTOR('',#2194,1.0);
#2192=VECTOR('',#2195,1.0);
#2193=DIRECTION('',(1,0,0));
#2194=DIRECTION('',(0,0,-1));
#2195=DIRECTION('',(-0.9995888368806275,0,0.028673283447036988));
#2196=FACE_SURFACE('',(#2201),#2197,.T.);
#2197=PLANE('',#2198);
#2198=AXIS2_PLACEMENT_3D('',#80,#2199,#2200);
#2199=DIRECTION('',(0,1,0));
#2200=DIRECTION('',(0.9995888368806275,0,-0.028673283447036988));
#2201=FACE_BOUND('',#2202,.T.);
#2202=EDGE_LOOP('',(#2203,#2204,#2205));
#2203=ORIENTED_EDGE('',*,*,#2206,.T.);
#2204=ORIENTED_EDGE('',*,*,#2207,.T.);
#2205=ORIENTED_EDGE('',*,*,#2208,.T.);
#2206=EDGE_CURVE('',#81,#63,#2209,.F.);
#2207=EDGE_CURVE('',#63,#71,#2210,.T.);
#2208=EDGE_CURVE('',#71,#81,#2211,.T.);
#2209=LINE('',#80,#2212);
#2210=LINE('',#62,#2213);
#2211=LINE('',#70,#2214);
#2212=VECTOR('',#2215,1.0);
#2213=VECTOR('',#2216,1.0);
#2214=VECTOR('',#2217,1.0);
#2215=DIRECTION('',(0.9995888368806275,0,-0.028673283447036988));
#2216=DIRECTION('',(-0.9999999999999941,0,-1.0942530486436997E-07));
#2217=DIRECTION('',(0,0,1));
#2218=FACE_SURFACE('',(#2223),#2219,.T.);
#2219=PLANE('',#2220);
#2220=AXIS2_PLACEMENT_3D('',#112,#2221,#2222);
#2221=DIRECTION('',(0,-1,0));
#2222=DIRECTION('',(0,0,-1));
#2223=FACE_BOUND('',#2224,.T.);
#2224=EDGE_LOOP('',(#2225,#2226,#2227));
#2225=ORIENTED_EDGE('',*,*,#2228,.T.);
#2226=ORIENTED_EDGE('',*,*,#2229,.T.);
#2227=ORIENTED_EDGE('',*,*,#2230,.T.);
#2228=EDGE_CURVE('',#113,#109,#2231,.F.);
#2229=EDGE_CURVE('',#109,#107,#2232,.T.);
#2230=EDGE_CURVE('',#107,#113,#2233,.T.);
#2231=LINE('',#112,#2234);
#2232=LINE('',#108,#2235);
#2233=LINE('',#106,#2236);
#2234=VECTOR('',#2237,1.0);
#2235=VECTOR('',#2238,1.0);
#2236=VECTOR('',#2239,1.0);
#2237=DIRECTION('',(0,0,-1));
#2238=DIRECTION('',(0.9999999999999941,0,1.0942530486436997E-07));
#2239=DIRECTION('',(-0.9995888368806275,0,0.028673283447036988));
#2240=FACE_SURFACE('',(#2245),#2241,.T.);
#2241=PLANE('',#2242);
#2242=AXIS2_PLACEMENT_3D('',#112,#2243,#2244);
#2243=DIRECTION('',(0,-1,0));
#2244=DIRECTION('',(0.9995888368806275,0,-0.028673283447036988));
#2245=FACE_BOUND('',#2246,.T.);
#2246=EDGE_LOOP('',(#2247,#2248,#2249));
#2247=ORIENTED_EDGE('',*,*,#2250,.T.);
#2248=ORIENTED_EDGE('',*,*,#2251,.T.);
#2249=ORIENTED_EDGE('',*,*,#2252,.T.);
#2250=EDGE_CURVE('',#113,#107,#2253,.F.);
#2251=EDGE_CURVE('',#107,#111,#2254,.T.);
#2252=EDGE_CURVE('',#111,#113,#2255,.T.);
#2253=LINE('',#112,#2256);
#2254=LINE('',#106,#2257);
#2255=LINE('',#110,#2258);
#2256=VECTOR('',#2259,1.0);
#2257=VECTOR('',#2260,1.0);
#2258=VECTOR('',#2261,1.0);
#2259=DIRECTION('',(0.9995888368806275,0,-0.028673283447036988));
#2260=DIRECTION('',(0,0,1));
#2261=DIRECTION('',(-1,0,0));
#2262=FACE_SURFACE('',(#2267),#2263,.T.);
#2263=PLANE('',#2264);
#2264=AXIS2_PLACEMENT_3D('',#74,#2265,#2266);
#2265=DIRECTION('',(1,0,0));
#2266=DIRECTION('',(0,-1,0));
#2267=FACE_BOUND('',#2268,.T.);
#2268=EDGE_LOOP('',(#2269,#2270,#2271));
#2269=ORIENTED_EDGE('',*,*,#2272,.T.);
#2270=ORIENTED_EDGE('',*,*,#2273,.T.);
#2271=ORIENTED_EDGE('',*,*,#2274,.T.);
#2272=EDGE_CURVE('',#75,#81,#2275,.F.);
#2273=EDGE_CURVE('',#81,#71,#2276,.T.);
#2274=EDGE_CURVE('',#71,#75,#2277,.T.);
#2275=LINE('',#74,#2278);
#2276=LINE('',#80,#2279);
#2277=LINE('',#70,#2280);
#2278=VECTOR('',#2281,1.0);
#2279=VECTOR('',#2282,1.0);
#2280=VECTOR('',#2283,1.0);
#2281=DIRECTION('',(0,-1,0));
#2282=DIRECTION('',(0,0,-1));
#2283=DIRECTION('',(0,0.9990415048484067,0.043772955009126424));
#2284=FACE_SURFACE('',(#2289),#2285,.T.);
#2285=PLANE('',#2286);
#2286=AXIS2_PLACEMENT_3D('',#68,#2287,#2288);
#2287=DIRECTION('',(1,0,0));
#2288=DIRECTION('',(0,1,0));
#2289=FACE_BOUND('',#2290,.T.);
#2290=EDGE_LOOP('',(#2291,#2292,#2293));
#2291=ORIENTED_EDGE('',*,*,#2294,.T.);
#2292=ORIENTED_EDGE('',*,*,#2295,.T.);
#2293=ORIENTED_EDGE('',*,*,#2296,.T.);
#2294=EDGE_CURVE('',#69,#109,#2297,.F.);
#2295=EDGE_CURVE('',#109,#113,#2298,.T.);
#2296=EDGE_CURVE('',#113,#69,#2299,.T.);
#2297=LINE('',#68,#2300);
#2298=LINE('',#108,#2301);
#2299=LINE('',#112,#2302);
#2300=VECTOR('',#2303,1.0);
#2301=VECTOR('',#2304,1.0);
#2302=VECTOR('',#2305,1.0);
#2303=DIRECTION('',(0,1,0));
#2304=DIRECTION('',(0,0,1));
#2305=DIRECTION('',(0,-0.9990415048484067,-0.043772955009126424));
#2306=FACE_SURFACE('',(#2311),#2307,.T.);
#2307=PLANE('',#2308);
#2308=AXIS2_PLACEMENT_3D('',#74,#2309,#2310);
#2309=DIRECTION('',(1,0,0));
#2310=DIRECTION('',(0,-0.9990415048484067,-0.043772955009126424));
#2311=FACE_BOUND('',#2312,.T.);
#2312=EDGE_LOOP('',(#2313,#2314,#2315));
#2313=ORIENTED_EDGE('',*,*,#2316,.T.);
#2314=ORIENTED_EDGE('',*,*,#2317,.T.);
#2315=ORIENTED_EDGE('',*,*,#2318,.T.);
#2316=EDGE_CURVE('',#75,#71,#2319,.F.);
#2317=EDGE_CURVE('',#71,#69,#2320,.T.);
#2318=EDGE_CURVE('',#69,#75,#2321,.T.);
#2319=LINE('',#74,#2322);
#2320=LINE('',#70,#2323);
#2321=LINE('',#68,#2324);
#2322=VECTOR('',#2325,1.0);
#2323=VECTOR('',#2326,1.0);
#2324=VECTOR('',#2327,1.0);
#2325=DIRECTION('',(0,-0.9990415048484067,-0.043772955009126424));
#2326=DIRECTION('',(0,1,0));
#2327=DIRECTION('',(0,0,1));
#2328=FACE_SURFACE('',(#2333),#2329,.T.);
#2329=PLANE('',#2330);
#2330=AXIS2_PLACEMENT_3D('',#68,#2331,#2332);
#2331=DIRECTION('',(1,0,0));
#2332=DIRECTION('',(0,0.9990415048484067,0.043772955009126424));
#2333=FACE_BOUND('',#2334,.T.);
#2334=EDGE_LOOP('',(#2335,#2336,#2337));
#2335=ORIENTED_EDGE('',*,*,#2338,.T.);
#2336=ORIENTED_EDGE('',*,*,#2339,.T.);
#2337=ORIENTED_EDGE('',*,*,#2340,.T.);
#2338=EDGE_CURVE('',#69,#113,#2341,.F.);
#2339=EDGE_CURVE('',#113,#75,#2342,.T.);
#2340=EDGE_CURVE('',#75,#69,#2343,.T.);
#2341=LINE('',#68,#2344);
#2342=LINE('',#112,#2345);
#2343=LINE('',#74,#2346);
#2344=VECTOR('',#2347,1.0);
#2345=VECTOR('',#2348,1.0);
#2346=VECTOR('',#2349,1.0);
#2347=DIRECTION('',(0,0.9990415048484067,0.043772955009126424));
#2348=DIRECTION('',(0,-1,0));
#2349=DIRECTION('',(0,0,-1));
#2350=FACE_SURFACE('',(#2355),#2351,.T.);
#2351=PLANE('',#2352);
#2352=AXIS2_PLACEMENT_3D('',#62,#2353,#2354);
#2353=DIRECTION('',(-1,0,0));
#2354=DIRECTION('',(0,0,1));
#2355=FACE_BOUND('',#2356,.T.);
#2356=EDGE_LOOP('',(#2357,#2358,#2359));
#2357=ORIENTED_EDGE('',*,*,#2360,.T.);
#2358=ORIENTED_EDGE('',*,*,#2361,.T.);
#2359=ORIENTED_EDGE('',*,*,#2362,.T.);
#2360=EDGE_CURVE('',#63,#79,#2363,.F.);
#2361=EDGE_CURVE('',#79,#77,#2364,.T.);
#2362=EDGE_CURVE('',#77,#63,#2365,.T.);
#2363=LINE('',#62,#2366);
#2364=LINE('',#78,#2367);
#2365=LINE('',#76,#2368);
#2366=VECTOR('',#2369,1.0);
#2367=VECTOR('',#2370,1.0);
#2368=VECTOR('',#2371,1.0);
#2369=DIRECTION('',(0,0,1));
#2370=DIRECTION('',(0,1,0));
#2371=DIRECTION('',(0,-0.9990415121506201,-0.04377278834849955));
#2372=FACE_SURFACE('',(#2377),#2373,.T.);
#2373=PLANE('',#2374);
#2374=AXIS2_PLACEMENT_3D('',#76,#2375,#2376);
#2375=DIRECTION('',(-1,0,0));
#2376=DIRECTION('',(0,1,0));
#2377=FACE_BOUND('',#2378,.T.);
#2378=EDGE_LOOP('',(#2379,#2380,#2381));
#2379=ORIENTED_EDGE('',*,*,#2382,.T.);
#2380=ORIENTED_EDGE('',*,*,#2383,.T.);
#2381=ORIENTED_EDGE('',*,*,#2384,.T.);
#2382=EDGE_CURVE('',#77,#111,#2385,.F.);
#2383=EDGE_CURVE('',#111,#107,#2386,.T.);
#2384=EDGE_CURVE('',#107,#77,#2387,.T.);
#2385=LINE('',#76,#2388);
#2386=LINE('',#110,#2389);
#2387=LINE('',#106,#2390);
#2388=VECTOR('',#2391,1.0);
#2389=VECTOR('',#2392,1.0);
#2390=VECTOR('',#2393,1.0);
#2391=DIRECTION('',(0,1,0));
#2392=DIRECTION('',(0,0,-1));
#2393=DIRECTION('',(0,-0.9990415121506201,0.04377278834849955));
#2394=FACE_SURFACE('',(#2399),#2395,.T.);
#2395=PLANE('',#2396);
#2396=AXIS2_PLACEMENT_3D('',#64,#2397,#2398);
#2397=DIRECTION('',(-1,0,0));
#2398=DIRECTION('',(0,-1,0));
#2399=FACE_BOUND('',#2400,.T.);
#2400=EDGE_LOOP('',(#2401,#2402,#2403));
#2401=ORIENTED_EDGE('',*,*,#2404,.T.);
#2402=ORIENTED_EDGE('',*,*,#2405,.T.);
#2403=ORIENTED_EDGE('',*,*,#2406,.T.);
#2404=EDGE_CURVE('',#65,#63,#2407,.F.);
#2405=EDGE_CURVE('',#63,#77,#2408,.T.);
#2406=EDGE_CURVE('',#77,#65,#2409,.T.);
#2407=LINE('',#64,#2410);
#2408=LINE('',#62,#2411);
#2409=LINE('',#76,#2412);
#2410=VECTOR('',#2413,1.0);
#2411=VECTOR('',#2414,1.0);
#2412=VECTOR('',#2415,1.0);
#2413=DIRECTION('',(0,-1,0));
#2414=DIRECTION('',(0,0.9990415121506201,0.04377278834849955));
#2415=DIRECTION('',(0,0,-1));
#2416=FACE_SURFACE('',(#2421),#2417,.T.);
#2417=PLANE('',#2418);
#2418=AXIS2_PLACEMENT_3D('',#76,#2419,#2420);
#2419=DIRECTION('',(-1,0,0));
#2420=DIRECTION('',(0,0.9990415121506201,-0.04377278834849955));
#2421=FACE_BOUND('',#2422,.T.);
#2422=EDGE_LOOP('',(#2423,#2424,#2425));
#2423=ORIENTED_EDGE('',*,*,#2426,.T.);
#2424=ORIENTED_EDGE('',*,*,#2427,.T.);
#2425=ORIENTED_EDGE('',*,*,#2428,.T.);
#2426=EDGE_CURVE('',#77,#107,#2429,.F.);
#2427=EDGE_CURVE('',#107,#65,#2430,.T.);
#2428=EDGE_CURVE('',#65,#77,#2431,.T.);
#2429=LINE('',#76,#2432);
#2430=LINE('',#106,#2433);
#2431=LINE('',#64,#2434);
#2432=VECTOR('',#2435,1.0);
#2433=VECTOR('',#2436,1.0);
#2434=VECTOR('',#2437,1.0);
#2435=DIRECTION('',(0,0.9990415121506201,-0.04377278834849955));
#2436=DIRECTION('',(0,-1,0));
#2437=DIRECTION('',(0,0,1));
#2438=FACE_SURFACE('',(#2443),#2439,.T.);
#2439=PLANE('',#2440);
#2440=AXIS2_PLACEMENT_3D('',#118,#2441,#2442);
#2441=DIRECTION('',(0,-1,0));
#2442=DIRECTION('',(0,0,1));
#2443=FACE_BOUND('',#2444,.T.);
#2444=EDGE_LOOP('',(#2445,#2446,#2447));
#2445=ORIENTED_EDGE('',*,*,#2448,.T.);
#2446=ORIENTED_EDGE('',*,*,#2449,.T.);
#2447=ORIENTED_EDGE('',*,*,#2450,.T.);
#2448=EDGE_CURVE('',#119,#139,#2451,.F.);
#2449=EDGE_CURVE('',#139,#141,#2452,.T.);
#2450=EDGE_CURVE('',#141,#119,#2453,.T.);
#2451=LINE('',#118,#2454);
#2452=LINE('',#138,#2455);
#2453=LINE('',#140,#2456);
#2454=VECTOR('',#2457,1.0);
#2455=VECTOR('',#2458,1.0);
#2456=VECTOR('',#2459,1.0);
#2457=DIRECTION('',(0,0,1));
#2458=DIRECTION('',(-1,0,0));
#2459=DIRECTION('',(0.8982734290572365,0,-0.4394369655021686));
#2460=FACE_SURFACE('',(#2465),#2461,.T.);
#2461=PLANE('',#2462);
#2462=AXIS2_PLACEMENT_3D('',#118,#2463,#2464);
#2463=DIRECTION('',(-0,-1,0));
#2464=DIRECTION('',(-0.8982734290572365,0,0.4394369655021686));
#2465=FACE_BOUND('',#2466,.T.);
#2466=EDGE_LOOP('',(#2467,#2468,#2469));
#2467=ORIENTED_EDGE('',*,*,#2470,.T.);
#2468=ORIENTED_EDGE('',*,*,#2471,.T.);
#2469=ORIENTED_EDGE('',*,*,#2472,.T.);
#2470=EDGE_CURVE('',#119,#141,#2473,.F.);
#2471=EDGE_CURVE('',#141,#133,#2474,.T.);
#2472=EDGE_CURVE('',#133,#119,#2475,.T.);
#2473=LINE('',#118,#2476);
#2474=LINE('',#140,#2477);
#2475=LINE('',#132,#2478);
#2476=VECTOR('',#2479,1.0);
#2477=VECTOR('',#2480,1.0);
#2478=VECTOR('',#2481,1.0);
#2479=DIRECTION('',(-0.8982734290572365,0,0.4394369655021686));
#2480=DIRECTION('',(0,0,-1));
#2481=DIRECTION('',(0.9999999999999987,0,5.161571644885516E-08));
#2482=FACE_SURFACE('',(#2487),#2483,.T.);
#2483=PLANE('',#2484);
#2484=AXIS2_PLACEMENT_3D('',#116,#2485,#2486);
#2485=DIRECTION('',(1,0,-0));
#2486=DIRECTION('',(0,0,1));
#2487=FACE_BOUND('',#2488,.T.);
#2488=EDGE_LOOP('',(#2489,#2490,#2491));
#2489=ORIENTED_EDGE('',*,*,#2492,.T.);
#2490=ORIENTED_EDGE('',*,*,#2493,.T.);
#2491=ORIENTED_EDGE('',*,*,#2494,.T.);
#2492=EDGE_CURVE('',#117,#143,#2495,.F.);
#2493=EDGE_CURVE('',#143,#139,#2496,.T.);
#2494=EDGE_CURVE('',#139,#117,#2497,.T.);
#2495=LINE('',#116,#2498);
#2496=LINE('',#142,#2499);
#2497=LINE('',#138,#2500);
#2498=VECTOR('',#2501,1.0);
#2499=VECTOR('',#2502,1.0);
#2500=VECTOR('',#2503,1.0);
#2501=DIRECTION('',(0,0,1));
#2502=DIRECTION('',(0,-1,0));
#2503=DIRECTION('',(0,0.8010649032210373,-0.5985774977623783));
#2504=FACE_SURFACE('',(#2509),#2505,.T.);
#2505=PLANE('',#2506);
#2506=AXIS2_PLACEMENT_3D('',#116,#2507,#2508);
#2507=DIRECTION('',(1,0,0));
#2508=DIRECTION('',(0,-0.8010649032210373,0.5985774977623783));
#2509=FACE_BOUND('',#2510,.T.);
#2510=EDGE_LOOP('',(#2511,#2512,#2513));
#2511=ORIENTED_EDGE('',*,*,#2514,.T.);
#2512=ORIENTED_EDGE('',*,*,#2515,.T.);
#2513=ORIENTED_EDGE('',*,*,#2516,.T.);
#2514=EDGE_CURVE('',#117,#139,#2517,.F.);
#2515=EDGE_CURVE('',#139,#119,#2518,.T.);
#2516=EDGE_CURVE('',#119,#117,#2519,.T.);
#2517=LINE('',#116,#2520);
#2518=LINE('',#138,#2521);
#2519=LINE('',#118,#2522);
#2520=VECTOR('',#2523,1.0);
#2521=VECTOR('',#2524,1.0);
#2522=VECTOR('',#2525,1.0);
#2523=DIRECTION('',(0,-0.8010649032210373,0.5985774977623783));
#2524=DIRECTION('',(0,0,-1));
#2525=DIRECTION('',(0,1,0));
#2526=FACE_SURFACE('',(#2531),#2527,.T.);
#2527=PLANE('',#2528);
#2528=AXIS2_PLACEMENT_3D('',#134,#2529,#2530);
#2529=DIRECTION('',(-1,0,0));
#2530=DIRECTION('',(0,0,1));
#2531=FACE_BOUND('',#2532,.T.);
#2532=EDGE_LOOP('',(#2533,#2534,#2535));
#2533=ORIENTED_EDGE('',*,*,#2536,.T.);
#2534=ORIENTED_EDGE('',*,*,#2537,.T.);
#2535=ORIENTED_EDGE('',*,*,#2538,.T.);
#2536=EDGE_CURVE('',#135,#145,#2539,.F.);
#2537=EDGE_CURVE('',#145,#147,#2540,.T.);
#2538=EDGE_CURVE('',#147,#135,#2541,.T.);
#2539=LINE('',#134,#2542);
#2540=LINE('',#144,#2543);
#2541=LINE('',#146,#2544);
#2542=VECTOR('',#2545,1.0);
#2543=VECTOR('',#2546,1.0);
#2544=VECTOR('',#2547,1.0);
#2545=DIRECTION('',(0,0,1));
#2546=DIRECTION('',(0,1,0));
#2547=DIRECTION('',(0,-0.8010648724852254,-0.59857753889553));
#2548=FACE_SURFACE('',(#2553),#2549,.T.);
#2549=PLANE('',#2550);
#2550=AXIS2_PLACEMENT_3D('',#134,#2551,#2552);
#2551=DIRECTION('',(-1,0,0));
#2552=DIRECTION('',(0,0.8010648724852254,0.59857753889553));
#2553=FACE_BOUND('',#2554,.T.);
#2554=EDGE_LOOP('',(#2555,#2556,#2557));
#2555=ORIENTED_EDGE('',*,*,#2558,.T.);
#2556=ORIENTED_EDGE('',*,*,#2559,.T.);
#2557=ORIENTED_EDGE('',*,*,#2560,.T.);
#2558=EDGE_CURVE('',#135,#147,#2561,.F.);
#2559=EDGE_CURVE('',#147,#125,#2562,.T.);
#2560=EDGE_CURVE('',#125,#135,#2563,.T.);
#2561=LINE('',#134,#2564);
#2562=LINE('',#146,#2565);
#2563=LINE('',#124,#2566);
#2564=VECTOR('',#2567,1.0);
#2565=VECTOR('',#2568,1.0);
#2566=VECTOR('',#2569,1.0);
#2567=DIRECTION('',(0,0.8010648724852254,0.59857753889553));
#2568=DIRECTION('',(0,0,-1));
#2569=DIRECTION('',(0,-1,0));
#2570=FACE_SURFACE('',(#2575),#2571,.T.);
#2571=PLANE('',#2572);
#2572=AXIS2_PLACEMENT_3D('',#126,#2573,#2574);
#2573=DIRECTION('',(1,0,-0));
#2574=DIRECTION('',(0,0,1));
#2575=FACE_BOUND('',#2576,.T.);
#2576=EDGE_LOOP('',(#2577,#2578,#2579));
#2577=ORIENTED_EDGE('',*,*,#2580,.T.);
#2578=ORIENTED_EDGE('',*,*,#2581,.T.);
#2579=ORIENTED_EDGE('',*,*,#2582,.T.);
#2580=EDGE_CURVE('',#127,#149,#2583,.F.);
#2581=EDGE_CURVE('',#149,#143,#2584,.T.);
#2582=EDGE_CURVE('',#143,#127,#2585,.T.);
#2583=LINE('',#126,#2586);
#2584=LINE('',#148,#2587);
#2585=LINE('',#142,#2588);
#2586=VECTOR('',#2589,1.0);
#2587=VECTOR('',#2590,1.0);
#2588=VECTOR('',#2591,1.0);
#2589=DIRECTION('',(0,0,1));
#2590=DIRECTION('',(0,-1,0));
#2591=DIRECTION('',(0,0.8010649027684699,-0.5985774983680409));
#2592=FACE_SURFACE('',(#2597),#2593,.T.);
#2593=PLANE('',#2594);
#2594=AXIS2_PLACEMENT_3D('',#126,#2595,#2596);
#2595=DIRECTION('',(1,0,0));
#2596=DIRECTION('',(0,-0.8010649027684699,0.5985774983680409));
#2597=FACE_BOUND('',#2598,.T.);
#2598=EDGE_LOOP('',(#2599,#2600,#2601));
#2599=ORIENTED_EDGE('',*,*,#2602,.T.);
#2600=ORIENTED_EDGE('',*,*,#2603,.T.);
#2601=ORIENTED_EDGE('',*,*,#2604,.T.);
#2602=EDGE_CURVE('',#127,#143,#2605,.F.);
#2603=EDGE_CURVE('',#143,#117,#2606,.T.);
#2604=EDGE_CURVE('',#117,#127,#2607,.T.);
#2605=LINE('',#126,#2608);
#2606=LINE('',#142,#2609);
#2607=LINE('',#116,#2610);
#2608=VECTOR('',#2611,1.0);
#2609=VECTOR('',#2612,1.0);
#2610=VECTOR('',#2613,1.0);
#2611=DIRECTION('',(0,-0.8010649027684699,0.5985774983680409));
#2612=DIRECTION('',(0,0,-1));
#2613=DIRECTION('',(0,1,0));
#2614=FACE_SURFACE('',(#2619),#2615,.T.);
#2615=PLANE('',#2616);
#2616=AXIS2_PLACEMENT_3D('',#132,#2617,#2618);
#2617=DIRECTION('',(-1,0,0));
#2618=DIRECTION('',(0,0,1));
#2619=FACE_BOUND('',#2620,.T.);
#2620=EDGE_LOOP('',(#2621,#2622,#2623));
#2621=ORIENTED_EDGE('',*,*,#2624,.T.);
#2622=ORIENTED_EDGE('',*,*,#2625,.T.);
#2623=ORIENTED_EDGE('',*,*,#2626,.T.);
#2624=EDGE_CURVE('',#133,#141,#2627,.F.);
#2625=EDGE_CURVE('',#141,#145,#2628,.T.);
#2626=EDGE_CURVE('',#145,#133,#2629,.T.);
#2627=LINE('',#132,#2630);
#2628=LINE('',#140,#2631);
#2629=LINE('',#144,#2632);
#2630=VECTOR('',#2633,1.0);
#2631=VECTOR('',#2634,1.0);
#2632=VECTOR('',#2635,1.0);
#2633=DIRECTION('',(0,0,1));
#2634=DIRECTION('',(0,1,0));
#2635=DIRECTION('',(0,-0.8010648729377929,-0.5985775382898675));
#2636=FACE_SURFACE('',(#2641),#2637,.T.);
#2637=PLANE('',#2638);
#2638=AXIS2_PLACEMENT_3D('',#132,#2639,#2640);
#2639=DIRECTION('',(-1,0,0));
#2640=DIRECTION('',(0,0.8010648729377929,0.5985775382898675));
#2641=FACE_BOUND('',#2642,.T.);
#2642=EDGE_LOOP('',(#2643,#2644,#2645));
#2643=ORIENTED_EDGE('',*,*,#2646,.T.);
#2644=ORIENTED_EDGE('',*,*,#2647,.T.);
#2645=ORIENTED_EDGE('',*,*,#2648,.T.);
#2646=EDGE_CURVE('',#133,#145,#2649,.F.);
#2647=EDGE_CURVE('',#145,#135,#2650,.T.);
#2648=EDGE_CURVE('',#135,#133,#2651,.T.);
#2649=LINE('',#132,#2652);
#2650=LINE('',#144,#2653);
#2651=LINE('',#134,#2654);
#2652=VECTOR('',#2655,1.0);
#2653=VECTOR('',#2656,1.0);
#2654=VECTOR('',#2657,1.0);
#2655=DIRECTION('',(0,0.8010648729377929,0.5985775382898675));
#2656=DIRECTION('',(0,0,-1));
#2657=DIRECTION('',(0,-1,0));
#2658=FACE_SURFACE('',(#2663),#2659,.T.);
#2659=PLANE('',#2660);
#2660=AXIS2_PLACEMENT_3D('',#124,#2661,#2662);
#2661=DIRECTION('',(0,1,0));
#2662=DIRECTION('',(0,0,1));
#2663=FACE_BOUND('',#2664,.T.);
#2664=EDGE_LOOP('',(#2665,#2666,#2667));
#2665=ORIENTED_EDGE('',*,*,#2668,.T.);
#2666=ORIENTED_EDGE('',*,*,#2669,.T.);
#2667=ORIENTED_EDGE('',*,*,#2670,.T.);
#2668=EDGE_CURVE('',#125,#147,#2671,.F.);
#2669=EDGE_CURVE('',#147,#149,#2672,.T.);
#2670=EDGE_CURVE('',#149,#125,#2673,.T.);
#2671=LINE('',#124,#2674);
#2672=LINE('',#146,#2675);
#2673=LINE('',#148,#2676);
#2674=VECTOR('',#2677,1.0);
#2675=VECTOR('',#2678,1.0);
#2676=VECTOR('',#2679,1.0);
#2677=DIRECTION('',(0,0,1));
#2678=DIRECTION('',(1,0,0));
#2679=DIRECTION('',(-0.898273410755358,0,-0.43943700291388266));
#2680=FACE_SURFACE('',(#2685),#2681,.T.);
#2681=PLANE('',#2682);
#2682=AXIS2_PLACEMENT_3D('',#124,#2683,#2684);
#2683=DIRECTION('',(0,1,0));
#2684=DIRECTION('',(0.898273410755358,0,0.43943700291388266));
#2685=FACE_BOUND('',#2686,.T.);
#2686=EDGE_LOOP('',(#2687,#2688,#2689));
#2687=ORIENTED_EDGE('',*,*,#2690,.T.);
#2688=ORIENTED_EDGE('',*,*,#2691,.T.);
#2689=ORIENTED_EDGE('',*,*,#2692,.T.);
#2690=EDGE_CURVE('',#125,#149,#2693,.F.);
#2691=EDGE_CURVE('',#149,#127,#2694,.T.);
#2692=EDGE_CURVE('',#127,#125,#2695,.T.);
#2693=LINE('',#124,#2696);
#2694=LINE('',#148,#2697);
#2695=LINE('',#126,#2698);
#2696=VECTOR('',#2699,1.0);
#2697=VECTOR('',#2700,1.0);
#2698=VECTOR('',#2701,1.0);
#2699=DIRECTION('',(0.898273410755358,0,0.43943700291388266));
#2700=DIRECTION('',(0,0,-1));
#2701=DIRECTION('',(-0.9999999999999987,0,-5.161571644885516E-08));
ENDSEC;
END-ISO-10303-21;
