ISO-10303-21;
HEADER;
FILE_DESCRIPTION((''),'2;1');
FILE_NAME('Fin_PRINT_3', '2026-08-25T14:46:16', (''), (''), 'ImageToStl.com STEP Converter','', '');
FILE_SCHEMA(('AUTOMOTIVE_DESIGN_CC2'));
ENDSEC;
DATA;
#1=PRODUCT_DEFINITION_CONTEXT('',#4,'design');
#2=APPLICATION_PROTOCOL_DEFINITION('INTERNATIONAL STANDARD','automotive_design',1994,#4);
#3=(GEOMETRIC_REPRESENTATION_CONTEXT(3)GLOBAL_UNCERTAINTY_ASSIGNED_CONTEXT((#5))GLOBAL_UNIT_ASSIGNED_CONTEXT((#6,#7,#8))REPRESENTATION_CONTEXT('NONE','WORKSPACE'));
#4=APPLICATION_CONTEXT(' ');
#5=UNCERTAINTY_MEASURE_WITH_UNIT(LENGTH_MEASURE(1.0E-006),#6,'','');
#6=(CONVERSION_BASED_UNIT('METRE',#10)LENGTH_UNIT()NAMED_UNIT(#11));
#7=(NAMED_UNIT(#12)PLANE_ANGLE_UNIT()SI_UNIT($,.RADIAN.));
#8=(NAMED_UNIT(#12)SOLID_ANGLE_UNIT()SI_UNIT($,.STERADIAN.));
#9=AXIS2_PLACEMENT_3D('',#14,#15,#16);
#10=LENGTH_MEASURE_WITH_UNIT(LENGTH_MEASURE(1.0),#17);
#11=DIMENSIONAL_EXPONENTS(1.0,0.0,0.0,0.0,0.0,0.0,0.0);
#12=DIMENSIONAL_EXPONENTS(0.0,0.0,0.0,0.0,0.0,0.0,0.0);
#13=PRODUCT_CONTEXT('',#4,'mechanical');
#14=CARTESIAN_POINT('',(0.0,0.0,0.0));
#15=DIRECTION('',(0.0,0.0,1.0));
#16=DIRECTION('',(1.0,0.0,0.0));
#17=(NAMED_UNIT(#11)LENGTH_UNIT()SI_UNIT(.MILLI.,.METRE.));
#18=PRESENTATION_STYLE_ASSIGNMENT((#19));
#19=SURFACE_STYLE_USAGE(.BOTH.,#20);
#20=SURFACE_SIDE_STYLE('',(#21));
#21=SURFACE_STYLE_FILL_AREA(#22);
#22=FILL_AREA_STYLE('',(#23));
#23=FILL_AREA_STYLE_COLOUR('',#24);
#24=COLOUR_RGB('',0.9,0.9,0.9);
#25=SHAPE_DEFINITION_REPRESENTATION(#26,#27);
#26=PRODUCT_DEFINITION_SHAPE('productshape0','',#30);
#27=MANIFOLD_SURFACE_SHAPE_REPRESENTATION('',(#28,#9),#3);
#28=SHELL_BASED_SURFACE_MODEL('shell0',(#33));
#29=PRODUCT('product0','','',(#13));
#30=PRODUCT_DEFINITION('mesh0','',#31,#2);
#31=PRODUCT_DEFINITION_FORMATION_WITH_SPECIFIED_SOURCE('prodsource0','',#29,.NOT_KNOWN.);
#32=STYLED_ITEM('',(#18),#33);
#33=CLOSED_SHELL('',(#202,#224,#246,#268,#290,#312,#334,#356,#378,#400,#422,#444,#466,#488,#510,#532,#554,#576,#598,#620,#642,#664,#686,#708,#730,#752,#774,#796,#818,#840,#862,#884,#906,#928,#950,#972,#994,#1016,#1038,#1060,#1082,#1104,#1126,#1148,#1170,#1192,#1214,#1236,#1258,#1280,#1302,#1324,#1346,#1368,#1390,#1412,#1434,#1456,#1478,#1500,#1522,#1544,#1566,#1588,#1610,#1632,#1654,#1676,#1698,#1720,#1742,#1764,#1786,#1808,#1830,#1852,#1874,#1896,#1918,#1940,#1962,#1984,#2006,#2028,#2050,#2072,#2094,#2116,#2138,#2160,#2182,#2204,#2226,#2248,#2270,#2292,#2314,#2336,#2358,#2380,#2402,#2424,#2446,#2468,#2490,#2512,#2534,#2556,#2578,#2600,#2622,#2644,#2666,#2688,#2710,#2732,#2754,#2776,#2798,#2820,#2842,#2864,#2886,#2908,#2930,#2952,#2974,#2996,#3018,#3040,#3062,#3084,#3106,#3128,#3150,#3172,#3194,#3216,#3238,#3260,#3282,#3304,#3326,#3348,#3370,#3392,#3414,#3436,#3458,#3480,#3502,#3524,#3546,#3568,#3590,#3612,#3634,#3656,#3678,#3700,#3722,#3744,#3766,#3788));
#34=CARTESIAN_POINT('',(103.27233123779297,-67.48619842529297,95.84907531738281));
#35=VERTEX_POINT('',#34);
#36=CARTESIAN_POINT('',(103.27233123779297,-67.48619842529297,105.67050170898438));
#37=VERTEX_POINT('',#36);
#38=CARTESIAN_POINT('',(104.79246520996094,-68.36408996582031,105.67050170898438));
#39=VERTEX_POINT('',#38);
#40=CARTESIAN_POINT('',(104.79246520996094,-68.36408996582031,95.84907531738281));
#41=VERTEX_POINT('',#40);
#42=CARTESIAN_POINT('',(103.27233123779297,-67.48619842529297,92.16845703125));
#43=VERTEX_POINT('',#42);
#44=CARTESIAN_POINT('',(104.79246520996094,-68.36408996582031,92.16845703125));
#45=VERTEX_POINT('',#44);
#46=CARTESIAN_POINT('',(102.68885803222656,-72.01596069335938,92.16845703125));
#47=VERTEX_POINT('',#46);
#48=CARTESIAN_POINT('',(101.1687240600586,-71.13804626464844,92.16845703125));
#49=VERTEX_POINT('',#48);
#50=CARTESIAN_POINT('',(103.77944946289062,-70.11365509033203,105.67050170898438));
#51=VERTEX_POINT('',#50);
#52=CARTESIAN_POINT('',(102.25931549072266,-69.2357406616211,105.67050170898438));
#53=VERTEX_POINT('',#52);
#54=CARTESIAN_POINT('',(101.99689483642578,-69.68897247314453,105.64665222167969));
#55=VERTEX_POINT('',#54);
#56=CARTESIAN_POINT('',(103.51702880859375,-70.5668716430664,105.64665222167969));
#57=VERTEX_POINT('',#56);
#58=CARTESIAN_POINT('',(101.73670196533203,-70.1383285522461,105.57528686523438));
#59=VERTEX_POINT('',#58);
#60=CARTESIAN_POINT('',(103.2568359375,-71.01624298095703,105.57528686523438));
#61=VERTEX_POINT('',#60);
#62=CARTESIAN_POINT('',(101.48097229003906,-70.57998657226562,105.45702362060547));
#63=VERTEX_POINT('',#62);
#64=CARTESIAN_POINT('',(103.00110626220703,-71.45790100097656,105.45702362060547));
#65=VERTEX_POINT('',#64);
#66=CARTESIAN_POINT('',(101.23188781738281,-71.01018524169922,105.29287719726562));
#67=VERTEX_POINT('',#66);
#68=CARTESIAN_POINT('',(102.75201416015625,-71.88809204101562,105.29287719726562));
#69=VERTEX_POINT('',#68);
#70=CARTESIAN_POINT('',(100.9915542602539,-71.42523193359375,105.084228515625));
#71=VERTEX_POINT('',#70);
#72=CARTESIAN_POINT('',(102.51168823242188,-72.30314636230469,105.084228515625));
#73=VERTEX_POINT('',#72);
#74=CARTESIAN_POINT('',(100.76205444335938,-71.82161712646484,104.83290100097656));
#75=VERTEX_POINT('',#74);
#76=CARTESIAN_POINT('',(102.28218078613281,-72.69952392578125,104.83290100097656));
#77=VERTEX_POINT('',#76);
#78=CARTESIAN_POINT('',(100.54531860351562,-72.19593048095703,104.54098510742188));
#79=VERTEX_POINT('',#78);
#80=CARTESIAN_POINT('',(102.0654525756836,-73.0738296508789,104.54098510742188));
#81=VERTEX_POINT('',#80);
#82=CARTESIAN_POINT('',(100.34320831298828,-72.54498291015625,104.21101379394531));
#83=VERTEX_POINT('',#82);
#84=CARTESIAN_POINT('',(101.86333465576172,-73.42288970947266,104.21101379394531));
#85=VERTEX_POINT('',#84);
#86=CARTESIAN_POINT('',(100.1574478149414,-72.86580657958984,103.84576416015625));
#87=VERTEX_POINT('',#86);
#88=CARTESIAN_POINT('',(101.67758178710938,-73.74371337890625,103.84576416015625));
#89=VERTEX_POINT('',#88);
#90=CARTESIAN_POINT('',(99.98961639404297,-73.15565490722656,103.44837951660156));
#91=VERTEX_POINT('',#90);
#92=CARTESIAN_POINT('',(101.5097427368164,-74.0335693359375,103.44837951660156));
#93=VERTEX_POINT('',#92);
#94=CARTESIAN_POINT('',(99.84114837646484,-73.41207122802734,103.02224731445312));
#95=VERTEX_POINT('',#94);
#96=CARTESIAN_POINT('',(101.36128234863281,-74.28997802734375,103.02224731445312));
#97=VERTEX_POINT('',#96);
#98=CARTESIAN_POINT('',(99.71331024169922,-73.63285064697266,102.57099914550781));
#99=VERTEX_POINT('',#98);
#100=CARTESIAN_POINT('',(101.23345184326172,-74.51075744628906,102.57099914550781));
#101=VERTEX_POINT('',#100);
#102=CARTESIAN_POINT('',(99.6072006225586,-73.81610870361328,102.09848022460938));
#103=VERTEX_POINT('',#102);
#104=CARTESIAN_POINT('',(101.12733459472656,-74.69401550292969,102.09848022460938));
#105=VERTEX_POINT('',#104);
#106=CARTESIAN_POINT('',(99.52371978759766,-73.96031188964844,101.60873413085938));
#107=VERTEX_POINT('',#106);
#108=CARTESIAN_POINT('',(101.04385375976562,-74.83820343017578,101.60873413085938));
#109=VERTEX_POINT('',#108);
#110=CARTESIAN_POINT('',(99.46356964111328,-74.0641860961914,101.10592651367188));
#111=VERTEX_POINT('',#110);
#112=CARTESIAN_POINT('',(100.98370361328125,-74.94207763671875,101.10592651367188));
#113=VERTEX_POINT('',#112);
#114=CARTESIAN_POINT('',(99.42727661132812,-74.12686920166016,100.59434509277344));
#115=VERTEX_POINT('',#114);
#116=CARTESIAN_POINT('',(100.9474105834961,-75.0047607421875,100.59434509277344));
#117=VERTEX_POINT('',#116);
#118=CARTESIAN_POINT('',(99.41514587402344,-74.14781951904297,100.078369140625));
#119=VERTEX_POINT('',#118);
#120=CARTESIAN_POINT('',(100.93527221679688,-75.02572631835938,100.07837677001953));
#121=VERTEX_POINT('',#120);
#122=CARTESIAN_POINT('',(100.93527221679688,-75.02572631835938,95.84907531738281));
#123=VERTEX_POINT('',#122);
#124=CARTESIAN_POINT('',(99.41514587402344,-74.14781951904297,95.84907531738281));
#125=VERTEX_POINT('',#124);
#126=CARTESIAN_POINT('',(102.12705993652344,-72.98019409179688,95.84907531738281));
#127=VERTEX_POINT('',#126);
#128=CARTESIAN_POINT('',(102.17890167236328,-72.89122772216797,95.84439086914062));
#129=VERTEX_POINT('',#128);
#130=CARTESIAN_POINT('',(103.24588012695312,-71.0489730834961,95.84907531738281));
#131=VERTEX_POINT('',#130);
#132=CARTESIAN_POINT('',(102.23029327392578,-72.80301666259766,95.83036804199219));
#133=VERTEX_POINT('',#132);
#134=CARTESIAN_POINT('',(102.28080749511719,-72.71631622314453,95.80711364746094));
#135=VERTEX_POINT('',#134);
#136=CARTESIAN_POINT('',(102.33000946044922,-72.63187408447266,95.77484130859375));
#137=VERTEX_POINT('',#136);
#138=CARTESIAN_POINT('',(102.37747955322266,-72.55039978027344,95.73382568359375));
#139=VERTEX_POINT('',#138);
#140=CARTESIAN_POINT('',(102.42280578613281,-72.47258758544922,95.68440246582031));
#141=VERTEX_POINT('',#140);
#142=CARTESIAN_POINT('',(102.46562194824219,-72.39911651611328,95.62701416015625));
#143=VERTEX_POINT('',#142);
#144=CARTESIAN_POINT('',(102.50553894042969,-72.3305892944336,95.5621337890625));
#145=VERTEX_POINT('',#144);
#146=CARTESIAN_POINT('',(102.54222869873047,-72.26761627197266,95.49032592773438));
#147=VERTEX_POINT('',#146);
#148=CARTESIAN_POINT('',(102.57538604736328,-72.2107162475586,95.41220092773438));
#149=VERTEX_POINT('',#148);
#150=CARTESIAN_POINT('',(102.60470581054688,-72.1603775024414,95.32842254638672));
#151=VERTEX_POINT('',#150);
#152=CARTESIAN_POINT('',(102.62995910644531,-72.1170425415039,95.23970031738281));
#153=VERTEX_POINT('',#152);
#154=CARTESIAN_POINT('',(102.65092468261719,-72.08106994628906,95.14680480957031));
#155=VERTEX_POINT('',#154);
#156=CARTESIAN_POINT('',(102.66741180419922,-72.05276489257812,95.05052185058594));
#157=VERTEX_POINT('',#156);
#158=CARTESIAN_POINT('',(102.67929077148438,-72.03237915039062,94.95166015625));
#159=VERTEX_POINT('',#158);
#160=CARTESIAN_POINT('',(102.68646240234375,-72.02007293701172,94.85108184814453));
#161=VERTEX_POINT('',#160);
#162=CARTESIAN_POINT('',(102.68885803222656,-72.01596069335938,94.7496337890625));
#163=VERTEX_POINT('',#162);
#164=CARTESIAN_POINT('',(101.1687240600586,-71.13804626464844,94.7496337890625));
#165=VERTEX_POINT('',#164);
#166=CARTESIAN_POINT('',(101.16632843017578,-71.14215850830078,94.85108184814453));
#167=VERTEX_POINT('',#166);
#168=CARTESIAN_POINT('',(101.72575378417969,-70.17106628417969,95.84907531738281));
#169=VERTEX_POINT('',#168);
#170=CARTESIAN_POINT('',(101.1591567993164,-71.15446472167969,94.95166015625));
#171=VERTEX_POINT('',#170);
#172=CARTESIAN_POINT('',(101.14727783203125,-71.17485046386719,95.05052185058594));
#173=VERTEX_POINT('',#172);
#174=CARTESIAN_POINT('',(101.13079071044922,-71.20315551757812,95.14680480957031));
#175=VERTEX_POINT('',#174);
#176=CARTESIAN_POINT('',(101.10982513427734,-71.2391357421875,95.23970031738281));
#177=VERTEX_POINT('',#176);
#178=CARTESIAN_POINT('',(101.08457946777344,-71.282470703125,95.32842254638672));
#179=VERTEX_POINT('',#178);
#180=CARTESIAN_POINT('',(101.05525207519531,-71.33280181884766,95.41220092773438));
#181=VERTEX_POINT('',#180);
#182=CARTESIAN_POINT('',(101.02210235595703,-71.38970184326172,95.49032592773438));
#183=VERTEX_POINT('',#182);
#184=CARTESIAN_POINT('',(100.98540496826172,-71.45267486572266,95.5621337890625));
#185=VERTEX_POINT('',#184);
#186=CARTESIAN_POINT('',(100.94548797607422,-71.52120208740234,95.62701416015625));
#187=VERTEX_POINT('',#186);
#188=CARTESIAN_POINT('',(100.90267944335938,-71.59468078613281,95.68440246582031));
#189=VERTEX_POINT('',#188);
#190=CARTESIAN_POINT('',(100.85734558105469,-71.6724853515625,95.73382568359375));
#191=VERTEX_POINT('',#190);
#192=CARTESIAN_POINT('',(100.80987548828125,-71.75395965576172,95.77484130859375));
#193=VERTEX_POINT('',#192);
#194=CARTESIAN_POINT('',(100.76067352294922,-71.8384017944336,95.80711364746094));
#195=VERTEX_POINT('',#194);
#196=CARTESIAN_POINT('',(100.71015930175781,-71.92510223388672,95.83036804199219));
#197=VERTEX_POINT('',#196);
#198=CARTESIAN_POINT('',(100.65876770019531,-72.01331329345703,95.84439086914062));
#199=VERTEX_POINT('',#198);
#200=CARTESIAN_POINT('',(100.60693359375,-72.10227966308594,95.84907531738281));
#201=VERTEX_POINT('',#200);
#202=FACE_SURFACE('',(#207),#203,.T.);
#203=PLANE('',#204);
#204=AXIS2_PLACEMENT_3D('',#34,#205,#206);
#205=DIRECTION('',(0.5001032975478458,0.8659657567027524,-0));
#206=DIRECTION('',(0,0,1));
#207=FACE_BOUND('',#208,.T.);
#208=EDGE_LOOP('',(#209,#210,#211));
#209=ORIENTED_EDGE('',*,*,#212,.T.);
#210=ORIENTED_EDGE('',*,*,#213,.T.);
#211=ORIENTED_EDGE('',*,*,#214,.T.);
#212=EDGE_CURVE('',#35,#37,#215,.F.);
#213=EDGE_CURVE('',#37,#39,#216,.T.);
#214=EDGE_CURVE('',#39,#35,#217,.T.);
#215=LINE('',#34,#218);
#216=LINE('',#36,#219);
#217=LINE('',#38,#220);
#218=VECTOR('',#221,1.0);
#219=VECTOR('',#222,1.0);
#220=VECTOR('',#223,1.0);
#221=DIRECTION('',(0,0,1));
#222=DIRECTION('',(0.8659657567027526,-0.5001032975478458,0));
#223=DIRECTION('',(-0.15236277159503797,0.08799092101324606,-0.9843999104282359));
#224=FACE_SURFACE('',(#229),#225,.T.);
#225=PLANE('',#226);
#226=AXIS2_PLACEMENT_3D('',#34,#227,#228);
#227=DIRECTION('',(0.5001032975478458,0.8659657567027524,0));
#228=DIRECTION('',(0.15236277159503797,-0.08799092101324606,0.9843999104282359));
#229=FACE_BOUND('',#230,.T.);
#230=EDGE_LOOP('',(#231,#232,#233));
#231=ORIENTED_EDGE('',*,*,#234,.T.);
#232=ORIENTED_EDGE('',*,*,#235,.T.);
#233=ORIENTED_EDGE('',*,*,#236,.T.);
#234=EDGE_CURVE('',#35,#39,#237,.F.);
#235=EDGE_CURVE('',#39,#41,#238,.T.);
#236=EDGE_CURVE('',#41,#35,#239,.T.);
#237=LINE('',#34,#240);
#238=LINE('',#38,#241);
#239=LINE('',#40,#242);
#240=VECTOR('',#243,1.0);
#241=VECTOR('',#244,1.0);
#242=VECTOR('',#245,1.0);
#243=DIRECTION('',(0.15236277159503797,-0.08799092101324606,0.9843999104282359));
#244=DIRECTION('',(0,0,-1));
#245=DIRECTION('',(-0.8659657567027526,0.5001032975478458,0));
#246=FACE_SURFACE('',(#251),#247,.T.);
#247=PLANE('',#248);
#248=AXIS2_PLACEMENT_3D('',#42,#249,#250);
#249=DIRECTION('',(0,-0,-1));
#250=DIRECTION('',(0.8659657567027526,-0.5001032975478458,0));
#251=FACE_BOUND('',#252,.T.);
#252=EDGE_LOOP('',(#253,#254,#255));
#253=ORIENTED_EDGE('',*,*,#256,.T.);
#254=ORIENTED_EDGE('',*,*,#257,.T.);
#255=ORIENTED_EDGE('',*,*,#258,.T.);
#256=EDGE_CURVE('',#43,#45,#259,.F.);
#257=EDGE_CURVE('',#45,#47,#260,.T.);
#258=EDGE_CURVE('',#47,#43,#261,.T.);
#259=LINE('',#42,#262);
#260=LINE('',#44,#263);
#261=LINE('',#46,#264);
#262=VECTOR('',#265,1.0);
#263=VECTOR('',#266,1.0);
#264=VECTOR('',#267,1.0);
#265=DIRECTION('',(0.8659657567027526,-0.5001032975478458,0));
#266=DIRECTION('',(-0.49914530247464567,-0.8665183016056236,0));
#267=DIRECTION('',(0.12775332915291318,0.9918059724010274,0));
#268=FACE_SURFACE('',(#273),#269,.T.);
#269=PLANE('',#270);
#270=AXIS2_PLACEMENT_3D('',#42,#271,#272);
#271=DIRECTION('',(0,0,-1));
#272=DIRECTION('',(-0.12775332915291318,-0.9918059724010274,0));
#273=FACE_BOUND('',#274,.T.);
#274=EDGE_LOOP('',(#275,#276,#277));
#275=ORIENTED_EDGE('',*,*,#278,.T.);
#276=ORIENTED_EDGE('',*,*,#279,.T.);
#277=ORIENTED_EDGE('',*,*,#280,.T.);
#278=EDGE_CURVE('',#43,#47,#281,.F.);
#279=EDGE_CURVE('',#47,#49,#282,.T.);
#280=EDGE_CURVE('',#49,#43,#283,.T.);
#281=LINE('',#42,#284);
#282=LINE('',#46,#285);
#283=LINE('',#48,#286);
#284=VECTOR('',#287,1.0);
#285=VECTOR('',#288,1.0);
#286=VECTOR('',#289,1.0);
#287=DIRECTION('',(-0.12775332915291318,-0.9918059724010274,0));
#288=DIRECTION('',(-0.8659601100376232,0.5001130750376633,0));
#289=DIRECTION('',(0.49914765145889917,0.866516948503066,0));
#290=FACE_SURFACE('',(#295),#291,.T.);
#291=PLANE('',#292);
#292=AXIS2_PLACEMENT_3D('',#42,#293,#294);
#293=DIRECTION('',(0.5001032975478458,0.8659657567027526,-0));
#294=DIRECTION('',(0,0,1));
#295=FACE_BOUND('',#296,.T.);
#296=EDGE_LOOP('',(#297,#298,#299));
#297=ORIENTED_EDGE('',*,*,#300,.T.);
#298=ORIENTED_EDGE('',*,*,#301,.T.);
#299=ORIENTED_EDGE('',*,*,#302,.T.);
#300=EDGE_CURVE('',#43,#35,#303,.F.);
#301=EDGE_CURVE('',#35,#41,#304,.T.);
#302=EDGE_CURVE('',#41,#43,#305,.T.);
#303=LINE('',#42,#306);
#304=LINE('',#34,#307);
#305=LINE('',#40,#308);
#306=VECTOR('',#309,1.0);
#307=VECTOR('',#310,1.0);
#308=VECTOR('',#311,1.0);
#309=DIRECTION('',(0,0,1));
#310=DIRECTION('',(0.8659657567027526,-0.5001032975478458,0));
#311=DIRECTION('',(-0.3727828777429666,0.21528558720206545,-0.9025990483070179));
#312=FACE_SURFACE('',(#317),#313,.T.);
#313=PLANE('',#314);
#314=AXIS2_PLACEMENT_3D('',#42,#315,#316);
#315=DIRECTION('',(0.5001032975478458,0.8659657567027526,0));
#316=DIRECTION('',(0.3727828777429666,-0.21528558720206545,0.9025990483070179));
#317=FACE_BOUND('',#318,.T.);
#318=EDGE_LOOP('',(#319,#320,#321));
#319=ORIENTED_EDGE('',*,*,#322,.T.);
#320=ORIENTED_EDGE('',*,*,#323,.T.);
#321=ORIENTED_EDGE('',*,*,#324,.T.);
#322=EDGE_CURVE('',#43,#41,#325,.F.);
#323=EDGE_CURVE('',#41,#45,#326,.T.);
#324=EDGE_CURVE('',#45,#43,#327,.T.);
#325=LINE('',#42,#328);
#326=LINE('',#40,#329);
#327=LINE('',#44,#330);
#328=VECTOR('',#331,1.0);
#329=VECTOR('',#332,1.0);
#330=VECTOR('',#333,1.0);
#331=DIRECTION('',(0.3727828777429666,-0.21528558720206545,0.9025990483070179));
#332=DIRECTION('',(0,0,-1));
#333=DIRECTION('',(-0.8659657567027526,0.5001032975478458,0));
#334=FACE_SURFACE('',(#339),#335,.T.);
#335=PLANE('',#336);
#336=AXIS2_PLACEMENT_3D('',#50,#337,#338);
#337=DIRECTION('',(-0.02275085364163923,-0.039393754545369704,0.9989647294881816));
#338=DIRECTION('',(-0.8659601100376232,0.5001130750376633,0));
#339=FACE_BOUND('',#340,.T.);
#340=EDGE_LOOP('',(#341,#342,#343));
#341=ORIENTED_EDGE('',*,*,#344,.T.);
#342=ORIENTED_EDGE('',*,*,#345,.T.);
#343=ORIENTED_EDGE('',*,*,#346,.T.);
#344=EDGE_CURVE('',#51,#53,#347,.F.);
#345=EDGE_CURVE('',#53,#55,#348,.T.);
#346=EDGE_CURVE('',#55,#51,#349,.T.);
#347=LINE('',#50,#350);
#348=LINE('',#52,#351);
#349=LINE('',#54,#352);
#350=VECTOR('',#353,1.0);
#351=VECTOR('',#354,1.0);
#352=VECTOR('',#355,1.0);
#353=DIRECTION('',(-0.8659601100376232,0.5001130750376633,0));
#354=DIRECTION('',(-0.5005508344128315,-0.864511073064562,-0.045491391684338627));
#355=DIRECTION('',(0.9726912584470327,-0.2317376776115511,0.01301401229185306));
#356=FACE_SURFACE('',(#361),#357,.T.);
#357=PLANE('',#358);
#358=AXIS2_PLACEMENT_3D('',#50,#359,#360);
#359=DIRECTION('',(-0.02275113013104792,-0.03939491800692552,0.9989646773099576));
#360=DIRECTION('',(-0.9726912584470327,0.2317376776115511,-0.01301401229185306));
#361=FACE_BOUND('',#362,.T.);
#362=EDGE_LOOP('',(#363,#364,#365));
#363=ORIENTED_EDGE('',*,*,#366,.T.);
#364=ORIENTED_EDGE('',*,*,#367,.T.);
#365=ORIENTED_EDGE('',*,*,#368,.T.);
#366=EDGE_CURVE('',#51,#55,#369,.F.);
#367=EDGE_CURVE('',#55,#57,#370,.T.);
#368=EDGE_CURVE('',#57,#51,#371,.T.);
#369=LINE('',#50,#372);
#370=LINE('',#54,#373);
#371=LINE('',#56,#374);
#372=VECTOR('',#375,1.0);
#373=VECTOR('',#376,1.0);
#374=VECTOR('',#377,1.0);
#375=DIRECTION('',(-0.9726912584470327,0.2317376776115511,-0.01301401229185306));
#376=DIRECTION('',(0.8659638744851269,-0.5001065567323703,0));
#377=DIRECTION('',(0.5005634294100484,0.8645037202196335,0.04549253635119814));
#378=FACE_SURFACE('',(#383),#379,.T.);
#379=PLANE('',#380);
#380=AXIS2_PLACEMENT_3D('',#56,#381,#382);
#381=DIRECTION('',(-0.06809413170031944,-0.1179089882408102,0.9906869635359133));
#382=DIRECTION('',(-0.8659638744851269,0.5001065567323703,0));
#383=FACE_BOUND('',#384,.T.);
#384=EDGE_LOOP('',(#385,#386,#387));
#385=ORIENTED_EDGE('',*,*,#388,.T.);
#386=ORIENTED_EDGE('',*,*,#389,.T.);
#387=ORIENTED_EDGE('',*,*,#390,.T.);
#388=EDGE_CURVE('',#57,#55,#391,.F.);
#389=EDGE_CURVE('',#55,#59,#392,.T.);
#390=EDGE_CURVE('',#59,#57,#393,.T.);
#391=LINE('',#56,#394);
#392=LINE('',#54,#395);
#393=LINE('',#58,#396);
#394=VECTOR('',#397,1.0);
#395=VECTOR('',#398,1.0);
#396=VECTOR('',#399,1.0);
#397=DIRECTION('',(-0.8659638744851269,0.5001065567323703,0));
#398=DIRECTION('',(-0.49642633821077464,-0.8573339921398723,-0.13615915926646688));
#399=DIRECTION('',(0.9714928669227497,-0.23384838434397476,0.03894281266073597));
#400=FACE_SURFACE('',(#405),#401,.T.);
#401=PLANE('',#402);
#402=AXIS2_PLACEMENT_3D('',#56,#403,#404);
#403=DIRECTION('',(-0.06809331799178056,-0.11790552993750154,0.9906874310573578));
#404=DIRECTION('',(-0.9714928669227497,0.23384838434397476,-0.03894281266073597));
#405=FACE_BOUND('',#406,.T.);
#406=EDGE_LOOP('',(#407,#408,#409));
#407=ORIENTED_EDGE('',*,*,#410,.T.);
#408=ORIENTED_EDGE('',*,*,#411,.T.);
#409=ORIENTED_EDGE('',*,*,#412,.T.);
#410=EDGE_CURVE('',#57,#59,#413,.F.);
#411=EDGE_CURVE('',#59,#61,#414,.T.);
#412=EDGE_CURVE('',#61,#57,#415,.T.);
#413=LINE('',#56,#416);
#414=LINE('',#58,#417);
#415=LINE('',#60,#418);
#416=VECTOR('',#419,1.0);
#417=VECTOR('',#420,1.0);
#418=VECTOR('',#421,1.0);
#419=DIRECTION('',(-0.9714928669227497,0.23384838434397476,-0.03894281266073597));
#420=DIRECTION('',(0.8659601100376232,-0.5001130750376633,0));
#421=DIRECTION('',(0.4964139480921618,0.8573417060353135,0.13615576092112602));
#422=FACE_SURFACE('',(#427),#423,.T.);
#423=PLANE('',#424);
#424=AXIS2_PLACEMENT_3D('',#60,#425,#426);
#425=DIRECTION('',(-0.11289899295196111,-0.19548783913008946,0.9741859792373739));
#426=DIRECTION('',(-0.8659601100376232,0.5001130750376633,0));
#427=FACE_BOUND('',#428,.T.);
#428=EDGE_LOOP('',(#429,#430,#431));
#429=ORIENTED_EDGE('',*,*,#432,.T.);
#430=ORIENTED_EDGE('',*,*,#433,.T.);
#431=ORIENTED_EDGE('',*,*,#434,.T.);
#432=EDGE_CURVE('',#61,#59,#435,.F.);
#433=EDGE_CURVE('',#59,#63,#436,.T.);
#434=EDGE_CURVE('',#63,#61,#437,.T.);
#435=LINE('',#60,#438);
#436=LINE('',#58,#439);
#437=LINE('',#62,#440);
#438=VECTOR('',#441,1.0);
#439=VECTOR('',#442,1.0);
#440=VECTOR('',#443,1.0);
#441=DIRECTION('',(-0.8659601100376232,0.5001130750376633,0));
#442=DIRECTION('',(-0.4881495988841164,-0.8430589256780517,-0.22574679830253552));
#443=DIRECTION('',(0.9691018667041151,-0.23806833403507388,0.06453712327307463));
#444=FACE_SURFACE('',(#449),#445,.T.);
#445=PLANE('',#446);
#446=AXIS2_PLACEMENT_3D('',#60,#447,#448);
#447=DIRECTION('',(-0.11289899295196111,-0.19548783913008946,0.9741859792373739));
#448=DIRECTION('',(-0.9691018667041151,0.23806833403507388,-0.06453712327307463));
#449=FACE_BOUND('',#450,.T.);
#450=EDGE_LOOP('',(#451,#452,#453));
#451=ORIENTED_EDGE('',*,*,#454,.T.);
#452=ORIENTED_EDGE('',*,*,#455,.T.);
#453=ORIENTED_EDGE('',*,*,#456,.T.);
#454=EDGE_CURVE('',#61,#63,#457,.F.);
#455=EDGE_CURVE('',#63,#65,#458,.T.);
#456=EDGE_CURVE('',#65,#61,#459,.T.);
#457=LINE('',#60,#460);
#458=LINE('',#62,#461);
#459=LINE('',#64,#462);
#460=VECTOR('',#463,1.0);
#461=VECTOR('',#464,1.0);
#462=VECTOR('',#465,1.0);
#463=DIRECTION('',(-0.9691018667041151,0.23806833403507388,-0.06453712327307463));
#464=DIRECTION('',(0.8659601100376232,-0.5001130750376633,0));
#465=DIRECTION('',(0.4881495988841164,0.8430589256780517,0.22574679830253552));
#466=FACE_SURFACE('',(#471),#467,.T.);
#467=PLANE('',#468);
#468=AXIS2_PLACEMENT_3D('',#64,#469,#470);
#469=DIRECTION('',(-0.1568117551686534,-0.2715240443389996,0.9495708329486111));
#470=DIRECTION('',(-0.8659601100376232,0.5001130750376633,0));
#471=FACE_BOUND('',#472,.T.);
#472=EDGE_LOOP('',(#473,#474,#475));
#473=ORIENTED_EDGE('',*,*,#476,.T.);
#474=ORIENTED_EDGE('',*,*,#477,.T.);
#475=ORIENTED_EDGE('',*,*,#478,.T.);
#476=EDGE_CURVE('',#65,#63,#479,.F.);
#477=EDGE_CURVE('',#63,#67,#480,.T.);
#478=EDGE_CURVE('',#67,#65,#481,.T.);
#479=LINE('',#64,#482);
#480=LINE('',#62,#483);
#481=LINE('',#66,#484);
#482=VECTOR('',#485,1.0);
#483=VECTOR('',#486,1.0);
#484=VECTOR('',#487,1.0);
#485=DIRECTION('',(-0.8659601100376232,0.5001130750376633,0));
#486=DIRECTION('',(-0.4758010533883499,-0.8217653147944403,-0.31355242782560483));
#487=DIRECTION('',(0.9655431310023982,-0.24433889284639054,0.08958218358962719));
#488=FACE_SURFACE('',(#493),#489,.T.);
#489=PLANE('',#490);
#490=AXIS2_PLACEMENT_3D('',#64,#491,#492);
#491=DIRECTION('',(-0.15681211760515387,-0.27152566881050927,0.9495703085865695));
#492=DIRECTION('',(-0.9655431310023982,0.24433889284639054,-0.08958218358962719));
#493=FACE_BOUND('',#494,.T.);
#494=EDGE_LOOP('',(#495,#496,#497));
#495=ORIENTED_EDGE('',*,*,#498,.T.);
#496=ORIENTED_EDGE('',*,*,#499,.T.);
#497=ORIENTED_EDGE('',*,*,#500,.T.);
#498=EDGE_CURVE('',#65,#67,#501,.F.);
#499=EDGE_CURVE('',#67,#69,#502,.T.);
#500=EDGE_CURVE('',#69,#65,#503,.T.);
#501=LINE('',#64,#504);
#502=LINE('',#66,#505);
#503=LINE('',#68,#506);
#504=VECTOR('',#507,1.0);
#505=VECTOR('',#508,1.0);
#506=VECTOR('',#509,1.0);
#507=DIRECTION('',(-0.9655431310023982,0.24433889284639054,-0.08958218358962719));
#508=DIRECTION('',(0.8659609052366231,-0.5001116981252972,0));
#509=DIRECTION('',(0.47581802601861284,0.8217548842257192,0.3135540086921638));
#510=FACE_SURFACE('',(#515),#511,.T.);
#511=PLANE('',#512);
#512=AXIS2_PLACEMENT_3D('',#68,#513,#514);
#513=DIRECTION('',(-0.19950693271997805,-0.3454532351608578,0.9169836673101452));
#514=DIRECTION('',(-0.8659609052366231,0.5001116981252972,0));
#515=FACE_BOUND('',#516,.T.);
#516=EDGE_LOOP('',(#517,#518,#519));
#517=ORIENTED_EDGE('',*,*,#520,.T.);
#518=ORIENTED_EDGE('',*,*,#521,.T.);
#519=ORIENTED_EDGE('',*,*,#522,.T.);
#520=EDGE_CURVE('',#69,#67,#523,.F.);
#521=EDGE_CURVE('',#67,#71,#524,.T.);
#522=EDGE_CURVE('',#71,#69,#525,.T.);
#523=LINE('',#68,#526);
#524=LINE('',#66,#527);
#525=LINE('',#70,#528);
#526=VECTOR('',#529,1.0);
#527=VECTOR('',#530,1.0);
#528=VECTOR('',#531,1.0);
#529=DIRECTION('',(-0.8659609052366231,0.5001116981252972,0));
#530=DIRECTION('',(-0.4595042240001648,-0.7935458966328994,-0.398924526775547));
#531=DIRECTION('',(0.960839683502753,-0.2526239644231345,0.11387815947524037));
#532=FACE_SURFACE('',(#537),#533,.T.);
#533=PLANE('',#534);
#534=AXIS2_PLACEMENT_3D('',#68,#535,#536);
#535=DIRECTION('',(-0.19950650539768156,-0.34545122691380775,0.9169845168418874));
#536=DIRECTION('',(-0.960839683502753,0.2526239644231345,-0.11387815947524037));
#537=FACE_BOUND('',#538,.T.);
#538=EDGE_LOOP('',(#539,#540,#541));
#539=ORIENTED_EDGE('',*,*,#542,.T.);
#540=ORIENTED_EDGE('',*,*,#543,.T.);
#541=ORIENTED_EDGE('',*,*,#544,.T.);
#542=EDGE_CURVE('',#69,#71,#545,.F.);
#543=EDGE_CURVE('',#71,#73,#546,.T.);
#544=EDGE_CURVE('',#73,#69,#547,.T.);
#545=LINE('',#68,#548);
#546=LINE('',#70,#549);
#547=LINE('',#72,#550);
#548=VECTOR('',#551,1.0);
#549=VECTOR('',#552,1.0);
#550=VECTOR('',#553,1.0);
#551=DIRECTION('',(-0.960839683502753,0.2526239644231345,-0.11387815947524037));
#552=DIRECTION('',(0.8659601100376232,-0.5001130750376633,0));
#553=DIRECTION('',(0.45948739801088523,0.7935566167170851,0.39892258288259336));
#554=FACE_SURFACE('',(#559),#555,.T.);
#555=PLANE('',#556);
#556=AXIS2_PLACEMENT_3D('',#72,#557,#558);
#557=DIRECTION('',(-0.24058104152398016,-0.4165729623753235,0.876691353600048));
#558=DIRECTION('',(-0.8659601100376232,0.5001130750376633,0));
#559=FACE_BOUND('',#560,.T.);
#560=EDGE_LOOP('',(#561,#562,#563));
#561=ORIENTED_EDGE('',*,*,#564,.T.);
#562=ORIENTED_EDGE('',*,*,#565,.T.);
#563=ORIENTED_EDGE('',*,*,#566,.T.);
#564=EDGE_CURVE('',#73,#71,#567,.F.);
#565=EDGE_CURVE('',#71,#75,#568,.T.);
#566=EDGE_CURVE('',#75,#73,#569,.T.);
#567=LINE('',#72,#570);
#568=LINE('',#70,#571);
#569=LINE('',#74,#572);
#570=VECTOR('',#573,1.0);
#571=VECTOR('',#574,1.0);
#572=VECTOR('',#575,1.0);
#573=DIRECTION('',(-0.8659601100376232,0.5001130750376633,0));
#574=DIRECTION('',(-0.43927379840655034,-0.7587005151495071,-0.48105307227514316));
#575=DIRECTION('',(0.9550359639436552,-0.2628422820776521,0.13718688831818135));
#576=FACE_SURFACE('',(#581),#577,.T.);
#577=PLANE('',#578);
#578=AXIS2_PLACEMENT_3D('',#72,#579,#580);
#579=DIRECTION('',(-0.24058150629570216,-0.4165752965906845,0.8766901169163904));
#580=DIRECTION('',(-0.9550359639436552,0.2628422820776521,-0.13718688831818135));
#581=FACE_BOUND('',#582,.T.);
#582=EDGE_LOOP('',(#583,#584,#585));
#583=ORIENTED_EDGE('',*,*,#586,.T.);
#584=ORIENTED_EDGE('',*,*,#587,.T.);
#585=ORIENTED_EDGE('',*,*,#588,.T.);
#586=EDGE_CURVE('',#73,#75,#589,.F.);
#587=EDGE_CURVE('',#75,#77,#590,.T.);
#588=EDGE_CURVE('',#77,#73,#591,.T.);
#589=LINE('',#72,#592);
#590=LINE('',#74,#593);
#591=LINE('',#76,#594);
#592=VECTOR('',#595,1.0);
#593=VECTOR('',#596,1.0);
#594=VECTOR('',#597,1.0);
#595=DIRECTION('',(-0.9550359639436552,0.2628422820776521,-0.13718688831818135));
#596=DIRECTION('',(0.8659609052366231,-0.5001116981252972,0));
#597=DIRECTION('',(0.43929045046298404,0.758689450945877,0.481055316107693));
#598=FACE_SURFACE('',(#603),#599,.T.);
#599=PLANE('',#600);
#600=AXIS2_PLACEMENT_3D('',#76,#601,#602);
#601=DIRECTION('',(-0.27977008919642776,-0.4844316991720745,0.8288875834685181));
#602=DIRECTION('',(-0.8659609052366231,0.5001116981252972,0));
#603=FACE_BOUND('',#604,.T.);
#604=EDGE_LOOP('',(#605,#606,#607));
#605=ORIENTED_EDGE('',*,*,#608,.T.);
#606=ORIENTED_EDGE('',*,*,#609,.T.);
#607=ORIENTED_EDGE('',*,*,#610,.T.);
#608=EDGE_CURVE('',#77,#75,#611,.F.);
#609=EDGE_CURVE('',#75,#79,#612,.T.);
#610=EDGE_CURVE('',#79,#77,#613,.T.);
#611=LINE('',#76,#614);
#612=LINE('',#74,#615);
#613=LINE('',#78,#616);
#614=VECTOR('',#617,1.0);
#615=VECTOR('',#618,1.0);
#616=VECTOR('',#619,1.0);
#617=DIRECTION('',(-0.8659609052366231,0.5001116981252972,0));
#618=DIRECTION('',(-0.41534316826063555,-0.7173178865531998,-0.5594149642350196));
#619=DIRECTION('',(0.9481695284864505,-0.2749164348827833,0.15935965324109644));
#620=FACE_SURFACE('',(#625),#621,.T.);
#621=PLANE('',#622);
#622=AXIS2_PLACEMENT_3D('',#76,#623,#624);
#623=DIRECTION('',(-0.2797718459803966,-0.4844413824526027,0.8288813311711951));
#624=DIRECTION('',(-0.9481695284864505,0.2749164348827833,-0.15935965324109644));
#625=FACE_BOUND('',#626,.T.);
#626=EDGE_LOOP('',(#627,#628,#629));
#627=ORIENTED_EDGE('',*,*,#630,.T.);
#628=ORIENTED_EDGE('',*,*,#631,.T.);
#629=ORIENTED_EDGE('',*,*,#632,.T.);
#630=EDGE_CURVE('',#77,#79,#633,.F.);
#631=EDGE_CURVE('',#79,#81,#634,.T.);
#632=EDGE_CURVE('',#81,#77,#635,.T.);
#633=LINE('',#76,#636);
#634=LINE('',#78,#637);
#635=LINE('',#80,#638);
#636=VECTOR('',#639,1.0);
#637=VECTOR('',#640,1.0);
#638=VECTOR('',#641,1.0);
#639=DIRECTION('',(-0.9481695284864505,0.2749164348827833,-0.15935965324109644));
#640=DIRECTION('',(0.8659638744851269,-0.5001065567323703,0));
#641=DIRECTION('',(0.4153354256382749,0.7173151447614815,0.5594242283863722));
#642=FACE_SURFACE('',(#647),#643,.T.);
#643=PLANE('',#644);
#644=AXIS2_PLACEMENT_3D('',#80,#645,#646);
#645=DIRECTION('',(-0.3166651096149691,-0.5483242351953084,0.7739920809995537));
#646=DIRECTION('',(-0.8659638744851269,0.5001065567323703,0));
#647=FACE_BOUND('',#648,.T.);
#648=EDGE_LOOP('',(#649,#650,#651));
#649=ORIENTED_EDGE('',*,*,#652,.T.);
#650=ORIENTED_EDGE('',*,*,#653,.T.);
#651=ORIENTED_EDGE('',*,*,#654,.T.);
#652=EDGE_CURVE('',#81,#79,#655,.F.);
#653=EDGE_CURVE('',#79,#83,#656,.T.);
#654=EDGE_CURVE('',#83,#81,#657,.T.);
#655=LINE('',#80,#658);
#656=LINE('',#78,#659);
#657=LINE('',#82,#660);
#658=VECTOR('',#661,1.0);
#659=VECTOR('',#662,1.0);
#660=VECTOR('',#663,1.0);
#661=DIRECTION('',(-0.8659638744851269,0.5001065567323703,0));
#662=DIRECTION('',(-0.3878374481626388,-0.6698105428594197,-0.6331950335221067));
#663=DIRECTION('',(0.940305242649239,-0.28873799938298955,0.18015664949888624));
#664=FACE_SURFACE('',(#669),#665,.T.);
#665=PLANE('',#666);
#666=AXIS2_PLACEMENT_3D('',#80,#667,#668);
#667=DIRECTION('',(-0.31666346197540174,-0.5483138651135484,0.7740001015335817));
#668=DIRECTION('',(-0.940305242649239,0.28873799938298955,-0.18015664949888624));
#669=FACE_BOUND('',#670,.T.);
#670=EDGE_LOOP('',(#671,#672,#673));
#671=ORIENTED_EDGE('',*,*,#674,.T.);
#672=ORIENTED_EDGE('',*,*,#675,.T.);
#673=ORIENTED_EDGE('',*,*,#676,.T.);
#674=EDGE_CURVE('',#81,#83,#677,.F.);
#675=EDGE_CURVE('',#83,#85,#678,.T.);
#676=EDGE_CURVE('',#85,#81,#679,.T.);
#677=LINE('',#80,#680);
#678=LINE('',#82,#681);
#679=LINE('',#84,#682);
#680=VECTOR('',#683,1.0);
#681=VECTOR('',#684,1.0);
#682=VECTOR('',#685,1.0);
#683=DIRECTION('',(-0.940305242649239,0.28873799938298955,-0.18015664949888624));
#684=DIRECTION('',(0.8659609052366231,-0.5001116981252972,0));
#685=DIRECTION('',(0.3878460829352252,0.669814811507339,0.6331852290105877));
#686=FACE_SURFACE('',(#691),#687,.T.);
#687=PLANE('',#688);
#688=AXIS2_PLACEMENT_3D('',#84,#689,#690);
#689=DIRECTION('',(-0.3509933318271818,-0.6077572360343677,0.7123445957264782));
#690=DIRECTION('',(-0.8659609052366231,0.5001116981252972,0));
#691=FACE_BOUND('',#692,.T.);
#692=EDGE_LOOP('',(#693,#694,#695));
#693=ORIENTED_EDGE('',*,*,#696,.T.);
#694=ORIENTED_EDGE('',*,*,#697,.T.);
#695=ORIENTED_EDGE('',*,*,#698,.T.);
#696=EDGE_CURVE('',#85,#83,#699,.F.);
#697=EDGE_CURVE('',#83,#87,#700,.T.);
#698=EDGE_CURVE('',#87,#85,#701,.T.);
#699=LINE('',#84,#702);
#700=LINE('',#82,#703);
#701=LINE('',#86,#704);
#702=VECTOR('',#705,1.0);
#703=VECTOR('',#706,1.0);
#704=VECTOR('',#707,1.0);
#705=DIRECTION('',(-0.8659609052366231,0.5001116981252972,0));
#706=DIRECTION('',(-0.3569400605577734,-0.6164648630899839,-0.7018296557886825));
#707=DIRECTION('',(0.9314975460684505,-0.3041946019071447,0.19944414215265613));
#708=FACE_SURFACE('',(#713),#709,.T.);
#709=PLANE('',#710);
#710=AXIS2_PLACEMENT_3D('',#84,#711,#712);
#711=DIRECTION('',(-0.3509938443540986,-0.6077611737828702,0.7123409835658753));
#712=DIRECTION('',(-0.9314975460684505,0.3041946019071447,-0.19944414215265613));
#713=FACE_BOUND('',#714,.T.);
#714=EDGE_LOOP('',(#715,#716,#717));
#715=ORIENTED_EDGE('',*,*,#718,.T.);
#716=ORIENTED_EDGE('',*,*,#719,.T.);
#717=ORIENTED_EDGE('',*,*,#720,.T.);
#718=EDGE_CURVE('',#85,#87,#721,.F.);
#719=EDGE_CURVE('',#87,#89,#722,.T.);
#720=EDGE_CURVE('',#89,#85,#723,.T.);
#721=LINE('',#84,#724);
#722=LINE('',#86,#725);
#723=LINE('',#88,#726);
#724=VECTOR('',#727,1.0);
#725=VECTOR('',#728,1.0);
#726=VECTOR('',#729,1.0);
#727=DIRECTION('',(-0.9314975460684505,0.3041946019071447,-0.19944414215265613));
#728=DIRECTION('',(0.865961992263417,-0.5001098158956427,0));
#729=DIRECTION('',(0.35692726829039756,0.6164680888355653,0.7018333282184456));
#730=FACE_SURFACE('',(#735),#731,.T.);
#731=PLANE('',#732);
#732=AXIS2_PLACEMENT_3D('',#88,#733,#734);
#733=DIRECTION('',(-0.38240108123846545,-0.6621441763943419,0.6444645085144032));
#734=DIRECTION('',(-0.865961992263417,0.5001098158956427,0));
#735=FACE_BOUND('',#736,.T.);
#736=EDGE_LOOP('',(#737,#738,#739));
#737=ORIENTED_EDGE('',*,*,#740,.T.);
#738=ORIENTED_EDGE('',*,*,#741,.T.);
#739=ORIENTED_EDGE('',*,*,#742,.T.);
#740=EDGE_CURVE('',#89,#87,#743,.F.);
#741=EDGE_CURVE('',#87,#91,#744,.T.);
#742=EDGE_CURVE('',#91,#89,#745,.T.);
#743=LINE('',#88,#746);
#744=LINE('',#86,#747);
#745=LINE('',#90,#748);
#746=VECTOR('',#749,1.0);
#747=VECTOR('',#750,1.0);
#748=VECTOR('',#751,1.0);
#749=DIRECTION('',(-0.865961992263417,0.5001098158956427,0));
#750=DIRECTION('',(-0.32293551400783305,-0.5577162975121186,-0.7646340204842255));
#751=DIRECTION('',(0.9218276044509024,-0.32114907950853877,0.2170187466628837));
#752=FACE_SURFACE('',(#757),#753,.T.);
#753=PLANE('',#754);
#754=AXIS2_PLACEMENT_3D('',#88,#755,#756);
#755=DIRECTION('',(-0.38240006915839103,-0.6621333464806881,0.6444762358581911));
#756=DIRECTION('',(-0.9218276044509024,0.32114907950853877,-0.2170187466628837));
#757=FACE_BOUND('',#758,.T.);
#758=EDGE_LOOP('',(#759,#760,#761));
#759=ORIENTED_EDGE('',*,*,#762,.T.);
#760=ORIENTED_EDGE('',*,*,#763,.T.);
#761=ORIENTED_EDGE('',*,*,#764,.T.);
#762=EDGE_CURVE('',#89,#91,#765,.F.);
#763=EDGE_CURVE('',#91,#93,#766,.T.);
#764=EDGE_CURVE('',#93,#89,#767,.T.);
#765=LINE('',#88,#768);
#766=LINE('',#90,#769);
#767=LINE('',#92,#770);
#768=VECTOR('',#771,1.0);
#769=VECTOR('',#772,1.0);
#770=VECTOR('',#773,1.0);
#771=DIRECTION('',(-0.9218276044509024,0.32114907950853877,-0.2170187466628837));
#772=DIRECTION('',(0.8659590229990239,-0.5001149572714017,0));
#773=DIRECTION('',(0.32294601908778386,0.5577237673159273,0.7646241351973413));
#774=FACE_SURFACE('',(#779),#775,.T.);
#775=PLANE('',#776);
#776=AXIS2_PLACEMENT_3D('',#92,#777,#778);
#777=DIRECTION('',(-0.41061141466964807,-0.7109818538912722,0.5708792075214509));
#778=DIRECTION('',(-0.8659590229990239,0.5001149572714017,0));
#779=FACE_BOUND('',#780,.T.);
#780=EDGE_LOOP('',(#781,#782,#783));
#781=ORIENTED_EDGE('',*,*,#784,.T.);
#782=ORIENTED_EDGE('',*,*,#785,.T.);
#783=ORIENTED_EDGE('',*,*,#786,.T.);
#784=EDGE_CURVE('',#93,#91,#787,.F.);
#785=EDGE_CURVE('',#91,#95,#788,.T.);
#786=EDGE_CURVE('',#95,#93,#789,.T.);
#787=LINE('',#92,#790);
#788=LINE('',#90,#791);
#789=LINE('',#94,#792);
#790=VECTOR('',#793,1.0);
#791=VECTOR('',#794,1.0);
#792=VECTOR('',#795,1.0);
#793=DIRECTION('',(-0.8659590229990239,0.5001149572714017,0));
#794=DIRECTION('',(-0.28605506532637914,-0.4940403232556154,-0.8210338961325581));
#795=DIRECTION('',(0.9113709025222118,-0.33945655395993657,0.23274949196398642));
#796=FACE_SURFACE('',(#801),#797,.T.);
#797=PLANE('',#798);
#798=AXIS2_PLACEMENT_3D('',#92,#799,#800);
#799=DIRECTION('',(-0.41061190138520104,-0.7109924437971752,0.5708656683530291));
#800=DIRECTION('',(-0.9113709025222118,0.33945655395993657,-0.23274949196398642));
#801=FACE_BOUND('',#802,.T.);
#802=EDGE_LOOP('',(#803,#804,#805));
#803=ORIENTED_EDGE('',*,*,#806,.T.);
#804=ORIENTED_EDGE('',*,*,#807,.T.);
#805=ORIENTED_EDGE('',*,*,#808,.T.);
#806=EDGE_CURVE('',#93,#95,#809,.F.);
#807=EDGE_CURVE('',#95,#97,#810,.T.);
#808=EDGE_CURVE('',#97,#93,#811,.T.);
#809=LINE('',#92,#812);
#810=LINE('',#94,#813);
#811=LINE('',#96,#814);
#812=VECTOR('',#815,1.0);
#813=VECTOR('',#816,1.0);
#814=VECTOR('',#817,1.0);
#815=DIRECTION('',(-0.9113709025222118,0.33945655395993657,-0.23274949196398642));
#816=DIRECTION('',(0.865961992263417,-0.5001098158956427,0));
#817=DIRECTION('',(0.2860436457377507,0.4940312886558572,0.8210433110147658));
#818=FACE_SURFACE('',(#823),#819,.T.);
#819=PLANE('',#820);
#820=AXIS2_PLACEMENT_3D('',#96,#821,#822);
#821=DIRECTION('',(-0.4353495857033098,-0.7538268247975334,0.4921543014580137));
#822=DIRECTION('',(-0.865961992263417,0.5001098158956427,0));
#823=FACE_BOUND('',#824,.T.);
#824=EDGE_LOOP('',(#825,#826,#827));
#825=ORIENTED_EDGE('',*,*,#828,.T.);
#826=ORIENTED_EDGE('',*,*,#829,.T.);
#827=ORIENTED_EDGE('',*,*,#830,.T.);
#828=EDGE_CURVE('',#97,#95,#831,.F.);
#829=EDGE_CURVE('',#95,#99,#832,.T.);
#830=EDGE_CURVE('',#99,#97,#833,.T.);
#831=LINE('',#96,#834);
#832=LINE('',#94,#835);
#833=LINE('',#98,#836);
#834=VECTOR('',#837,1.0);
#835=VECTOR('',#838,1.0);
#836=VECTOR('',#839,1.0);
#837=DIRECTION('',(-0.865961992263417,0.5001098158956427,0));
#838=DIRECTION('',(-0.24661396288606754,-0.42590802446866927,-0.8705078448829882));
#839=DIRECTION('',(0.9002149579329781,-0.3589598965834981,0.2464971037527438));
#840=FACE_SURFACE('',(#845),#841,.T.);
#841=PLANE('',#842);
#842=AXIS2_PLACEMENT_3D('',#96,#843,#844);
#843=DIRECTION('',(-0.43534952453683295,-0.7538305022631194,0.49214872278944966));
#844=DIRECTION('',(-0.9002149579329781,0.3589598965834981,-0.2464971037527438));
#845=FACE_BOUND('',#846,.T.);
#846=EDGE_LOOP('',(#847,#848,#849));
#847=ORIENTED_EDGE('',*,*,#850,.T.);
#848=ORIENTED_EDGE('',*,*,#851,.T.);
#849=ORIENTED_EDGE('',*,*,#852,.T.);
#850=EDGE_CURVE('',#97,#99,#853,.F.);
#851=EDGE_CURVE('',#99,#101,#854,.T.);
#852=EDGE_CURVE('',#101,#97,#855,.T.);
#853=LINE('',#96,#856);
#854=LINE('',#98,#857);
#855=LINE('',#100,#858);
#856=VECTOR('',#859,1.0);
#857=VECTOR('',#860,1.0);
#858=VECTOR('',#861,1.0);
#859=DIRECTION('',(-0.9002149579329781,0.3589598965834981,-0.2464971037527438));
#860=DIRECTION('',(0.8659630792779377,-0.5001079336777936,0));
#861=DIRECTION('',(0.24660013998407793,0.4259095703288121,0.8705110044463308));
#862=FACE_SURFACE('',(#867),#863,.T.);
#863=PLANE('',#864);
#864=AXIS2_PLACEMENT_3D('',#100,#865,#866);
#865=DIRECTION('',(-0.4563740072420173,-0.7902354951807825,0.4089628683269993));
#866=DIRECTION('',(-0.8659630792779377,0.5001079336777936,0));
#867=FACE_BOUND('',#868,.T.);
#868=EDGE_LOOP('',(#869,#870,#871));
#869=ORIENTED_EDGE('',*,*,#872,.T.);
#870=ORIENTED_EDGE('',*,*,#873,.T.);
#871=ORIENTED_EDGE('',*,*,#874,.T.);
#872=EDGE_CURVE('',#101,#99,#875,.F.);
#873=EDGE_CURVE('',#99,#103,#876,.T.);
#874=EDGE_CURVE('',#103,#101,#877,.T.);
#875=LINE('',#100,#878);
#876=LINE('',#98,#879);
#877=LINE('',#102,#880);
#878=VECTOR('',#881,1.0);
#879=VECTOR('',#882,1.0);
#880=VECTOR('',#883,1.0);
#881=DIRECTION('',(-0.8659630792779377,0.5001079336777936,0));
#882=DIRECTION('',(-0.20492392394931472,-0.3539166417358743,-0.9125509279462797));
#883=DIRECTION('',(0.8884491222802186,-0.3794986025938356,0.258145245450764));
#884=FACE_SURFACE('',(#889),#885,.T.);
#885=PLANE('',#886);
#886=AXIS2_PLACEMENT_3D('',#100,#887,#888);
#887=DIRECTION('',(-0.45637434936169924,-0.7902321214859823,0.4089690054471723));
#888=DIRECTION('',(-0.8884491222802186,0.3794986025938356,-0.258145245450764));
#889=FACE_BOUND('',#890,.T.);
#890=EDGE_LOOP('',(#891,#892,#893));
#891=ORIENTED_EDGE('',*,*,#894,.T.);
#892=ORIENTED_EDGE('',*,*,#895,.T.);
#893=ORIENTED_EDGE('',*,*,#896,.T.);
#894=EDGE_CURVE('',#101,#103,#897,.F.);
#895=EDGE_CURVE('',#103,#105,#898,.T.);
#896=EDGE_CURVE('',#105,#101,#899,.T.);
#897=LINE('',#100,#900);
#898=LINE('',#102,#901);
#899=LINE('',#104,#902);
#900=VECTOR('',#903,1.0);
#901=VECTOR('',#904,1.0);
#902=VECTOR('',#905,1.0);
#903=DIRECTION('',(-0.8884491222802186,0.3794986025938356,-0.258145245450764));
#904=DIRECTION('',(0.865961992263417,-0.5001098158956427,0));
#905=DIRECTION('',(0.20493803938629462,0.35391557308640426,0.9125481725034705));
#906=FACE_SURFACE('',(#911),#907,.T.);
#907=PLANE('',#908);
#908=AXIS2_PLACEMENT_3D('',#104,#909,#910);
#909=DIRECTION('',(-0.4734578085450462,-0.8198128773099168,0.32209400758871254));
#910=DIRECTION('',(-0.865961992263417,0.5001098158956427,0));
#911=FACE_BOUND('',#912,.T.);
#912=EDGE_LOOP('',(#913,#914,#915));
#913=ORIENTED_EDGE('',*,*,#916,.T.);
#914=ORIENTED_EDGE('',*,*,#917,.T.);
#915=ORIENTED_EDGE('',*,*,#918,.T.);
#916=EDGE_CURVE('',#105,#103,#919,.F.);
#917=EDGE_CURVE('',#103,#107,#920,.T.);
#918=EDGE_CURVE('',#107,#105,#921,.T.);
#919=LINE('',#104,#922);
#920=LINE('',#102,#923);
#921=LINE('',#106,#924);
#922=VECTOR('',#925,1.0);
#923=VECTOR('',#926,1.0);
#924=VECTOR('',#927,1.0);
#925=DIRECTION('',(-0.865961992263417,0.5001098158956427,0));
#926=DIRECTION('',(-0.161373301333214,-0.2787531318313908,-0.9467076365547133));
#927=DIRECTION('',(0.8761807073241469,-0.4008799045713551,0.2675867527061437));
#928=FACE_SURFACE('',(#933),#929,.T.);
#929=PLANE('',#930);
#930=AXIS2_PLACEMENT_3D('',#104,#931,#932);
#931=DIRECTION('',(-0.4734555330038508,-0.819823186355934,0.3220711123047877));
#932=DIRECTION('',(-0.8761807073241469,0.4008799045713551,-0.2675867527061437));
#933=FACE_BOUND('',#934,.T.);
#934=EDGE_LOOP('',(#935,#936,#937));
#935=ORIENTED_EDGE('',*,*,#938,.T.);
#936=ORIENTED_EDGE('',*,*,#939,.T.);
#937=ORIENTED_EDGE('',*,*,#940,.T.);
#938=EDGE_CURVE('',#105,#107,#941,.F.);
#939=EDGE_CURVE('',#107,#109,#942,.T.);
#940=EDGE_CURVE('',#109,#105,#943,.T.);
#941=LINE('',#104,#944);
#942=LINE('',#106,#945);
#943=LINE('',#108,#946);
#944=VECTOR('',#947,1.0);
#945=VECTOR('',#948,1.0);
#946=VECTOR('',#949,1.0);
#947=DIRECTION('',(-0.8761807073241469,0.4008799045713551,-0.2675867527061437));
#948=DIRECTION('',(0.8659657567027526,-0.5001032975478458,0));
#949=DIRECTION('',(0.16137462811281678,0.278725927317138,0.9467154201990435));
#950=FACE_SURFACE('',(#955),#951,.T.);
#951=PLANE('',#952);
#952=AXIS2_PLACEMENT_3D('',#108,#953,#954);
#953=DIRECTION('',(-0.4864344752001404,-0.8422971823390057,0.23220025400618277));
#954=DIRECTION('',(-0.8659657567027526,0.5001032975478458,0));
#955=FACE_BOUND('',#956,.T.);
#956=EDGE_LOOP('',(#957,#958,#959));
#957=ORIENTED_EDGE('',*,*,#960,.T.);
#958=ORIENTED_EDGE('',*,*,#961,.T.);
#959=ORIENTED_EDGE('',*,*,#962,.T.);
#960=EDGE_CURVE('',#109,#107,#963,.F.);
#961=EDGE_CURVE('',#107,#111,#964,.T.);
#962=EDGE_CURVE('',#111,#109,#965,.T.);
#963=LINE('',#108,#966);
#964=LINE('',#106,#967);
#965=LINE('',#110,#968);
#966=VECTOR('',#969,1.0);
#967=VECTOR('',#970,1.0);
#968=VECTOR('',#971,1.0);
#969=DIRECTION('',(-0.8659657567027526,0.5001032975478458,0));
#970=DIRECTION('',(-0.11635885903274806,-0.20094189063050036,-0.9726679662219975));
#971=DIRECTION('',(0.8635024659291467,-0.42294032362825357,0.27474528928356684));
#972=FACE_SURFACE('',(#977),#973,.T.);
#973=PLANE('',#974);
#974=AXIS2_PLACEMENT_3D('',#108,#975,#976);
#975=DIRECTION('',(-0.4864344752001404,-0.8422971823390057,0.23220025400618277));
#976=DIRECTION('',(-0.8635024659291467,0.42294032362825357,-0.27474528928356684));
#977=FACE_BOUND('',#978,.T.);
#978=EDGE_LOOP('',(#979,#980,#981));
#979=ORIENTED_EDGE('',*,*,#982,.T.);
#980=ORIENTED_EDGE('',*,*,#983,.T.);
#981=ORIENTED_EDGE('',*,*,#984,.T.);
#982=EDGE_CURVE('',#109,#111,#985,.F.);
#983=EDGE_CURVE('',#111,#113,#986,.T.);
#984=EDGE_CURVE('',#113,#109,#987,.T.);
#985=LINE('',#108,#988);
#986=LINE('',#110,#989);
#987=LINE('',#112,#990);
#988=VECTOR('',#991,1.0);
#989=VECTOR('',#992,1.0);
#990=VECTOR('',#993,1.0);
#991=DIRECTION('',(-0.8635024659291467,0.42294032362825357,-0.27474528928356684));
#992=DIRECTION('',(0.8659657567027526,-0.5001032975478458,0));
#993=DIRECTION('',(0.11635885903274806,0.20094189063050036,0.9726679662219975));
#994=FACE_SURFACE('',(#999),#995,.T.);
#995=PLANE('',#996);
#996=AXIS2_PLACEMENT_3D('',#112,#997,#998);
#997=DIRECTION('',(-0.4951648865720375,-0.8574145337483271,0.14018577824886566));
#998=DIRECTION('',(-0.8659657567027526,0.5001032975478458,0));
#999=FACE_BOUND('',#1000,.T.);
#1000=EDGE_LOOP('',(#1001,#1002,#1003));
#1001=ORIENTED_EDGE('',*,*,#1004,.T.);
#1002=ORIENTED_EDGE('',*,*,#1005,.T.);
#1003=ORIENTED_EDGE('',*,*,#1006,.T.);
#1004=EDGE_CURVE('',#113,#111,#1007,.F.);
#1005=EDGE_CURVE('',#111,#115,#1008,.T.);
#1006=EDGE_CURVE('',#115,#113,#1009,.T.);
#1007=LINE('',#112,#1010);
#1008=LINE('',#110,#1011);
#1009=LINE('',#114,#1012);
#1010=VECTOR('',#1013,1.0);
#1011=VECTOR('',#1014,1.0);
#1012=VECTOR('',#1015,1.0);
#1013=DIRECTION('',(-0.8659657567027526,0.5001032975478458,0));
#1014=DIRECTION('',(-0.07024227645610599,-0.12131817182328501,-0.9901252061147217));
#1015=DIRECTION('',(0.850526196379959,-0.4454793759406433,0.27955914380140473));
#1016=FACE_SURFACE('',(#1021),#1017,.T.);
#1017=PLANE('',#1018);
#1018=AXIS2_PLACEMENT_3D('',#112,#1019,#1020);
#1019=DIRECTION('',(-0.4951648865720375,-0.8574145337483271,0.14018577824886566));
#1020=DIRECTION('',(-0.850526196379959,0.4454793759406433,-0.27955914380140473));
#1021=FACE_BOUND('',#1022,.T.);
#1022=EDGE_LOOP('',(#1023,#1024,#1025));
#1023=ORIENTED_EDGE('',*,*,#1026,.T.);
#1024=ORIENTED_EDGE('',*,*,#1027,.T.);
#1025=ORIENTED_EDGE('',*,*,#1028,.T.);
#1026=EDGE_CURVE('',#113,#115,#1029,.F.);
#1027=EDGE_CURVE('',#115,#117,#1030,.T.);
#1028=EDGE_CURVE('',#117,#113,#1031,.T.);
#1029=LINE('',#112,#1032);
#1030=LINE('',#114,#1033);
#1031=LINE('',#116,#1034);
#1032=VECTOR('',#1035,1.0);
#1033=VECTOR('',#1036,1.0);
#1034=VECTOR('',#1037,1.0);
#1035=DIRECTION('',(-0.850526196379959,0.4454793759406433,-0.27955914380140473));
#1036=DIRECTION('',(0.8659657567027526,-0.5001032975478458,0));
#1037=DIRECTION('',(0.07024227645610599,0.12131817182328501,0.9901252061147217));
#1038=FACE_SURFACE('',(#1043),#1039,.T.);
#1039=PLANE('',#1040);
#1040=AXIS2_PLACEMENT_3D('',#116,#1041,#1042);
#1041=DIRECTION('',(-0.4995537517889289,-0.8650141776763861,0.04686706191399901));
#1042=DIRECTION('',(-0.8659657567027526,0.5001032975478458,0));
#1043=FACE_BOUND('',#1044,.T.);
#1044=EDGE_LOOP('',(#1045,#1046,#1047));
#1045=ORIENTED_EDGE('',*,*,#1048,.T.);
#1046=ORIENTED_EDGE('',*,*,#1049,.T.);
#1047=ORIENTED_EDGE('',*,*,#1050,.T.);
#1048=EDGE_CURVE('',#117,#115,#1051,.F.);
#1049=EDGE_CURVE('',#115,#119,#1052,.T.);
#1050=EDGE_CURVE('',#119,#117,#1053,.T.);
#1051=LINE('',#116,#1054);
#1052=LINE('',#114,#1055);
#1053=LINE('',#118,#1056);
#1054=VECTOR('',#1057,1.0);
#1055=VECTOR('',#1058,1.0);
#1056=VECTOR('',#1059,1.0);
#1057=DIRECTION('',(-0.8659657567027526,0.5001032975478458,0));
#1058=DIRECTION('',(-0.023484441863091406,-0.0405586650038044,-0.9989011340885985));
#1059=DIRECTION('',(0.8373638093128691,-0.4683078338445146,0.28197450879981945));
#1060=FACE_SURFACE('',(#1065),#1061,.T.);
#1061=PLANE('',#1062);
#1062=AXIS2_PLACEMENT_3D('',#116,#1063,#1064);
#1063=DIRECTION('',(-0.49956153125734243,-0.8650078644661134,0.04690064924489955));
#1064=DIRECTION('',(-0.8373638093128691,0.4683078338445146,-0.28197450879981945));
#1065=FACE_BOUND('',#1066,.T.);
#1066=EDGE_LOOP('',(#1067,#1068,#1069));
#1067=ORIENTED_EDGE('',*,*,#1070,.T.);
#1068=ORIENTED_EDGE('',*,*,#1071,.T.);
#1069=ORIENTED_EDGE('',*,*,#1072,.T.);
#1070=EDGE_CURVE('',#117,#119,#1073,.F.);
#1071=EDGE_CURVE('',#119,#121,#1074,.T.);
#1072=EDGE_CURVE('',#121,#117,#1075,.T.);
#1073=LINE('',#116,#1076);
#1074=LINE('',#118,#1077);
#1075=LINE('',#120,#1078);
#1076=VECTOR('',#1079,1.0);
#1077=VECTOR('',#1080,1.0);
#1078=VECTOR('',#1081,1.0);
#1079=DIRECTION('',(-0.8373638093128691,0.4683078338445146,-0.28197450879981945));
#1080=DIRECTION('',(0.8659609052284443,-0.5001116981205739,4.346189661164813E-06));
#1081=DIRECTION('',(0.023499522341386567,0.040588741291093834,0.9988995577785243));
#1082=FACE_SURFACE('',(#1087),#1083,.T.);
#1083=PLANE('',#1084);
#1084=AXIS2_PLACEMENT_3D('',#122,#1085,#1086);
#1085=DIRECTION('',(-0.5001116981252973,-0.8659609052366231,0));
#1086=DIRECTION('',(0,0,1));
#1087=FACE_BOUND('',#1088,.T.);
#1088=EDGE_LOOP('',(#1089,#1090,#1091));
#1089=ORIENTED_EDGE('',*,*,#1092,.T.);
#1090=ORIENTED_EDGE('',*,*,#1093,.T.);
#1091=ORIENTED_EDGE('',*,*,#1094,.T.);
#1092=EDGE_CURVE('',#123,#121,#1095,.F.);
#1093=EDGE_CURVE('',#121,#119,#1096,.T.);
#1094=EDGE_CURVE('',#119,#123,#1097,.T.);
#1095=LINE('',#122,#1098);
#1096=LINE('',#120,#1099);
#1097=LINE('',#118,#1100);
#1098=VECTOR('',#1101,1.0);
#1099=VECTOR('',#1102,1.0);
#1100=VECTOR('',#1103,1.0);
#1101=DIRECTION('',(0,0,1));
#1102=DIRECTION('',(-0.8659609052284443,0.5001116981205739,-4.346189661164813E-06));
#1103=DIRECTION('',(0.33196838137626916,-0.19171912950114892,-0.9236020621186061));
#1104=FACE_SURFACE('',(#1109),#1105,.T.);
#1105=PLANE('',#1106);
#1106=AXIS2_PLACEMENT_3D('',#122,#1107,#1108);
#1107=DIRECTION('',(-0.5001116981252972,-0.8659609052366231,0));
#1108=DIRECTION('',(-0.33196838137626916,0.19171912950114892,0.9236020621186061));
#1109=FACE_BOUND('',#1110,.T.);
#1110=EDGE_LOOP('',(#1111,#1112,#1113));
#1111=ORIENTED_EDGE('',*,*,#1114,.T.);
#1112=ORIENTED_EDGE('',*,*,#1115,.T.);
#1113=ORIENTED_EDGE('',*,*,#1116,.T.);
#1114=EDGE_CURVE('',#123,#119,#1117,.F.);
#1115=EDGE_CURVE('',#119,#125,#1118,.T.);
#1116=EDGE_CURVE('',#125,#123,#1119,.T.);
#1117=LINE('',#122,#1120);
#1118=LINE('',#118,#1121);
#1119=LINE('',#124,#1122);
#1120=VECTOR('',#1123,1.0);
#1121=VECTOR('',#1124,1.0);
#1122=VECTOR('',#1125,1.0);
#1123=DIRECTION('',(-0.33196838137626916,0.19171912950114892,0.9236020621186061));
#1124=DIRECTION('',(0,0,-1));
#1125=DIRECTION('',(0.8659609052366231,-0.5001116981252972,0));
#1126=FACE_SURFACE('',(#1131),#1127,.T.);
#1127=PLANE('',#1128);
#1128=AXIS2_PLACEMENT_3D('',#36,#1129,#1130);
#1129=DIRECTION('',(0,0,1));
#1130=DIRECTION('',(-0.5010817907116317,-0.8653999301000808,0));
#1131=FACE_BOUND('',#1132,.T.);
#1132=EDGE_LOOP('',(#1133,#1134,#1135));
#1133=ORIENTED_EDGE('',*,*,#1136,.T.);
#1134=ORIENTED_EDGE('',*,*,#1137,.T.);
#1135=ORIENTED_EDGE('',*,*,#1138,.T.);
#1136=EDGE_CURVE('',#37,#53,#1139,.F.);
#1137=EDGE_CURVE('',#53,#51,#1140,.T.);
#1138=EDGE_CURVE('',#51,#37,#1141,.T.);
#1139=LINE('',#36,#1142);
#1140=LINE('',#52,#1143);
#1141=LINE('',#50,#1144);
#1142=VECTOR('',#1145,1.0);
#1143=VECTOR('',#1146,1.0);
#1144=VECTOR('',#1147,1.0);
#1145=DIRECTION('',(-0.5010817907116317,-0.8653999301000808,0));
#1146=DIRECTION('',(0.8659601100376232,-0.5001130750376633,0));
#1147=DIRECTION('',(-0.18950974941785217,0.9818788392034848,0));
#1148=FACE_SURFACE('',(#1153),#1149,.T.);
#1149=PLANE('',#1150);
#1150=AXIS2_PLACEMENT_3D('',#36,#1151,#1152);
#1151=DIRECTION('',(0,0,1));
#1152=DIRECTION('',(0.18950974941785217,-0.9818788392034848,0));
#1153=FACE_BOUND('',#1154,.T.);
#1154=EDGE_LOOP('',(#1155,#1156,#1157));
#1155=ORIENTED_EDGE('',*,*,#1158,.T.);
#1156=ORIENTED_EDGE('',*,*,#1159,.T.);
#1157=ORIENTED_EDGE('',*,*,#1160,.T.);
#1158=EDGE_CURVE('',#37,#51,#1161,.F.);
#1159=EDGE_CURVE('',#51,#39,#1162,.T.);
#1160=EDGE_CURVE('',#39,#37,#1163,.T.);
#1161=LINE('',#36,#1164);
#1162=LINE('',#50,#1165);
#1163=LINE('',#38,#1166);
#1164=VECTOR('',#1167,1.0);
#1165=VECTOR('',#1168,1.0);
#1166=VECTOR('',#1169,1.0);
#1167=DIRECTION('',(0.18950974941785217,-0.9818788392034848,0));
#1168=DIRECTION('',(0.5010768813424997,0.8654027726926199,0));
#1169=DIRECTION('',(-0.8659657567027526,0.5001032975478458,0));
#1170=FACE_SURFACE('',(#1175),#1171,.T.);
#1171=PLANE('',#1172);
#1172=AXIS2_PLACEMENT_3D('',#126,#1173,#1174);
#1173=DIRECTION('',(0.8639509862883908,-0.500515374908633,0.05543512218248587));
#1174=DIRECTION('',(0.5029499652606386,0.8631198741581025,-0.045446840128040046));
#1175=FACE_BOUND('',#1176,.T.);
#1176=EDGE_LOOP('',(#1177,#1178,#1179));
#1177=ORIENTED_EDGE('',*,*,#1180,.T.);
#1178=ORIENTED_EDGE('',*,*,#1181,.T.);
#1179=ORIENTED_EDGE('',*,*,#1182,.T.);
#1180=EDGE_CURVE('',#127,#129,#1183,.F.);
#1181=EDGE_CURVE('',#129,#131,#1184,.T.);
#1182=EDGE_CURVE('',#131,#127,#1185,.T.);
#1183=LINE('',#126,#1186);
#1184=LINE('',#128,#1187);
#1185=LINE('',#130,#1188);
#1186=VECTOR('',#1189,1.0);
#1187=VECTOR('',#1190,1.0);
#1188=VECTOR('',#1191,1.0);
#1189=DIRECTION('',(0.5029499652606386,0.8631198741581025,-0.045446840128040046));
#1190=DIRECTION('',(0.5011792820716825,0.8653406760286664,0.0022003709604651598));
#1191=DIRECTION('',(-0.5012862070501795,-0.8652815372011844,0));
#1192=FACE_SURFACE('',(#1197),#1193,.T.);
#1193=PLANE('',#1194);
#1194=AXIS2_PLACEMENT_3D('',#128,#1195,#1196);
#1195=DIRECTION('',(0.8651765891332984,-0.5011309441769372,0.018364269765044114));
#1196=DIRECTION('',(0.4987143053883692,0.856017636416319,-0.13608029888714707));
#1197=FACE_BOUND('',#1198,.T.);
#1198=EDGE_LOOP('',(#1199,#1200,#1201));
#1199=ORIENTED_EDGE('',*,*,#1202,.T.);
#1200=ORIENTED_EDGE('',*,*,#1203,.T.);
#1201=ORIENTED_EDGE('',*,*,#1204,.T.);
#1202=EDGE_CURVE('',#129,#133,#1205,.F.);
#1203=EDGE_CURVE('',#133,#131,#1206,.T.);
#1204=EDGE_CURVE('',#131,#129,#1207,.T.);
#1205=LINE('',#128,#1208);
#1206=LINE('',#132,#1209);
#1207=LINE('',#130,#1210);
#1208=VECTOR('',#1211,1.0);
#1209=VECTOR('',#1212,1.0);
#1210=VECTOR('',#1213,1.0);
#1211=DIRECTION('',(0.4987143053883692,0.856017636416319,-0.13608029888714707));
#1212=DIRECTION('',(0.5010474242073258,0.8653706127018702,0.00922937523311695));
#1213=DIRECTION('',(-0.5011792820716825,-0.8653406760286664,-0.0022003709604651598));
#1214=FACE_SURFACE('',(#1219),#1215,.T.);
#1215=PLANE('',#1216);
#1216=AXIS2_PLACEMENT_3D('',#132,#1217,#1218);
#1217=DIRECTION('',(0.8653004030847866,-0.5011269570816785,0.011268775770399312));
#1218=DIRECTION('',(0.4904196334713387,0.8417351932892755,-0.22576635596143185));
#1219=FACE_BOUND('',#1220,.T.);
#1220=EDGE_LOOP('',(#1221,#1222,#1223));
#1221=ORIENTED_EDGE('',*,*,#1224,.T.);
#1222=ORIENTED_EDGE('',*,*,#1225,.T.);
#1223=ORIENTED_EDGE('',*,*,#1226,.T.);
#1224=EDGE_CURVE('',#133,#135,#1227,.F.);
#1225=EDGE_CURVE('',#135,#131,#1228,.T.);
#1226=EDGE_CURVE('',#131,#133,#1229,.T.);
#1227=LINE('',#132,#1230);
#1228=LINE('',#134,#1231);
#1229=LINE('',#130,#1232);
#1230=VECTOR('',#1233,1.0);
#1231=VECTOR('',#1234,1.0);
#1232=VECTOR('',#1235,1.0);
#1233=DIRECTION('',(0.4904196334713387,0.8417351932892755,-0.22576635596143185));
#1234=DIRECTION('',(0.5008275604941855,0.865273109598244,0.021776144186427975));
#1235=DIRECTION('',(-0.5010474242073258,-0.8653706127018702,-0.00922937523311695));
#1236=FACE_SURFACE('',(#1241),#1237,.T.);
#1237=PLANE('',#1238);
#1238=AXIS2_PLACEMENT_3D('',#134,#1239,#1240);
#1239=DIRECTION('',(0.8653596731982953,-0.5010841461581544,0.008204539663676836));
#1240=DIRECTION('',(0.4780538473523239,0.8204527806629743,-0.31356299803075366));
#1241=FACE_BOUND('',#1242,.T.);
#1242=EDGE_LOOP('',(#1243,#1244,#1245));
#1243=ORIENTED_EDGE('',*,*,#1246,.T.);
#1244=ORIENTED_EDGE('',*,*,#1247,.T.);
#1245=ORIENTED_EDGE('',*,*,#1248,.T.);
#1246=EDGE_CURVE('',#135,#137,#1249,.F.);
#1247=EDGE_CURVE('',#137,#131,#1250,.T.);
#1248=EDGE_CURVE('',#131,#135,#1251,.T.);
#1249=LINE('',#134,#1252);
#1250=LINE('',#136,#1253);
#1251=LINE('',#130,#1254);
#1252=VECTOR('',#1255,1.0);
#1253=VECTOR('',#1256,1.0);
#1254=VECTOR('',#1257,1.0);
#1255=DIRECTION('',(0.4780538473523239,0.8204527806629743,-0.31356299803075366));
#1256=DIRECTION('',(0.5004006691728728,0.8648434206836821,0.040558944654521666));
#1257=DIRECTION('',(-0.5008275604941855,-0.865273109598244,-0.021776144186427975));
#1258=FACE_SURFACE('',(#1263),#1259,.T.);
#1259=PLANE('',#1260);
#1260=AXIS2_PLACEMENT_3D('',#136,#1261,#1262);
#1261=DIRECTION('',(0.86540914758417,-0.5010256681966581,0.006347210862461688));
#1262=DIRECTION('',(0.4616421879722793,0.7923299462160031,-0.3988730958757592));
#1263=FACE_BOUND('',#1264,.T.);
#1264=EDGE_LOOP('',(#1265,#1266,#1267));
#1265=ORIENTED_EDGE('',*,*,#1268,.T.);
#1266=ORIENTED_EDGE('',*,*,#1269,.T.);
#1267=ORIENTED_EDGE('',*,*,#1270,.T.);
#1268=EDGE_CURVE('',#137,#139,#1271,.F.);
#1269=EDGE_CURVE('',#139,#131,#1272,.T.);
#1270=EDGE_CURVE('',#131,#137,#1273,.T.);
#1271=LINE('',#136,#1274);
#1272=LINE('',#138,#1275);
#1273=LINE('',#130,#1276);
#1274=VECTOR('',#1277,1.0);
#1275=VECTOR('',#1278,1.0);
#1276=VECTOR('',#1279,1.0);
#1277=DIRECTION('',(0.4616421879722793,0.7923299462160031,-0.3988730958757592));
#1278=DIRECTION('',(0.49956909967690616,0.8637331731804359,0.06630022771952368));
#1279=DIRECTION('',(-0.5004006691728728,-0.8648434206836821,-0.040558944654521666));
#1280=FACE_SURFACE('',(#1285),#1281,.T.);
#1281=PLANE('',#1282);
#1282=AXIS2_PLACEMENT_3D('',#138,#1283,#1284);
#1283=DIRECTION('',(0.8654600847108644,-0.5009527935598405,0.00501402002939693));
#1284=DIRECTION('',(0.44125041411908544,0.7575009213264691,-0.48113451988948586));
#1285=FACE_BOUND('',#1286,.T.);
#1286=EDGE_LOOP('',(#1287,#1288,#1289));
#1287=ORIENTED_EDGE('',*,*,#1290,.T.);
#1288=ORIENTED_EDGE('',*,*,#1291,.T.);
#1289=ORIENTED_EDGE('',*,*,#1292,.T.);
#1290=EDGE_CURVE('',#139,#141,#1293,.F.);
#1291=EDGE_CURVE('',#141,#131,#1294,.T.);
#1292=EDGE_CURVE('',#131,#139,#1295,.T.);
#1293=LINE('',#138,#1296);
#1294=LINE('',#140,#1297);
#1295=LINE('',#130,#1298);
#1296=VECTOR('',#1299,1.0);
#1297=VECTOR('',#1300,1.0);
#1298=VECTOR('',#1301,1.0);
#1299=DIRECTION('',(0.44125041411908544,0.7575009213264691,-0.48113451988948586));
#1300=DIRECTION('',(0.4980335415510774,0.8614140145646617,0.09964179344875376));
#1301=DIRECTION('',(-0.49956909967690616,-0.8637331731804359,-0.06630022771952368));
#1302=FACE_SURFACE('',(#1307),#1303,.T.);
#1303=PLANE('',#1304);
#1304=AXIS2_PLACEMENT_3D('',#140,#1305,#1306);
#1305=DIRECTION('',(0.8654910429760987,-0.5009046919082485,0.004443439258898258));
#1306=DIRECTION('',(0.41735356139169816,0.7161644326803374,-0.5593965589430423));
#1307=FACE_BOUND('',#1308,.T.);
#1308=EDGE_LOOP('',(#1309,#1310,#1311));
#1309=ORIENTED_EDGE('',*,*,#1312,.T.);
#1310=ORIENTED_EDGE('',*,*,#1313,.T.);
#1311=ORIENTED_EDGE('',*,*,#1314,.T.);
#1312=EDGE_CURVE('',#141,#143,#1315,.F.);
#1313=EDGE_CURVE('',#143,#131,#1316,.T.);
#1314=EDGE_CURVE('',#131,#141,#1317,.T.);
#1315=LINE('',#140,#1318);
#1316=LINE('',#142,#1319);
#1317=LINE('',#130,#1320);
#1318=VECTOR('',#1321,1.0);
#1319=VECTOR('',#1322,1.0);
#1320=VECTOR('',#1323,1.0);
#1321=DIRECTION('',(0.41735356139169816,0.7161644326803374,-0.5593965589430423));
#1322=DIRECTION('',(0.4953644501720881,0.8571689184428839,0.1409805190838838));
#1323=DIRECTION('',(-0.4980335415510774,-0.8614140145646617,-0.09964179344875376));
#1324=FACE_SURFACE('',(#1329),#1325,.T.);
#1325=PLANE('',#1326);
#1326=AXIS2_PLACEMENT_3D('',#142,#1327,#1328);
#1327=DIRECTION('',(0.8655559453015319,-0.5007994807389161,0.0035757020014899085));
#1328=DIRECTION('',(0.3895720521081835,0.6687951399150811,-0.6332035036559619));
#1329=FACE_BOUND('',#1330,.T.);
#1330=EDGE_LOOP('',(#1331,#1332,#1333));
#1331=ORIENTED_EDGE('',*,*,#1334,.T.);
#1332=ORIENTED_EDGE('',*,*,#1335,.T.);
#1333=ORIENTED_EDGE('',*,*,#1336,.T.);
#1334=EDGE_CURVE('',#143,#145,#1337,.F.);
#1335=EDGE_CURVE('',#145,#131,#1338,.T.);
#1336=EDGE_CURVE('',#131,#143,#1339,.T.);
#1337=LINE('',#142,#1340);
#1338=LINE('',#144,#1341);
#1339=LINE('',#130,#1342);
#1340=VECTOR('',#1343,1.0);
#1341=VECTOR('',#1344,1.0);
#1342=VECTOR('',#1345,1.0);
#1343=DIRECTION('',(0.3895720521081835,0.6687951399150811,-0.6332035036559619));
#1344=DIRECTION('',(0.491059416817681,0.8500806392825628,0.19032486929360645));
#1345=DIRECTION('',(-0.4953644501720881,-0.8571689184428839,-0.1409805190838838));
#1346=FACE_SURFACE('',(#1351),#1347,.T.);
#1347=PLANE('',#1348);
#1348=AXIS2_PLACEMENT_3D('',#144,#1349,#1350);
#1349=DIRECTION('',(0.8655985109974004,-0.5007287640140229,0.0031500235034799774));
#1350=DIRECTION('',(0.35860037172266496,0.615489180328317,-0.7018396129452532));
#1351=FACE_BOUND('',#1352,.T.);
#1352=EDGE_LOOP('',(#1353,#1354,#1355));
#1353=ORIENTED_EDGE('',*,*,#1356,.T.);
#1354=ORIENTED_EDGE('',*,*,#1357,.T.);
#1355=ORIENTED_EDGE('',*,*,#1358,.T.);
#1356=EDGE_CURVE('',#145,#147,#1359,.F.);
#1357=EDGE_CURVE('',#147,#131,#1360,.T.);
#1358=EDGE_CURVE('',#131,#145,#1361,.T.);
#1359=LINE('',#144,#1362);
#1360=LINE('',#146,#1363);
#1361=LINE('',#130,#1364);
#1362=VECTOR('',#1365,1.0);
#1363=VECTOR('',#1366,1.0);
#1364=VECTOR('',#1367,1.0);
#1365=DIRECTION('',(0.35860037172266496,0.615489180328317,-0.7018396129452532));
#1366=DIRECTION('',(0.48453790796296026,0.8391638209123339,0.24703663173442536));
#1367=DIRECTION('',(-0.491059416817681,-0.8500806392825628,-0.19032486929360645));
#1368=FACE_SURFACE('',(#1373),#1369,.T.);
#1369=PLANE('',#1370);
#1370=AXIS2_PLACEMENT_3D('',#146,#1371,#1372);
#1371=DIRECTION('',(0.8656487507508053,-0.5006441846919825,0.0027641739580268176));
#1372=DIRECTION('',(0.324502728588456,0.556866394342546,-0.7645899541522756));
#1373=FACE_BOUND('',#1374,.T.);
#1374=EDGE_LOOP('',(#1375,#1376,#1377));
#1375=ORIENTED_EDGE('',*,*,#1378,.T.);
#1376=ORIENTED_EDGE('',*,*,#1379,.T.);
#1377=ORIENTED_EDGE('',*,*,#1380,.T.);
#1378=EDGE_CURVE('',#147,#149,#1381,.F.);
#1379=EDGE_CURVE('',#149,#131,#1382,.T.);
#1380=EDGE_CURVE('',#131,#147,#1383,.T.);
#1381=LINE('',#146,#1384);
#1382=LINE('',#148,#1385);
#1383=LINE('',#130,#1386);
#1384=VECTOR('',#1387,1.0);
#1385=VECTOR('',#1388,1.0);
#1386=VECTOR('',#1389,1.0);
#1387=DIRECTION('',(0.324502728588456,0.556866394342546,-0.7645899541522756));
#1388=DIRECTION('',(0.475292444324834,0.8235236744561646,0.3096866964820118));
#1389=DIRECTION('',(-0.48453790796296026,-0.8391638209123339,-0.24703663173442536));
#1390=FACE_SURFACE('',(#1395),#1391,.T.);
#1391=PLANE('',#1392);
#1392=AXIS2_PLACEMENT_3D('',#148,#1393,#1394);
#1393=DIRECTION('',(0.8657335822292231,-0.5005000489433934,0.0022506906090879195));
#1394=DIRECTION('',(0.28733193024156983,0.4933166993843034,-0.8210231397300751));
#1395=FACE_BOUND('',#1396,.T.);
#1396=EDGE_LOOP('',(#1397,#1398,#1399));
#1397=ORIENTED_EDGE('',*,*,#1400,.T.);
#1398=ORIENTED_EDGE('',*,*,#1401,.T.);
#1399=ORIENTED_EDGE('',*,*,#1402,.T.);
#1400=EDGE_CURVE('',#149,#151,#1403,.F.);
#1401=EDGE_CURVE('',#151,#131,#1404,.T.);
#1402=EDGE_CURVE('',#131,#149,#1405,.T.);
#1403=LINE('',#148,#1406);
#1404=LINE('',#150,#1407);
#1405=LINE('',#130,#1408);
#1406=VECTOR('',#1409,1.0);
#1407=VECTOR('',#1410,1.0);
#1408=VECTOR('',#1411,1.0);
#1409=DIRECTION('',(0.28733193024156983,0.4933166993843034,-0.8210231397300751));
#1410=DIRECTION('',(0.4630408949804328,0.8026299302163205,0.37600309133923937));
#1411=DIRECTION('',(-0.475292444324834,-0.8235236744561646,-0.3096866964820118));
#1412=FACE_SURFACE('',(#1417),#1413,.T.);
#1413=PLANE('',#1414);
#1414=AXIS2_PLACEMENT_3D('',#150,#1415,#1416);
#1415=DIRECTION('',(0.8657828236562783,-0.500415887603857,0.002010396827962302));
#1416=DIRECTION('',(0.2477804928032387,0.4251943199765546,-0.8705254836280552));
#1417=FACE_BOUND('',#1418,.T.);
#1418=EDGE_LOOP('',(#1419,#1420,#1421));
#1419=ORIENTED_EDGE('',*,*,#1422,.T.);
#1420=ORIENTED_EDGE('',*,*,#1423,.T.);
#1421=ORIENTED_EDGE('',*,*,#1424,.T.);
#1422=EDGE_CURVE('',#151,#153,#1425,.F.);
#1423=EDGE_CURVE('',#153,#131,#1426,.T.);
#1424=EDGE_CURVE('',#131,#151,#1427,.T.);
#1425=LINE('',#150,#1428);
#1426=LINE('',#152,#1429);
#1427=LINE('',#130,#1430);
#1428=VECTOR('',#1431,1.0);
#1429=VECTOR('',#1432,1.0);
#1430=VECTOR('',#1433,1.0);
#1431=DIRECTION('',(0.2477804928032387,0.4251943199765546,-0.8705254836280552));
#1432=DIRECTION('',(0.44784261467786696,0.7766044716860313,0.443082934715107));
#1433=DIRECTION('',(-0.4630408949804328,-0.8026299302163205,-0.37600309133923937));
#1434=FACE_SURFACE('',(#1439),#1435,.T.);
#1435=PLANE('',#1436);
#1436=AXIS2_PLACEMENT_3D('',#152,#1437,#1438);
#1437=DIRECTION('',(0.8658626191580134,-0.5002789914768153,0.0016898022858932674));
#1438=DIRECTION('',(0.20594949657823167,0.3533667672366675,-0.9125331405882637));
#1439=FACE_BOUND('',#1440,.T.);
#1440=EDGE_LOOP('',(#1441,#1442,#1443));
#1441=ORIENTED_EDGE('',*,*,#1444,.T.);
#1442=ORIENTED_EDGE('',*,*,#1445,.T.);
#1443=ORIENTED_EDGE('',*,*,#1446,.T.);
#1444=EDGE_CURVE('',#153,#155,#1447,.F.);
#1445=EDGE_CURVE('',#155,#131,#1448,.T.);
#1446=EDGE_CURVE('',#131,#153,#1449,.T.);
#1447=LINE('',#152,#1450);
#1448=LINE('',#154,#1451);
#1449=LINE('',#130,#1452);
#1450=VECTOR('',#1453,1.0);
#1451=VECTOR('',#1454,1.0);
#1452=VECTOR('',#1455,1.0);
#1453=DIRECTION('',(0.20594949657823167,0.3533667672366675,-0.9125331405882637));
#1454=DIRECTION('',(0.43022671188355366,0.7463342740234318,0.5078288371092989));
#1455=DIRECTION('',(-0.44784261467786696,-0.7766044716860313,-0.443082934715107));
#1456=FACE_SURFACE('',(#1461),#1457,.T.);
#1457=PLANE('',#1458);
#1458=AXIS2_PLACEMENT_3D('',#154,#1459,#1460);
#1459=DIRECTION('',(0.8659844136970597,-0.5000693557927977,0.0012785267835234973));
#1460=DIRECTION('',(0.16211118578615535,0.27831212367729585,-0.946711320972365));
#1461=FACE_BOUND('',#1462,.T.);
#1462=EDGE_LOOP('',(#1463,#1464,#1465));
#1463=ORIENTED_EDGE('',*,*,#1466,.T.);
#1464=ORIENTED_EDGE('',*,*,#1467,.T.);
#1465=ORIENTED_EDGE('',*,*,#1468,.T.);
#1466=EDGE_CURVE('',#155,#157,#1469,.F.);
#1467=EDGE_CURVE('',#157,#131,#1470,.T.);
#1468=EDGE_CURVE('',#131,#155,#1471,.T.);
#1469=LINE('',#154,#1472);
#1470=LINE('',#156,#1473);
#1471=LINE('',#130,#1474);
#1472=VECTOR('',#1475,1.0);
#1473=VECTOR('',#1476,1.0);
#1474=VECTOR('',#1477,1.0);
#1475=DIRECTION('',(0.16211118578615535,0.27831212367729585,-0.946711320972365));
#1476=DIRECTION('',(0.41110875119542584,0.7133797666349821,0.5675199584564017));
#1477=DIRECTION('',(-0.43022671188355366,-0.7463342740234318,-0.5078288371092989));
#1478=FACE_SURFACE('',(#1483),#1479,.T.);
#1479=PLANE('',#1480);
#1480=AXIS2_PLACEMENT_3D('',#156,#1481,#1482);
#1481=DIRECTION('',(0.866085526874762,-0.49989487697246826,0.000985958795614229));
#1482=DIRECTION('',(0.11687503038136056,0.20057166421258535,-0.9726824943363327));
#1483=FACE_BOUND('',#1484,.T.);
#1484=EDGE_LOOP('',(#1485,#1486,#1487));
#1485=ORIENTED_EDGE('',*,*,#1488,.T.);
#1486=ORIENTED_EDGE('',*,*,#1489,.T.);
#1487=ORIENTED_EDGE('',*,*,#1490,.T.);
#1488=EDGE_CURVE('',#157,#159,#1491,.F.);
#1489=EDGE_CURVE('',#159,#131,#1492,.T.);
#1490=EDGE_CURVE('',#131,#157,#1493,.T.);
#1491=LINE('',#156,#1494);
#1492=LINE('',#158,#1495);
#1493=LINE('',#130,#1496);
#1494=VECTOR('',#1497,1.0);
#1495=VECTOR('',#1498,1.0);
#1496=VECTOR('',#1499,1.0);
#1497=DIRECTION('',(0.11687503038136056,0.20057166421258535,-0.9726824943363327));
#1498=DIRECTION('',(0.39159357981147147,0.6796730267284181,0.6202411184275577));
#1499=DIRECTION('',(-0.41110875119542584,-0.7133797666349821,-0.5675199584564017));
#1500=FACE_SURFACE('',(#1505),#1501,.T.);
#1501=PLANE('',#1502);
#1502=AXIS2_PLACEMENT_3D('',#158,#1503,#1504);
#1503=DIRECTION('',(0.8662261688805363,-0.49965170526631403,0.0006306909013987431));
#1504=DIRECTION('',(0.07059953338860846,0.12114579505938876,-0.9901209028319418));
#1505=FACE_BOUND('',#1506,.T.);
#1506=EDGE_LOOP('',(#1507,#1508,#1509));
#1507=ORIENTED_EDGE('',*,*,#1510,.T.);
#1508=ORIENTED_EDGE('',*,*,#1511,.T.);
#1509=ORIENTED_EDGE('',*,*,#1512,.T.);
#1510=EDGE_CURVE('',#159,#161,#1513,.F.);
#1511=EDGE_CURVE('',#161,#131,#1514,.T.);
#1512=EDGE_CURVE('',#131,#159,#1515,.T.);
#1513=LINE('',#158,#1516);
#1514=LINE('',#160,#1517);
#1515=LINE('',#130,#1518);
#1516=VECTOR('',#1519,1.0);
#1517=VECTOR('',#1520,1.0);
#1518=VECTOR('',#1521,1.0);
#1519=DIRECTION('',(0.07059953338860846,0.12114579505938876,-0.9901209028319418));
#1520=DIRECTION('',(0.3727816520198523,0.6471160847157121,0.6650373018256622));
#1521=DIRECTION('',(-0.39159357981147147,-0.6796730267284181,-0.6202411184275577));
#1522=FACE_SURFACE('',(#1527),#1523,.T.);
#1523=PLANE('',#1524);
#1524=AXIS2_PLACEMENT_3D('',#160,#1525,#1526);
#1525=DIRECTION('',(0.8664094602354334,-0.49933415592439817,0.0002189561909209211));
#1526=DIRECTION('',(0.02358840714404601,0.040490928186754135,-0.9989014324661777));
#1527=FACE_BOUND('',#1528,.T.);
#1528=EDGE_LOOP('',(#1529,#1530,#1531));
#1529=ORIENTED_EDGE('',*,*,#1532,.T.);
#1530=ORIENTED_EDGE('',*,*,#1533,.T.);
#1531=ORIENTED_EDGE('',*,*,#1534,.T.);
#1532=EDGE_CURVE('',#161,#163,#1535,.F.);
#1533=EDGE_CURVE('',#163,#131,#1536,.T.);
#1534=EDGE_CURVE('',#131,#161,#1537,.T.);
#1535=LINE('',#160,#1538);
#1536=LINE('',#162,#1539);
#1537=LINE('',#130,#1540);
#1538=VECTOR('',#1541,1.0);
#1539=VECTOR('',#1542,1.0);
#1540=VECTOR('',#1543,1.0);
#1541=DIRECTION('',(0.02358840714404601,0.040490928186754135,-0.9989014324661777));
#1542=DIRECTION('',(0.3555702202652294,0.6172681491236337,0.7018189585199445));
#1543=DIRECTION('',(-0.3727816520198523,-0.6471160847157121,-0.6650373018256622));
#1544=FACE_SURFACE('',(#1549),#1545,.T.);
#1545=PLANE('',#1546);
#1546=AXIS2_PLACEMENT_3D('',#164,#1547,#1548);
#1547=DIRECTION('',(-0.866405003864395,0.49934188840922544,-0.00021853751679683554));
#1548=DIRECTION('',(-0.02358840714404601,-0.040490928186754135,0.9989014324661777));
#1549=FACE_BOUND('',#1550,.T.);
#1550=EDGE_LOOP('',(#1551,#1552,#1553));
#1551=ORIENTED_EDGE('',*,*,#1554,.T.);
#1552=ORIENTED_EDGE('',*,*,#1555,.T.);
#1553=ORIENTED_EDGE('',*,*,#1556,.T.);
#1554=EDGE_CURVE('',#165,#167,#1557,.F.);
#1555=EDGE_CURVE('',#167,#169,#1558,.T.);
#1556=EDGE_CURVE('',#169,#165,#1559,.T.);
#1557=LINE('',#164,#1560);
#1558=LINE('',#166,#1561);
#1559=LINE('',#168,#1562);
#1560=VECTOR('',#1563,1.0);
#1561=VECTOR('',#1564,1.0);
#1562=VECTOR('',#1565,1.0);
#1563=DIRECTION('',(-0.02358840714404601,-0.040490928186754135,0.9989014324661777));
#1564=DIRECTION('',(0.37278725597964546,0.6471119032097813,0.66503822935481));
#1565=DIRECTION('',(-0.3555755435995344,-0.6172640656610564,-0.7018198529804345));
#1566=FACE_SURFACE('',(#1571),#1567,.T.);
#1567=PLANE('',#1568);
#1568=AXIS2_PLACEMENT_3D('',#166,#1569,#1570);
#1569=DIRECTION('',(-0.8662220437802008,0.49965885819411004,-0.0006295215721982348));
#1570=DIRECTION('',(-0.07059953338860846,-0.12114579505938876,0.9901209028319418));
#1571=FACE_BOUND('',#1572,.T.);
#1572=EDGE_LOOP('',(#1573,#1574,#1575));
#1573=ORIENTED_EDGE('',*,*,#1576,.T.);
#1574=ORIENTED_EDGE('',*,*,#1577,.T.);
#1575=ORIENTED_EDGE('',*,*,#1578,.T.);
#1576=EDGE_CURVE('',#167,#171,#1579,.F.);
#1577=EDGE_CURVE('',#171,#169,#1580,.T.);
#1578=EDGE_CURVE('',#169,#167,#1581,.T.);
#1579=LINE('',#166,#1582);
#1580=LINE('',#170,#1583);
#1581=LINE('',#168,#1584);
#1582=VECTOR('',#1585,1.0);
#1583=VECTOR('',#1586,1.0);
#1584=VECTOR('',#1587,1.0);
#1585=DIRECTION('',(-0.07059953338860846,-0.12114579505938876,0.9901209028319418));
#1586=DIRECTION('',(0.39159944765002974,0.6796687861616943,0.6202420605841567));
#1587=DIRECTION('',(-0.37278725597964546,-0.6471119032097813,-0.66503822935481));
#1588=FACE_SURFACE('',(#1593),#1589,.T.);
#1589=PLANE('',#1590);
#1590=AXIS2_PLACEMENT_3D('',#170,#1591,#1592);
#1591=DIRECTION('',(-0.8660816668642458,0.4999015681500255,-0.0009841152346629657));
#1592=DIRECTION('',(-0.11687503038136056,-0.20057166421258535,0.9726824943363327));
#1593=FACE_BOUND('',#1594,.T.);
#1594=EDGE_LOOP('',(#1595,#1596,#1597));
#1595=ORIENTED_EDGE('',*,*,#1598,.T.);
#1596=ORIENTED_EDGE('',*,*,#1599,.T.);
#1597=ORIENTED_EDGE('',*,*,#1600,.T.);
#1598=EDGE_CURVE('',#171,#173,#1601,.F.);
#1599=EDGE_CURVE('',#173,#169,#1602,.T.);
#1600=EDGE_CURVE('',#169,#171,#1603,.T.);
#1601=LINE('',#170,#1604);
#1602=LINE('',#172,#1605);
#1603=LINE('',#168,#1606);
#1604=VECTOR('',#1607,1.0);
#1605=VECTOR('',#1608,1.0);
#1606=VECTOR('',#1609,1.0);
#1607=DIRECTION('',(-0.11687503038136056,-0.20057166421258535,0.9726824943363327));
#1608=DIRECTION('',(0.41111484707362583,0.7133755137002823,0.567520888574586));
#1609=DIRECTION('',(-0.39159944765002974,-0.6796687861616943,-0.6202420605841567));
#1610=FACE_SURFACE('',(#1615),#1611,.T.);
#1611=PLANE('',#1612);
#1612=AXIS2_PLACEMENT_3D('',#172,#1613,#1614);
#1613=DIRECTION('',(-0.8659807723470709,0.5000756679019779,-0.0012760476327799133));
#1614=DIRECTION('',(-0.16211118578615535,-0.27831212367729585,0.946711320972365));
#1615=FACE_BOUND('',#1616,.T.);
#1616=EDGE_LOOP('',(#1617,#1618,#1619));
#1617=ORIENTED_EDGE('',*,*,#1620,.T.);
#1618=ORIENTED_EDGE('',*,*,#1621,.T.);
#1619=ORIENTED_EDGE('',*,*,#1622,.T.);
#1620=EDGE_CURVE('',#173,#175,#1623,.F.);
#1621=EDGE_CURVE('',#175,#169,#1624,.T.);
#1622=EDGE_CURVE('',#169,#173,#1625,.T.);
#1623=LINE('',#172,#1626);
#1624=LINE('',#174,#1627);
#1625=LINE('',#168,#1628);
#1626=VECTOR('',#1629,1.0);
#1627=VECTOR('',#1630,1.0);
#1628=VECTOR('',#1631,1.0);
#1629=DIRECTION('',(-0.16211118578615535,-0.27831212367729585,0.946711320972365));
#1630=DIRECTION('',(0.43023297918281167,0.7463300585754895,0.5078297227321269));
#1631=DIRECTION('',(-0.41111484707362583,-0.7133755137002823,-0.567520888574586));
#1632=FACE_SURFACE('',(#1637),#1633,.T.);
#1633=PLANE('',#1634);
#1634=AXIS2_PLACEMENT_3D('',#174,#1635,#1636);
#1635=DIRECTION('',(-0.8658687930041282,0.5002684248686835,-0.0016542010097431695));
#1636=DIRECTION('',(-0.20594404202426592,-0.35343235159622927,0.9125089722297896));
#1637=FACE_BOUND('',#1638,.T.);
#1638=EDGE_LOOP('',(#1639,#1640,#1641));
#1639=ORIENTED_EDGE('',*,*,#1642,.T.);
#1640=ORIENTED_EDGE('',*,*,#1643,.T.);
#1641=ORIENTED_EDGE('',*,*,#1644,.T.);
#1642=EDGE_CURVE('',#175,#177,#1645,.F.);
#1643=EDGE_CURVE('',#177,#169,#1646,.T.);
#1644=EDGE_CURVE('',#169,#175,#1647,.T.);
#1645=LINE('',#174,#1648);
#1646=LINE('',#176,#1649);
#1647=LINE('',#168,#1650);
#1648=VECTOR('',#1651,1.0);
#1649=VECTOR('',#1652,1.0);
#1650=VECTOR('',#1653,1.0);
#1651=DIRECTION('',(-0.20594404202426592,-0.35343235159622927,0.9125089722297896));
#1652=DIRECTION('',(0.4478470494681407,0.7766025423101768,0.44308183393144307));
#1653=DIRECTION('',(-0.43023297918281167,-0.7463300585754895,-0.5078297227321269));
#1654=FACE_SURFACE('',(#1659),#1655,.T.);
#1655=PLANE('',#1656);
#1656=AXIS2_PLACEMENT_3D('',#176,#1657,#1658);
#1657=DIRECTION('',(-0.8657952243700157,0.5003946718255509,-0.0019498376017932047));
#1658=DIRECTION('',(-0.24771022862291608,-0.4252022056748756,0.8705416284847057));
#1659=FACE_BOUND('',#1660,.T.);
#1660=EDGE_LOOP('',(#1661,#1662,#1663));
#1661=ORIENTED_EDGE('',*,*,#1664,.T.);
#1662=ORIENTED_EDGE('',*,*,#1665,.T.);
#1663=ORIENTED_EDGE('',*,*,#1666,.T.);
#1664=EDGE_CURVE('',#177,#179,#1667,.F.);
#1665=EDGE_CURVE('',#179,#169,#1668,.T.);
#1666=EDGE_CURVE('',#169,#177,#1669,.T.);
#1667=LINE('',#176,#1670);
#1668=LINE('',#178,#1671);
#1669=LINE('',#168,#1672);
#1670=VECTOR('',#1673,1.0);
#1671=VECTOR('',#1674,1.0);
#1672=VECTOR('',#1675,1.0);
#1673=DIRECTION('',(-0.24771022862291608,-0.4252022056748756,0.8705416284847057));
#1674=DIRECTION('',(0.4630408949804328,0.8026299302163205,0.37600309133923937));
#1675=DIRECTION('',(-0.4478470494681407,-0.7766025423101768,-0.44308183393144307));
#1676=FACE_SURFACE('',(#1681),#1677,.T.);
#1677=PLANE('',#1678);
#1678=AXIS2_PLACEMENT_3D('',#178,#1679,#1680);
#1679=DIRECTION('',(-0.8657136803989789,0.5005340265533259,-0.0023477291941885158));
#1680=DIRECTION('',(-0.28741112269583424,-0.49324952560468743,0.8210357800007689));
#1681=FACE_BOUND('',#1682,.T.);
#1682=EDGE_LOOP('',(#1683,#1684,#1685));
#1683=ORIENTED_EDGE('',*,*,#1686,.T.);
#1684=ORIENTED_EDGE('',*,*,#1687,.T.);
#1685=ORIENTED_EDGE('',*,*,#1688,.T.);
#1686=EDGE_CURVE('',#179,#181,#1689,.F.);
#1687=EDGE_CURVE('',#181,#169,#1690,.T.);
#1688=EDGE_CURVE('',#169,#179,#1691,.T.);
#1689=LINE('',#178,#1692);
#1690=LINE('',#180,#1693);
#1691=LINE('',#168,#1694);
#1692=VECTOR('',#1695,1.0);
#1693=VECTOR('',#1696,1.0);
#1694=VECTOR('',#1697,1.0);
#1695=DIRECTION('',(-0.28741112269583424,-0.49324952560468743,0.8210357800007689));
#1696=DIRECTION('',(0.47529874769166647,0.8235198171425714,0.3096872797132607));
#1697=DIRECTION('',(-0.4630408949804328,-0.8026299302163205,-0.37600309133923937));
#1698=FACE_SURFACE('',(#1703),#1699,.T.);
#1699=PLANE('',#1700);
#1700=AXIS2_PLACEMENT_3D('',#180,#1701,#1702);
#1701=DIRECTION('',(-0.8656566821064234,0.500630860063981,-0.0026927079487538232));
#1702=DIRECTION('',(-0.3244359217575615,-0.5568798859534853,0.7646084784343911));
#1703=FACE_BOUND('',#1704,.T.);
#1704=EDGE_LOOP('',(#1705,#1706,#1707));
#1705=ORIENTED_EDGE('',*,*,#1708,.T.);
#1706=ORIENTED_EDGE('',*,*,#1709,.T.);
#1707=ORIENTED_EDGE('',*,*,#1710,.T.);
#1708=EDGE_CURVE('',#181,#183,#1711,.F.);
#1709=EDGE_CURVE('',#183,#169,#1712,.T.);
#1710=EDGE_CURVE('',#169,#181,#1713,.T.);
#1711=LINE('',#180,#1714);
#1712=LINE('',#182,#1715);
#1713=LINE('',#168,#1716);
#1714=VECTOR('',#1717,1.0);
#1715=VECTOR('',#1718,1.0);
#1716=VECTOR('',#1719,1.0);
#1717=DIRECTION('',(-0.3244359217575615,-0.5568798859534853,0.7646084784343911));
#1718=DIRECTION('',(0.48454004413528484,0.8391622668540796,0.24703772083975065));
#1719=DIRECTION('',(-0.47529874769166647,-0.8235198171425714,-0.3096872797132607));
#1720=FACE_SURFACE('',(#1725),#1721,.T.);
#1721=PLANE('',#1722);
#1722=AXIS2_PLACEMENT_3D('',#182,#1723,#1724);
#1723=DIRECTION('',(-0.8655879086715691,0.5007466407215627,-0.003220895473275405));
#1724=DIRECTION('',(-0.35866534862014243,-0.6154727208961862,0.7018208443269814));
#1725=FACE_BOUND('',#1726,.T.);
#1726=EDGE_LOOP('',(#1727,#1728,#1729));
#1727=ORIENTED_EDGE('',*,*,#1730,.T.);
#1728=ORIENTED_EDGE('',*,*,#1731,.T.);
#1729=ORIENTED_EDGE('',*,*,#1732,.T.);
#1730=EDGE_CURVE('',#183,#185,#1733,.F.);
#1731=EDGE_CURVE('',#185,#169,#1734,.T.);
#1732=EDGE_CURVE('',#169,#183,#1735,.T.);
#1733=LINE('',#182,#1736);
#1734=LINE('',#184,#1737);
#1735=LINE('',#168,#1738);
#1736=VECTOR('',#1739,1.0);
#1737=VECTOR('',#1740,1.0);
#1738=VECTOR('',#1741,1.0);
#1739=DIRECTION('',(-0.35866534862014243,-0.6154727208961862,0.7018208443269814));
#1740=DIRECTION('',(0.4910653694699321,0.8500771232150744,0.1903252150760431));
#1741=DIRECTION('',(-0.48454004413528484,-0.8391622668540796,-0.24703772083975065));
#1742=FACE_SURFACE('',(#1747),#1743,.T.);
#1743=PLANE('',#1744);
#1744=AXIS2_PLACEMENT_3D('',#184,#1745,#1746);
#1745=DIRECTION('',(-0.8655531152918489,0.5008044215929225,-0.0035687422929589537));
#1746=DIRECTION('',(-0.3895720521081835,-0.6687951399150811,0.6332035036559619));
#1747=FACE_BOUND('',#1748,.T.);
#1748=EDGE_LOOP('',(#1749,#1750,#1751));
#1749=ORIENTED_EDGE('',*,*,#1752,.T.);
#1750=ORIENTED_EDGE('',*,*,#1753,.T.);
#1751=ORIENTED_EDGE('',*,*,#1754,.T.);
#1752=EDGE_CURVE('',#185,#187,#1755,.F.);
#1753=EDGE_CURVE('',#187,#169,#1756,.T.);
#1754=EDGE_CURVE('',#169,#185,#1757,.T.);
#1755=LINE('',#184,#1758);
#1756=LINE('',#186,#1759);
#1757=LINE('',#168,#1760);
#1758=VECTOR('',#1761,1.0);
#1759=VECTOR('',#1762,1.0);
#1760=VECTOR('',#1763,1.0);
#1761=DIRECTION('',(-0.3895720521081835,-0.6687951399150811,0.6332035036559619));
#1762=DIRECTION('',(0.4953701619750809,0.8571655768880737,0.1409807661453071));
#1763=DIRECTION('',(-0.4910653694699321,-0.8500771232150744,-0.1903252150760431));
#1764=FACE_SURFACE('',(#1769),#1765,.T.);
#1765=PLANE('',#1766);
#1766=AXIS2_PLACEMENT_3D('',#186,#1767,#1768);
#1767=DIRECTION('',(-0.8654995749093393,0.5008913279015764,-0.0042852613395666745));
#1768=DIRECTION('',(-0.4172699185594904,-0.7162228810633492,0.5593841253616979));
#1769=FACE_BOUND('',#1770,.T.);
#1770=EDGE_LOOP('',(#1771,#1772,#1773));
#1771=ORIENTED_EDGE('',*,*,#1774,.T.);
#1772=ORIENTED_EDGE('',*,*,#1775,.T.);
#1773=ORIENTED_EDGE('',*,*,#1776,.T.);
#1774=EDGE_CURVE('',#187,#189,#1777,.F.);
#1775=EDGE_CURVE('',#189,#169,#1778,.T.);
#1776=EDGE_CURVE('',#169,#187,#1779,.T.);
#1777=LINE('',#186,#1780);
#1778=LINE('',#188,#1781);
#1779=LINE('',#168,#1782);
#1780=VECTOR('',#1783,1.0);
#1781=VECTOR('',#1784,1.0);
#1782=VECTOR('',#1785,1.0);
#1783=DIRECTION('',(-0.4172699185594904,-0.7162228810633492,0.5593841253616979));
#1784=DIRECTION('',(0.4980335415510774,0.8614140145646617,0.09964179344875376));
#1785=DIRECTION('',(-0.4953701619750809,-0.8571655768880737,-0.1409807661453071));
#1786=FACE_SURFACE('',(#1791),#1787,.T.);
#1787=PLANE('',#1788);
#1788=AXIS2_PLACEMENT_3D('',#188,#1789,#1790);
#1789=DIRECTION('',(-0.8654503478661405,0.5009677977304692,-0.005192399778524449));
#1790=DIRECTION('',(-0.4413350502186423,-0.7574444365751791,0.4811458188011385));
#1791=FACE_BOUND('',#1792,.T.);
#1792=EDGE_LOOP('',(#1793,#1794,#1795));
#1793=ORIENTED_EDGE('',*,*,#1796,.T.);
#1794=ORIENTED_EDGE('',*,*,#1797,.T.);
#1795=ORIENTED_EDGE('',*,*,#1798,.T.);
#1796=EDGE_CURVE('',#189,#191,#1799,.F.);
#1797=EDGE_CURVE('',#191,#169,#1800,.T.);
#1798=EDGE_CURVE('',#169,#189,#1801,.T.);
#1799=LINE('',#188,#1802);
#1800=LINE('',#190,#1803);
#1801=LINE('',#168,#1804);
#1802=VECTOR('',#1805,1.0);
#1803=VECTOR('',#1806,1.0);
#1804=VECTOR('',#1807,1.0);
#1805=DIRECTION('',(-0.4413350502186423,-0.7574444365751791,0.4811458188011385));
#1806=DIRECTION('',(0.49957428714506497,0.8637301646790301,0.06630033368721316));
#1807=DIRECTION('',(-0.4980335415510774,-0.8614140145646617,-0.09964179344875376));
#1808=FACE_SURFACE('',(#1813),#1809,.T.);
#1809=PLANE('',#1810);
#1810=AXIS2_PLACEMENT_3D('',#190,#1811,#1812);
#1811=DIRECTION('',(-0.8654066009406383,0.5010302186299137,-0.006335224386868072));
#1812=DIRECTION('',(-0.4616421879722793,-0.7923299462160031,0.3988730958757592));
#1813=FACE_BOUND('',#1814,.T.);
#1814=EDGE_LOOP('',(#1815,#1816,#1817));
#1815=ORIENTED_EDGE('',*,*,#1818,.T.);
#1816=ORIENTED_EDGE('',*,*,#1819,.T.);
#1817=ORIENTED_EDGE('',*,*,#1820,.T.);
#1818=EDGE_CURVE('',#191,#193,#1821,.F.);
#1819=EDGE_CURVE('',#193,#169,#1822,.T.);
#1820=EDGE_CURVE('',#169,#191,#1823,.T.);
#1821=LINE('',#190,#1824);
#1822=LINE('',#192,#1825);
#1823=LINE('',#168,#1826);
#1824=VECTOR('',#1827,1.0);
#1825=VECTOR('',#1828,1.0);
#1826=VECTOR('',#1829,1.0);
#1827=DIRECTION('',(-0.4616421879722793,-0.7923299462160031,0.3988730958757592));
#1828=DIRECTION('',(0.500405597802644,0.8648405660572445,0.04055900626942777));
#1829=DIRECTION('',(-0.49957428714506497,-0.8637301646790301,-0.06630033368721316));
#1830=FACE_SURFACE('',(#1835),#1831,.T.);
#1831=PLANE('',#1832);
#1832=AXIS2_PLACEMENT_3D('',#192,#1833,#1834);
#1833=DIRECTION('',(-0.8653572383470575,0.5010886025250934,-0.008189167222799108));
#1834=DIRECTION('',(-0.4780538473523239,-0.8204527806629743,0.31356299803075366));
#1835=FACE_BOUND('',#1836,.T.);
#1836=EDGE_LOOP('',(#1837,#1838,#1839));
#1837=ORIENTED_EDGE('',*,*,#1840,.T.);
#1838=ORIENTED_EDGE('',*,*,#1841,.T.);
#1839=ORIENTED_EDGE('',*,*,#1842,.T.);
#1840=EDGE_CURVE('',#193,#195,#1843,.F.);
#1841=EDGE_CURVE('',#195,#169,#1844,.T.);
#1842=EDGE_CURVE('',#169,#193,#1845,.T.);
#1843=LINE('',#192,#1846);
#1844=LINE('',#194,#1847);
#1845=LINE('',#168,#1848);
#1846=VECTOR('',#1849,1.0);
#1847=VECTOR('',#1850,1.0);
#1848=VECTOR('',#1851,1.0);
#1849=DIRECTION('',(-0.4780538473523239,-0.8204527806629743,0.31356299803075366));
#1850=DIRECTION('',(0.5008322424611208,0.8652703988275885,0.021776175608017426));
#1851=DIRECTION('',(-0.500405597802644,-0.8648405660572445,-0.04055900626942777));
#1852=FACE_SURFACE('',(#1857),#1853,.T.);
#1853=PLANE('',#1854);
#1854=AXIS2_PLACEMENT_3D('',#194,#1855,#1856);
#1855=DIRECTION('',(-0.8652981320251094,0.5011313579608123,-0.011247434472302658));
#1856=DIRECTION('',(-0.4904196334713387,-0.8417351932892755,0.22576635596143185));
#1857=FACE_BOUND('',#1858,.T.);
#1858=EDGE_LOOP('',(#1859,#1860,#1861));
#1859=ORIENTED_EDGE('',*,*,#1862,.T.);
#1860=ORIENTED_EDGE('',*,*,#1863,.T.);
#1861=ORIENTED_EDGE('',*,*,#1864,.T.);
#1862=EDGE_CURVE('',#195,#197,#1865,.F.);
#1863=EDGE_CURVE('',#197,#169,#1866,.T.);
#1864=EDGE_CURVE('',#169,#195,#1867,.T.);
#1865=LINE('',#194,#1868);
#1866=LINE('',#196,#1869);
#1867=LINE('',#168,#1870);
#1868=VECTOR('',#1871,1.0);
#1869=VECTOR('',#1872,1.0);
#1870=VECTOR('',#1873,1.0);
#1871=DIRECTION('',(-0.4904196334713387,-0.8417351932892755,0.22576635596143185));
#1872=DIRECTION('',(0.5010518753221682,0.8653680353672216,0.009229387889434452));
#1873=DIRECTION('',(-0.5008322424611208,-0.8652703988275885,-0.021776175608017426));
#1874=FACE_SURFACE('',(#1879),#1875,.T.);
#1875=PLANE('',#1876);
#1876=AXIS2_PLACEMENT_3D('',#196,#1877,#1878);
#1877=DIRECTION('',(-0.8651747305687929,0.5011354369179136,-0.018329196662933006));
#1878=DIRECTION('',(-0.4987143053883692,-0.856017636416319,0.13608029888714707));
#1879=FACE_BOUND('',#1880,.T.);
#1880=EDGE_LOOP('',(#1881,#1882,#1883));
#1881=ORIENTED_EDGE('',*,*,#1884,.T.);
#1882=ORIENTED_EDGE('',*,*,#1885,.T.);
#1883=ORIENTED_EDGE('',*,*,#1886,.T.);
#1884=EDGE_CURVE('',#197,#199,#1887,.F.);
#1885=EDGE_CURVE('',#199,#169,#1888,.T.);
#1886=EDGE_CURVE('',#169,#197,#1889,.T.);
#1887=LINE('',#196,#1890);
#1888=LINE('',#198,#1891);
#1889=LINE('',#168,#1892);
#1890=VECTOR('',#1893,1.0);
#1891=VECTOR('',#1894,1.0);
#1892=VECTOR('',#1895,1.0);
#1893=DIRECTION('',(-0.4987143053883692,-0.856017636416319,0.13608029888714707));
#1894=DIRECTION('',(0.5011835197926781,0.8653382216470169,0.0022003738319988585));
#1895=DIRECTION('',(-0.5010518753221682,-0.8653680353672216,-0.009229387889434452));
#1896=FACE_SURFACE('',(#1901),#1897,.T.);
#1897=PLANE('',#1898);
#1898=AXIS2_PLACEMENT_3D('',#198,#1899,#1900);
#1899=DIRECTION('',(-0.8640184260622631,0.5005564224752956,-0.053994697365786735));
#1900=DIRECTION('',(-0.5028946679253609,-0.8631520051041556,0.045448531955574266));
#1901=FACE_BOUND('',#1902,.T.);
#1902=EDGE_LOOP('',(#1903,#1904,#1905));
#1903=ORIENTED_EDGE('',*,*,#1906,.T.);
#1904=ORIENTED_EDGE('',*,*,#1907,.T.);
#1905=ORIENTED_EDGE('',*,*,#1908,.T.);
#1906=EDGE_CURVE('',#199,#201,#1909,.F.);
#1907=EDGE_CURVE('',#201,#169,#1910,.T.);
#1908=EDGE_CURVE('',#169,#199,#1911,.T.);
#1909=LINE('',#198,#1912);
#1910=LINE('',#200,#1913);
#1911=LINE('',#168,#1914);
#1912=VECTOR('',#1915,1.0);
#1913=VECTOR('',#1916,1.0);
#1914=VECTOR('',#1917,1.0);
#1915=DIRECTION('',(-0.5028946679253609,-0.8631520051041556,0.045448531955574266));
#1916=DIRECTION('',(0.5012876897723961,0.8652806782094778,0));
#1917=DIRECTION('',(-0.5011835197926781,-0.8653382216470169,-0.0022003738319988585));
#1918=FACE_SURFACE('',(#1923),#1919,.T.);
#1919=PLANE('',#1920);
#1920=AXIS2_PLACEMENT_3D('',#126,#1921,#1922);
#1921=DIRECTION('',(-0.02272965567262055,-0.039356852126070686,-0.9989666665828898));
#1922=DIRECTION('',(-0.8659590229990239,0.5001149572714017,0));
#1923=FACE_BOUND('',#1924,.T.);
#1924=EDGE_LOOP('',(#1925,#1926,#1927));
#1925=ORIENTED_EDGE('',*,*,#1928,.T.);
#1926=ORIENTED_EDGE('',*,*,#1929,.T.);
#1927=ORIENTED_EDGE('',*,*,#1930,.T.);
#1928=EDGE_CURVE('',#127,#201,#1931,.F.);
#1929=EDGE_CURVE('',#201,#199,#1932,.T.);
#1930=EDGE_CURVE('',#199,#127,#1933,.T.);
#1931=LINE('',#126,#1934);
#1932=LINE('',#200,#1935);
#1933=LINE('',#198,#1936);
#1934=VECTOR('',#1937,1.0);
#1935=VECTOR('',#1938,1.0);
#1936=VECTOR('',#1939,1.0);
#1937=DIRECTION('',(-0.8659590229990239,0.5001149572714017,0));
#1938=DIRECTION('',(0.5028946679253609,0.8631520051041556,-0.045448531955574266));
#1939=DIRECTION('',(0.83517922800299,-0.5499714149192886,0.002664560752779061));
#1940=FACE_SURFACE('',(#1945),#1941,.T.);
#1941=PLANE('',#1942);
#1942=AXIS2_PLACEMENT_3D('',#126,#1943,#1944);
#1943=DIRECTION('',(-0.022728729793477145,-0.03935544646876632,-0.9989667430276242));
#1944=DIRECTION('',(-0.83517922800299,0.5499714149192886,-0.002664560752779061));
#1945=FACE_BOUND('',#1946,.T.);
#1946=EDGE_LOOP('',(#1947,#1948,#1949));
#1947=ORIENTED_EDGE('',*,*,#1950,.T.);
#1948=ORIENTED_EDGE('',*,*,#1951,.T.);
#1949=ORIENTED_EDGE('',*,*,#1952,.T.);
#1950=EDGE_CURVE('',#127,#199,#1953,.F.);
#1951=EDGE_CURVE('',#199,#129,#1954,.T.);
#1952=EDGE_CURVE('',#129,#127,#1955,.T.);
#1953=LINE('',#126,#1956);
#1954=LINE('',#198,#1957);
#1955=LINE('',#128,#1958);
#1956=VECTOR('',#1959,1.0);
#1957=VECTOR('',#1960,1.0);
#1958=VECTOR('',#1961,1.0);
#1959=DIRECTION('',(-0.83517922800299,0.5499714149192886,-0.002664560752779061));
#1960=DIRECTION('',(0.8659601100376232,-0.5001130750376633,0));
#1961=DIRECTION('',(-0.5029499652606386,-0.8631198741581025,0.045446840128040046));
#1962=FACE_SURFACE('',(#1967),#1963,.T.);
#1963=PLANE('',#1964);
#1964=AXIS2_PLACEMENT_3D('',#128,#1965,#1966);
#1965=DIRECTION('',(-0.06805601808157803,-0.11784094407491245,-0.9906976785591117));
#1966=DIRECTION('',(-0.8659601100376232,0.5001130750376633,0));
#1967=FACE_BOUND('',#1968,.T.);
#1968=EDGE_LOOP('',(#1969,#1970,#1971));
#1969=ORIENTED_EDGE('',*,*,#1972,.T.);
#1970=ORIENTED_EDGE('',*,*,#1973,.T.);
#1971=ORIENTED_EDGE('',*,*,#1974,.T.);
#1972=EDGE_CURVE('',#129,#199,#1975,.F.);
#1973=EDGE_CURVE('',#199,#197,#1976,.T.);
#1974=EDGE_CURVE('',#197,#129,#1977,.T.);
#1975=LINE('',#128,#1978);
#1976=LINE('',#198,#1979);
#1977=LINE('',#196,#1980);
#1978=VECTOR('',#1981,1.0);
#1979=VECTOR('',#1982,1.0);
#1980=VECTOR('',#1983,1.0);
#1981=DIRECTION('',(-0.8659601100376232,0.5001130750376633,0));
#1982=DIRECTION('',(0.4987143053883692,0.856017636416319,-0.13608029888714707));
#1983=DIRECTION('',(0.8354303039526022,-0.5495385211760675,0.00797627615390748));
#1984=FACE_SURFACE('',(#1989),#1985,.T.);
#1985=PLANE('',#1986);
#1986=AXIS2_PLACEMENT_3D('',#128,#1987,#1988);
#1987=DIRECTION('',(-0.06805601808157803,-0.11784094407491245,-0.9906976785591117));
#1988=DIRECTION('',(-0.8354303039526022,0.5495385211760675,-0.00797627615390748));
#1989=FACE_BOUND('',#1990,.T.);
#1990=EDGE_LOOP('',(#1991,#1992,#1993));
#1991=ORIENTED_EDGE('',*,*,#1994,.T.);
#1992=ORIENTED_EDGE('',*,*,#1995,.T.);
#1993=ORIENTED_EDGE('',*,*,#1996,.T.);
#1994=EDGE_CURVE('',#129,#197,#1997,.F.);
#1995=EDGE_CURVE('',#197,#133,#1998,.T.);
#1996=EDGE_CURVE('',#133,#129,#1999,.T.);
#1997=LINE('',#128,#2000);
#1998=LINE('',#196,#2001);
#1999=LINE('',#132,#2002);
#2000=VECTOR('',#2003,1.0);
#2001=VECTOR('',#2004,1.0);
#2002=VECTOR('',#2005,1.0);
#2003=DIRECTION('',(-0.8354303039526022,0.5495385211760675,-0.00797627615390748));
#2004=DIRECTION('',(0.8659601100376232,-0.5001130750376633,0));
#2005=DIRECTION('',(-0.4987143053883692,-0.856017636416319,0.13608029888714707));
#2006=FACE_SURFACE('',(#2011),#2007,.T.);
#2007=PLANE('',#2008);
#2008=AXIS2_PLACEMENT_3D('',#132,#2009,#2010);
#2009=DIRECTION('',(-0.1129094882128753,-0.19550601197489148,-0.9741811159908511));
#2010=DIRECTION('',(-0.8659601100376232,0.5001130750376633,0));
#2011=FACE_BOUND('',#2012,.T.);
#2012=EDGE_LOOP('',(#2013,#2014,#2015));
#2013=ORIENTED_EDGE('',*,*,#2016,.T.);
#2014=ORIENTED_EDGE('',*,*,#2017,.T.);
#2015=ORIENTED_EDGE('',*,*,#2018,.T.);
#2016=EDGE_CURVE('',#133,#197,#2019,.F.);
#2017=EDGE_CURVE('',#197,#195,#2020,.T.);
#2018=EDGE_CURVE('',#195,#133,#2021,.T.);
#2019=LINE('',#132,#2022);
#2020=LINE('',#196,#2023);
#2021=LINE('',#194,#2024);
#2022=VECTOR('',#2025,1.0);
#2023=VECTOR('',#2026,1.0);
#2024=VECTOR('',#2027,1.0);
#2025=DIRECTION('',(-0.8659601100376232,0.5001130750376633,0));
#2026=DIRECTION('',(0.4904196334713387,0.8417351932892755,-0.22576635596143185));
#2027=DIRECTION('',(0.8359286100118071,-0.5486787758570121,0.013227240368984395));
#2028=FACE_SURFACE('',(#2033),#2029,.T.);
#2029=PLANE('',#2030);
#2030=AXIS2_PLACEMENT_3D('',#132,#2031,#2032);
#2031=DIRECTION('',(-0.1129094882128753,-0.19550601197489148,-0.9741811159908511));
#2032=DIRECTION('',(-0.8359286100118071,0.5486787758570121,-0.013227240368984395));
#2033=FACE_BOUND('',#2034,.T.);
#2034=EDGE_LOOP('',(#2035,#2036,#2037));
#2035=ORIENTED_EDGE('',*,*,#2038,.T.);
#2036=ORIENTED_EDGE('',*,*,#2039,.T.);
#2037=ORIENTED_EDGE('',*,*,#2040,.T.);
#2038=EDGE_CURVE('',#133,#195,#2041,.F.);
#2039=EDGE_CURVE('',#195,#135,#2042,.T.);
#2040=EDGE_CURVE('',#135,#133,#2043,.T.);
#2041=LINE('',#132,#2044);
#2042=LINE('',#194,#2045);
#2043=LINE('',#134,#2046);
#2044=VECTOR('',#2047,1.0);
#2045=VECTOR('',#2048,1.0);
#2046=VECTOR('',#2049,1.0);
#2047=DIRECTION('',(-0.8359286100118071,0.5486787758570121,-0.013227240368984395));
#2048=DIRECTION('',(0.8659601100376232,-0.5001130750376633,0));
#2049=DIRECTION('',(-0.4904196334713387,-0.8417351932892755,0.22576635596143185));
#2050=FACE_SURFACE('',(#2055),#2051,.T.);
#2051=PLANE('',#2052);
#2052=AXIS2_PLACEMENT_3D('',#134,#2053,#2054);
#2053=DIRECTION('',(-0.15681800343663754,-0.27153486339393174,-0.9495667073775205));
#2054=DIRECTION('',(-0.8659601100376232,0.5001130750376633,0));
#2055=FACE_BOUND('',#2056,.T.);
#2056=EDGE_LOOP('',(#2057,#2058,#2059));
#2057=ORIENTED_EDGE('',*,*,#2060,.T.);
#2058=ORIENTED_EDGE('',*,*,#2061,.T.);
#2059=ORIENTED_EDGE('',*,*,#2062,.T.);
#2060=EDGE_CURVE('',#135,#195,#2063,.F.);
#2061=EDGE_CURVE('',#195,#193,#2064,.T.);
#2062=EDGE_CURVE('',#193,#135,#2065,.T.);
#2063=LINE('',#134,#2066);
#2064=LINE('',#194,#2067);
#2065=LINE('',#192,#2068);
#2066=VECTOR('',#2069,1.0);
#2067=VECTOR('',#2070,1.0);
#2068=VECTOR('',#2071,1.0);
#2069=DIRECTION('',(-0.8659601100376232,0.5001130750376633,0));
#2070=DIRECTION('',(0.4780538473523239,0.8204527806629743,-0.31356299803075366));
#2071=DIRECTION('',(0.8366739717203802,-0.5473935489209707,0.018356678494471975));
#2072=FACE_SURFACE('',(#2077),#2073,.T.);
#2073=PLANE('',#2074);
#2074=AXIS2_PLACEMENT_3D('',#134,#2075,#2076);
#2075=DIRECTION('',(-0.15681800343663754,-0.27153486339393174,-0.9495667073775205));
#2076=DIRECTION('',(-0.8366739717203802,0.5473935489209707,-0.018356678494471975));
#2077=FACE_BOUND('',#2078,.T.);
#2078=EDGE_LOOP('',(#2079,#2080,#2081));
#2079=ORIENTED_EDGE('',*,*,#2082,.T.);
#2080=ORIENTED_EDGE('',*,*,#2083,.T.);
#2081=ORIENTED_EDGE('',*,*,#2084,.T.);
#2082=EDGE_CURVE('',#135,#193,#2085,.F.);
#2083=EDGE_CURVE('',#193,#137,#2086,.T.);
#2084=EDGE_CURVE('',#137,#135,#2087,.T.);
#2085=LINE('',#134,#2088);
#2086=LINE('',#192,#2089);
#2087=LINE('',#136,#2090);
#2088=VECTOR('',#2091,1.0);
#2089=VECTOR('',#2092,1.0);
#2090=VECTOR('',#2093,1.0);
#2091=DIRECTION('',(-0.8366739717203802,0.5473935489209707,-0.018356678494471975));
#2092=DIRECTION('',(0.8659601100376232,-0.5001130750376633,0));
#2093=DIRECTION('',(-0.4780538473523239,-0.8204527806629743,0.31356299803075366));
#2094=FACE_SURFACE('',(#2099),#2095,.T.);
#2095=PLANE('',#2096);
#2096=AXIS2_PLACEMENT_3D('',#136,#2097,#2098);
#2097=DIRECTION('',(-0.19948287876425566,-0.3454103167214882,-0.9170050676971673));
#2098=DIRECTION('',(-0.8659601100376232,0.5001130750376633,0));
#2099=FACE_BOUND('',#2100,.T.);
#2100=EDGE_LOOP('',(#2101,#2102,#2103));
#2101=ORIENTED_EDGE('',*,*,#2104,.T.);
#2102=ORIENTED_EDGE('',*,*,#2105,.T.);
#2103=ORIENTED_EDGE('',*,*,#2106,.T.);
#2104=EDGE_CURVE('',#137,#193,#2107,.F.);
#2105=EDGE_CURVE('',#193,#191,#2108,.T.);
#2106=EDGE_CURVE('',#191,#137,#2109,.T.);
#2107=LINE('',#136,#2110);
#2108=LINE('',#192,#2111);
#2109=LINE('',#190,#2112);
#2110=VECTOR('',#2113,1.0);
#2111=VECTOR('',#2114,1.0);
#2112=VECTOR('',#2115,1.0);
#2113=DIRECTION('',(-0.8659601100376232,0.5001130750376633,0));
#2114=DIRECTION('',(0.4616421879722793,0.7923299462160031,-0.3988730958757592));
#2115=DIRECTION('',(0.8376542882229568,-0.5457023136368273,0.0233297731044508));
#2116=FACE_SURFACE('',(#2121),#2117,.T.);
#2117=PLANE('',#2118);
#2118=AXIS2_PLACEMENT_3D('',#136,#2119,#2120);
#2119=DIRECTION('',(-0.19948287876425566,-0.3454103167214882,-0.9170050676971673));
#2120=DIRECTION('',(-0.8376542882229568,0.5457023136368273,-0.0233297731044508));
#2121=FACE_BOUND('',#2122,.T.);
#2122=EDGE_LOOP('',(#2123,#2124,#2125));
#2123=ORIENTED_EDGE('',*,*,#2126,.T.);
#2124=ORIENTED_EDGE('',*,*,#2127,.T.);
#2125=ORIENTED_EDGE('',*,*,#2128,.T.);
#2126=EDGE_CURVE('',#137,#191,#2129,.F.);
#2127=EDGE_CURVE('',#191,#139,#2130,.T.);
#2128=EDGE_CURVE('',#139,#137,#2131,.T.);
#2129=LINE('',#136,#2132);
#2130=LINE('',#190,#2133);
#2131=LINE('',#138,#2134);
#2132=VECTOR('',#2135,1.0);
#2133=VECTOR('',#2136,1.0);
#2134=VECTOR('',#2137,1.0);
#2135=DIRECTION('',(-0.8376542882229568,0.5457023136368273,-0.0233297731044508));
#2136=DIRECTION('',(0.8659601100376232,-0.5001130750376633,0));
#2137=DIRECTION('',(-0.4616421879722793,-0.7923299462160031,0.3988730958757592));
#2138=FACE_SURFACE('',(#2143),#2139,.T.);
#2139=PLANE('',#2140);
#2140=AXIS2_PLACEMENT_3D('',#138,#2141,#2142);
#2141=DIRECTION('',(-0.24062868193732323,-0.4166554531151981,-0.8766390767120045));
#2142=DIRECTION('',(-0.8659601100376232,0.5001130750376633,0));
#2143=FACE_BOUND('',#2144,.T.);
#2144=EDGE_LOOP('',(#2145,#2146,#2147));
#2145=ORIENTED_EDGE('',*,*,#2148,.T.);
#2146=ORIENTED_EDGE('',*,*,#2149,.T.);
#2147=ORIENTED_EDGE('',*,*,#2150,.T.);
#2148=EDGE_CURVE('',#139,#191,#2151,.F.);
#2149=EDGE_CURVE('',#191,#189,#2152,.T.);
#2150=EDGE_CURVE('',#189,#139,#2153,.T.);
#2151=LINE('',#138,#2154);
#2152=LINE('',#190,#2155);
#2153=LINE('',#188,#2156);
#2154=VECTOR('',#2157,1.0);
#2155=VECTOR('',#2158,1.0);
#2156=VECTOR('',#2159,1.0);
#2157=DIRECTION('',(-0.8659601100376232,0.5001130750376633,0));
#2158=DIRECTION('',(0.4413350502186423,0.7574444365751791,-0.4811458188011385));
#2159=DIRECTION('',(0.8388654601285169,-0.5436124179890798,0.028111898040467306));
#2160=FACE_SURFACE('',(#2165),#2161,.T.);
#2161=PLANE('',#2162);
#2162=AXIS2_PLACEMENT_3D('',#138,#2163,#2164);
#2163=DIRECTION('',(-0.2406222886688461,-0.416645912696842,-0.8766453659426838));
#2164=DIRECTION('',(-0.8388654601285169,0.5436124179890798,-0.028111898040467306));
#2165=FACE_BOUND('',#2166,.T.);
#2166=EDGE_LOOP('',(#2167,#2168,#2169));
#2167=ORIENTED_EDGE('',*,*,#2170,.T.);
#2168=ORIENTED_EDGE('',*,*,#2171,.T.);
#2169=ORIENTED_EDGE('',*,*,#2172,.T.);
#2170=EDGE_CURVE('',#139,#189,#2173,.F.);
#2171=EDGE_CURVE('',#189,#141,#2174,.T.);
#2172=EDGE_CURVE('',#141,#139,#2175,.T.);
#2173=LINE('',#138,#2176);
#2174=LINE('',#188,#2177);
#2175=LINE('',#140,#2178);
#2176=VECTOR('',#2179,1.0);
#2177=VECTOR('',#2180,1.0);
#2178=VECTOR('',#2181,1.0);
#2179=DIRECTION('',(-0.8388654601285169,0.5436124179890798,-0.028111898040467306));
#2180=DIRECTION('',(0.8659609052366231,-0.5001116981252972,0));
#2181=DIRECTION('',(-0.44125041411908544,-0.7575009213264691,0.48113451988948586));
#2182=FACE_SURFACE('',(#2187),#2183,.T.);
#2183=PLANE('',#2184);
#2184=AXIS2_PLACEMENT_3D('',#140,#2185,#2186);
#2185=DIRECTION('',(-0.2797559310153184,-0.48440718378606,-0.8289066891744876));
#2186=DIRECTION('',(-0.8659609052366231,0.5001116981252972,0));
#2187=FACE_BOUND('',#2188,.T.);
#2188=EDGE_LOOP('',(#2189,#2190,#2191));
#2189=ORIENTED_EDGE('',*,*,#2192,.T.);
#2190=ORIENTED_EDGE('',*,*,#2193,.T.);
#2191=ORIENTED_EDGE('',*,*,#2194,.T.);
#2192=EDGE_CURVE('',#141,#189,#2195,.F.);
#2193=EDGE_CURVE('',#189,#187,#2196,.T.);
#2194=EDGE_CURVE('',#187,#141,#2197,.T.);
#2195=LINE('',#140,#2198);
#2196=LINE('',#188,#2199);
#2197=LINE('',#186,#2200);
#2198=VECTOR('',#2201,1.0);
#2199=VECTOR('',#2202,1.0);
#2200=VECTOR('',#2203,1.0);
#2201=DIRECTION('',(-0.8659609052366231,0.5001116981252972,0));
#2202=DIRECTION('',(0.4172699185594904,0.7162228810633492,-0.5593841253616979));
#2203=DIRECTION('',(0.8402949600202323,-0.5411458750459522,0.03264233578264357));
#2204=FACE_SURFACE('',(#2209),#2205,.T.);
#2205=PLANE('',#2206);
#2206=AXIS2_PLACEMENT_3D('',#140,#2207,#2208);
#2207=DIRECTION('',(-0.2797630092511946,-0.4844176614606134,-0.8288981770517696));
#2208=DIRECTION('',(-0.8402949600202323,0.5411458750459522,-0.03264233578264357));
#2209=FACE_BOUND('',#2210,.T.);
#2210=EDGE_LOOP('',(#2211,#2212,#2213));
#2211=ORIENTED_EDGE('',*,*,#2214,.T.);
#2212=ORIENTED_EDGE('',*,*,#2215,.T.);
#2213=ORIENTED_EDGE('',*,*,#2216,.T.);
#2214=EDGE_CURVE('',#141,#187,#2217,.F.);
#2215=EDGE_CURVE('',#187,#143,#2218,.T.);
#2216=EDGE_CURVE('',#143,#141,#2219,.T.);
#2217=LINE('',#140,#2220);
#2218=LINE('',#186,#2221);
#2219=LINE('',#142,#2222);
#2220=VECTOR('',#2223,1.0);
#2221=VECTOR('',#2224,1.0);
#2222=VECTOR('',#2225,1.0);
#2223=DIRECTION('',(-0.8402949600202323,0.5411458750459522,-0.03264233578264357));
#2224=DIRECTION('',(0.8659601100376232,-0.5001130750376633,0));
#2225=DIRECTION('',(-0.41735356139169816,-0.7161644326803374,0.5593965589430423));
#2226=FACE_SURFACE('',(#2231),#2227,.T.);
#2227=PLANE('',#2228);
#2228=AXIS2_PLACEMENT_3D('',#142,#2229,#2230);
#2229=DIRECTION('',(-0.31667466525875154,-0.5483312507935211,-0.7739832012301499));
#2230=DIRECTION('',(-0.8659601100376232,0.5001130750376633,0));
#2231=FACE_BOUND('',#2232,.T.);
#2232=EDGE_LOOP('',(#2233,#2234,#2235));
#2233=ORIENTED_EDGE('',*,*,#2236,.T.);
#2234=ORIENTED_EDGE('',*,*,#2237,.T.);
#2235=ORIENTED_EDGE('',*,*,#2238,.T.);
#2236=EDGE_CURVE('',#143,#187,#2239,.F.);
#2237=EDGE_CURVE('',#187,#185,#2240,.T.);
#2238=EDGE_CURVE('',#185,#143,#2241,.T.);
#2239=LINE('',#142,#2242);
#2240=LINE('',#186,#2243);
#2241=LINE('',#184,#2244);
#2242=VECTOR('',#2245,1.0);
#2243=VECTOR('',#2246,1.0);
#2244=VECTOR('',#2247,1.0);
#2245=DIRECTION('',(-0.8659601100376232,0.5001130750376633,0));
#2246=DIRECTION('',(0.3895720521081835,0.6687951399150811,-0.6332035036559619));
#2247=DIRECTION('',(0.841929309603715,-0.5383244322086439,0.036903161347679264));
#2248=FACE_SURFACE('',(#2253),#2249,.T.);
#2249=PLANE('',#2250);
#2250=AXIS2_PLACEMENT_3D('',#142,#2251,#2252);
#2251=DIRECTION('',(-0.31667466525875154,-0.5483312507935211,-0.7739832012301499));
#2252=DIRECTION('',(-0.841929309603715,0.5383244322086439,-0.036903161347679264));
#2253=FACE_BOUND('',#2254,.T.);
#2254=EDGE_LOOP('',(#2255,#2256,#2257));
#2255=ORIENTED_EDGE('',*,*,#2258,.T.);
#2256=ORIENTED_EDGE('',*,*,#2259,.T.);
#2257=ORIENTED_EDGE('',*,*,#2260,.T.);
#2258=EDGE_CURVE('',#143,#185,#2261,.F.);
#2259=EDGE_CURVE('',#185,#145,#2262,.T.);
#2260=EDGE_CURVE('',#145,#143,#2263,.T.);
#2261=LINE('',#142,#2264);
#2262=LINE('',#184,#2265);
#2263=LINE('',#144,#2266);
#2264=VECTOR('',#2267,1.0);
#2265=VECTOR('',#2268,1.0);
#2266=VECTOR('',#2269,1.0);
#2267=DIRECTION('',(-0.841929309603715,0.5383244322086439,-0.036903161347679264));
#2268=DIRECTION('',(0.8659601100376232,-0.5001130750376633,0));
#2269=DIRECTION('',(-0.3895720521081835,-0.6687951399150811,0.6332035036559619));
#2270=FACE_SURFACE('',(#2275),#2271,.T.);
#2271=PLANE('',#2272);
#2272=AXIS2_PLACEMENT_3D('',#144,#2273,#2274);
#2273=DIRECTION('',(-0.3509911407216416,-0.6077512107010075,-0.7123508159793043));
#2274=DIRECTION('',(-0.8659601100376232,0.5001130750376633,0));
#2275=FACE_BOUND('',#2276,.T.);
#2276=EDGE_LOOP('',(#2277,#2278,#2279));
#2277=ORIENTED_EDGE('',*,*,#2280,.T.);
#2278=ORIENTED_EDGE('',*,*,#2281,.T.);
#2279=ORIENTED_EDGE('',*,*,#2282,.T.);
#2280=EDGE_CURVE('',#145,#185,#2283,.F.);
#2281=EDGE_CURVE('',#185,#183,#2284,.T.);
#2282=EDGE_CURVE('',#183,#145,#2285,.T.);
#2283=LINE('',#144,#2286);
#2284=LINE('',#184,#2287);
#2285=LINE('',#182,#2288);
#2286=VECTOR('',#2289,1.0);
#2287=VECTOR('',#2290,1.0);
#2288=VECTOR('',#2291,1.0);
#2289=DIRECTION('',(-0.8659601100376232,0.5001130750376633,0));
#2290=DIRECTION('',(0.35866534862014243,0.6154727208961862,-0.7018208443269814));
#2291=DIRECTION('',(0.8437597491072089,-0.5351647438445225,0.04084339276267917));
#2292=FACE_SURFACE('',(#2297),#2293,.T.);
#2293=PLANE('',#2294);
#2294=AXIS2_PLACEMENT_3D('',#144,#2295,#2296);
#2295=DIRECTION('',(-0.3510017844467712,-0.6077665902831441,-0.7123324498089241));
#2296=DIRECTION('',(-0.8437597491072089,0.5351647438445225,-0.04084339276267917));
#2297=FACE_BOUND('',#2298,.T.);
#2298=EDGE_LOOP('',(#2299,#2300,#2301));
#2299=ORIENTED_EDGE('',*,*,#2302,.T.);
#2300=ORIENTED_EDGE('',*,*,#2303,.T.);
#2301=ORIENTED_EDGE('',*,*,#2304,.T.);
#2302=EDGE_CURVE('',#145,#183,#2305,.F.);
#2303=EDGE_CURVE('',#183,#147,#2306,.T.);
#2304=EDGE_CURVE('',#147,#145,#2307,.T.);
#2305=LINE('',#144,#2308);
#2306=LINE('',#182,#2309);
#2307=LINE('',#146,#2310);
#2308=VECTOR('',#2311,1.0);
#2309=VECTOR('',#2312,1.0);
#2310=VECTOR('',#2313,1.0);
#2311=DIRECTION('',(-0.8437597491072089,0.5351647438445225,-0.04084339276267917));
#2312=DIRECTION('',(0.8659590229990239,-0.5001149572714017,0));
#2313=DIRECTION('',(-0.35860037172266496,-0.615489180328317,0.7018396129452532));
#2314=FACE_SURFACE('',(#2319),#2315,.T.);
#2315=PLANE('',#2316);
#2316=AXIS2_PLACEMENT_3D('',#146,#2317,#2318);
#2317=DIRECTION('',(-0.38239327880369306,-0.6621215888460991,-0.6444923443375248));
#2318=DIRECTION('',(-0.8659590229990239,0.5001149572714017,0));
#2319=FACE_BOUND('',#2320,.T.);
#2320=EDGE_LOOP('',(#2321,#2322,#2323));
#2321=ORIENTED_EDGE('',*,*,#2324,.T.);
#2322=ORIENTED_EDGE('',*,*,#2325,.T.);
#2323=ORIENTED_EDGE('',*,*,#2326,.T.);
#2324=EDGE_CURVE('',#147,#183,#2327,.F.);
#2325=EDGE_CURVE('',#183,#181,#2328,.T.);
#2326=EDGE_CURVE('',#181,#147,#2329,.T.);
#2327=LINE('',#146,#2330);
#2328=LINE('',#182,#2331);
#2329=LINE('',#180,#2332);
#2330=VECTOR('',#2333,1.0);
#2331=VECTOR('',#2334,1.0);
#2332=VECTOR('',#2335,1.0);
#2333=DIRECTION('',(-0.8659590229990239,0.5001149572714017,0));
#2334=DIRECTION('',(0.3244359217575615,0.5568798859534853,-0.7646084784343911));
#2335=DIRECTION('',(0.8457635110057856,-0.5317043600418515,0.04443598725865565));
#2336=FACE_SURFACE('',(#2341),#2337,.T.);
#2337=PLANE('',#2338);
#2338=AXIS2_PLACEMENT_3D('',#146,#2339,#2340);
#2339=DIRECTION('',(-0.3823826378838319,-0.6621064869248271,-0.6445141722391108));
#2340=DIRECTION('',(-0.8457635110057856,0.5317043600418515,-0.04443598725865565));
#2341=FACE_BOUND('',#2342,.T.);
#2342=EDGE_LOOP('',(#2343,#2344,#2345));
#2343=ORIENTED_EDGE('',*,*,#2346,.T.);
#2344=ORIENTED_EDGE('',*,*,#2347,.T.);
#2345=ORIENTED_EDGE('',*,*,#2348,.T.);
#2346=EDGE_CURVE('',#147,#181,#2349,.F.);
#2347=EDGE_CURVE('',#181,#149,#2350,.T.);
#2348=EDGE_CURVE('',#149,#147,#2351,.T.);
#2349=LINE('',#146,#2352);
#2350=LINE('',#180,#2353);
#2351=LINE('',#148,#2354);
#2352=VECTOR('',#2355,1.0);
#2353=VECTOR('',#2356,1.0);
#2354=VECTOR('',#2357,1.0);
#2355=DIRECTION('',(-0.8457635110057856,0.5317043600418515,-0.04443598725865565));
#2356=DIRECTION('',(0.8659601100376232,-0.5001130750376633,0));
#2357=DIRECTION('',(-0.324502728588456,-0.556866394342546,0.7645899541522756));
#2358=FACE_SURFACE('',(#2363),#2359,.T.);
#2359=PLANE('',#2360);
#2360=AXIS2_PLACEMENT_3D('',#148,#2361,#2362);
#2361=DIRECTION('',(-0.41061172778875277,-0.7109859644279624,-0.5708738629406459));
#2362=DIRECTION('',(-0.8659601100376232,0.5001130750376633,0));
#2363=FACE_BOUND('',#2364,.T.);
#2364=EDGE_LOOP('',(#2365,#2366,#2367));
#2365=ORIENTED_EDGE('',*,*,#2368,.T.);
#2366=ORIENTED_EDGE('',*,*,#2369,.T.);
#2367=ORIENTED_EDGE('',*,*,#2370,.T.);
#2368=EDGE_CURVE('',#149,#181,#2371,.F.);
#2369=EDGE_CURVE('',#181,#179,#2372,.T.);
#2370=EDGE_CURVE('',#179,#149,#2373,.T.);
#2371=LINE('',#148,#2374);
#2372=LINE('',#180,#2375);
#2373=LINE('',#178,#2376);
#2374=VECTOR('',#2377,1.0);
#2375=VECTOR('',#2378,1.0);
#2376=VECTOR('',#2379,1.0);
#2377=DIRECTION('',(-0.8659601100376232,0.5001130750376633,0));
#2378=DIRECTION('',(0.28741112269583424,0.49324952560468743,-0.8210357800007689));
#2379=DIRECTION('',(0.8479306951471571,-0.527961105440905,0.047650890536025205));
#2380=FACE_SURFACE('',(#2385),#2381,.T.);
#2381=PLANE('',#2382);
#2382=AXIS2_PLACEMENT_3D('',#148,#2383,#2384);
#2383=DIRECTION('',(-0.41060418610819444,-0.7109755161278303,-0.5708922996653507));
#2384=DIRECTION('',(-0.8479306951471571,0.527961105440905,-0.047650890536025205));
#2385=FACE_BOUND('',#2386,.T.);
#2386=EDGE_LOOP('',(#2387,#2388,#2389));
#2387=ORIENTED_EDGE('',*,*,#2390,.T.);
#2388=ORIENTED_EDGE('',*,*,#2391,.T.);
#2389=ORIENTED_EDGE('',*,*,#2392,.T.);
#2390=EDGE_CURVE('',#149,#179,#2393,.F.);
#2391=EDGE_CURVE('',#179,#151,#2394,.T.);
#2392=EDGE_CURVE('',#151,#149,#2395,.T.);
#2393=LINE('',#148,#2396);
#2394=LINE('',#178,#2397);
#2395=LINE('',#150,#2398);
#2396=VECTOR('',#2399,1.0);
#2397=VECTOR('',#2400,1.0);
#2398=VECTOR('',#2401,1.0);
#2399=DIRECTION('',(-0.8479306951471571,0.527961105440905,-0.047650890536025205));
#2400=DIRECTION('',(0.8659609052366231,-0.5001116981252972,0));
#2401=DIRECTION('',(-0.28733193024156983,-0.4933166993843034,0.8210231397300751));
#2402=FACE_SURFACE('',(#2407),#2403,.T.);
#2403=PLANE('',#2404);
#2404=AXIS2_PLACEMENT_3D('',#150,#2405,#2406);
#2405=DIRECTION('',(-0.4353688042215598,-0.7538563189558344,-0.4920921201168012));
#2406=DIRECTION('',(-0.8659609052366231,0.5001116981252972,0));
#2407=FACE_BOUND('',#2408,.T.);
#2408=EDGE_LOOP('',(#2409,#2410,#2411));
#2409=ORIENTED_EDGE('',*,*,#2412,.T.);
#2410=ORIENTED_EDGE('',*,*,#2413,.T.);
#2411=ORIENTED_EDGE('',*,*,#2414,.T.);
#2412=EDGE_CURVE('',#151,#179,#2415,.F.);
#2413=EDGE_CURVE('',#179,#177,#2416,.T.);
#2414=EDGE_CURVE('',#177,#151,#2417,.T.);
#2415=LINE('',#150,#2418);
#2416=LINE('',#178,#2419);
#2417=LINE('',#176,#2420);
#2418=VECTOR('',#2421,1.0);
#2419=VECTOR('',#2422,1.0);
#2420=VECTOR('',#2423,1.0);
#2421=DIRECTION('',(-0.8659609052366231,0.5001116981252972,0));
#2422=DIRECTION('',(0.24771022862291608,0.4252022056748756,-0.8705416284847057));
#2423=DIRECTION('',(0.8502392146095324,-0.5239721692425955,0.050462300773688754));
#2424=FACE_SURFACE('',(#2429),#2425,.T.);
#2425=PLANE('',#2426);
#2426=AXIS2_PLACEMENT_3D('',#150,#2427,#2428);
#2427=DIRECTION('',(-0.43535914568436956,-0.753843378322342,-0.4921204885274887));
#2428=DIRECTION('',(-0.8502392146095324,0.5239721692425955,-0.050462300773688754));
#2429=FACE_BOUND('',#2430,.T.);
#2430=EDGE_LOOP('',(#2431,#2432,#2433));
#2431=ORIENTED_EDGE('',*,*,#2434,.T.);
#2432=ORIENTED_EDGE('',*,*,#2435,.T.);
#2433=ORIENTED_EDGE('',*,*,#2436,.T.);
#2434=EDGE_CURVE('',#151,#177,#2437,.F.);
#2435=EDGE_CURVE('',#177,#153,#2438,.T.);
#2436=EDGE_CURVE('',#153,#151,#2439,.T.);
#2437=LINE('',#150,#2440);
#2438=LINE('',#176,#2441);
#2439=LINE('',#152,#2442);
#2440=VECTOR('',#2443,1.0);
#2441=VECTOR('',#2444,1.0);
#2442=VECTOR('',#2445,1.0);
#2443=DIRECTION('',(-0.8502392146095324,0.5239721692425955,-0.050462300773688754));
#2444=DIRECTION('',(0.865961992263417,-0.5001098158956427,0));
#2445=DIRECTION('',(-0.2477804928032387,-0.4251943199765546,0.8705254836280552));
#2446=FACE_SURFACE('',(#2451),#2447,.T.);
#2447=PLANE('',#2448);
#2448=AXIS2_PLACEMENT_3D('',#152,#2449,#2450);
#2449=DIRECTION('',(-0.4563552671397189,-0.7901990797850644,-0.40905413389999273));
#2450=DIRECTION('',(-0.865961992263417,0.5001098158956427,0));
#2451=FACE_BOUND('',#2452,.T.);
#2452=EDGE_LOOP('',(#2453,#2454,#2455));
#2453=ORIENTED_EDGE('',*,*,#2456,.T.);
#2454=ORIENTED_EDGE('',*,*,#2457,.T.);
#2455=ORIENTED_EDGE('',*,*,#2458,.T.);
#2456=EDGE_CURVE('',#153,#177,#2459,.F.);
#2457=EDGE_CURVE('',#177,#175,#2460,.T.);
#2458=EDGE_CURVE('',#175,#153,#2461,.T.);
#2459=LINE('',#152,#2462);
#2460=LINE('',#176,#2463);
#2461=LINE('',#174,#2464);
#2462=VECTOR('',#2465,1.0);
#2463=VECTOR('',#2466,1.0);
#2464=VECTOR('',#2467,1.0);
#2465=DIRECTION('',(-0.865961992263417,0.5001098158956427,0));
#2466=DIRECTION('',(0.20594404202426592,0.35343235159622927,-0.9125089722297896));
#2467=DIRECTION('',(0.8526643175062418,-0.5197807381843428,0.052835081755917335));
#2468=FACE_SURFACE('',(#2473),#2469,.T.);
#2469=PLANE('',#2470);
#2470=AXIS2_PLACEMENT_3D('',#152,#2471,#2472);
#2471=DIRECTION('',(-0.4563703543866022,-0.7902183366687001,-0.40900009783568525));
#2472=DIRECTION('',(-0.8526643175062418,0.5197807381843428,-0.052835081755917335));
#2473=FACE_BOUND('',#2474,.T.);
#2474=EDGE_LOOP('',(#2475,#2476,#2477));
#2475=ORIENTED_EDGE('',*,*,#2478,.T.);
#2476=ORIENTED_EDGE('',*,*,#2479,.T.);
#2477=ORIENTED_EDGE('',*,*,#2480,.T.);
#2478=EDGE_CURVE('',#153,#175,#2481,.F.);
#2479=EDGE_CURVE('',#175,#155,#2482,.T.);
#2480=EDGE_CURVE('',#155,#153,#2483,.T.);
#2481=LINE('',#152,#2484);
#2482=LINE('',#174,#2485);
#2483=LINE('',#154,#2486);
#2484=VECTOR('',#2487,1.0);
#2485=VECTOR('',#2488,1.0);
#2486=VECTOR('',#2489,1.0);
#2487=DIRECTION('',(-0.8526643175062418,0.5197807381843428,-0.052835081755917335));
#2488=DIRECTION('',(0.8659601100376232,-0.5001130750376633,0));
#2489=DIRECTION('',(-0.20594949657823167,-0.3533667672366675,0.9125331405882637));
#2490=FACE_SURFACE('',(#2495),#2491,.T.);
#2491=PLANE('',#2492);
#2492=AXIS2_PLACEMENT_3D('',#154,#2493,#2494);
#2493=DIRECTION('',(-0.47346304756055463,-0.8198148243442932,-0.32208135056225723));
#2494=DIRECTION('',(-0.8659601100376232,0.5001130750376633,0));
#2495=FACE_BOUND('',#2496,.T.);
#2496=EDGE_LOOP('',(#2497,#2498,#2499));
#2497=ORIENTED_EDGE('',*,*,#2500,.T.);
#2498=ORIENTED_EDGE('',*,*,#2501,.T.);
#2499=ORIENTED_EDGE('',*,*,#2502,.T.);
#2500=EDGE_CURVE('',#155,#175,#2503,.F.);
#2501=EDGE_CURVE('',#175,#173,#2504,.T.);
#2502=EDGE_CURVE('',#173,#155,#2505,.T.);
#2503=LINE('',#154,#2506);
#2504=LINE('',#174,#2507);
#2505=LINE('',#172,#2508);
#2506=VECTOR('',#2509,1.0);
#2507=VECTOR('',#2510,1.0);
#2508=VECTOR('',#2511,1.0);
#2509=DIRECTION('',(-0.8659601100376232,0.5001130750376633,0));
#2510=DIRECTION('',(0.16211118578615535,0.27831212367729585,-0.946711320972365));
#2511=DIRECTION('',(0.8551930700944506,-0.5154086686310486,0.05476054384680782));
#2512=FACE_SURFACE('',(#2517),#2513,.T.);
#2513=PLANE('',#2514);
#2514=AXIS2_PLACEMENT_3D('',#154,#2515,#2516);
#2515=DIRECTION('',(-0.47346304756055463,-0.8198148243442932,-0.32208135056225723));
#2516=DIRECTION('',(-0.8551930700944506,0.5154086686310486,-0.05476054384680782));
#2517=FACE_BOUND('',#2518,.T.);
#2518=EDGE_LOOP('',(#2519,#2520,#2521));
#2519=ORIENTED_EDGE('',*,*,#2522,.T.);
#2520=ORIENTED_EDGE('',*,*,#2523,.T.);
#2521=ORIENTED_EDGE('',*,*,#2524,.T.);
#2522=EDGE_CURVE('',#155,#173,#2525,.F.);
#2523=EDGE_CURVE('',#173,#157,#2526,.T.);
#2524=EDGE_CURVE('',#157,#155,#2527,.T.);
#2525=LINE('',#154,#2528);
#2526=LINE('',#172,#2529);
#2527=LINE('',#156,#2530);
#2528=VECTOR('',#2531,1.0);
#2529=VECTOR('',#2532,1.0);
#2530=VECTOR('',#2533,1.0);
#2531=DIRECTION('',(-0.8551930700944506,0.5154086686310486,-0.05476054384680782));
#2532=DIRECTION('',(0.8659601100376232,-0.5001130750376633,0));
#2533=DIRECTION('',(-0.16211118578615535,-0.27831212367729585,0.946711320972365));
#2534=FACE_SURFACE('',(#2539),#2535,.T.);
#2535=PLANE('',#2536);
#2536=AXIS2_PLACEMENT_3D('',#156,#2537,#2538);
#2537=DIRECTION('',(-0.4864514305545466,-0.8423045814174133,-0.23213788539286598));
#2538=DIRECTION('',(-0.8659601100376232,0.5001130750376633,0));
#2539=FACE_BOUND('',#2540,.T.);
#2540=EDGE_LOOP('',(#2541,#2542,#2543));
#2541=ORIENTED_EDGE('',*,*,#2544,.T.);
#2542=ORIENTED_EDGE('',*,*,#2545,.T.);
#2543=ORIENTED_EDGE('',*,*,#2546,.T.);
#2544=EDGE_CURVE('',#157,#173,#2547,.F.);
#2545=EDGE_CURVE('',#173,#171,#2548,.T.);
#2546=EDGE_CURVE('',#171,#157,#2549,.T.);
#2547=LINE('',#156,#2550);
#2548=LINE('',#172,#2551);
#2549=LINE('',#170,#2552);
#2550=VECTOR('',#2553,1.0);
#2551=VECTOR('',#2554,1.0);
#2552=VECTOR('',#2555,1.0);
#2553=DIRECTION('',(-0.8659601100376232,0.5001130750376633,0));
#2554=DIRECTION('',(0.11687503038136056,0.20057166421258535,-0.9726824943363327));
#2555=DIRECTION('',(0.8578011780428146,-0.510896991780652,0.05622635269906819));
#2556=FACE_SURFACE('',(#2561),#2557,.T.);
#2557=PLANE('',#2558);
#2558=AXIS2_PLACEMENT_3D('',#156,#2559,#2560);
#2559=DIRECTION('',(-0.4864514305545466,-0.8423045814174133,-0.23213788539286598));
#2560=DIRECTION('',(-0.8578011780428146,0.510896991780652,-0.05622635269906819));
#2561=FACE_BOUND('',#2562,.T.);
#2562=EDGE_LOOP('',(#2563,#2564,#2565));
#2563=ORIENTED_EDGE('',*,*,#2566,.T.);
#2564=ORIENTED_EDGE('',*,*,#2567,.T.);
#2565=ORIENTED_EDGE('',*,*,#2568,.T.);
#2566=EDGE_CURVE('',#157,#171,#2569,.F.);
#2567=EDGE_CURVE('',#171,#159,#2570,.T.);
#2568=EDGE_CURVE('',#159,#157,#2571,.T.);
#2569=LINE('',#156,#2572);
#2570=LINE('',#170,#2573);
#2571=LINE('',#158,#2574);
#2572=VECTOR('',#2575,1.0);
#2573=VECTOR('',#2576,1.0);
#2574=VECTOR('',#2577,1.0);
#2575=DIRECTION('',(-0.8578011780428146,0.510896991780652,-0.05622635269906819));
#2576=DIRECTION('',(0.8659601100376232,-0.5001130750376633,0));
#2577=DIRECTION('',(-0.11687503038136056,-0.20057166421258535,0.9726824943363327));
#2578=FACE_SURFACE('',(#2583),#2579,.T.);
#2579=PLANE('',#2580);
#2580=AXIS2_PLACEMENT_3D('',#158,#2581,#2582);
#2581=DIRECTION('',(-0.4951724842102717,-0.8574053355474408,-0.14021519695029033));
#2582=DIRECTION('',(-0.8659601100376232,0.5001130750376633,0));
#2583=FACE_BOUND('',#2584,.T.);
#2584=EDGE_LOOP('',(#2585,#2586,#2587));
#2585=ORIENTED_EDGE('',*,*,#2588,.T.);
#2586=ORIENTED_EDGE('',*,*,#2589,.T.);
#2587=ORIENTED_EDGE('',*,*,#2590,.T.);
#2588=EDGE_CURVE('',#159,#171,#2591,.F.);
#2589=EDGE_CURVE('',#171,#167,#2592,.T.);
#2590=EDGE_CURVE('',#167,#159,#2593,.T.);
#2591=LINE('',#158,#2594);
#2592=LINE('',#170,#2595);
#2593=LINE('',#166,#2596);
#2594=VECTOR('',#2597,1.0);
#2595=VECTOR('',#2598,1.0);
#2596=VECTOR('',#2599,1.0);
#2597=DIRECTION('',(-0.8659601100376232,0.5001130750376633,0));
#2598=DIRECTION('',(0.07059953338860846,0.12114579505938876,-0.9901209028319418));
#2599=DIRECTION('',(0.8604625741981059,-0.5062925390690071,0.05720160214038652));
#2600=FACE_SURFACE('',(#2605),#2601,.T.);
#2601=PLANE('',#2602);
#2602=AXIS2_PLACEMENT_3D('',#158,#2603,#2604);
#2603=DIRECTION('',(-0.4951724842102717,-0.8574053355474408,-0.14021519695029033));
#2604=DIRECTION('',(-0.8604625741981059,0.5062925390690071,-0.05720160214038652));
#2605=FACE_BOUND('',#2606,.T.);
#2606=EDGE_LOOP('',(#2607,#2608,#2609));
#2607=ORIENTED_EDGE('',*,*,#2610,.T.);
#2608=ORIENTED_EDGE('',*,*,#2611,.T.);
#2609=ORIENTED_EDGE('',*,*,#2612,.T.);
#2610=EDGE_CURVE('',#159,#167,#2613,.F.);
#2611=EDGE_CURVE('',#167,#161,#2614,.T.);
#2612=EDGE_CURVE('',#161,#159,#2615,.T.);
#2613=LINE('',#158,#2616);
#2614=LINE('',#166,#2617);
#2615=LINE('',#160,#2618);
#2616=VECTOR('',#2619,1.0);
#2617=VECTOR('',#2620,1.0);
#2618=VECTOR('',#2621,1.0);
#2619=DIRECTION('',(-0.8604625741981059,0.5062925390690071,-0.05720160214038652));
#2620=DIRECTION('',(0.8659601100376232,-0.5001130750376633,0));
#2621=DIRECTION('',(-0.07059953338860846,-0.12114579505938876,0.9901209028319418));
#2622=FACE_SURFACE('',(#2627),#2623,.T.);
#2623=PLANE('',#2624);
#2624=AXIS2_PLACEMENT_3D('',#160,#2625,#2626);
#2625=DIRECTION('',(-0.49956367483824754,-0.8650088078604007,-0.04686040019071713));
#2626=DIRECTION('',(-0.8659601100376232,0.5001130750376633,0));
#2627=FACE_BOUND('',#2628,.T.);
#2628=EDGE_LOOP('',(#2629,#2630,#2631));
#2629=ORIENTED_EDGE('',*,*,#2632,.T.);
#2630=ORIENTED_EDGE('',*,*,#2633,.T.);
#2631=ORIENTED_EDGE('',*,*,#2634,.T.);
#2632=EDGE_CURVE('',#161,#167,#2635,.F.);
#2633=EDGE_CURVE('',#167,#165,#2636,.T.);
#2634=EDGE_CURVE('',#165,#161,#2637,.T.);
#2635=LINE('',#160,#2638);
#2636=LINE('',#166,#2639);
#2637=LINE('',#164,#2640);
#2638=VECTOR('',#2641,1.0);
#2639=VECTOR('',#2642,1.0);
#2640=VECTOR('',#2643,1.0);
#2641=DIRECTION('',(-0.8659601100376232,0.5001130750376633,0));
#2642=DIRECTION('',(0.02358840714404601,0.040490928186754135,-0.9989014324661777));
#2643=DIRECTION('',(0.8631608631503667,-0.5016219743730338,0.05769505309481295));
#2644=FACE_SURFACE('',(#2649),#2645,.T.);
#2645=PLANE('',#2646);
#2646=AXIS2_PLACEMENT_3D('',#160,#2647,#2648);
#2647=DIRECTION('',(-0.49956367483824754,-0.8650088078604007,-0.04686040019071713));
#2648=DIRECTION('',(-0.8631608631503667,0.5016219743730338,-0.05769505309481295));
#2649=FACE_BOUND('',#2650,.T.);
#2650=EDGE_LOOP('',(#2651,#2652,#2653));
#2651=ORIENTED_EDGE('',*,*,#2654,.T.);
#2652=ORIENTED_EDGE('',*,*,#2655,.T.);
#2653=ORIENTED_EDGE('',*,*,#2656,.T.);
#2654=EDGE_CURVE('',#161,#165,#2657,.F.);
#2655=EDGE_CURVE('',#165,#163,#2658,.T.);
#2656=EDGE_CURVE('',#163,#161,#2659,.T.);
#2657=LINE('',#160,#2660);
#2658=LINE('',#164,#2661);
#2659=LINE('',#162,#2662);
#2660=VECTOR('',#2663,1.0);
#2661=VECTOR('',#2664,1.0);
#2662=VECTOR('',#2665,1.0);
#2663=DIRECTION('',(-0.8631608631503667,0.5016219743730338,-0.05769505309481295));
#2664=DIRECTION('',(0.8659601100376232,-0.5001130750376633,0));
#2665=DIRECTION('',(-0.02358840714404601,-0.040490928186754135,0.9989014324661777));
#2666=FACE_SURFACE('',(#2671),#2667,.T.);
#2667=PLANE('',#2668);
#2668=AXIS2_PLACEMENT_3D('',#46,#2669,#2670);
#2669=DIRECTION('',(0.8665183016056236,-0.4991453024746457,0));
#2670=DIRECTION('',(0.49914530247464567,0.8665183016056236,0));
#2671=FACE_BOUND('',#2672,.T.);
#2672=EDGE_LOOP('',(#2673,#2674,#2675));
#2673=ORIENTED_EDGE('',*,*,#2676,.T.);
#2674=ORIENTED_EDGE('',*,*,#2677,.T.);
#2675=ORIENTED_EDGE('',*,*,#2678,.T.);
#2676=EDGE_CURVE('',#47,#45,#2679,.F.);
#2677=EDGE_CURVE('',#45,#41,#2680,.T.);
#2678=EDGE_CURVE('',#41,#47,#2681,.T.);
#2679=LINE('',#46,#2682);
#2680=LINE('',#44,#2683);
#2681=LINE('',#40,#2684);
#2682=VECTOR('',#2685,1.0);
#2683=VECTOR('',#2686,1.0);
#2684=VECTOR('',#2687,1.0);
#2685=DIRECTION('',(0.49914530247464567,0.8665183016056236,0));
#2686=DIRECTION('',(0,0,1));
#2687=DIRECTION('',(-0.3759543216373627,-0.6526582513176102,-0.6577959828314777));
#2688=FACE_SURFACE('',(#2693),#2689,.T.);
#2689=PLANE('',#2690);
#2690=AXIS2_PLACEMENT_3D('',#40,#2691,#2692);
#2691=DIRECTION('',(0.866518706988693,-0.4991445987175976,-3.1132137632869296E-06));
#2692=DIRECTION('',(-0.49914459872001643,-0.8665187069928922,0));
#2693=FACE_BOUND('',#2694,.T.);
#2694=EDGE_LOOP('',(#2695,#2696,#2697));
#2695=ORIENTED_EDGE('',*,*,#2698,.T.);
#2696=ORIENTED_EDGE('',*,*,#2699,.T.);
#2697=ORIENTED_EDGE('',*,*,#2700,.T.);
#2698=EDGE_CURVE('',#41,#131,#2701,.F.);
#2699=EDGE_CURVE('',#131,#163,#2702,.T.);
#2700=EDGE_CURVE('',#163,#41,#2703,.T.);
#2701=LINE('',#40,#2704);
#2702=LINE('',#130,#2705);
#2703=LINE('',#162,#2706);
#2704=VECTOR('',#2707,1.0);
#2705=VECTOR('',#2708,1.0);
#2706=VECTOR('',#2709,1.0);
#2707=DIRECTION('',(-0.49914459872001643,-0.8665187069928922,0));
#2708=DIRECTION('',(-0.3555702202652294,-0.6172681491236337,-0.7018189585199445));
#2709=DIRECTION('',(0.48298083187966556,0.8384567140541156,0.2524279197996949));
#2710=FACE_SURFACE('',(#2715),#2711,.T.);
#2711=PLANE('',#2712);
#2712=AXIS2_PLACEMENT_3D('',#40,#2713,#2714);
#2713=DIRECTION('',(0.8665183016056236,-0.4991453024746457,0));
#2714=DIRECTION('',(-0.48298083187966556,-0.8384567140541156,-0.2524279197996949));
#2715=FACE_BOUND('',#2716,.T.);
#2716=EDGE_LOOP('',(#2717,#2718,#2719));
#2717=ORIENTED_EDGE('',*,*,#2720,.T.);
#2718=ORIENTED_EDGE('',*,*,#2721,.T.);
#2719=ORIENTED_EDGE('',*,*,#2722,.T.);
#2720=EDGE_CURVE('',#41,#163,#2723,.F.);
#2721=EDGE_CURVE('',#163,#47,#2724,.T.);
#2722=EDGE_CURVE('',#47,#41,#2725,.T.);
#2723=LINE('',#40,#2726);
#2724=LINE('',#162,#2727);
#2725=LINE('',#46,#2728);
#2726=VECTOR('',#2729,1.0);
#2727=VECTOR('',#2730,1.0);
#2728=VECTOR('',#2731,1.0);
#2729=DIRECTION('',(-0.48298083187966556,-0.8384567140541156,-0.2524279197996949));
#2730=DIRECTION('',(0,0,-1));
#2731=DIRECTION('',(0.3759543216373627,0.6526582513176102,0.6577959828314777));
#2732=FACE_SURFACE('',(#2737),#2733,.T.);
#2733=PLANE('',#2734);
#2734=AXIS2_PLACEMENT_3D('',#48,#2735,#2736);
#2735=DIRECTION('',(-0.5001130750376633,-0.8659601100376233,0));
#2736=DIRECTION('',(0.8659601100376232,-0.5001130750376633,0));
#2737=FACE_BOUND('',#2738,.T.);
#2738=EDGE_LOOP('',(#2739,#2740,#2741));
#2739=ORIENTED_EDGE('',*,*,#2742,.T.);
#2740=ORIENTED_EDGE('',*,*,#2743,.T.);
#2741=ORIENTED_EDGE('',*,*,#2744,.T.);
#2742=EDGE_CURVE('',#49,#47,#2745,.F.);
#2743=EDGE_CURVE('',#47,#163,#2746,.T.);
#2744=EDGE_CURVE('',#163,#49,#2747,.T.);
#2745=LINE('',#48,#2748);
#2746=LINE('',#46,#2749);
#2747=LINE('',#162,#2750);
#2748=VECTOR('',#2751,1.0);
#2749=VECTOR('',#2752,1.0);
#2750=VECTOR('',#2753,1.0);
#2751=DIRECTION('',(0.8659601100376232,-0.5001130750376633,0));
#2752=DIRECTION('',(0,0,1));
#2753=DIRECTION('',(-0.4869819946325014,0.28124397417457697,-0.826891990464438));
#2754=FACE_SURFACE('',(#2759),#2755,.T.);
#2755=PLANE('',#2756);
#2756=AXIS2_PLACEMENT_3D('',#48,#2757,#2758);
#2757=DIRECTION('',(-0.5001130750376633,-0.8659601100376233,0));
#2758=DIRECTION('',(0.4869819946325014,-0.28124397417457697,0.826891990464438));
#2759=FACE_BOUND('',#2760,.T.);
#2760=EDGE_LOOP('',(#2761,#2762,#2763));
#2761=ORIENTED_EDGE('',*,*,#2764,.T.);
#2762=ORIENTED_EDGE('',*,*,#2765,.T.);
#2763=ORIENTED_EDGE('',*,*,#2766,.T.);
#2764=EDGE_CURVE('',#49,#163,#2767,.F.);
#2765=EDGE_CURVE('',#163,#165,#2768,.T.);
#2766=EDGE_CURVE('',#165,#49,#2769,.T.);
#2767=LINE('',#48,#2770);
#2768=LINE('',#162,#2771);
#2769=LINE('',#164,#2772);
#2770=VECTOR('',#2773,1.0);
#2771=VECTOR('',#2774,1.0);
#2772=VECTOR('',#2775,1.0);
#2773=DIRECTION('',(0.4869819946325014,-0.28124397417457697,0.826891990464438));
#2774=DIRECTION('',(-0.8659601100376232,0.5001130750376633,0));
#2775=DIRECTION('',(0,0,-1));
#2776=FACE_SURFACE('',(#2781),#2777,.T.);
#2777=PLANE('',#2778);
#2778=AXIS2_PLACEMENT_3D('',#40,#2779,#2780);
#2779=DIRECTION('',(0.86540277269262,-0.5010768813424997,0));
#2780=DIRECTION('',(0,0,1));
#2781=FACE_BOUND('',#2782,.T.);
#2782=EDGE_LOOP('',(#2783,#2784,#2785));
#2783=ORIENTED_EDGE('',*,*,#2786,.T.);
#2784=ORIENTED_EDGE('',*,*,#2787,.T.);
#2785=ORIENTED_EDGE('',*,*,#2788,.T.);
#2786=EDGE_CURVE('',#41,#39,#2789,.F.);
#2787=EDGE_CURVE('',#39,#51,#2790,.T.);
#2788=EDGE_CURVE('',#51,#41,#2791,.T.);
#2789=LINE('',#40,#2792);
#2790=LINE('',#38,#2793);
#2791=LINE('',#50,#2794);
#2792=VECTOR('',#2795,1.0);
#2793=VECTOR('',#2796,1.0);
#2794=VECTOR('',#2797,1.0);
#2795=DIRECTION('',(0,0,1));
#2796=DIRECTION('',(-0.5010768813424997,-0.8654027726926199,0));
#2797=DIRECTION('',(0.1010253472685473,0.17447944396116824,-0.9794645490492604));
#2798=FACE_SURFACE('',(#2803),#2799,.T.);
#2799=PLANE('',#2800);
#2800=AXIS2_PLACEMENT_3D('',#50,#2801,#2802);
#2801=DIRECTION('',(0.8653991348489775,-0.5010831635743302,2.4186405658149655E-05));
#2802=DIRECTION('',(-0.5005634294100484,-0.8645037202196335,-0.04549253635119814));
#2803=FACE_BOUND('',#2804,.T.);
#2804=EDGE_LOOP('',(#2805,#2806,#2807));
#2805=ORIENTED_EDGE('',*,*,#2808,.T.);
#2806=ORIENTED_EDGE('',*,*,#2809,.T.);
#2807=ORIENTED_EDGE('',*,*,#2810,.T.);
#2808=EDGE_CURVE('',#51,#57,#2811,.F.);
#2809=EDGE_CURVE('',#57,#61,#2812,.T.);
#2810=EDGE_CURVE('',#61,#51,#2813,.T.);
#2811=LINE('',#50,#2814);
#2812=LINE('',#56,#2815);
#2813=LINE('',#60,#2816);
#2814=VECTOR('',#2817,1.0);
#2815=VECTOR('',#2818,1.0);
#2816=VECTOR('',#2819,1.0);
#2817=DIRECTION('',(-0.5005634294100484,-0.8645037202196335,-0.04549253635119814));
#2818=DIRECTION('',(-0.4964139480921618,-0.8573417060353135,-0.13615576092112602));
#2819=DIRECTION('',(0.49900615693643485,0.8618164144555911,0.09091382246082784));
#2820=FACE_SURFACE('',(#2825),#2821,.T.);
#2821=PLANE('',#2822);
#2822=AXIS2_PLACEMENT_3D('',#60,#2823,#2824);
#2823=DIRECTION('',(0.8654025355136497,-0.5010772896479851,-3.6408454281087846E-05));
#2824=DIRECTION('',(-0.4881495988841164,-0.8430589256780517,-0.22574679830253552));
#2825=FACE_BOUND('',#2826,.T.);
#2826=EDGE_LOOP('',(#2827,#2828,#2829));
#2827=ORIENTED_EDGE('',*,*,#2830,.T.);
#2828=ORIENTED_EDGE('',*,*,#2831,.T.);
#2829=ORIENTED_EDGE('',*,*,#2832,.T.);
#2830=EDGE_CURVE('',#61,#65,#2833,.F.);
#2831=EDGE_CURVE('',#65,#69,#2834,.T.);
#2832=EDGE_CURVE('',#69,#61,#2835,.T.);
#2833=LINE('',#60,#2836);
#2834=LINE('',#64,#2837);
#2835=LINE('',#68,#2838);
#2836=VECTOR('',#2839,1.0);
#2837=VECTOR('',#2840,1.0);
#2838=VECTOR('',#2841,1.0);
#2839=DIRECTION('',(-0.4881495988841164,-0.8430589256780517,-0.22574679830253552));
#2840=DIRECTION('',(-0.47581802601861284,-0.8217548842257192,-0.3135540086921638));
#2841=DIRECTION('',(0.48248781595309886,0.8332773420390578,0.26991550289142646));
#2842=FACE_SURFACE('',(#2847),#2843,.T.);
#2843=PLANE('',#2844);
#2844=AXIS2_PLACEMENT_3D('',#68,#2845,#2846);
#2845=DIRECTION('',(0.8653827035299597,-0.5011115360175223,7.000955212516914E-05));
#2846=DIRECTION('',(-0.45948739801088523,-0.7935566167170851,-0.39892258288259336));
#2847=FACE_BOUND('',#2848,.T.);
#2848=EDGE_LOOP('',(#2849,#2850,#2851));
#2849=ORIENTED_EDGE('',*,*,#2852,.T.);
#2850=ORIENTED_EDGE('',*,*,#2853,.T.);
#2851=ORIENTED_EDGE('',*,*,#2854,.T.);
#2852=EDGE_CURVE('',#69,#73,#2855,.F.);
#2853=EDGE_CURVE('',#73,#77,#2856,.T.);
#2854=EDGE_CURVE('',#77,#69,#2857,.T.);
#2855=LINE('',#68,#2858);
#2856=LINE('',#72,#2859);
#2857=LINE('',#76,#2860);
#2858=VECTOR('',#2861,1.0);
#2859=VECTOR('',#2862,1.0);
#2860=VECTOR('',#2863,1.0);
#2861=DIRECTION('',(-0.45948739801088523,-0.7935566167170851,-0.39892258288259336));
#2862=DIRECTION('',(-0.43929045046298404,-0.758689450945877,-0.481055316107693));
#2863=DIRECTION('',(0.44986541363792515,0.7769459571445417,0.4404271668382077));
#2864=FACE_SURFACE('',(#2869),#2865,.T.);
#2865=PLANE('',#2866);
#2866=AXIS2_PLACEMENT_3D('',#76,#2867,#2868);
#2867=DIRECTION('',(0.8654383228304346,-0.5010154662319266,-0.00010942051747446656));
#2868=DIRECTION('',(-0.4153354256382749,-0.7173151447614815,-0.5594242283863722));
#2869=FACE_BOUND('',#2870,.T.);
#2870=EDGE_LOOP('',(#2871,#2872,#2873));
#2871=ORIENTED_EDGE('',*,*,#2874,.T.);
#2872=ORIENTED_EDGE('',*,*,#2875,.T.);
#2873=ORIENTED_EDGE('',*,*,#2876,.T.);
#2874=EDGE_CURVE('',#77,#81,#2877,.F.);
#2875=EDGE_CURVE('',#81,#85,#2878,.T.);
#2876=EDGE_CURVE('',#85,#77,#2879,.T.);
#2877=LINE('',#76,#2880);
#2878=LINE('',#80,#2881);
#2879=LINE('',#84,#2882);
#2880=VECTOR('',#2883,1.0);
#2881=VECTOR('',#2884,1.0);
#2882=VECTOR('',#2885,1.0);
#2883=DIRECTION('',(-0.4153354256382749,-0.7173151447614815,-0.5594242283863722));
#2884=DIRECTION('',(-0.3878460829352252,-0.669814811507339,-0.6331852290105877));
#2885=DIRECTION('',(0.40202478614688014,0.6943145785705414,0.5969114987231916));
#2886=FACE_SURFACE('',(#2891),#2887,.T.);
#2887=PLANE('',#2888);
#2888=AXIS2_PLACEMENT_3D('',#84,#2889,#2890);
#2889=DIRECTION('',(0.865513282487054,-0.5008859302232622,-0.00020674347023234534));
#2890=DIRECTION('',(-0.35692726829039756,-0.6164680888355653,-0.7018333282184456));
#2891=FACE_BOUND('',#2892,.T.);
#2892=EDGE_LOOP('',(#2893,#2894,#2895));
#2893=ORIENTED_EDGE('',*,*,#2896,.T.);
#2894=ORIENTED_EDGE('',*,*,#2897,.T.);
#2895=ORIENTED_EDGE('',*,*,#2898,.T.);
#2896=EDGE_CURVE('',#85,#89,#2899,.F.);
#2897=EDGE_CURVE('',#89,#93,#2900,.T.);
#2898=EDGE_CURVE('',#93,#85,#2901,.T.);
#2899=LINE('',#84,#2902);
#2900=LINE('',#88,#2903);
#2901=LINE('',#92,#2904);
#2902=VECTOR('',#2905,1.0);
#2903=VECTOR('',#2906,1.0);
#2904=VECTOR('',#2907,1.0);
#2905=DIRECTION('',(-0.35692726829039756,-0.6164680888355653,-0.7018333282184456));
#2906=DIRECTION('',(-0.32294601908778386,-0.5577237673159273,-0.7646241351973413));
#2907=DIRECTION('',(0.3403120688366627,0.587744334481789,0.7339920252214389));
#2908=FACE_SURFACE('',(#2913),#2909,.T.);
#2909=PLANE('',#2910);
#2910=AXIS2_PLACEMENT_3D('',#92,#2911,#2912);
#2911=DIRECTION('',(0.8654026915914308,-0.5010770213772855,5.8287458401769656E-06));
#2912=DIRECTION('',(-0.2860436457377507,-0.4940312886558572,-0.8210433110147658));
#2913=FACE_BOUND('',#2914,.T.);
#2914=EDGE_LOOP('',(#2915,#2916,#2917));
#2915=ORIENTED_EDGE('',*,*,#2918,.T.);
#2916=ORIENTED_EDGE('',*,*,#2919,.T.);
#2917=ORIENTED_EDGE('',*,*,#2920,.T.);
#2918=EDGE_CURVE('',#93,#97,#2921,.F.);
#2919=EDGE_CURVE('',#97,#101,#2922,.T.);
#2920=EDGE_CURVE('',#101,#93,#2923,.T.);
#2921=LINE('',#92,#2924);
#2922=LINE('',#96,#2925);
#2923=LINE('',#100,#2926);
#2924=VECTOR('',#2927,1.0);
#2925=VECTOR('',#2928,1.0);
#2926=VECTOR('',#2929,1.0);
#2927=DIRECTION('',(-0.2860436457377507,-0.4940312886558572,-0.8210433110147658));
#2928=DIRECTION('',(-0.24660013998407793,-0.4259095703288121,-0.8705110044463308));
#2929=DIRECTION('',(0.2666223094498037,0.4604892849960629,0.8466771300250573));
#2930=FACE_SURFACE('',(#2935),#2931,.T.);
#2931=PLANE('',#2932);
#2932=AXIS2_PLACEMENT_3D('',#100,#2933,#2934);
#2933=DIRECTION('',(0.8652818178757725,-0.5012857141875788,9.167904465274934E-05));
#2934=DIRECTION('',(-0.20493803938629462,-0.35391557308640426,-0.9125481725034705));
#2935=FACE_BOUND('',#2936,.T.);
#2936=EDGE_LOOP('',(#2937,#2938,#2939));
#2937=ORIENTED_EDGE('',*,*,#2940,.T.);
#2938=ORIENTED_EDGE('',*,*,#2941,.T.);
#2939=ORIENTED_EDGE('',*,*,#2942,.T.);
#2940=EDGE_CURVE('',#101,#105,#2943,.F.);
#2941=EDGE_CURVE('',#105,#109,#2944,.T.);
#2942=EDGE_CURVE('',#109,#101,#2945,.T.);
#2943=LINE('',#100,#2946);
#2944=LINE('',#104,#2947);
#2945=LINE('',#108,#2948);
#2946=VECTOR('',#2949,1.0);
#2947=VECTOR('',#2950,1.0);
#2948=VECTOR('',#2951,1.0);
#2949=DIRECTION('',(-0.20493803938629462,-0.35391557308640426,-0.9125481725034705));
#2950=DIRECTION('',(-0.16137462811281678,-0.278725927317138,-0.9467154201990435));
#2951=DIRECTION('',(0.1833666100954278,0.31668389757698545,0.9306384879842229));
#2952=FACE_SURFACE('',(#2957),#2953,.T.);
#2953=PLANE('',#2954);
#2954=AXIS2_PLACEMENT_3D('',#108,#2955,#2956);
#2955=DIRECTION('',(0.8653402904186863,-0.5011847776980185,1.9542041417795094E-05));
#2956=DIRECTION('',(-0.11635885903274806,-0.20094189063050036,-0.9726679662219975));
#2957=FACE_BOUND('',#2958,.T.);
#2958=EDGE_LOOP('',(#2959,#2960,#2961));
#2959=ORIENTED_EDGE('',*,*,#2962,.T.);
#2960=ORIENTED_EDGE('',*,*,#2963,.T.);
#2961=ORIENTED_EDGE('',*,*,#2964,.T.);
#2962=EDGE_CURVE('',#109,#113,#2965,.F.);
#2963=EDGE_CURVE('',#113,#117,#2966,.T.);
#2964=EDGE_CURVE('',#117,#109,#2967,.T.);
#2965=LINE('',#108,#2968);
#2966=LINE('',#112,#2969);
#2967=LINE('',#116,#2970);
#2968=VECTOR('',#2971,1.0);
#2969=VECTOR('',#2972,1.0);
#2970=VECTOR('',#2973,1.0);
#2971=DIRECTION('',(-0.11635885903274806,-0.20094189063050036,-0.9726679662219975));
#2972=DIRECTION('',(-0.07024227645610599,-0.12131817182328501,-0.9901252061147217));
#2973=DIRECTION('',(0.09340868346619009,0.16131674462071008,0.9824722519023577));
#2974=FACE_SURFACE('',(#2979),#2975,.T.);
#2975=PLANE('',#2976);
#2976=AXIS2_PLACEMENT_3D('',#116,#2977,#2978);
#2977=DIRECTION('',(0.865419098263856,-0.5010486846207405,0));
#2978=DIRECTION('',(-0.023499522341386567,-0.040588741291093834,-0.9988995577785243));
#2979=FACE_BOUND('',#2980,.T.);
#2980=EDGE_LOOP('',(#2981,#2982,#2983));
#2981=ORIENTED_EDGE('',*,*,#2984,.T.);
#2982=ORIENTED_EDGE('',*,*,#2985,.T.);
#2983=ORIENTED_EDGE('',*,*,#2986,.T.);
#2984=EDGE_CURVE('',#117,#121,#2987,.F.);
#2985=EDGE_CURVE('',#121,#123,#2988,.T.);
#2986=EDGE_CURVE('',#123,#117,#2989,.T.);
#2987=LINE('',#116,#2990);
#2988=LINE('',#120,#2991);
#2989=LINE('',#122,#2992);
#2990=VECTOR('',#2993,1.0);
#2991=VECTOR('',#2994,1.0);
#2992=VECTOR('',#2995,1.0);
#2993=DIRECTION('',(-0.023499522341386567,-0.040588741291093834,-0.9988995577785243));
#2994=DIRECTION('',(0,0,-1));
#2995=DIRECTION('',(0.0025579596293718683,0.004418147744509047,0.9999869683216088));
#2996=FACE_SURFACE('',(#3001),#2997,.T.);
#2997=PLANE('',#2998);
#2998=AXIS2_PLACEMENT_3D('',#116,#2999,#3000);
#2999=DIRECTION('',(0.8640434100955309,-0.5034173072858464,1.3984061918408821E-05));
#3000=DIRECTION('',(-0.0025579596293718683,-0.004418147744509047,-0.9999869683216088));
#3001=FACE_BOUND('',#3002,.T.);
#3002=EDGE_LOOP('',(#3003,#3004,#3005));
#3003=ORIENTED_EDGE('',*,*,#3006,.T.);
#3004=ORIENTED_EDGE('',*,*,#3007,.T.);
#3005=ORIENTED_EDGE('',*,*,#3008,.T.);
#3006=EDGE_CURVE('',#117,#123,#3009,.F.);
#3007=EDGE_CURVE('',#123,#127,#3010,.T.);
#3008=EDGE_CURVE('',#127,#117,#3011,.T.);
#3009=LINE('',#116,#3012);
#3010=LINE('',#122,#3013);
#3011=LINE('',#126,#3014);
#3012=VECTOR('',#3015,1.0);
#3013=VECTOR('',#3016,1.0);
#3014=VECTOR('',#3017,1.0);
#3015=DIRECTION('',(-0.0025579596293718683,-0.004418147744509047,-0.9999869683216088));
#3016=DIRECTION('',(0.5034173073350691,0.8640434101800144,0));
#3017=DIRECTION('',(-0.2229008210539462,-0.38255229614833486,0.8966431646341332));
#3018=FACE_SURFACE('',(#3023),#3019,.T.);
#3019=PLANE('',#3020);
#3020=AXIS2_PLACEMENT_3D('',#100,#3021,#3022);
#3021=DIRECTION('',(0.8654049849741013,-0.5010730604986177,-4.952175215428556E-06));
#3022=DIRECTION('',(-0.1833666100954278,-0.31668389757698545,-0.9306384879842229));
#3023=FACE_BOUND('',#3024,.T.);
#3024=EDGE_LOOP('',(#3025,#3026,#3027));
#3025=ORIENTED_EDGE('',*,*,#3028,.T.);
#3026=ORIENTED_EDGE('',*,*,#3029,.T.);
#3027=ORIENTED_EDGE('',*,*,#3030,.T.);
#3028=EDGE_CURVE('',#101,#109,#3031,.F.);
#3029=EDGE_CURVE('',#109,#117,#3032,.T.);
#3030=EDGE_CURVE('',#117,#101,#3033,.T.);
#3031=LINE('',#100,#3034);
#3032=LINE('',#108,#3035);
#3033=LINE('',#116,#3036);
#3034=VECTOR('',#3037,1.0);
#3035=VECTOR('',#3038,1.0);
#3036=VECTOR('',#3039,1.0);
#3037=DIRECTION('',(-0.1833666100954278,-0.31668389757698545,-0.9306384879842229));
#3038=DIRECTION('',(-0.09340868346619009,-0.16131674462071008,-0.9824722519023577));
#3039=DIRECTION('',(0.13902839738905975,0.2401069223018676,0.9607391792688349));
#3040=FACE_SURFACE('',(#3045),#3041,.T.);
#3041=PLANE('',#3042);
#3042=AXIS2_PLACEMENT_3D('',#84,#3043,#3044);
#3043=DIRECTION('',(0.8653887119375379,-0.5011011641428496,2.3361724979744934E-05));
#3044=DIRECTION('',(-0.3403120688366627,-0.587744334481789,-0.7339920252214389));
#3045=FACE_BOUND('',#3046,.T.);
#3046=EDGE_LOOP('',(#3047,#3048,#3049));
#3047=ORIENTED_EDGE('',*,*,#3050,.T.);
#3048=ORIENTED_EDGE('',*,*,#3051,.T.);
#3049=ORIENTED_EDGE('',*,*,#3052,.T.);
#3050=EDGE_CURVE('',#85,#93,#3053,.F.);
#3051=EDGE_CURVE('',#93,#101,#3054,.T.);
#3052=EDGE_CURVE('',#101,#85,#3055,.T.);
#3053=LINE('',#84,#3056);
#3054=LINE('',#92,#3057);
#3055=LINE('',#100,#3058);
#3056=VECTOR('',#3059,1.0);
#3057=VECTOR('',#3060,1.0);
#3058=VECTOR('',#3061,1.0);
#3059=DIRECTION('',(-0.3403120688366627,-0.587744334481789,-0.7339920252214389));
#3060=DIRECTION('',(-0.2666223094498037,-0.4604892849960629,-0.8466771300250573));
#3061=DIRECTION('',(0.304826775588814,0.5264649358579626,0.7936720407045961));
#3062=FACE_SURFACE('',(#3067),#3063,.T.);
#3063=PLANE('',#3064);
#3064=AXIS2_PLACEMENT_3D('',#68,#3065,#3066);
#3065=DIRECTION('',(0.865404517037786,-0.5010738683469329,-1.871995877497377E-05));
#3066=DIRECTION('',(-0.44986541363792515,-0.7769459571445417,-0.4404271668382077));
#3067=FACE_BOUND('',#3068,.T.);
#3068=EDGE_LOOP('',(#3069,#3070,#3071));
#3069=ORIENTED_EDGE('',*,*,#3072,.T.);
#3070=ORIENTED_EDGE('',*,*,#3073,.T.);
#3071=ORIENTED_EDGE('',*,*,#3074,.T.);
#3072=EDGE_CURVE('',#69,#77,#3075,.F.);
#3073=EDGE_CURVE('',#77,#85,#3076,.T.);
#3074=EDGE_CURVE('',#85,#69,#3077,.T.);
#3075=LINE('',#68,#3078);
#3076=LINE('',#76,#3079);
#3077=LINE('',#84,#3080);
#3078=VECTOR('',#3081,1.0);
#3079=VECTOR('',#3082,1.0);
#3080=VECTOR('',#3083,1.0);
#3081=DIRECTION('',(-0.44986541363792515,-0.7769459571445417,-0.4404271668382077));
#3082=DIRECTION('',(-0.40202478614688014,-0.6943145785705414,-0.5969114987231916));
#3083=DIRECTION('',(0.4277749365786922,0.738790499880658,0.5207659751953685));
#3084=FACE_SURFACE('',(#3089),#3085,.T.);
#3085=PLANE('',#3086);
#3086=AXIS2_PLACEMENT_3D('',#50,#3087,#3088);
#3087=DIRECTION('',(0.8654016027811233,-0.5010789009904626,-2.9766645133438694E-05));
#3088=DIRECTION('',(-0.49900615693643485,-0.8618164144555911,-0.09091382246082784));
#3089=FACE_BOUND('',#3090,.T.);
#3090=EDGE_LOOP('',(#3091,#3092,#3093));
#3091=ORIENTED_EDGE('',*,*,#3094,.T.);
#3092=ORIENTED_EDGE('',*,*,#3095,.T.);
#3093=ORIENTED_EDGE('',*,*,#3096,.T.);
#3094=EDGE_CURVE('',#51,#61,#3097,.F.);
#3095=EDGE_CURVE('',#61,#69,#3098,.T.);
#3096=EDGE_CURVE('',#69,#51,#3099,.T.);
#3097=LINE('',#50,#3100);
#3098=LINE('',#60,#3101);
#3099=LINE('',#68,#3102);
#3100=VECTOR('',#3103,1.0);
#3101=VECTOR('',#3104,1.0);
#3102=VECTOR('',#3105,1.0);
#3103=DIRECTION('',(-0.49900615693643485,-0.8618164144555911,-0.09091382246082784));
#3104=DIRECTION('',(-0.48248781595309886,-0.8332773420390578,-0.26991550289142646));
#3105=DIRECTION('',(0.4927959770650629,0.8510855997699176,0.18112268453390823));
#3106=FACE_SURFACE('',(#3111),#3107,.T.);
#3107=PLANE('',#3108);
#3108=AXIS2_PLACEMENT_3D('',#130,#3109,#3110);
#3109=DIRECTION('',(0.8665186155886785,-0.4991445460680434,0.00045931340827171823));
#3110=DIRECTION('',(0.49914459872001643,0.8665187069928922,0));
#3111=FACE_BOUND('',#3112,.T.);
#3112=EDGE_LOOP('',(#3113,#3114,#3115));
#3113=ORIENTED_EDGE('',*,*,#3116,.T.);
#3114=ORIENTED_EDGE('',*,*,#3117,.T.);
#3115=ORIENTED_EDGE('',*,*,#3118,.T.);
#3116=EDGE_CURVE('',#131,#41,#3119,.F.);
#3117=EDGE_CURVE('',#41,#51,#3120,.T.);
#3118=EDGE_CURVE('',#51,#131,#3121,.T.);
#3119=LINE('',#130,#3122);
#3120=LINE('',#40,#3123);
#3121=LINE('',#50,#3124);
#3122=VECTOR('',#3125,1.0);
#3123=VECTOR('',#3126,1.0);
#3124=VECTOR('',#3127,1.0);
#3125=DIRECTION('',(0.49914459872001643,0.8665187069928922,0));
#3126=DIRECTION('',(-0.1010253472685473,-0.17447944396116824,0.9794645490492604));
#3127=DIRECTION('',(-0.05400346319951583,-0.09466513051191723,-0.994043328546407));
#3128=FACE_SURFACE('',(#3133),#3129,.T.);
#3129=PLANE('',#3130);
#3130=AXIS2_PLACEMENT_3D('',#116,#3131,#3132);
#3131=DIRECTION('',(0.8652808815856982,-0.5012858272304489,0.0012310077828555457));
#3132=DIRECTION('',(0.2229008210539462,0.38255229614833486,-0.8966431646341332));
#3133=FACE_BOUND('',#3134,.T.);
#3134=EDGE_LOOP('',(#3135,#3136,#3137));
#3135=ORIENTED_EDGE('',*,*,#3138,.T.);
#3136=ORIENTED_EDGE('',*,*,#3139,.T.);
#3137=ORIENTED_EDGE('',*,*,#3140,.T.);
#3138=EDGE_CURVE('',#117,#127,#3141,.F.);
#3139=EDGE_CURVE('',#127,#131,#3142,.T.);
#3140=EDGE_CURVE('',#131,#117,#3143,.T.);
#3141=LINE('',#116,#3144);
#3142=LINE('',#126,#3145);
#3143=LINE('',#130,#3146);
#3144=VECTOR('',#3147,1.0);
#3145=VECTOR('',#3148,1.0);
#3146=VECTOR('',#3149,1.0);
#3147=DIRECTION('',(0.2229008210539462,0.38255229614833486,-0.8966431646341332));
#3148=DIRECTION('',(0.5012862070501795,0.8652815372011844,0));
#3149=DIRECTION('',(-0.3486983102306024,-0.6001282358269155,0.7198997076021052));
#3150=FACE_SURFACE('',(#3155),#3151,.T.);
#3151=PLANE('',#3152);
#3152=AXIS2_PLACEMENT_3D('',#84,#3153,#3154);
#3153=DIRECTION('',(0.8654085742973897,-0.5010668612902539,-7.020885171593213E-06));
#3154=DIRECTION('',(-0.304826775588814,-0.5264649358579626,-0.7936720407045961));
#3155=FACE_BOUND('',#3156,.T.);
#3156=EDGE_LOOP('',(#3157,#3158,#3159));
#3157=ORIENTED_EDGE('',*,*,#3160,.T.);
#3158=ORIENTED_EDGE('',*,*,#3161,.T.);
#3159=ORIENTED_EDGE('',*,*,#3162,.T.);
#3160=EDGE_CURVE('',#85,#101,#3163,.F.);
#3161=EDGE_CURVE('',#101,#117,#3164,.T.);
#3162=EDGE_CURVE('',#117,#85,#3165,.T.);
#3163=LINE('',#84,#3166);
#3164=LINE('',#100,#3167);
#3165=LINE('',#116,#3168);
#3166=VECTOR('',#3169,1.0);
#3167=VECTOR('',#3170,1.0);
#3168=VECTOR('',#3171,1.0);
#3169=DIRECTION('',(-0.304826775588814,-0.5264649358579626,-0.7936720407045961));
#3170=DIRECTION('',(-0.13902839738905975,-0.2401069223018676,-0.9607391792688349));
#3171=DIRECTION('',(0.22602304711959822,0.390359115772585,0.8924871668007431));
#3172=FACE_SURFACE('',(#3177),#3173,.T.);
#3173=PLANE('',#3174);
#3174=AXIS2_PLACEMENT_3D('',#50,#3175,#3176);
#3175=DIRECTION('',(0.8653988825811774,-0.5010835998385579,-2.8593401546716813E-07));
#3176=DIRECTION('',(-0.4927959770650629,-0.8510855997699176,-0.18112268453390823));
#3177=FACE_BOUND('',#3178,.T.);
#3178=EDGE_LOOP('',(#3179,#3180,#3181));
#3179=ORIENTED_EDGE('',*,*,#3182,.T.);
#3180=ORIENTED_EDGE('',*,*,#3183,.T.);
#3181=ORIENTED_EDGE('',*,*,#3184,.T.);
#3182=EDGE_CURVE('',#51,#69,#3185,.F.);
#3183=EDGE_CURVE('',#69,#85,#3186,.T.);
#3184=EDGE_CURVE('',#85,#51,#3187,.T.);
#3185=LINE('',#50,#3188);
#3186=LINE('',#68,#3189);
#3187=LINE('',#84,#3190);
#3188=VECTOR('',#3191,1.0);
#3189=VECTOR('',#3192,1.0);
#3190=VECTOR('',#3193,1.0);
#3191=DIRECTION('',(-0.4927959770650629,-0.8510855997699176,-0.18112268453390823));
#3192=DIRECTION('',(-0.4277749365786922,-0.738790499880658,-0.5207659751953685));
#3193=DIRECTION('',(0.46814454564808977,0.808511124415258,0.35658161208441314));
#3194=FACE_SURFACE('',(#3199),#3195,.T.);
#3195=PLANE('',#3196);
#3196=AXIS2_PLACEMENT_3D('',#116,#3197,#3198);
#3197=DIRECTION('',(0.8650475061142734,-0.5016893474003937,0.000781582013087753));
#3198=DIRECTION('',(0.3486983102306024,0.6001282358269155,-0.7198997076021052));
#3199=FACE_BOUND('',#3200,.T.);
#3200=EDGE_LOOP('',(#3201,#3202,#3203));
#3201=ORIENTED_EDGE('',*,*,#3204,.T.);
#3202=ORIENTED_EDGE('',*,*,#3205,.T.);
#3203=ORIENTED_EDGE('',*,*,#3206,.T.);
#3204=EDGE_CURVE('',#117,#131,#3207,.F.);
#3205=EDGE_CURVE('',#131,#51,#3208,.T.);
#3206=EDGE_CURVE('',#51,#117,#3209,.T.);
#3207=LINE('',#116,#3210);
#3208=LINE('',#130,#3211);
#3209=LINE('',#50,#3212);
#3210=VECTOR('',#3213,1.0);
#3211=VECTOR('',#3214,1.0);
#3212=VECTOR('',#3215,1.0);
#3213=DIRECTION('',(0.3486983102306024,0.6001282358269155,-0.7198997076021052));
#3214=DIRECTION('',(0.05400346319951583,0.09466513051191723,0.994043328546407));
#3215=DIRECTION('',(-0.37279574538479976,-0.6438412235460171,-0.6682004273313203));
#3216=FACE_SURFACE('',(#3221),#3217,.T.);
#3217=PLANE('',#3218);
#3218=AXIS2_PLACEMENT_3D('',#50,#3219,#3220);
#3219=DIRECTION('',(0.8653981620675347,-0.5010848441910936,3.4814430843010294E-06));
#3220=DIRECTION('',(-0.46814454564808977,-0.808511124415258,-0.35658161208441314));
#3221=FACE_BOUND('',#3222,.T.);
#3222=EDGE_LOOP('',(#3223,#3224,#3225));
#3223=ORIENTED_EDGE('',*,*,#3226,.T.);
#3224=ORIENTED_EDGE('',*,*,#3227,.T.);
#3225=ORIENTED_EDGE('',*,*,#3228,.T.);
#3226=EDGE_CURVE('',#51,#85,#3229,.F.);
#3227=EDGE_CURVE('',#85,#117,#3230,.T.);
#3228=EDGE_CURVE('',#117,#51,#3231,.T.);
#3229=LINE('',#50,#3232);
#3230=LINE('',#84,#3233);
#3231=LINE('',#116,#3234);
#3232=VECTOR('',#3235,1.0);
#3233=VECTOR('',#3236,1.0);
#3234=VECTOR('',#3237,1.0);
#3235=DIRECTION('',(-0.46814454564808977,-0.808511124415258,-0.35658161208441314));
#3236=DIRECTION('',(-0.22602304711959822,-0.390359115772585,-0.8924871668007431));
#3237=DIRECTION('',(0.37279574538479976,0.6438412235460171,0.6682004273313203));
#3238=FACE_SURFACE('',(#3243),#3239,.T.);
#3239=PLANE('',#3240);
#3240=AXIS2_PLACEMENT_3D('',#200,#3241,#3242);
#3241=DIRECTION('',(0,0,-1));
#3242=DIRECTION('',(0.8659590229990239,-0.5001149572714017,0));
#3243=FACE_BOUND('',#3244,.T.);
#3244=EDGE_LOOP('',(#3245,#3246,#3247));
#3245=ORIENTED_EDGE('',*,*,#3248,.T.);
#3246=ORIENTED_EDGE('',*,*,#3249,.T.);
#3247=ORIENTED_EDGE('',*,*,#3250,.T.);
#3248=EDGE_CURVE('',#201,#127,#3251,.F.);
#3249=EDGE_CURVE('',#127,#123,#3252,.T.);
#3250=EDGE_CURVE('',#123,#201,#3253,.T.);
#3251=LINE('',#200,#3254);
#3252=LINE('',#126,#3255);
#3253=LINE('',#122,#3256);
#3254=VECTOR('',#3257,1.0);
#3255=VECTOR('',#3258,1.0);
#3256=VECTOR('',#3259,1.0);
#3257=DIRECTION('',(0.8659590229990239,-0.5001149572714017,0));
#3258=DIRECTION('',(-0.5034173073350691,-0.8640434101800144,0));
#3259=DIRECTION('',(-0.11161044261544448,0.9937520360226612,0));
#3260=FACE_SURFACE('',(#3265),#3261,.T.);
#3261=PLANE('',#3262);
#3262=AXIS2_PLACEMENT_3D('',#200,#3263,#3264);
#3263=DIRECTION('',(0,-0,-1));
#3264=DIRECTION('',(0.11161044261544448,-0.9937520360226612,0));
#3265=FACE_BOUND('',#3266,.T.);
#3266=EDGE_LOOP('',(#3267,#3268,#3269));
#3267=ORIENTED_EDGE('',*,*,#3270,.T.);
#3268=ORIENTED_EDGE('',*,*,#3271,.T.);
#3269=ORIENTED_EDGE('',*,*,#3272,.T.);
#3270=EDGE_CURVE('',#201,#123,#3273,.F.);
#3271=EDGE_CURVE('',#123,#125,#3274,.T.);
#3272=EDGE_CURVE('',#125,#201,#3275,.T.);
#3273=LINE('',#200,#3276);
#3274=LINE('',#122,#3277);
#3275=LINE('',#124,#3278);
#3276=VECTOR('',#3279,1.0);
#3277=VECTOR('',#3280,1.0);
#3278=VECTOR('',#3281,1.0);
#3279=DIRECTION('',(0.11161044261544448,-0.9937520360226612,0));
#3280=DIRECTION('',(-0.8659609052366231,0.5001116981252972,0));
#3281=DIRECTION('',(0.5034159055481254,0.8640442269011238,0));
#3282=FACE_SURFACE('',(#3287),#3283,.T.);
#3283=PLANE('',#3284);
#3284=AXIS2_PLACEMENT_3D('',#42,#3285,#3286);
#3285=DIRECTION('',(-0.8665169485030662,0.4991476514588992,0));
#3286=DIRECTION('',(-0.49914765145889917,-0.866516948503066,0));
#3287=FACE_BOUND('',#3288,.T.);
#3288=EDGE_LOOP('',(#3289,#3290,#3291));
#3289=ORIENTED_EDGE('',*,*,#3292,.T.);
#3290=ORIENTED_EDGE('',*,*,#3293,.T.);
#3291=ORIENTED_EDGE('',*,*,#3294,.T.);
#3292=EDGE_CURVE('',#43,#49,#3295,.F.);
#3293=EDGE_CURVE('',#49,#165,#3296,.T.);
#3294=EDGE_CURVE('',#165,#43,#3297,.T.);
#3295=LINE('',#42,#3298);
#3296=LINE('',#48,#3299);
#3297=LINE('',#164,#3300);
#3298=VECTOR('',#3301,1.0);
#3299=VECTOR('',#3302,1.0);
#3300=VECTOR('',#3303,1.0);
#3301=DIRECTION('',(-0.49914765145889917,-0.866516948503066,0));
#3302=DIRECTION('',(0,0,1));
#3303=DIRECTION('',(0.42565676942389036,0.7389372741168423,-0.5222911252973647));
#3304=FACE_SURFACE('',(#3309),#3305,.T.);
#3305=PLANE('',#3306);
#3306=AXIS2_PLACEMENT_3D('',#164,#3307,#3308);
#3307=DIRECTION('',(-0.8665185449745081,0.49914487983443956,1.226067892803301E-05));
#3308=DIRECTION('',(0.3555755435995344,0.6172640656610564,0.7018198529804345));
#3309=FACE_BOUND('',#3310,.T.);
#3310=EDGE_LOOP('',(#3311,#3312,#3313));
#3311=ORIENTED_EDGE('',*,*,#3314,.T.);
#3312=ORIENTED_EDGE('',*,*,#3315,.T.);
#3313=ORIENTED_EDGE('',*,*,#3316,.T.);
#3314=EDGE_CURVE('',#165,#169,#3317,.F.);
#3315=EDGE_CURVE('',#169,#35,#3318,.T.);
#3316=EDGE_CURVE('',#35,#165,#3319,.T.);
#3317=LINE('',#164,#3320);
#3318=LINE('',#168,#3321);
#3319=LINE('',#34,#3322);
#3320=VECTOR('',#3323,1.0);
#3321=VECTOR('',#3324,1.0);
#3322=VECTOR('',#3325,1.0);
#3323=DIRECTION('',(0.3555755435995344,0.6172640656610564,0.7018198529804345));
#3324=DIRECTION('',(0.4991448798719564,0.8665185450396375,0));
#3325=DIRECTION('',(-0.4829829599630013,-0.8384551533457022,-0.25242903203358524));
#3326=FACE_SURFACE('',(#3331),#3327,.T.);
#3327=PLANE('',#3328);
#3328=AXIS2_PLACEMENT_3D('',#164,#3329,#3330);
#3329=DIRECTION('',(-0.8665169485030662,0.4991476514588992,0));
#3330=DIRECTION('',(0.4829829599630013,0.8384551533457022,0.25242903203358524));
#3331=FACE_BOUND('',#3332,.T.);
#3332=EDGE_LOOP('',(#3333,#3334,#3335));
#3333=ORIENTED_EDGE('',*,*,#3336,.T.);
#3334=ORIENTED_EDGE('',*,*,#3337,.T.);
#3335=ORIENTED_EDGE('',*,*,#3338,.T.);
#3336=EDGE_CURVE('',#165,#35,#3339,.F.);
#3337=EDGE_CURVE('',#35,#43,#3340,.T.);
#3338=EDGE_CURVE('',#43,#165,#3341,.T.);
#3339=LINE('',#164,#3342);
#3340=LINE('',#34,#3343);
#3341=LINE('',#42,#3344);
#3342=VECTOR('',#3345,1.0);
#3343=VECTOR('',#3346,1.0);
#3344=VECTOR('',#3347,1.0);
#3345=DIRECTION('',(0.4829829599630013,0.8384551533457022,0.25242903203358524));
#3346=DIRECTION('',(0,0,-1));
#3347=DIRECTION('',(-0.42565676942389036,-0.7389372741168423,0.5222911252973647));
#3348=FACE_SURFACE('',(#3353),#3349,.T.);
#3349=PLANE('',#3350);
#3350=AXIS2_PLACEMENT_3D('',#200,#3351,#3352);
#3351=DIRECTION('',(-0.8640442269011238,0.5034159055481254,0));
#3352=DIRECTION('',(-0.5034159055481254,-0.8640442269011238,0));
#3353=FACE_BOUND('',#3354,.T.);
#3354=EDGE_LOOP('',(#3355,#3356,#3357));
#3355=ORIENTED_EDGE('',*,*,#3358,.T.);
#3356=ORIENTED_EDGE('',*,*,#3359,.T.);
#3357=ORIENTED_EDGE('',*,*,#3360,.T.);
#3358=EDGE_CURVE('',#201,#125,#3361,.F.);
#3359=EDGE_CURVE('',#125,#119,#3362,.T.);
#3360=EDGE_CURVE('',#119,#201,#3363,.T.);
#3361=LINE('',#200,#3364);
#3362=LINE('',#124,#3365);
#3363=LINE('',#118,#3366);
#3364=VECTOR('',#3367,1.0);
#3365=VECTOR('',#3368,1.0);
#3366=VECTOR('',#3369,1.0);
#3367=DIRECTION('',(-0.5034159055481254,-0.8640442269011238,0));
#3368=DIRECTION('',(0,0,1));
#3369=DIRECTION('',(0.24589141712975104,0.4220388292741114,-0.8725941998242139));
#3370=FACE_SURFACE('',(#3375),#3371,.T.);
#3371=PLANE('',#3372);
#3372=AXIS2_PLACEMENT_3D('',#118,#3373,#3374);
#3373=DIRECTION('',(-0.8654153770195944,0.5010551119540007,1.6725127231861289E-06));
#3374=DIRECTION('',(0.023484441863091406,0.0405586650038044,0.9989011340885985));
#3375=FACE_BOUND('',#3376,.T.);
#3376=EDGE_LOOP('',(#3377,#3378,#3379));
#3377=ORIENTED_EDGE('',*,*,#3380,.T.);
#3378=ORIENTED_EDGE('',*,*,#3381,.T.);
#3379=ORIENTED_EDGE('',*,*,#3382,.T.);
#3380=EDGE_CURVE('',#119,#115,#3383,.F.);
#3381=EDGE_CURVE('',#115,#111,#3384,.T.);
#3382=EDGE_CURVE('',#111,#119,#3385,.T.);
#3383=LINE('',#118,#3386);
#3384=LINE('',#114,#3387);
#3385=LINE('',#110,#3388);
#3386=VECTOR('',#3389,1.0);
#3387=VECTOR('',#3390,1.0);
#3388=VECTOR('',#3391,1.0);
#3389=DIRECTION('',(0.023484441863091406,0.0405586650038044,0.9989011340885985));
#3390=DIRECTION('',(0.07024227645610599,0.12131817182328501,0.9901252061147217));
#3391=DIRECTION('',(-0.04691807960105706,-0.08103292714460178,-0.9956065279641986));
#3392=FACE_SURFACE('',(#3397),#3393,.T.);
#3393=PLANE('',#3394);
#3394=AXIS2_PLACEMENT_3D('',#110,#3395,#3396);
#3395=DIRECTION('',(-0.8655775383481094,0.5007749158680795,9.351227228380162E-05));
#3396=DIRECTION('',(0.11635885903274806,0.20094189063050036,0.9726679662219975));
#3397=FACE_BOUND('',#3398,.T.);
#3398=EDGE_LOOP('',(#3399,#3400,#3401));
#3399=ORIENTED_EDGE('',*,*,#3402,.T.);
#3400=ORIENTED_EDGE('',*,*,#3403,.T.);
#3401=ORIENTED_EDGE('',*,*,#3404,.T.);
#3402=EDGE_CURVE('',#111,#107,#3405,.F.);
#3403=EDGE_CURVE('',#107,#103,#3406,.T.);
#3404=EDGE_CURVE('',#103,#111,#3407,.T.);
#3405=LINE('',#110,#3408);
#3406=LINE('',#106,#3409);
#3407=LINE('',#102,#3410);
#3408=VECTOR('',#3411,1.0);
#3409=VECTOR('',#3412,1.0);
#3410=VECTOR('',#3413,1.0);
#3411=DIRECTION('',(0.11635885903274806,0.20094189063050036,0.9726679662219975));
#3412=DIRECTION('',(0.161373301333214,0.2787531318313908,0.9467076365547133));
#3413=DIRECTION('',(-0.13902654433577094,-0.2401246741539322,-0.9607350107248729));
#3414=FACE_SURFACE('',(#3419),#3415,.T.);
#3415=PLANE('',#3416);
#3416=AXIS2_PLACEMENT_3D('',#102,#3417,#3418);
#3417=DIRECTION('',(-0.8653754516805194,0.5011240636287608,-2.1930222336225282E-05));
#3418=DIRECTION('',(0.20492392394931472,0.3539166417358743,0.9125509279462797));
#3419=FACE_BOUND('',#3420,.T.);
#3420=EDGE_LOOP('',(#3421,#3422,#3423));
#3421=ORIENTED_EDGE('',*,*,#3424,.T.);
#3422=ORIENTED_EDGE('',*,*,#3425,.T.);
#3423=ORIENTED_EDGE('',*,*,#3426,.T.);
#3424=EDGE_CURVE('',#103,#99,#3427,.F.);
#3425=EDGE_CURVE('',#99,#95,#3428,.T.);
#3426=EDGE_CURVE('',#95,#103,#3429,.T.);
#3427=LINE('',#102,#3430);
#3428=LINE('',#98,#3431);
#3429=LINE('',#94,#3432);
#3430=VECTOR('',#3433,1.0);
#3431=VECTOR('',#3434,1.0);
#3432=VECTOR('',#3435,1.0);
#3433=DIRECTION('',(0.20492392394931472,0.3539166417358743,0.9125509279462797));
#3434=DIRECTION('',(0.24661396288606754,0.42590802446866927,0.8705078448829882));
#3435=DIRECTION('',(-0.22602608901876,-0.3903564317197852,-0.8924875703884511));
#3436=FACE_SURFACE('',(#3441),#3437,.T.);
#3437=PLANE('',#3438);
#3438=AXIS2_PLACEMENT_3D('',#94,#3439,#3440);
#3439=DIRECTION('',(-0.8653586599283714,0.5011530564995824,-6.0399500275001976E-05));
#3440=DIRECTION('',(0.28605506532637914,0.4940403232556154,0.8210338961325581));
#3441=FACE_BOUND('',#3442,.T.);
#3442=EDGE_LOOP('',(#3443,#3444,#3445));
#3443=ORIENTED_EDGE('',*,*,#3446,.T.);
#3444=ORIENTED_EDGE('',*,*,#3447,.T.);
#3445=ORIENTED_EDGE('',*,*,#3448,.T.);
#3446=EDGE_CURVE('',#95,#91,#3449,.F.);
#3447=EDGE_CURVE('',#91,#87,#3450,.T.);
#3448=EDGE_CURVE('',#87,#95,#3451,.T.);
#3449=LINE('',#94,#3452);
#3450=LINE('',#90,#3453);
#3451=LINE('',#86,#3454);
#3452=VECTOR('',#3455,1.0);
#3453=VECTOR('',#3456,1.0);
#3454=VECTOR('',#3457,1.0);
#3455=DIRECTION('',(0.28605506532637914,0.4940403232556154,0.8210338961325581));
#3456=DIRECTION('',(0.32293551400783305,0.5577162975121186,0.7646340204842255));
#3457=DIRECTION('',(-0.3048351915391554,-0.5264653315211425,-0.7936685458713983));
#3458=FACE_SURFACE('',(#3463),#3459,.T.);
#3459=PLANE('',#3460);
#3460=AXIS2_PLACEMENT_3D('',#86,#3461,#3462);
#3461=DIRECTION('',(-0.8653704883723903,0.5011326308419691,-6.449447810263356E-05));
#3462=DIRECTION('',(0.3569400605577734,0.6164648630899839,0.7018296557886825));
#3463=FACE_BOUND('',#3464,.T.);
#3464=EDGE_LOOP('',(#3465,#3466,#3467));
#3465=ORIENTED_EDGE('',*,*,#3468,.T.);
#3466=ORIENTED_EDGE('',*,*,#3469,.T.);
#3467=ORIENTED_EDGE('',*,*,#3470,.T.);
#3468=EDGE_CURVE('',#87,#83,#3471,.F.);
#3469=EDGE_CURVE('',#83,#79,#3472,.T.);
#3470=EDGE_CURVE('',#79,#87,#3473,.T.);
#3471=LINE('',#86,#3474);
#3472=LINE('',#82,#3475);
#3473=LINE('',#78,#3476);
#3474=VECTOR('',#3477,1.0);
#3475=VECTOR('',#3478,1.0);
#3476=VECTOR('',#3479,1.0);
#3477=DIRECTION('',(0.3569400605577734,0.6164648630899839,0.7018296557886825));
#3478=DIRECTION('',(0.3878374481626388,0.6698105428594197,0.6331950335221067));
#3479=DIRECTION('',(-0.37279590603207996,-0.6438408729799698,-0.6682006754906126));
#3480=FACE_SURFACE('',(#3485),#3481,.T.);
#3481=PLANE('',#3482);
#3482=AXIS2_PLACEMENT_3D('',#78,#3483,#3484);
#3483=DIRECTION('',(-0.865479661091529,0.500944006878281,0.00024126670916143475));
#3484=DIRECTION('',(0.41534316826063555,0.7173178865531998,0.5594149642350196));
#3485=FACE_BOUND('',#3486,.T.);
#3486=EDGE_LOOP('',(#3487,#3488,#3489));
#3487=ORIENTED_EDGE('',*,*,#3490,.T.);
#3488=ORIENTED_EDGE('',*,*,#3491,.T.);
#3489=ORIENTED_EDGE('',*,*,#3492,.T.);
#3490=EDGE_CURVE('',#79,#75,#3493,.F.);
#3491=EDGE_CURVE('',#75,#71,#3494,.T.);
#3492=EDGE_CURVE('',#71,#79,#3495,.T.);
#3493=LINE('',#78,#3496);
#3494=LINE('',#74,#3497);
#3495=LINE('',#70,#3498);
#3496=VECTOR('',#3499,1.0);
#3497=VECTOR('',#3500,1.0);
#3498=VECTOR('',#3501,1.0);
#3499=DIRECTION('',(0.41534316826063555,0.7173178865531998,0.5594149642350196));
#3500=DIRECTION('',(0.43927379840655034,0.7587005151495071,0.48105307227514316));
#3501=DIRECTION('',(-0.42776646400072654,-0.7388001999343704,-0.5207591735661019));
#3502=FACE_SURFACE('',(#3507),#3503,.T.);
#3503=PLANE('',#3504);
#3504=AXIS2_PLACEMENT_3D('',#70,#3505,#3506);
#3505=DIRECTION('',(-0.8654697730513173,0.5009610042417684,0.00037968879380954895));
#3506=DIRECTION('',(0.4595042240001648,0.7935458966328994,0.398924526775547));
#3507=FACE_BOUND('',#3508,.T.);
#3508=EDGE_LOOP('',(#3509,#3510,#3511));
#3509=ORIENTED_EDGE('',*,*,#3512,.T.);
#3510=ORIENTED_EDGE('',*,*,#3513,.T.);
#3511=ORIENTED_EDGE('',*,*,#3514,.T.);
#3512=EDGE_CURVE('',#71,#67,#3515,.F.);
#3513=EDGE_CURVE('',#67,#63,#3516,.T.);
#3514=EDGE_CURVE('',#63,#71,#3517,.T.);
#3515=LINE('',#70,#3518);
#3516=LINE('',#66,#3519);
#3517=LINE('',#62,#3520);
#3518=VECTOR('',#3521,1.0);
#3519=VECTOR('',#3522,1.0);
#3520=VECTOR('',#3523,1.0);
#3521=DIRECTION('',(0.4595042240001648,0.7935458966328994,0.398924526775547));
#3522=DIRECTION('',(0.4758010533883499,0.8217653147944403,0.31355242782560483));
#3523=DIRECTION('',(-0.4681452573122593,-0.8085063955340003,-0.3565913998355224));
#3524=FACE_SURFACE('',(#3529),#3525,.T.);
#3525=PLANE('',#3526);
#3526=AXIS2_PLACEMENT_3D('',#62,#3527,#3528);
#3527=DIRECTION('',(-0.865386295262374,0.5011053275279439,-0.00010341748052600266));
#3528=DIRECTION('',(0.4881495988841164,0.8430589256780517,0.22574679830253552));
#3529=FACE_BOUND('',#3530,.T.);
#3530=EDGE_LOOP('',(#3531,#3532,#3533));
#3531=ORIENTED_EDGE('',*,*,#3534,.T.);
#3532=ORIENTED_EDGE('',*,*,#3535,.T.);
#3533=ORIENTED_EDGE('',*,*,#3536,.T.);
#3534=EDGE_CURVE('',#63,#59,#3537,.F.);
#3535=EDGE_CURVE('',#59,#55,#3538,.T.);
#3536=EDGE_CURVE('',#55,#63,#3539,.T.);
#3537=LINE('',#62,#3540);
#3538=LINE('',#58,#3541);
#3539=LINE('',#54,#3542);
#3540=VECTOR('',#3543,1.0);
#3541=VECTOR('',#3544,1.0);
#3542=VECTOR('',#3545,1.0);
#3543=DIRECTION('',(0.4881495988841164,0.8430589256780517,0.22574679830253552));
#3544=DIRECTION('',(0.49642633821077464,0.8573339921398723,0.13615915926646688));
#3545=DIRECTION('',(-0.4928004170375315,-0.8510814708688197,-0.18113000555236897));
#3546=FACE_SURFACE('',(#3551),#3547,.T.);
#3547=PLANE('',#3548);
#3548=AXIS2_PLACEMENT_3D('',#54,#3549,#3550);
#3549=DIRECTION('',(-0.8653998885344969,0.501081766644427,-0.0003099370589497509));
#3550=DIRECTION('',(0.5005508344128315,0.864511073064562,0.045491391684338627));
#3551=FACE_BOUND('',#3552,.T.);
#3552=EDGE_LOOP('',(#3553,#3554,#3555));
#3553=ORIENTED_EDGE('',*,*,#3556,.T.);
#3554=ORIENTED_EDGE('',*,*,#3557,.T.);
#3555=ORIENTED_EDGE('',*,*,#3558,.T.);
#3556=EDGE_CURVE('',#55,#53,#3559,.F.);
#3557=EDGE_CURVE('',#53,#37,#3560,.T.);
#3558=EDGE_CURVE('',#37,#55,#3561,.T.);
#3559=LINE('',#54,#3562);
#3560=LINE('',#52,#3563);
#3561=LINE('',#36,#3564);
#3562=VECTOR('',#3565,1.0);
#3563=VECTOR('',#3566,1.0);
#3564=VECTOR('',#3567,1.0);
#3565=DIRECTION('',(0.5005508344128315,0.864511073064562,0.045491391684338627));
#3566=DIRECTION('',(0.5010817907116317,0.8653999301000808,0));
#3567=DIRECTION('',(-0.5010572837194115,-0.8653634002299156,-0.00936931023309175));
#3568=FACE_SURFACE('',(#3573),#3569,.T.);
#3569=PLANE('',#3570);
#3570=AXIS2_PLACEMENT_3D('',#36,#3571,#3572);
#3571=DIRECTION('',(-0.8665185450396374,0.4991448798719563,0));
#3572=DIRECTION('',(0,0,-1));
#3573=FACE_BOUND('',#3574,.T.);
#3574=EDGE_LOOP('',(#3575,#3576,#3577));
#3575=ORIENTED_EDGE('',*,*,#3578,.T.);
#3576=ORIENTED_EDGE('',*,*,#3579,.T.);
#3577=ORIENTED_EDGE('',*,*,#3580,.T.);
#3578=EDGE_CURVE('',#37,#35,#3581,.F.);
#3579=EDGE_CURVE('',#35,#169,#3582,.T.);
#3580=EDGE_CURVE('',#169,#37,#3583,.T.);
#3581=LINE('',#36,#3584);
#3582=LINE('',#34,#3585);
#3583=LINE('',#168,#3586);
#3584=VECTOR('',#3587,1.0);
#3585=VECTOR('',#3588,1.0);
#3586=VECTOR('',#3589,1.0);
#3587=DIRECTION('',(0,0,-1));
#3588=DIRECTION('',(-0.4991448798719564,-0.8665185450396375,0));
#3589=DIRECTION('',(0.1501737952384431,0.26070262122387683,0.953667643632037));
#3590=FACE_SURFACE('',(#3595),#3591,.T.);
#3591=PLANE('',#3592);
#3592=AXIS2_PLACEMENT_3D('',#168,#3593,#3594);
#3593=DIRECTION('',(-0.8652798569669674,0.501287213997574,-0.0013777553392642636));
#3594=DIRECTION('',(-0.5012876897723961,-0.8652806782094778,0));
#3595=FACE_BOUND('',#3596,.T.);
#3596=EDGE_LOOP('',(#3597,#3598,#3599));
#3597=ORIENTED_EDGE('',*,*,#3600,.T.);
#3598=ORIENTED_EDGE('',*,*,#3601,.T.);
#3599=ORIENTED_EDGE('',*,*,#3602,.T.);
#3600=EDGE_CURVE('',#169,#201,#3603,.F.);
#3601=EDGE_CURVE('',#201,#119,#3604,.T.);
#3602=EDGE_CURVE('',#119,#169,#3605,.T.);
#3603=LINE('',#168,#3606);
#3604=LINE('',#200,#3607);
#3605=LINE('',#118,#3608);
#3606=VECTOR('',#3609,1.0);
#3607=VECTOR('',#3610,1.0);
#3608=VECTOR('',#3611,1.0);
#3609=DIRECTION('',(-0.5012876897723961,-0.8652806782094778,0));
#3610=DIRECTION('',(-0.24589141712975104,-0.4220388292741114,0.8725941998242139));
#3611=DIRECTION('',(0.36980188312213963,0.6364605732112528,-0.6768785016433325));
#3612=FACE_SURFACE('',(#3617),#3613,.T.);
#3613=PLANE('',#3614);
#3614=AXIS2_PLACEMENT_3D('',#118,#3615,#3616);
#3615=DIRECTION('',(-0.8654196429254516,0.5010477438654594,2.473236573581695E-06));
#3616=DIRECTION('',(0.04691807960105706,0.08103292714460178,0.9956065279641986));
#3617=FACE_BOUND('',#3618,.T.);
#3618=EDGE_LOOP('',(#3619,#3620,#3621));
#3619=ORIENTED_EDGE('',*,*,#3622,.T.);
#3620=ORIENTED_EDGE('',*,*,#3623,.T.);
#3621=ORIENTED_EDGE('',*,*,#3624,.T.);
#3622=EDGE_CURVE('',#119,#111,#3625,.F.);
#3623=EDGE_CURVE('',#111,#103,#3626,.T.);
#3624=EDGE_CURVE('',#103,#119,#3627,.T.);
#3625=LINE('',#118,#3628);
#3626=LINE('',#110,#3629);
#3627=LINE('',#102,#3630);
#3628=VECTOR('',#3631,1.0);
#3629=VECTOR('',#3632,1.0);
#3630=VECTOR('',#3633,1.0);
#3631=DIRECTION('',(0.04691807960105706,0.08103292714460178,0.9956065279641986));
#3632=DIRECTION('',(0.13902654433577094,0.2401246741539322,0.9607350107248729));
#3633=DIRECTION('',(-0.09340488382751083,-0.16132592615312102,-0.9824711055435712));
#3634=FACE_SURFACE('',(#3639),#3635,.T.);
#3635=PLANE('',#3636);
#3636=AXIS2_PLACEMENT_3D('',#102,#3637,#3638);
#3637=DIRECTION('',(-0.8653999950268001,0.5010816785711091,2.8238663115826757E-06));
#3638=DIRECTION('',(0.22602608901876,0.3903564317197852,0.8924875703884511));
#3639=FACE_BOUND('',#3640,.T.);
#3640=EDGE_LOOP('',(#3641,#3642,#3643));
#3641=ORIENTED_EDGE('',*,*,#3644,.T.);
#3642=ORIENTED_EDGE('',*,*,#3645,.T.);
#3643=ORIENTED_EDGE('',*,*,#3646,.T.);
#3644=EDGE_CURVE('',#103,#95,#3647,.F.);
#3645=EDGE_CURVE('',#95,#87,#3648,.T.);
#3646=EDGE_CURVE('',#87,#103,#3649,.T.);
#3647=LINE('',#102,#3650);
#3648=LINE('',#94,#3651);
#3649=LINE('',#86,#3652);
#3650=VECTOR('',#3653,1.0);
#3651=VECTOR('',#3654,1.0);
#3652=VECTOR('',#3655,1.0);
#3653=DIRECTION('',(0.22602608901876,0.3903564317197852,0.8924875703884511));
#3654=DIRECTION('',(0.3048351915391554,0.5264653315211425,0.7936685458713983));
#3655=DIRECTION('',(-0.26663171330252133,-0.46048519100323687,-0.8466763952822084));
#3656=FACE_SURFACE('',(#3661),#3657,.T.);
#3657=PLANE('',#3658);
#3658=AXIS2_PLACEMENT_3D('',#86,#3659,#3660);
#3659=DIRECTION('',(-0.8654195726368467,0.5010478632933225,4.456740709739822E-05));
#3660=DIRECTION('',(0.37279590603207996,0.6438408729799698,0.6682006754906126));
#3661=FACE_BOUND('',#3662,.T.);
#3662=EDGE_LOOP('',(#3663,#3664,#3665));
#3663=ORIENTED_EDGE('',*,*,#3666,.T.);
#3664=ORIENTED_EDGE('',*,*,#3667,.T.);
#3665=ORIENTED_EDGE('',*,*,#3668,.T.);
#3666=EDGE_CURVE('',#87,#79,#3669,.F.);
#3667=EDGE_CURVE('',#79,#71,#3670,.T.);
#3668=EDGE_CURVE('',#71,#87,#3671,.T.);
#3669=LINE('',#86,#3672);
#3670=LINE('',#78,#3673);
#3671=LINE('',#70,#3674);
#3672=VECTOR('',#3675,1.0);
#3673=VECTOR('',#3676,1.0);
#3674=VECTOR('',#3677,1.0);
#3675=DIRECTION('',(0.37279590603207996,0.6438408729799698,0.6682006754906126));
#3676=DIRECTION('',(0.42776646400072654,0.7388001999343704,0.5207591735661019));
#3677=DIRECTION('',(-0.4020183285061514,-0.6943207483005542,-0.5969086714267757));
#3678=FACE_SURFACE('',(#3683),#3679,.T.);
#3679=PLANE('',#3680);
#3680=AXIS2_PLACEMENT_3D('',#70,#3681,#3682);
#3681=DIRECTION('',(-0.8653945551701894,0.5010910732458659,-1.3967688240927013E-05));
#3682=DIRECTION('',(0.4681452573122593,0.8085063955340003,0.3565913998355224));
#3683=FACE_BOUND('',#3684,.T.);
#3684=EDGE_LOOP('',(#3685,#3686,#3687));
#3685=ORIENTED_EDGE('',*,*,#3688,.T.);
#3686=ORIENTED_EDGE('',*,*,#3689,.T.);
#3687=ORIENTED_EDGE('',*,*,#3690,.T.);
#3688=EDGE_CURVE('',#71,#63,#3691,.F.);
#3689=EDGE_CURVE('',#63,#55,#3692,.T.);
#3690=EDGE_CURVE('',#55,#71,#3693,.T.);
#3691=LINE('',#70,#3694);
#3692=LINE('',#62,#3695);
#3693=LINE('',#54,#3696);
#3694=VECTOR('',#3697,1.0);
#3695=VECTOR('',#3698,1.0);
#3696=VECTOR('',#3699,1.0);
#3697=DIRECTION('',(0.4681452573122593,0.8085063955340003,0.3565913998355224));
#3698=DIRECTION('',(0.4928004170375315,0.8510814708688197,0.18113000555236897));
#3699=DIRECTION('',(-0.482488488275786,-0.8332750335379443,-0.2699214277594208));
#3700=FACE_SURFACE('',(#3705),#3701,.T.);
#3701=PLANE('',#3702);
#3702=AXIS2_PLACEMENT_3D('',#54,#3703,#3704);
#3703=DIRECTION('',(-0.865397850601645,0.5010848836194718,-0.0007068112289625367));
#3704=DIRECTION('',(0.5010572837194115,0.8653634002299156,0.00936931023309175));
#3705=FACE_BOUND('',#3706,.T.);
#3706=EDGE_LOOP('',(#3707,#3708,#3709));
#3707=ORIENTED_EDGE('',*,*,#3710,.T.);
#3708=ORIENTED_EDGE('',*,*,#3711,.T.);
#3709=ORIENTED_EDGE('',*,*,#3712,.T.);
#3710=EDGE_CURVE('',#55,#37,#3713,.F.);
#3711=EDGE_CURVE('',#37,#169,#3714,.T.);
#3712=EDGE_CURVE('',#169,#55,#3715,.T.);
#3713=LINE('',#54,#3716);
#3714=LINE('',#36,#3717);
#3715=LINE('',#168,#3718);
#3716=VECTOR('',#3719,1.0);
#3717=VECTOR('',#3720,1.0);
#3718=VECTOR('',#3721,1.0);
#3719=DIRECTION('',(0.5010572837194115,0.8653634002299156,0.00936931023309175));
#3720=DIRECTION('',(-0.1501737952384431,-0.26070262122387683,-0.953667643632037));
#3721=DIRECTION('',(0.027630302504797664,0.04912718942501645,0.9984102792152594));
#3722=FACE_SURFACE('',(#3727),#3723,.T.);
#3723=PLANE('',#3724);
#3724=AXIS2_PLACEMENT_3D('',#168,#3725,#3726);
#3725=DIRECTION('',(-0.8647591182032626,0.5021868240949684,-0.000247365569417267));
#3726=DIRECTION('',(-0.36980188312213963,-0.6364605732112528,0.6768785016433325));
#3727=FACE_BOUND('',#3728,.T.);
#3728=EDGE_LOOP('',(#3729,#3730,#3731));
#3729=ORIENTED_EDGE('',*,*,#3732,.T.);
#3730=ORIENTED_EDGE('',*,*,#3733,.T.);
#3731=ORIENTED_EDGE('',*,*,#3734,.T.);
#3732=EDGE_CURVE('',#169,#119,#3735,.F.);
#3733=EDGE_CURVE('',#119,#103,#3736,.T.);
#3734=EDGE_CURVE('',#103,#169,#3737,.T.);
#3735=LINE('',#168,#3738);
#3736=LINE('',#118,#3739);
#3737=LINE('',#102,#3740);
#3738=VECTOR('',#3741,1.0);
#3739=VECTOR('',#3742,1.0);
#3740=VECTOR('',#3743,1.0);
#3741=DIRECTION('',(-0.36980188312213963,-0.6364605732112528,0.6768785016433325));
#3742=DIRECTION('',(0.09340488382751083,0.16132592615312102,0.9824711055435712));
#3743=DIRECTION('',(0.28102944414406433,0.48352067041410746,-0.8289934938263208));
#3744=FACE_SURFACE('',(#3749),#3745,.T.);
#3745=PLANE('',#3746);
#3746=AXIS2_PLACEMENT_3D('',#102,#3747,#3748);
#3747=DIRECTION('',(-0.8654075398878752,0.5010686477462402,1.2286987237617684E-05));
#3748=DIRECTION('',(0.26663171330252133,0.46048519100323687,0.8466763952822084));
#3749=FACE_BOUND('',#3750,.T.);
#3750=EDGE_LOOP('',(#3751,#3752,#3753));
#3751=ORIENTED_EDGE('',*,*,#3754,.T.);
#3752=ORIENTED_EDGE('',*,*,#3755,.T.);
#3753=ORIENTED_EDGE('',*,*,#3756,.T.);
#3754=EDGE_CURVE('',#103,#87,#3757,.F.);
#3755=EDGE_CURVE('',#87,#71,#3758,.T.);
#3756=EDGE_CURVE('',#71,#103,#3759,.T.);
#3757=LINE('',#102,#3760);
#3758=LINE('',#86,#3761);
#3759=LINE('',#70,#3762);
#3760=VECTOR('',#3763,1.0);
#3761=VECTOR('',#3764,1.0);
#3762=VECTOR('',#3765,1.0);
#3763=DIRECTION('',(0.26663171330252133,0.46048519100323687,0.8466763952822084));
#3764=DIRECTION('',(0.4020183285061514,0.6943207483005542,0.5969086714267757));
#3765=DIRECTION('',(-0.34031563852060415,-0.5877492083365741,-0.733986467367106));
#3766=FACE_SURFACE('',(#3771),#3767,.T.);
#3767=PLANE('',#3768);
#3768=AXIS2_PLACEMENT_3D('',#70,#3769,#3770);
#3769=DIRECTION('',(-0.8652953707010231,0.5012618132394322,-0.0007183531830563881));
#3770=DIRECTION('',(0.482488488275786,0.8332750335379443,0.2699214277594208));
#3771=FACE_BOUND('',#3772,.T.);
#3772=EDGE_LOOP('',(#3773,#3774,#3775));
#3773=ORIENTED_EDGE('',*,*,#3776,.T.);
#3774=ORIENTED_EDGE('',*,*,#3777,.T.);
#3775=ORIENTED_EDGE('',*,*,#3778,.T.);
#3776=EDGE_CURVE('',#71,#55,#3779,.F.);
#3777=EDGE_CURVE('',#55,#169,#3780,.T.);
#3778=EDGE_CURVE('',#169,#71,#3781,.T.);
#3779=LINE('',#70,#3782);
#3780=LINE('',#54,#3783);
#3781=LINE('',#168,#3784);
#3782=VECTOR('',#3785,1.0);
#3783=VECTOR('',#3786,1.0);
#3784=VECTOR('',#3787,1.0);
#3785=DIRECTION('',(0.482488488275786,0.8332750335379443,0.2699214277594208));
#3786=DIRECTION('',(-0.027630302504797664,-0.04912718942501645,-0.9984102792152594));
#3787=DIRECTION('',(-0.0785341043694227,-0.13415260129967807,0.9878438510288061));
#3788=FACE_SURFACE('',(#3793),#3789,.T.);
#3789=PLANE('',#3790);
#3790=AXIS2_PLACEMENT_3D('',#102,#3791,#3792);
#3791=DIRECTION('',(-0.8650527308865528,0.5016805361641399,-0.0006421991734841281));
#3792=DIRECTION('',(0.34031563852060415,0.5877492083365741,0.733986467367106));
#3793=FACE_BOUND('',#3794,.T.);
#3794=EDGE_LOOP('',(#3795,#3796,#3797));
#3795=ORIENTED_EDGE('',*,*,#3798,.T.);
#3796=ORIENTED_EDGE('',*,*,#3799,.T.);
#3797=ORIENTED_EDGE('',*,*,#3800,.T.);
#3798=EDGE_CURVE('',#103,#71,#3801,.F.);
#3799=EDGE_CURVE('',#71,#169,#3802,.T.);
#3800=EDGE_CURVE('',#169,#103,#3803,.T.);
#3801=LINE('',#102,#3804);
#3802=LINE('',#70,#3805);
#3803=LINE('',#168,#3806);
#3804=VECTOR('',#3807,1.0);
#3805=VECTOR('',#3808,1.0);
#3806=VECTOR('',#3809,1.0);
#3807=DIRECTION('',(0.34031563852060415,0.5877492083365741,0.733986467367106));
#3808=DIRECTION('',(0.0785341043694227,0.13415260129967807,-0.9878438510288061));
#3809=DIRECTION('',(-0.28102944414406433,-0.48352067041410746,0.8289934938263208));
ENDSEC;
END-ISO-10303-21;
