ISO-10303-21;
HEADER;
FILE_DESCRIPTION((''),'2;1');
FILE_NAME('Nano_Holder', '2026-08-25T14:46:18', (''), (''), 'ImageToStl.com STEP Converter','', '');
FILE_SCHEMA(('AUTOMOTIVE_DESIGN_CC2'));
ENDSEC;
DATA;
#1=PRODUCT_DEFINITION_CONTEXT('',#4,'design');
#2=APPLICATION_PROTOCOL_DEFINITION('INTERNATIONAL STANDARD','automotive_design',1994,#4);
#3=(GEOMETRIC_REPRESENTATION_CONTEXT(3)GLOBAL_UNCERTAINTY_ASSIGNED_CONTEXT((#5))GLOBAL_UNIT_ASSIGNED_CONTEXT((#6,#7,#8))REPRESENTATION_CONTEXT('NONE','WORKSPACE'));
#4=APPLICATION_CONTEXT(' ');
#5=UNCERTAINTY_MEASURE_WITH_UNIT(LENGTH_MEASURE(1.0E-006),#6,'','');
#6=(CONVERSION_BASED_UNIT('METRE',#10)LENGTH_UNIT()NAMED_UNIT(#11));
#7=(NAMED_UNIT(#12)PLANE_ANGLE_UNIT()SI_UNIT($,.RADIAN.));
#8=(NAMED_UNIT(#12)SOLID_ANGLE_UNIT()SI_UNIT($,.STERADIAN.));
#9=AXIS2_PLACEMENT_3D('',#14,#15,#16);
#10=LENGTH_MEASURE_WITH_UNIT(LENGTH_MEASURE(1.0),#17);
#11=DIMENSIONAL_EXPONENTS(1.0,0.0,0.0,0.0,0.0,0.0,0.0);
#12=DIMENSIONAL_EXPONENTS(0.0,0.0,0.0,0.0,0.0,0.0,0.0);
#13=PRODUCT_CONTEXT('',#4,'mechanical');
#14=CARTESIAN_POINT('',(0.0,0.0,0.0));
#15=DIRECTION('',(0.0,0.0,1.0));
#16=DIRECTION('',(1.0,0.0,0.0));
#17=(NAMED_UNIT(#11)LENGTH_UNIT()SI_UNIT(.MILLI.,.METRE.));
#18=PRESENTATION_STYLE_ASSIGNMENT((#19));
#19=SURFACE_STYLE_USAGE(.BOTH.,#20);
#20=SURFACE_SIDE_STYLE('',(#21));
#21=SURFACE_STYLE_FILL_AREA(#22);
#22=FILL_AREA_STYLE('',(#23));
#23=FILL_AREA_STYLE_COLOUR('',#24);
#24=COLOUR_RGB('',0.9,0.9,0.9);
#25=SHAPE_DEFINITION_REPRESENTATION(#26,#27);
#26=PRODUCT_DEFINITION_SHAPE('productshape0','',#30);
#27=MANIFOLD_SURFACE_SHAPE_REPRESENTATION('',(#28,#9),#3);
#28=SHELL_BASED_SURFACE_MODEL('shell0',(#33));
#29=PRODUCT('product0','','',(#13));
#30=PRODUCT_DEFINITION('mesh0','',#31,#2);
#31=PRODUCT_DEFINITION_FORMATION_WITH_SPECIFIED_SOURCE('prodsource0','',#29,.NOT_KNOWN.);
#32=STYLED_ITEM('',(#18),#33);
#33=CLOSED_SHELL('',(#148,#170,#192,#214,#236,#258,#280,#302,#324,#346,#368,#390,#412,#434,#456,#478,#500,#522,#544,#566,#588,#610,#632,#654,#676,#698,#720,#742,#764,#786,#808,#830,#852,#874,#896,#918,#940,#962,#984,#1006,#1028,#1050,#1072,#1094,#1116,#1138,#1160,#1182,#1204,#1226,#1248,#1270,#1292,#1314,#1336,#1358,#1380,#1402,#1424,#1446,#1468,#1490,#1512,#1534,#1556,#1578,#1600,#1622,#1644,#1666,#1688,#1710,#1732,#1754,#1776,#1798,#1820,#1842,#1864,#1886,#1908,#1930,#1952,#1974,#1996,#2018,#2040,#2062,#2084,#2106,#2128,#2150,#2172,#2194,#2216,#2238,#2260,#2282,#2304,#2326,#2348,#2370,#2392,#2414,#2436,#2458,#2480,#2502,#2524,#2546,#2568,#2590,#2612,#2634));
#34=CARTESIAN_POINT('',(39.77986145019531,-26.229862213134766,-0.6336319446563721));
#35=VERTEX_POINT('',#34);
#36=CARTESIAN_POINT('',(43.079864501953125,-24.229862213134766,-0.6336331367492676));
#37=VERTEX_POINT('',#36);
#38=CARTESIAN_POINT('',(23.079864501953125,-26.229862213134766,-0.6336266994476318));
#39=VERTEX_POINT('',#38);
#40=CARTESIAN_POINT('',(19.769515991210938,-24.229862213134766,-0.6336255073547363));
#41=VERTEX_POINT('',#40);
#42=CARTESIAN_POINT('',(25.195005416870117,-26.229862213134766,-3.869535446166992));
#43=VERTEX_POINT('',#42);
#44=CARTESIAN_POINT('',(25.195003509521484,-26.229862213134766,-8.133627891540527));
#45=VERTEX_POINT('',#44);
#46=CARTESIAN_POINT('',(25.195005416870117,-24.229862213134766,-3.869535446166992));
#47=VERTEX_POINT('',#46);
#48=CARTESIAN_POINT('',(25.195003509521484,-24.229862213134766,-10.133627891540527));
#49=VERTEX_POINT('',#48);
#50=CARTESIAN_POINT('',(25.195003509521484,-26.229862213134766,-10.133627891540527));
#51=VERTEX_POINT('',#50);
#52=CARTESIAN_POINT('',(37.66596984863281,-26.229862213134766,-3.869539260864258));
#53=VERTEX_POINT('',#52);
#54=CARTESIAN_POINT('',(23.07986068725586,-26.229862213134766,-6.133626937866211));
#55=VERTEX_POINT('',#54);
#56=CARTESIAN_POINT('',(39.77985763549805,-26.229862213134766,-6.133632659912109));
#57=VERTEX_POINT('',#56);
#58=CARTESIAN_POINT('',(40.57986068725586,-26.229862213134766,-8.13363265991211));
#59=VERTEX_POINT('',#58);
#60=CARTESIAN_POINT('',(40.57986068725586,-26.229862213134766,-6.133632659912109));
#61=VERTEX_POINT('',#60);
#62=CARTESIAN_POINT('',(22.279857635498047,-26.229862213134766,-6.133626937866211));
#63=VERTEX_POINT('',#62);
#64=CARTESIAN_POINT('',(22.279857635498047,-26.229862213134766,-8.133626937866211));
#65=VERTEX_POINT('',#64);
#66=CARTESIAN_POINT('',(37.66596984863281,-24.229862213134766,-3.869539260864258));
#67=VERTEX_POINT('',#66);
#68=CARTESIAN_POINT('',(40.57986068725586,-28.729862213134766,-8.13363265991211));
#69=VERTEX_POINT('',#68);
#70=CARTESIAN_POINT('',(40.57986068725586,-28.729862213134766,-10.13363265991211));
#71=VERTEX_POINT('',#70);
#72=CARTESIAN_POINT('',(43.07986068725586,-24.229862213134766,-10.133633613586426));
#73=VERTEX_POINT('',#72);
#74=CARTESIAN_POINT('',(43.0798454284668,-67.7298583984375,-10.133633613586426));
#75=VERTEX_POINT('',#74);
#76=CARTESIAN_POINT('',(40.5798454284668,-67.7298583984375,-10.13363265991211));
#77=VERTEX_POINT('',#76);
#78=CARTESIAN_POINT('',(19.769512176513672,-24.229862213134766,-10.133625984191895));
#79=VERTEX_POINT('',#78);
#80=CARTESIAN_POINT('',(37.66596603393555,-24.229862213134766,-10.133631706237793));
#81=VERTEX_POINT('',#80);
#82=CARTESIAN_POINT('',(26.27984619140625,-68.2298583984375,-0.6336276531219482));
#83=VERTEX_POINT('',#82);
#84=CARTESIAN_POINT('',(26.279842376708984,-68.2298583984375,-6.133627891540527));
#85=VERTEX_POINT('',#84);
#86=CARTESIAN_POINT('',(23.079849243164062,-68.2298583984375,-0.6336266994476318));
#87=VERTEX_POINT('',#86);
#88=CARTESIAN_POINT('',(23.079845428466797,-68.2298583984375,-6.133626937866211));
#89=VERTEX_POINT('',#88);
#90=CARTESIAN_POINT('',(39.779842376708984,-68.2298583984375,-6.133632659912109));
#91=VERTEX_POINT('',#90);
#92=CARTESIAN_POINT('',(39.77984619140625,-68.2298583984375,-0.6336319446563721));
#93=VERTEX_POINT('',#92);
#94=CARTESIAN_POINT('',(22.279857635498047,-28.729862213134766,-10.133626937866211));
#95=VERTEX_POINT('',#94);
#96=CARTESIAN_POINT('',(22.279857635498047,-28.729862213134766,-8.133626937866211));
#97=VERTEX_POINT('',#96);
#98=CARTESIAN_POINT('',(22.279842376708984,-67.7298583984375,-10.133626937866211));
#99=VERTEX_POINT('',#98);
#100=CARTESIAN_POINT('',(22.279842376708984,-67.7298583984375,-7.633626937866211));
#101=VERTEX_POINT('',#100);
#102=CARTESIAN_POINT('',(22.279842376708984,-70.12985229492188,-6.133626937866211));
#103=VERTEX_POINT('',#102);
#104=CARTESIAN_POINT('',(22.279842376708984,-70.12985229492188,-7.633626937866211));
#105=VERTEX_POINT('',#104);
#106=CARTESIAN_POINT('',(19.76949691772461,-67.7298583984375,-10.133625984191895));
#107=VERTEX_POINT('',#106);
#108=CARTESIAN_POINT('',(19.76949691772461,-67.7298583984375,-7.6336259841918945));
#109=VERTEX_POINT('',#108);
#110=CARTESIAN_POINT('',(19.769481658935547,-75.2291259765625,-7.6336259841918945));
#111=VERTEX_POINT('',#110);
#112=CARTESIAN_POINT('',(40.5798454284668,-70.1298828125,-7.633632659912109));
#113=VERTEX_POINT('',#112);
#114=CARTESIAN_POINT('',(43.0798454284668,-67.7298583984375,-7.633633613586426));
#115=VERTEX_POINT('',#114);
#116=CARTESIAN_POINT('',(43.0798454284668,-75.2298583984375,-7.633633613586426));
#117=VERTEX_POINT('',#116);
#118=CARTESIAN_POINT('',(40.5798454284668,-67.7298583984375,-7.633632659912109));
#119=VERTEX_POINT('',#118);
#120=CARTESIAN_POINT('',(19.769485473632812,-75.2291259765625,-0.6336255073547363));
#121=VERTEX_POINT('',#120);
#122=CARTESIAN_POINT('',(43.07984924316406,-75.2298583984375,-0.6336331367492676));
#123=VERTEX_POINT('',#122);
#124=CARTESIAN_POINT('',(37.66596603393555,-26.229129791259766,-8.133631706237793));
#125=VERTEX_POINT('',#124);
#126=CARTESIAN_POINT('',(37.66596603393555,-26.229862213134766,-10.133631706237793));
#127=VERTEX_POINT('',#126);
#128=CARTESIAN_POINT('',(36.58283996582031,-68.2298583984375,-0.6336309909820557));
#129=VERTEX_POINT('',#128);
#130=CARTESIAN_POINT('',(36.58283996582031,-68.2298583984375,-3.133631467819214));
#131=VERTEX_POINT('',#130);
#132=CARTESIAN_POINT('',(36.58283615112305,-68.2298583984375,-6.133631706237793));
#133=VERTEX_POINT('',#132);
#134=CARTESIAN_POINT('',(26.279842376708984,-70.12985229492188,-6.133627891540527));
#135=VERTEX_POINT('',#134);
#136=CARTESIAN_POINT('',(26.27984619140625,-70.12985229492188,-0.6336276531219482));
#137=VERTEX_POINT('',#136);
#138=CARTESIAN_POINT('',(36.58283615112305,-70.1298828125,-6.133631706237793));
#139=VERTEX_POINT('',#138);
#140=CARTESIAN_POINT('',(36.58283996582031,-70.1298828125,-0.6336309909820557));
#141=VERTEX_POINT('',#140);
#142=CARTESIAN_POINT('',(40.5798454284668,-70.1298828125,-6.133632659912109));
#143=VERTEX_POINT('',#142);
#144=CARTESIAN_POINT('',(40.57986068725586,-26.229862213134766,-10.125356674194336));
#145=VERTEX_POINT('',#144);
#146=CARTESIAN_POINT('',(22.279857635498047,-26.229862213134766,-10.142074584960938));
#147=VERTEX_POINT('',#146);
#148=FACE_SURFACE('',(#153),#149,.T.);
#149=PLANE('',#150);
#150=AXIS2_PLACEMENT_3D('',#34,#151,#152);
#151=DIRECTION('',(3.140844130984229E-07,7.780668688669659E-08,0.9999999999999477));
#152=DIRECTION('',(0.8551980440092769,0.5183013655419128,-3.08931687797256E-07));
#153=FACE_BOUND('',#154,.T.);
#154=EDGE_LOOP('',(#155,#156,#157));
#155=ORIENTED_EDGE('',*,*,#158,.T.);
#156=ORIENTED_EDGE('',*,*,#159,.T.);
#157=ORIENTED_EDGE('',*,*,#160,.T.);
#158=EDGE_CURVE('',#35,#37,#161,.F.);
#159=EDGE_CURVE('',#37,#39,#162,.T.);
#160=EDGE_CURVE('',#39,#35,#163,.T.);
#161=LINE('',#34,#164);
#162=LINE('',#36,#165);
#163=LINE('',#38,#166);
#164=VECTOR('',#167,1.0);
#165=VECTOR('',#168,1.0);
#166=VECTOR('',#169,1.0);
#167=DIRECTION('',(0.8551980440092769,0.5183013655419128,-3.08931687797256E-07));
#168=DIRECTION('',(-0.9950371902099382,-0.09950371902099382,3.2026772660813726E-07));
#169=DIRECTION('',(0.9999999999999506,0,-3.140844130984238E-07));
#170=FACE_SURFACE('',(#175),#171,.T.);
#171=PLANE('',#172);
#172=AXIS2_PLACEMENT_3D('',#38,#173,#174);
#173=DIRECTION('',(3.272964592414266E-07,-5.4313774543349606E-08,0.9999999999999449));
#174=DIRECTION('',(0.9950371902099382,0.09950371902099382,-3.2026772660813726E-07));
#175=FACE_BOUND('',#176,.T.);
#176=EDGE_LOOP('',(#177,#178,#179));
#177=ORIENTED_EDGE('',*,*,#180,.T.);
#178=ORIENTED_EDGE('',*,*,#181,.T.);
#179=ORIENTED_EDGE('',*,*,#182,.T.);
#180=EDGE_CURVE('',#39,#37,#183,.F.);
#181=EDGE_CURVE('',#37,#41,#184,.T.);
#182=EDGE_CURVE('',#41,#39,#185,.T.);
#183=LINE('',#38,#186);
#184=LINE('',#36,#187);
#185=LINE('',#40,#188);
#186=VECTOR('',#189,1.0);
#187=VECTOR('',#190,1.0);
#188=VECTOR('',#191,1.0);
#189=DIRECTION('',(0.9950371902099382,0.09950371902099382,-3.2026772660813726E-07));
#190=DIRECTION('',(-0.9999999999999465,0,3.2729645924142715E-07));
#191=DIRECTION('',(0.855915796600982,-0.5171152184270071,-3.0822468902290293E-07));
#192=FACE_SURFACE('',(#197),#193,.T.);
#193=PLANE('',#194);
#194=AXIS2_PLACEMENT_3D('',#42,#195,#196);
#195=DIRECTION('',(0.9999999999999,0,-4.4730470955941605E-07));
#196=DIRECTION('',(-4.4730470955941605E-07,0,-0.9999999999999));
#197=FACE_BOUND('',#198,.T.);
#198=EDGE_LOOP('',(#199,#200,#201));
#199=ORIENTED_EDGE('',*,*,#202,.T.);
#200=ORIENTED_EDGE('',*,*,#203,.T.);
#201=ORIENTED_EDGE('',*,*,#204,.T.);
#202=EDGE_CURVE('',#43,#45,#205,.F.);
#203=EDGE_CURVE('',#45,#47,#206,.T.);
#204=EDGE_CURVE('',#47,#43,#207,.T.);
#205=LINE('',#42,#208);
#206=LINE('',#44,#209);
#207=LINE('',#46,#210);
#208=VECTOR('',#211,1.0);
#209=VECTOR('',#212,1.0);
#210=VECTOR('',#213,1.0);
#211=DIRECTION('',(-4.4730470955941605E-07,0,-0.9999999999999));
#212=DIRECTION('',(4.049719937425368E-07,0.4246439133105743,0.9053604513607371));
#213=DIRECTION('',(0,-1,0));
#214=FACE_SURFACE('',(#219),#215,.T.);
#215=PLANE('',#216);
#216=AXIS2_PLACEMENT_3D('',#46,#217,#218);
#217=DIRECTION('',(0.9999999999999073,-3.044892216143828E-07,-3.044892216143828E-07));
#218=DIRECTION('',(-4.049719937425368E-07,-0.4246439133105743,-0.9053604513607371));
#219=FACE_BOUND('',#220,.T.);
#220=EDGE_LOOP('',(#221,#222,#223));
#221=ORIENTED_EDGE('',*,*,#224,.T.);
#222=ORIENTED_EDGE('',*,*,#225,.T.);
#223=ORIENTED_EDGE('',*,*,#226,.T.);
#224=EDGE_CURVE('',#47,#45,#227,.F.);
#225=EDGE_CURVE('',#45,#49,#228,.T.);
#226=EDGE_CURVE('',#49,#47,#229,.T.);
#227=LINE('',#46,#230);
#228=LINE('',#44,#231);
#229=LINE('',#48,#232);
#230=VECTOR('',#233,1.0);
#231=VECTOR('',#234,1.0);
#232=VECTOR('',#235,1.0);
#233=DIRECTION('',(-4.049719937425368E-07,-0.4246439133105743,-0.9053604513607371));
#234=DIRECTION('',(0,0.7071067811865475,-0.7071067811865475));
#235=DIRECTION('',(3.0448922161439686E-07,0,0.9999999999999536));
#236=FACE_SURFACE('',(#241),#237,.T.);
#237=PLANE('',#238);
#238=AXIS2_PLACEMENT_3D('',#48,#239,#240);
#239=DIRECTION('',(1,0,0));
#240=DIRECTION('',(0,-0.7071067811865475,0.7071067811865475));
#241=FACE_BOUND('',#242,.T.);
#242=EDGE_LOOP('',(#243,#244,#245));
#243=ORIENTED_EDGE('',*,*,#246,.T.);
#244=ORIENTED_EDGE('',*,*,#247,.T.);
#245=ORIENTED_EDGE('',*,*,#248,.T.);
#246=EDGE_CURVE('',#49,#45,#249,.F.);
#247=EDGE_CURVE('',#45,#51,#250,.T.);
#248=EDGE_CURVE('',#51,#49,#251,.T.);
#249=LINE('',#48,#252);
#250=LINE('',#44,#253);
#251=LINE('',#50,#254);
#252=VECTOR('',#255,1.0);
#253=VECTOR('',#256,1.0);
#254=VECTOR('',#257,1.0);
#255=DIRECTION('',(0,-0.7071067811865475,0.7071067811865475));
#256=DIRECTION('',(0,0,-1));
#257=DIRECTION('',(0,1,0));
#258=FACE_SURFACE('',(#263),#259,.T.);
#259=PLANE('',#260);
#260=AXIS2_PLACEMENT_3D('',#52,#261,#262);
#261=DIRECTION('',(0,-1,0));
#262=DIRECTION('',(0.5469060608922504,0,0.8371939802455116));
#263=FACE_BOUND('',#264,.T.);
#264=EDGE_LOOP('',(#265,#266,#267));
#265=ORIENTED_EDGE('',*,*,#268,.T.);
#266=ORIENTED_EDGE('',*,*,#269,.T.);
#267=ORIENTED_EDGE('',*,*,#270,.T.);
#268=EDGE_CURVE('',#53,#35,#271,.F.);
#269=EDGE_CURVE('',#35,#43,#272,.T.);
#270=EDGE_CURVE('',#43,#53,#273,.T.);
#271=LINE('',#52,#274);
#272=LINE('',#34,#275);
#273=LINE('',#42,#276);
#274=VECTOR('',#277,1.0);
#275=VECTOR('',#278,1.0);
#276=VECTOR('',#279,1.0);
#277=DIRECTION('',(0.5469060608922504,0,0.8371939802455116));
#278=DIRECTION('',(-0.9762603677216246,0,-0.21660031028610793));
#279=DIRECTION('',(0.9999999999999533,0,-3.0588630787118984E-07));
#280=FACE_SURFACE('',(#285),#281,.T.);
#281=PLANE('',#282);
#282=AXIS2_PLACEMENT_3D('',#42,#283,#284);
#283=DIRECTION('',(0,-1,0));
#284=DIRECTION('',(0.9762603677216246,0,0.21660031028610793));
#285=FACE_BOUND('',#286,.T.);
#286=EDGE_LOOP('',(#287,#288,#289));
#287=ORIENTED_EDGE('',*,*,#290,.T.);
#288=ORIENTED_EDGE('',*,*,#291,.T.);
#289=ORIENTED_EDGE('',*,*,#292,.T.);
#290=EDGE_CURVE('',#43,#35,#293,.F.);
#291=EDGE_CURVE('',#35,#39,#294,.T.);
#292=EDGE_CURVE('',#39,#43,#295,.T.);
#293=LINE('',#42,#296);
#294=LINE('',#34,#297);
#295=LINE('',#38,#298);
#296=VECTOR('',#299,1.0);
#297=VECTOR('',#300,1.0);
#298=VECTOR('',#301,1.0);
#299=DIRECTION('',(0.9762603677216246,0,0.21660031028610793));
#300=DIRECTION('',(-0.9999999999999506,0,3.140844130984238E-07));
#301=DIRECTION('',(0.5471323759002585,0,-0.8370460938572846));
#302=FACE_SURFACE('',(#307),#303,.T.);
#303=PLANE('',#304);
#304=AXIS2_PLACEMENT_3D('',#42,#305,#306);
#305=DIRECTION('',(-0,-1,0));
#306=DIRECTION('',(-0.5471323759002585,0,0.8370460938572846));
#307=FACE_BOUND('',#308,.T.);
#308=EDGE_LOOP('',(#309,#310,#311));
#309=ORIENTED_EDGE('',*,*,#312,.T.);
#310=ORIENTED_EDGE('',*,*,#313,.T.);
#311=ORIENTED_EDGE('',*,*,#314,.T.);
#312=EDGE_CURVE('',#43,#39,#315,.F.);
#313=EDGE_CURVE('',#39,#55,#316,.T.);
#314=EDGE_CURVE('',#55,#43,#317,.T.);
#315=LINE('',#42,#318);
#316=LINE('',#38,#319);
#317=LINE('',#54,#320);
#318=VECTOR('',#321,1.0);
#319=VECTOR('',#322,1.0);
#320=VECTOR('',#323,1.0);
#321=DIRECTION('',(-0.5471323759002585,0,0.8370460938572846));
#322=DIRECTION('',(-6.935812909566212E-07,0,-0.9999999999997595));
#323=DIRECTION('',(0.6826618923518192,0,0.7307343845273968));
#324=FACE_SURFACE('',(#329),#325,.T.);
#325=PLANE('',#326);
#326=AXIS2_PLACEMENT_3D('',#34,#327,#328);
#327=DIRECTION('',(0,-1,0));
#328=DIRECTION('',(-0.5469060608922504,0,-0.8371939802455116));
#329=FACE_BOUND('',#330,.T.);
#330=EDGE_LOOP('',(#331,#332,#333));
#331=ORIENTED_EDGE('',*,*,#334,.T.);
#332=ORIENTED_EDGE('',*,*,#335,.T.);
#333=ORIENTED_EDGE('',*,*,#336,.T.);
#334=EDGE_CURVE('',#35,#53,#337,.F.);
#335=EDGE_CURVE('',#53,#57,#338,.T.);
#336=EDGE_CURVE('',#57,#35,#339,.T.);
#337=LINE('',#34,#340);
#338=LINE('',#52,#341);
#339=LINE('',#56,#342);
#340=VECTOR('',#343,1.0);
#341=VECTOR('',#344,1.0);
#342=VECTOR('',#345,1.0);
#343=DIRECTION('',(-0.5469060608922504,0,-0.8371939802455116));
#344=DIRECTION('',(0.6824448743827033,0,-0.7309370652995896));
#345=DIRECTION('',(6.935812308247506E-07,0,0.9999999999997595));
#346=FACE_SURFACE('',(#351),#347,.T.);
#347=PLANE('',#348);
#348=AXIS2_PLACEMENT_3D('',#56,#349,#350);
#349=DIRECTION('',(-0,-1,-0));
#350=DIRECTION('',(-0.6824448743827033,0,0.7309370652995896));
#351=FACE_BOUND('',#352,.T.);
#352=EDGE_LOOP('',(#353,#354,#355));
#353=ORIENTED_EDGE('',*,*,#356,.T.);
#354=ORIENTED_EDGE('',*,*,#357,.T.);
#355=ORIENTED_EDGE('',*,*,#358,.T.);
#356=EDGE_CURVE('',#57,#53,#359,.F.);
#357=EDGE_CURVE('',#53,#59,#360,.T.);
#358=EDGE_CURVE('',#59,#57,#361,.T.);
#359=LINE('',#56,#362);
#360=LINE('',#52,#363);
#361=LINE('',#58,#364);
#362=VECTOR('',#365,1.0);
#363=VECTOR('',#366,1.0);
#364=VECTOR('',#367,1.0);
#365=DIRECTION('',(-0.6824448743827033,0,0.7309370652995896));
#366=DIRECTION('',(0.5642028703379315,0,-0.8256361917348581));
#367=DIRECTION('',(-0.3713918976833101,0,0.9284762023526449));
#368=FACE_SURFACE('',(#373),#369,.T.);
#369=PLANE('',#370);
#370=AXIS2_PLACEMENT_3D('',#56,#371,#372);
#371=DIRECTION('',(0,-1,0));
#372=DIRECTION('',(0.3713918976833101,0,-0.9284762023526449));
#373=FACE_BOUND('',#374,.T.);
#374=EDGE_LOOP('',(#375,#376,#377));
#375=ORIENTED_EDGE('',*,*,#378,.T.);
#376=ORIENTED_EDGE('',*,*,#379,.T.);
#377=ORIENTED_EDGE('',*,*,#380,.T.);
#378=EDGE_CURVE('',#57,#59,#381,.F.);
#379=EDGE_CURVE('',#59,#61,#382,.T.);
#380=EDGE_CURVE('',#61,#57,#383,.T.);
#381=LINE('',#56,#384);
#382=LINE('',#58,#385);
#383=LINE('',#60,#386);
#384=VECTOR('',#387,1.0);
#385=VECTOR('',#388,1.0);
#386=VECTOR('',#389,1.0);
#387=DIRECTION('',(0.3713918976833101,0,-0.9284762023526449));
#388=DIRECTION('',(0,0,1));
#389=DIRECTION('',(-1,0,0));
#390=FACE_SURFACE('',(#395),#391,.T.);
#391=PLANE('',#392);
#392=AXIS2_PLACEMENT_3D('',#62,#393,#394);
#393=DIRECTION('',(0,-1,0));
#394=DIRECTION('',(0,0,-1));
#395=FACE_BOUND('',#396,.T.);
#396=EDGE_LOOP('',(#397,#398,#399));
#397=ORIENTED_EDGE('',*,*,#400,.T.);
#398=ORIENTED_EDGE('',*,*,#401,.T.);
#399=ORIENTED_EDGE('',*,*,#402,.T.);
#400=EDGE_CURVE('',#63,#65,#403,.F.);
#401=EDGE_CURVE('',#65,#55,#404,.T.);
#402=EDGE_CURVE('',#55,#63,#405,.T.);
#403=LINE('',#62,#406);
#404=LINE('',#64,#407);
#405=LINE('',#54,#408);
#406=VECTOR('',#409,1.0);
#407=VECTOR('',#410,1.0);
#408=VECTOR('',#411,1.0);
#409=DIRECTION('',(0,0,-1));
#410=DIRECTION('',(0.3713918976833101,0,0.9284762023526449));
#411=DIRECTION('',(-1,0,0));
#412=FACE_SURFACE('',(#417),#413,.T.);
#413=PLANE('',#414);
#414=AXIS2_PLACEMENT_3D('',#54,#415,#416);
#415=DIRECTION('',(0,-1,-0));
#416=DIRECTION('',(-0.3713918976833101,0,-0.9284762023526449));
#417=FACE_BOUND('',#418,.T.);
#418=EDGE_LOOP('',(#419,#420,#421));
#419=ORIENTED_EDGE('',*,*,#422,.T.);
#420=ORIENTED_EDGE('',*,*,#423,.T.);
#421=ORIENTED_EDGE('',*,*,#424,.T.);
#422=EDGE_CURVE('',#55,#65,#425,.F.);
#423=EDGE_CURVE('',#65,#43,#426,.T.);
#424=EDGE_CURVE('',#43,#55,#427,.T.);
#425=LINE('',#54,#428);
#426=LINE('',#64,#429);
#427=LINE('',#42,#430);
#428=VECTOR('',#431,1.0);
#429=VECTOR('',#432,1.0);
#430=VECTOR('',#433,1.0);
#431=DIRECTION('',(-0.3713918976833101,0,-0.9284762023526449));
#432=DIRECTION('',(0.5643689114808784,0,0.8255227021432471));
#433=DIRECTION('',(-0.6826618923518192,0,-0.7307343845273968));
#434=FACE_SURFACE('',(#439),#435,.T.);
#435=PLANE('',#436);
#436=AXIS2_PLACEMENT_3D('',#64,#437,#438);
#437=DIRECTION('',(0,-1,0));
#438=DIRECTION('',(0.9999999999999465,0,-3.271446293320317E-07));
#439=FACE_BOUND('',#440,.T.);
#440=EDGE_LOOP('',(#441,#442,#443));
#441=ORIENTED_EDGE('',*,*,#444,.T.);
#442=ORIENTED_EDGE('',*,*,#445,.T.);
#443=ORIENTED_EDGE('',*,*,#446,.T.);
#444=EDGE_CURVE('',#65,#45,#447,.F.);
#445=EDGE_CURVE('',#45,#43,#448,.T.);
#446=EDGE_CURVE('',#43,#65,#449,.T.);
#447=LINE('',#64,#450);
#448=LINE('',#44,#451);
#449=LINE('',#42,#452);
#450=VECTOR('',#453,1.0);
#451=VECTOR('',#454,1.0);
#452=VECTOR('',#455,1.0);
#453=DIRECTION('',(0.9999999999999465,0,-3.271446293320317E-07));
#454=DIRECTION('',(4.4730470955941605E-07,0,0.9999999999999));
#455=DIRECTION('',(-0.5643689114808784,0,-0.8255227021432471));
#456=FACE_SURFACE('',(#461),#457,.T.);
#457=PLANE('',#458);
#458=AXIS2_PLACEMENT_3D('',#46,#459,#460);
#459=DIRECTION('',(-3.0588630787118984E-07,-0,-0.9999999999999533));
#460=DIRECTION('',(0.9999999999999533,0,-3.0588630787118984E-07));
#461=FACE_BOUND('',#462,.T.);
#462=EDGE_LOOP('',(#463,#464,#465));
#463=ORIENTED_EDGE('',*,*,#466,.T.);
#464=ORIENTED_EDGE('',*,*,#467,.T.);
#465=ORIENTED_EDGE('',*,*,#468,.T.);
#466=EDGE_CURVE('',#47,#67,#469,.F.);
#467=EDGE_CURVE('',#67,#43,#470,.T.);
#468=EDGE_CURVE('',#43,#47,#471,.T.);
#469=LINE('',#46,#472);
#470=LINE('',#66,#473);
#471=LINE('',#42,#474);
#472=VECTOR('',#475,1.0);
#473=VECTOR('',#476,1.0);
#474=VECTOR('',#477,1.0);
#475=DIRECTION('',(0.9999999999999533,0,-3.0588630787118984E-07));
#476=DIRECTION('',(-0.9873831844852743,-0.1583491300753736,3.0202699675631256E-07));
#477=DIRECTION('',(0,1,0));
#478=FACE_SURFACE('',(#483),#479,.T.);
#479=PLANE('',#480);
#480=AXIS2_PLACEMENT_3D('',#42,#481,#482);
#481=DIRECTION('',(-3.0588630787118984E-07,0,-0.9999999999999533));
#482=DIRECTION('',(0.9873831844852743,0.1583491300753736,-3.0202699675631256E-07));
#483=FACE_BOUND('',#484,.T.);
#484=EDGE_LOOP('',(#485,#486,#487));
#485=ORIENTED_EDGE('',*,*,#488,.T.);
#486=ORIENTED_EDGE('',*,*,#489,.T.);
#487=ORIENTED_EDGE('',*,*,#490,.T.);
#488=EDGE_CURVE('',#43,#67,#491,.F.);
#489=EDGE_CURVE('',#67,#53,#492,.T.);
#490=EDGE_CURVE('',#53,#43,#493,.T.);
#491=LINE('',#42,#494);
#492=LINE('',#66,#495);
#493=LINE('',#52,#496);
#494=VECTOR('',#497,1.0);
#495=VECTOR('',#498,1.0);
#496=VECTOR('',#499,1.0);
#497=DIRECTION('',(0.9873831844852743,0.1583491300753736,-3.0202699675631256E-07));
#498=DIRECTION('',(0,-1,0));
#499=DIRECTION('',(-0.9999999999999533,0,3.0588630787118984E-07));
#500=FACE_SURFACE('',(#505),#501,.T.);
#501=PLANE('',#502);
#502=AXIS2_PLACEMENT_3D('',#68,#503,#504);
#503=DIRECTION('',(-1,0,0));
#504=DIRECTION('',(0,1,0));
#505=FACE_BOUND('',#506,.T.);
#506=EDGE_LOOP('',(#507,#508,#509));
#507=ORIENTED_EDGE('',*,*,#510,.T.);
#508=ORIENTED_EDGE('',*,*,#511,.T.);
#509=ORIENTED_EDGE('',*,*,#512,.T.);
#510=EDGE_CURVE('',#69,#59,#513,.F.);
#511=EDGE_CURVE('',#59,#71,#514,.T.);
#512=EDGE_CURVE('',#71,#69,#515,.T.);
#513=LINE('',#68,#516);
#514=LINE('',#58,#517);
#515=LINE('',#70,#518);
#516=VECTOR('',#519,1.0);
#517=VECTOR('',#520,1.0);
#518=VECTOR('',#521,1.0);
#519=DIRECTION('',(0,1,0));
#520=DIRECTION('',(0,-0.7808688094430304,-0.6246950475544243));
#521=DIRECTION('',(0,0,1));
#522=FACE_SURFACE('',(#527),#523,.T.);
#523=PLANE('',#524);
#524=AXIS2_PLACEMENT_3D('',#70,#525,#526);
#525=DIRECTION('',(-3.8146996742193197E-07,1.338108109659251E-13,-0.9999999999999272));
#526=DIRECTION('',(0.4856429311786238,0.8741572761215228,-1.852580761637206E-07));
#527=FACE_BOUND('',#528,.T.);
#528=EDGE_LOOP('',(#529,#530,#531));
#529=ORIENTED_EDGE('',*,*,#532,.T.);
#530=ORIENTED_EDGE('',*,*,#533,.T.);
#531=ORIENTED_EDGE('',*,*,#534,.T.);
#532=EDGE_CURVE('',#71,#73,#535,.F.);
#533=EDGE_CURVE('',#73,#75,#536,.T.);
#534=EDGE_CURVE('',#75,#71,#537,.T.);
#535=LINE('',#70,#538);
#536=LINE('',#72,#539);
#537=LINE('',#74,#540);
#538=VECTOR('',#541,1.0);
#539=VECTOR('',#542,1.0);
#540=VECTOR('',#543,1.0);
#541=DIRECTION('',(0.4856429311786238,0.8741572761215228,-1.852580761637206E-07));
#542=DIRECTION('',(-3.507767908185362E-07,-0.9999999999999384,0));
#543=DIRECTION('',(-0.0639708828231181,0.9979517654430149,2.4403104123223902E-08));
#544=FACE_SURFACE('',(#549),#545,.T.);
#545=PLANE('',#546);
#546=AXIS2_PLACEMENT_3D('',#74,#547,#548);
#547=DIRECTION('',(-3.814697265624723E-07,1.492504271972183E-13,-0.9999999999999273));
#548=DIRECTION('',(-0.9999999999999272,0,3.8146972656247223E-07));
#549=FACE_BOUND('',#550,.T.);
#550=EDGE_LOOP('',(#551,#552,#553));
#551=ORIENTED_EDGE('',*,*,#554,.T.);
#552=ORIENTED_EDGE('',*,*,#555,.T.);
#553=ORIENTED_EDGE('',*,*,#556,.T.);
#554=EDGE_CURVE('',#75,#77,#557,.F.);
#555=EDGE_CURVE('',#77,#71,#558,.T.);
#556=EDGE_CURVE('',#71,#75,#559,.T.);
#557=LINE('',#74,#560);
#558=LINE('',#76,#561);
#559=LINE('',#70,#562);
#560=VECTOR('',#563,1.0);
#561=VECTOR('',#564,1.0);
#562=VECTOR('',#565,1.0);
#563=DIRECTION('',(-0.9999999999999272,0,3.8146972656247223E-07));
#564=DIRECTION('',(3.912510398718745E-07,0.9999999999999235,0));
#565=DIRECTION('',(0.0639708828231181,-0.9979517654430149,-2.4403104123223902E-08));
#566=FACE_SURFACE('',(#571),#567,.T.);
#567=PLANE('',#568);
#568=AXIS2_PLACEMENT_3D('',#48,#569,#570);
#569=DIRECTION('',(0,1,-0));
#570=DIRECTION('',(-0.9999999999999383,0,3.5155316186911613E-07));
#571=FACE_BOUND('',#572,.T.);
#572=EDGE_LOOP('',(#573,#574,#575));
#573=ORIENTED_EDGE('',*,*,#576,.T.);
#574=ORIENTED_EDGE('',*,*,#577,.T.);
#575=ORIENTED_EDGE('',*,*,#578,.T.);
#576=EDGE_CURVE('',#49,#79,#579,.F.);
#577=EDGE_CURVE('',#79,#47,#580,.T.);
#578=EDGE_CURVE('',#47,#49,#581,.T.);
#579=LINE('',#48,#582);
#580=LINE('',#78,#583);
#581=LINE('',#46,#584);
#582=VECTOR('',#585,1.0);
#583=VECTOR('',#586,1.0);
#584=VECTOR('',#587,1.0);
#585=DIRECTION('',(-0.9999999999999383,0,3.5155316186911613E-07));
#586=DIRECTION('',(0.6546972284348163,0,0.755891221724244));
#587=DIRECTION('',(-3.0448922161439686E-07,0,-0.9999999999999536));
#588=FACE_SURFACE('',(#593),#589,.T.);
#589=PLANE('',#590);
#590=AXIS2_PLACEMENT_3D('',#46,#591,#592);
#591=DIRECTION('',(0,1,0));
#592=DIRECTION('',(-0.6546972284348163,0,-0.755891221724244));
#593=FACE_BOUND('',#594,.T.);
#594=EDGE_LOOP('',(#595,#596,#597));
#595=ORIENTED_EDGE('',*,*,#598,.T.);
#596=ORIENTED_EDGE('',*,*,#599,.T.);
#597=ORIENTED_EDGE('',*,*,#600,.T.);
#598=EDGE_CURVE('',#47,#79,#601,.F.);
#599=EDGE_CURVE('',#79,#41,#602,.T.);
#600=EDGE_CURVE('',#41,#47,#603,.T.);
#601=LINE('',#46,#604);
#602=LINE('',#78,#605);
#603=LINE('',#40,#606);
#604=VECTOR('',#607,1.0);
#605=VECTOR('',#608,1.0);
#606=VECTOR('',#609,1.0);
#607=DIRECTION('',(-0.6546972284348163,0,-0.755891221724244));
#608=DIRECTION('',(4.015470604370667E-07,0,0.9999999999999194));
#609=DIRECTION('',(0.8588436642854297,0,-0.5122377966499311));
#610=FACE_SURFACE('',(#615),#611,.T.);
#611=PLANE('',#612);
#612=AXIS2_PLACEMENT_3D('',#46,#613,#614);
#613=DIRECTION('',(0,1,-0));
#614=DIRECTION('',(-0.8588436642854297,0,0.5122377966499311));
#615=FACE_BOUND('',#616,.T.);
#616=EDGE_LOOP('',(#617,#618,#619));
#617=ORIENTED_EDGE('',*,*,#620,.T.);
#618=ORIENTED_EDGE('',*,*,#621,.T.);
#619=ORIENTED_EDGE('',*,*,#622,.T.);
#620=EDGE_CURVE('',#47,#41,#623,.F.);
#621=EDGE_CURVE('',#41,#37,#624,.T.);
#622=EDGE_CURVE('',#37,#47,#625,.T.);
#623=LINE('',#46,#626);
#624=LINE('',#40,#627);
#625=LINE('',#36,#628);
#626=VECTOR('',#629,1.0);
#627=VECTOR('',#630,1.0);
#628=VECTOR('',#631,1.0);
#629=DIRECTION('',(-0.8588436642854297,0,0.5122377966499311));
#630=DIRECTION('',(0.9999999999999465,0,-3.2729645924142715E-07));
#631=DIRECTION('',(-0.9840234194434923,0,-0.17803906870891312));
#632=FACE_SURFACE('',(#637),#633,.T.);
#633=PLANE('',#634);
#634=AXIS2_PLACEMENT_3D('',#46,#635,#636);
#635=DIRECTION('',(-0,1,0));
#636=DIRECTION('',(0.9840234194434923,0,0.17803906870891312));
#637=FACE_BOUND('',#638,.T.);
#638=EDGE_LOOP('',(#639,#640,#641));
#639=ORIENTED_EDGE('',*,*,#642,.T.);
#640=ORIENTED_EDGE('',*,*,#643,.T.);
#641=ORIENTED_EDGE('',*,*,#644,.T.);
#642=EDGE_CURVE('',#47,#37,#645,.F.);
#643=EDGE_CURVE('',#37,#67,#646,.T.);
#644=EDGE_CURVE('',#67,#47,#647,.T.);
#645=LINE('',#46,#648);
#646=LINE('',#36,#649);
#647=LINE('',#66,#650);
#648=VECTOR('',#651,1.0);
#649=VECTOR('',#652,1.0);
#650=VECTOR('',#653,1.0);
#651=DIRECTION('',(0.9840234194434923,0,0.17803906870891312));
#652=DIRECTION('',(-0.858361196160326,0,-0.513045862400443));
#653=DIRECTION('',(-0.9999999999999533,0,3.0588630787118984E-07));
#654=FACE_SURFACE('',(#659),#655,.T.);
#655=PLANE('',#656);
#656=AXIS2_PLACEMENT_3D('',#66,#657,#658);
#657=DIRECTION('',(-0,1,0));
#658=DIRECTION('',(0.858361196160326,0,0.513045862400443));
#659=FACE_BOUND('',#660,.T.);
#660=EDGE_LOOP('',(#661,#662,#663));
#661=ORIENTED_EDGE('',*,*,#664,.T.);
#662=ORIENTED_EDGE('',*,*,#665,.T.);
#663=ORIENTED_EDGE('',*,*,#666,.T.);
#664=EDGE_CURVE('',#67,#37,#667,.F.);
#665=EDGE_CURVE('',#37,#73,#668,.T.);
#666=EDGE_CURVE('',#73,#67,#669,.T.);
#667=LINE('',#66,#670);
#668=LINE('',#36,#671);
#669=LINE('',#72,#672);
#670=VECTOR('',#673,1.0);
#671=VECTOR('',#674,1.0);
#672=VECTOR('',#675,1.0);
#673=DIRECTION('',(0.858361196160326,0,0.513045862400443));
#674=DIRECTION('',(-4.015470604370667E-07,0,-0.9999999999999194));
#675=DIRECTION('',(-0.6538959406164077,0,0.7565844955095125));
#676=FACE_SURFACE('',(#681),#677,.T.);
#677=PLANE('',#678);
#678=AXIS2_PLACEMENT_3D('',#66,#679,#680);
#679=DIRECTION('',(0,1,0));
#680=DIRECTION('',(0.6538959406164077,0,-0.7565844955095125));
#681=FACE_BOUND('',#682,.T.);
#682=EDGE_LOOP('',(#683,#684,#685));
#683=ORIENTED_EDGE('',*,*,#686,.T.);
#684=ORIENTED_EDGE('',*,*,#687,.T.);
#685=ORIENTED_EDGE('',*,*,#688,.T.);
#686=EDGE_CURVE('',#67,#73,#689,.F.);
#687=EDGE_CURVE('',#73,#81,#690,.T.);
#688=EDGE_CURVE('',#81,#67,#691,.T.);
#689=LINE('',#66,#692);
#690=LINE('',#72,#693);
#691=LINE('',#80,#694);
#692=VECTOR('',#695,1.0);
#693=VECTOR('',#696,1.0);
#694=VECTOR('',#697,1.0);
#695=DIRECTION('',(0.6538959406164077,0,-0.7565844955095125));
#696=DIRECTION('',(-0.9999999999999379,0,3.5230619636135974E-07));
#697=DIRECTION('',(6.08978443228709E-07,0,0.9999999999998146));
#698=FACE_SURFACE('',(#703),#699,.T.);
#699=PLANE('',#700);
#700=AXIS2_PLACEMENT_3D('',#82,#701,#702);
#701=DIRECTION('',(0,1,0));
#702=DIRECTION('',(-6.935812909566212E-07,0,-0.9999999999997595));
#703=FACE_BOUND('',#704,.T.);
#704=EDGE_LOOP('',(#705,#706,#707));
#705=ORIENTED_EDGE('',*,*,#708,.T.);
#706=ORIENTED_EDGE('',*,*,#709,.T.);
#707=ORIENTED_EDGE('',*,*,#710,.T.);
#708=EDGE_CURVE('',#83,#85,#711,.F.);
#709=EDGE_CURVE('',#85,#87,#712,.T.);
#710=EDGE_CURVE('',#87,#83,#713,.T.);
#711=LINE('',#82,#714);
#712=LINE('',#84,#715);
#713=LINE('',#86,#716);
#714=VECTOR('',#717,1.0);
#715=VECTOR('',#718,1.0);
#716=VECTOR('',#719,1.0);
#717=DIRECTION('',(-6.935812909566212E-07,0,-0.9999999999997595));
#718=DIRECTION('',(-0.5028926906819694,0,0.864348854143192));
#719=DIRECTION('',(0.9999999999999556,0,-2.9802350809430524E-07));
#720=FACE_SURFACE('',(#725),#721,.T.);
#721=PLANE('',#722);
#722=AXIS2_PLACEMENT_3D('',#86,#723,#724);
#723=DIRECTION('',(0,1,0));
#724=DIRECTION('',(0.5028926906819694,0,-0.864348854143192));
#725=FACE_BOUND('',#726,.T.);
#726=EDGE_LOOP('',(#727,#728,#729));
#727=ORIENTED_EDGE('',*,*,#730,.T.);
#728=ORIENTED_EDGE('',*,*,#731,.T.);
#729=ORIENTED_EDGE('',*,*,#732,.T.);
#730=EDGE_CURVE('',#87,#85,#733,.F.);
#731=EDGE_CURVE('',#85,#89,#734,.T.);
#732=EDGE_CURVE('',#89,#87,#735,.T.);
#733=LINE('',#86,#736);
#734=LINE('',#84,#737);
#735=LINE('',#88,#738);
#736=VECTOR('',#739,1.0);
#737=VECTOR('',#740,1.0);
#738=VECTOR('',#741,1.0);
#739=DIRECTION('',(0.5028926906819694,0,-0.864348854143192));
#740=DIRECTION('',(-0.9999999999999556,0,2.9802350809430524E-07));
#741=DIRECTION('',(6.935812909566212E-07,0,0.9999999999997595));
#742=FACE_SURFACE('',(#747),#743,.T.);
#743=PLANE('',#744);
#744=AXIS2_PLACEMENT_3D('',#86,#745,#746);
#745=DIRECTION('',(0.9999999999996935,-3.633045344855271E-07,-6.935812909565755E-07));
#746=DIRECTION('',(-6.935812909566212E-07,0,-0.9999999999997595));
#747=FACE_BOUND('',#748,.T.);
#748=EDGE_LOOP('',(#749,#750,#751));
#749=ORIENTED_EDGE('',*,*,#752,.T.);
#750=ORIENTED_EDGE('',*,*,#753,.T.);
#751=ORIENTED_EDGE('',*,*,#754,.T.);
#752=EDGE_CURVE('',#87,#89,#755,.F.);
#753=EDGE_CURVE('',#89,#39,#756,.T.);
#754=EDGE_CURVE('',#39,#87,#757,.T.);
#755=LINE('',#86,#758);
#756=LINE('',#88,#759);
#757=LINE('',#38,#760);
#758=VECTOR('',#761,1.0);
#759=VECTOR('',#762,1.0);
#760=VECTOR('',#763,1.0);
#761=DIRECTION('',(-6.935812909566212E-07,0,-0.9999999999997595));
#762=DIRECTION('',(4.5028620635274787E-07,0.9915344590790905,0.1298438156345258));
#763=DIRECTION('',(-3.633045344856145E-07,-0.999999999999934,0));
#764=FACE_SURFACE('',(#769),#765,.T.);
#765=PLANE('',#766);
#766=AXIS2_PLACEMENT_3D('',#38,#767,#768);
#767=DIRECTION('',(0.9999999999996935,-3.633045344855271E-07,-6.935812909565755E-07));
#768=DIRECTION('',(-4.5028620635274787E-07,-0.9915344590790905,-0.1298438156345258));
#769=FACE_BOUND('',#770,.T.);
#770=EDGE_LOOP('',(#771,#772,#773));
#771=ORIENTED_EDGE('',*,*,#774,.T.);
#772=ORIENTED_EDGE('',*,*,#775,.T.);
#773=ORIENTED_EDGE('',*,*,#776,.T.);
#774=EDGE_CURVE('',#39,#89,#777,.F.);
#775=EDGE_CURVE('',#89,#55,#778,.T.);
#776=EDGE_CURVE('',#55,#39,#779,.T.);
#777=LINE('',#38,#780);
#778=LINE('',#88,#781);
#779=LINE('',#54,#782);
#780=VECTOR('',#783,1.0);
#781=VECTOR('',#784,1.0);
#782=VECTOR('',#785,1.0);
#783=DIRECTION('',(-4.5028620635274787E-07,-0.9915344590790905,-0.1298438156345258));
#784=DIRECTION('',(3.633045344856145E-07,0.999999999999934,0));
#785=DIRECTION('',(6.935812909566212E-07,0,0.9999999999997595));
#786=FACE_SURFACE('',(#791),#787,.T.);
#787=PLANE('',#788);
#788=AXIS2_PLACEMENT_3D('',#90,#789,#790);
#789=DIRECTION('',(-0.9999999999996935,3.633045344855271E-07,6.935812308247047E-07));
#790=DIRECTION('',(6.935812308247506E-07,0,0.9999999999997595));
#791=FACE_BOUND('',#792,.T.);
#792=EDGE_LOOP('',(#793,#794,#795));
#793=ORIENTED_EDGE('',*,*,#796,.T.);
#794=ORIENTED_EDGE('',*,*,#797,.T.);
#795=ORIENTED_EDGE('',*,*,#798,.T.);
#796=EDGE_CURVE('',#91,#93,#799,.F.);
#797=EDGE_CURVE('',#93,#57,#800,.T.);
#798=EDGE_CURVE('',#57,#91,#801,.T.);
#799=LINE('',#90,#802);
#800=LINE('',#92,#803);
#801=LINE('',#56,#804);
#802=VECTOR('',#805,1.0);
#803=VECTOR('',#806,1.0);
#804=VECTOR('',#807,1.0);
#805=DIRECTION('',(6.935812308247506E-07,0,0.9999999999997595));
#806=DIRECTION('',(2.7017172341676376E-07,0.9915344576298566,-0.12984382670190028));
#807=DIRECTION('',(-3.633045344856145E-07,-0.999999999999934,0));
#808=FACE_SURFACE('',(#813),#809,.T.);
#809=PLANE('',#810);
#810=AXIS2_PLACEMENT_3D('',#56,#811,#812);
#811=DIRECTION('',(-0.9999999999996935,3.633045344855271E-07,6.935812308247047E-07));
#812=DIRECTION('',(-2.7017172341676376E-07,-0.9915344576298566,0.12984382670190028));
#813=FACE_BOUND('',#814,.T.);
#814=EDGE_LOOP('',(#815,#816,#817));
#815=ORIENTED_EDGE('',*,*,#818,.T.);
#816=ORIENTED_EDGE('',*,*,#819,.T.);
#817=ORIENTED_EDGE('',*,*,#820,.T.);
#818=EDGE_CURVE('',#57,#93,#821,.F.);
#819=EDGE_CURVE('',#93,#35,#822,.T.);
#820=EDGE_CURVE('',#35,#57,#823,.T.);
#821=LINE('',#56,#824);
#822=LINE('',#92,#825);
#823=LINE('',#34,#826);
#824=VECTOR('',#827,1.0);
#825=VECTOR('',#828,1.0);
#826=VECTOR('',#829,1.0);
#827=DIRECTION('',(-2.7017172341676376E-07,-0.9915344576298566,0.12984382670190028));
#828=DIRECTION('',(3.633045344856145E-07,0.999999999999934,0));
#829=DIRECTION('',(-6.935812308247506E-07,0,-0.9999999999997595));
#830=FACE_SURFACE('',(#835),#831,.T.);
#831=PLANE('',#832);
#832=AXIS2_PLACEMENT_3D('',#94,#833,#834);
#833=DIRECTION('',(0.9999999999999235,-3.912510398718745E-07,0));
#834=DIRECTION('',(0,0,1));
#835=FACE_BOUND('',#836,.T.);
#836=EDGE_LOOP('',(#837,#838,#839));
#837=ORIENTED_EDGE('',*,*,#840,.T.);
#838=ORIENTED_EDGE('',*,*,#841,.T.);
#839=ORIENTED_EDGE('',*,*,#842,.T.);
#840=EDGE_CURVE('',#95,#97,#843,.F.);
#841=EDGE_CURVE('',#97,#99,#844,.T.);
#842=EDGE_CURVE('',#99,#95,#845,.T.);
#843=LINE('',#94,#846);
#844=LINE('',#96,#847);
#845=LINE('',#98,#848);
#846=VECTOR('',#849,1.0);
#847=VECTOR('',#850,1.0);
#848=VECTOR('',#851,1.0);
#849=DIRECTION('',(0,0,1));
#850=DIRECTION('',(-3.907375867421811E-07,-0.998687663220291,-0.05121475696947116));
#851=DIRECTION('',(3.912510398718745E-07,0.9999999999999235,0));
#852=FACE_SURFACE('',(#857),#853,.T.);
#853=PLANE('',#854);
#854=AXIS2_PLACEMENT_3D('',#98,#855,#856);
#855=DIRECTION('',(0.9999999999999235,-3.912510398718745E-07,0));
#856=DIRECTION('',(3.907375867421811E-07,0.998687663220291,0.05121475696947116));
#857=FACE_BOUND('',#858,.T.);
#858=EDGE_LOOP('',(#859,#860,#861));
#859=ORIENTED_EDGE('',*,*,#862,.T.);
#860=ORIENTED_EDGE('',*,*,#863,.T.);
#861=ORIENTED_EDGE('',*,*,#864,.T.);
#862=EDGE_CURVE('',#99,#97,#865,.F.);
#863=EDGE_CURVE('',#97,#101,#866,.T.);
#864=EDGE_CURVE('',#101,#99,#867,.T.);
#865=LINE('',#98,#868);
#866=LINE('',#96,#869);
#867=LINE('',#100,#870);
#868=VECTOR('',#871,1.0);
#869=VECTOR('',#872,1.0);
#870=VECTOR('',#873,1.0);
#871=DIRECTION('',(3.907375867421811E-07,0.998687663220291,0.05121475696947116));
#872=DIRECTION('',(-3.912188897328333E-07,-0.9999178273389852,0.012819460578765481));
#873=DIRECTION('',(0,0,-1));
#874=FACE_SURFACE('',(#879),#875,.T.);
#875=PLANE('',#876);
#876=AXIS2_PLACEMENT_3D('',#100,#877,#878);
#877=DIRECTION('',(0.9999999999998099,-3.8507988722928183E-07,4.813498590366023E-07));
#878=DIRECTION('',(3.912188897328333E-07,0.9999178273389852,-0.012819460578765481));
#879=FACE_BOUND('',#880,.T.);
#880=EDGE_LOOP('',(#881,#882,#883));
#881=ORIENTED_EDGE('',*,*,#884,.T.);
#882=ORIENTED_EDGE('',*,*,#885,.T.);
#883=ORIENTED_EDGE('',*,*,#886,.T.);
#884=EDGE_CURVE('',#101,#97,#887,.F.);
#885=EDGE_CURVE('',#97,#63,#888,.T.);
#886=EDGE_CURVE('',#63,#101,#889,.T.);
#887=LINE('',#100,#890);
#888=LINE('',#96,#891);
#889=LINE('',#62,#892);
#890=VECTOR('',#893,1.0);
#891=VECTOR('',#894,1.0);
#892=VECTOR('',#895,1.0);
#893=DIRECTION('',(3.912188897328333E-07,0.9999178273389852,-0.012819460578765481));
#894=DIRECTION('',(0,0.7808688094430304,0.6246950475544243));
#895=DIRECTION('',(-3.6744175768347203E-07,-0.9993474239486375,-0.036120994547316036));
#896=FACE_SURFACE('',(#901),#897,.T.);
#897=PLANE('',#898);
#898=AXIS2_PLACEMENT_3D('',#100,#899,#900);
#899=DIRECTION('',(0.9999999999997848,-3.475806949857869E-07,-5.561276976677906E-07));
#900=DIRECTION('',(3.6744175768347203E-07,0.9993474239486375,0.036120994547316036));
#901=FACE_BOUND('',#902,.T.);
#902=EDGE_LOOP('',(#903,#904,#905));
#903=ORIENTED_EDGE('',*,*,#906,.T.);
#904=ORIENTED_EDGE('',*,*,#907,.T.);
#905=ORIENTED_EDGE('',*,*,#908,.T.);
#906=EDGE_CURVE('',#101,#63,#909,.F.);
#907=EDGE_CURVE('',#63,#103,#910,.T.);
#908=EDGE_CURVE('',#103,#101,#911,.T.);
#909=LINE('',#100,#912);
#910=LINE('',#62,#913);
#911=LINE('',#102,#914);
#912=VECTOR('',#915,1.0);
#913=VECTOR('',#916,1.0);
#914=VECTOR('',#917,1.0);
#915=DIRECTION('',(3.6744175768347203E-07,0.9993474239486375,0.036120994547316036));
#916=DIRECTION('',(-3.4758069498584076E-07,-0.9999999999999396,0));
#917=DIRECTION('',(0,0.847997698224997,-0.5299999092500929));
#918=FACE_SURFACE('',(#923),#919,.T.);
#919=PLANE('',#920);
#920=AXIS2_PLACEMENT_3D('',#96,#921,#922);
#921=DIRECTION('',(1,0,0));
#922=DIRECTION('',(0,1,0));
#923=FACE_BOUND('',#924,.T.);
#924=EDGE_LOOP('',(#925,#926,#927));
#925=ORIENTED_EDGE('',*,*,#928,.T.);
#926=ORIENTED_EDGE('',*,*,#929,.T.);
#927=ORIENTED_EDGE('',*,*,#930,.T.);
#928=EDGE_CURVE('',#97,#65,#931,.F.);
#929=EDGE_CURVE('',#65,#63,#932,.T.);
#930=EDGE_CURVE('',#63,#97,#933,.T.);
#931=LINE('',#96,#934);
#932=LINE('',#64,#935);
#933=LINE('',#62,#936);
#934=VECTOR('',#937,1.0);
#935=VECTOR('',#938,1.0);
#936=VECTOR('',#939,1.0);
#937=DIRECTION('',(0,1,0));
#938=DIRECTION('',(0,0,1));
#939=DIRECTION('',(0,-0.7808688094430304,-0.6246950475544243));
#940=FACE_SURFACE('',(#945),#941,.T.);
#941=PLANE('',#942);
#942=AXIS2_PLACEMENT_3D('',#102,#943,#944);
#943=DIRECTION('',(1,0,0));
#944=DIRECTION('',(0,0,-1));
#945=FACE_BOUND('',#946,.T.);
#946=EDGE_LOOP('',(#947,#948,#949));
#947=ORIENTED_EDGE('',*,*,#950,.T.);
#948=ORIENTED_EDGE('',*,*,#951,.T.);
#949=ORIENTED_EDGE('',*,*,#952,.T.);
#950=EDGE_CURVE('',#103,#105,#953,.F.);
#951=EDGE_CURVE('',#105,#101,#954,.T.);
#952=EDGE_CURVE('',#101,#103,#955,.T.);
#953=LINE('',#102,#956);
#954=LINE('',#104,#957);
#955=LINE('',#100,#958);
#956=VECTOR('',#959,1.0);
#957=VECTOR('',#960,1.0);
#958=VECTOR('',#961,1.0);
#959=DIRECTION('',(0,0,-1));
#960=DIRECTION('',(0,1,0));
#961=DIRECTION('',(0,-0.847997698224997,0.5299999092500929));
#962=FACE_SURFACE('',(#967),#963,.T.);
#963=PLANE('',#964);
#964=AXIS2_PLACEMENT_3D('',#98,#965,#966);
#965=DIRECTION('',(0,-1,0));
#966=DIRECTION('',(0,0,1));
#967=FACE_BOUND('',#968,.T.);
#968=EDGE_LOOP('',(#969,#970,#971));
#969=ORIENTED_EDGE('',*,*,#972,.T.);
#970=ORIENTED_EDGE('',*,*,#973,.T.);
#971=ORIENTED_EDGE('',*,*,#974,.T.);
#972=EDGE_CURVE('',#99,#101,#975,.F.);
#973=EDGE_CURVE('',#101,#107,#976,.T.);
#974=EDGE_CURVE('',#107,#99,#977,.T.);
#975=LINE('',#98,#978);
#976=LINE('',#100,#979);
#977=LINE('',#106,#980);
#978=VECTOR('',#981,1.0);
#979=VECTOR('',#982,1.0);
#980=VECTOR('',#983,1.0);
#981=DIRECTION('',(0,0,1));
#982=DIRECTION('',(-0.7085654531686982,0,-0.7056450939217515));
#983=DIRECTION('',(0.9999999999999278,0,-3.7989764037974866E-07));
#984=FACE_SURFACE('',(#989),#985,.T.);
#985=PLANE('',#986);
#986=AXIS2_PLACEMENT_3D('',#106,#987,#988);
#987=DIRECTION('',(0,-1,0));
#988=DIRECTION('',(0.7085654531686982,0,0.7056450939217515));
#989=FACE_BOUND('',#990,.T.);
#990=EDGE_LOOP('',(#991,#992,#993));
#991=ORIENTED_EDGE('',*,*,#994,.T.);
#992=ORIENTED_EDGE('',*,*,#995,.T.);
#993=ORIENTED_EDGE('',*,*,#996,.T.);
#994=EDGE_CURVE('',#107,#101,#997,.F.);
#995=EDGE_CURVE('',#101,#109,#998,.T.);
#996=EDGE_CURVE('',#109,#107,#999,.T.);
#997=LINE('',#106,#1000);
#998=LINE('',#100,#1001);
#999=LINE('',#108,#1002);
#1000=VECTOR('',#1003,1.0);
#1001=VECTOR('',#1004,1.0);
#1002=VECTOR('',#1005,1.0);
#1003=DIRECTION('',(0.7085654531686982,0,0.7056450939217515));
#1004=DIRECTION('',(-0.9999999999999278,0,3.7989764037974866E-07));
#1005=DIRECTION('',(0,0,-1));
#1006=FACE_SURFACE('',(#1011),#1007,.T.);
#1007=PLANE('',#1008);
#1008=AXIS2_PLACEMENT_3D('',#98,#1009,#1010);
#1009=DIRECTION('',(-3.7989764037974866E-07,1.4863534684345945E-13,-0.9999999999999278));
#1010=DIRECTION('',(-0.9999999999999278,0,3.7989764037974866E-07));
#1011=FACE_BOUND('',#1012,.T.);
#1012=EDGE_LOOP('',(#1013,#1014,#1015));
#1013=ORIENTED_EDGE('',*,*,#1016,.T.);
#1014=ORIENTED_EDGE('',*,*,#1017,.T.);
#1015=ORIENTED_EDGE('',*,*,#1018,.T.);
#1016=EDGE_CURVE('',#99,#107,#1019,.F.);
#1017=EDGE_CURVE('',#107,#95,#1020,.T.);
#1018=EDGE_CURVE('',#95,#99,#1021,.T.);
#1019=LINE('',#98,#1022);
#1020=LINE('',#106,#1023);
#1021=LINE('',#94,#1024);
#1022=VECTOR('',#1025,1.0);
#1023=VECTOR('',#1026,1.0);
#1024=VECTOR('',#1027,1.0);
#1025=DIRECTION('',(-0.9999999999999278,0,3.7989764037974866E-07));
#1026=DIRECTION('',(0.06423529532792094,0.9979347808520025,-2.440268879579294E-08));
#1027=DIRECTION('',(-3.912510398718745E-07,-0.9999999999999235,0));
#1028=FACE_SURFACE('',(#1033),#1029,.T.);
#1029=PLANE('',#1030);
#1030=AXIS2_PLACEMENT_3D('',#94,#1031,#1032);
#1031=DIRECTION('',(-3.7989740150172536E-07,1.3325919133908438E-13,-0.9999999999999277));
#1032=DIRECTION('',(-0.06423529532792094,-0.9979347808520025,2.440268879579294E-08));
#1033=FACE_BOUND('',#1034,.T.);
#1034=EDGE_LOOP('',(#1035,#1036,#1037));
#1035=ORIENTED_EDGE('',*,*,#1038,.T.);
#1036=ORIENTED_EDGE('',*,*,#1039,.T.);
#1037=ORIENTED_EDGE('',*,*,#1040,.T.);
#1038=EDGE_CURVE('',#95,#107,#1041,.F.);
#1039=EDGE_CURVE('',#107,#79,#1042,.T.);
#1040=EDGE_CURVE('',#79,#95,#1043,.T.);
#1041=LINE('',#94,#1044);
#1042=LINE('',#106,#1045);
#1043=LINE('',#78,#1046);
#1044=VECTOR('',#1047,1.0);
#1045=VECTOR('',#1048,1.0);
#1046=VECTOR('',#1049,1.0);
#1047=DIRECTION('',(-0.06423529532792094,-0.9979347808520025,2.440268879579294E-08));
#1048=DIRECTION('',(3.507767908185362E-07,0.9999999999999384,0));
#1049=DIRECTION('',(0.4871763820776076,-0.8733035971217218,-1.8507715800003936E-07));
#1050=FACE_SURFACE('',(#1055),#1051,.T.);
#1051=PLANE('',#1052);
#1052=AXIS2_PLACEMENT_3D('',#110,#1053,#1054);
#1053=DIRECTION('',(-3.7989690138114554E-07,7.729777105941856E-13,-0.999999999999928));
#1054=DIRECTION('',(2.0347039098828212E-06,0.99999999999793,0));
#1055=FACE_BOUND('',#1056,.T.);
#1056=EDGE_LOOP('',(#1057,#1058,#1059));
#1057=ORIENTED_EDGE('',*,*,#1060,.T.);
#1058=ORIENTED_EDGE('',*,*,#1061,.T.);
#1059=ORIENTED_EDGE('',*,*,#1062,.T.);
#1060=EDGE_CURVE('',#111,#109,#1063,.F.);
#1061=EDGE_CURVE('',#109,#105,#1064,.T.);
#1062=EDGE_CURVE('',#105,#111,#1065,.T.);
#1063=LINE('',#110,#1066);
#1064=LINE('',#108,#1067);
#1065=LINE('',#104,#1068);
#1066=VECTOR('',#1069,1.0);
#1067=VECTOR('',#1070,1.0);
#1068=VECTOR('',#1071,1.0);
#1069=DIRECTION('',(2.0347039098828212E-06,0.99999999999793,0));
#1070=DIRECTION('',(0.7228153030547009,-0.691041270598121,-2.745958280608736E-07));
#1071=DIRECTION('',(-0.4416768109652426,-0.8971742275921356,1.6779095840193328E-07));
#1072=FACE_SURFACE('',(#1077),#1073,.T.);
#1073=PLANE('',#1074);
#1074=AXIS2_PLACEMENT_3D('',#112,#1075,#1076);
#1075=DIRECTION('',(-3.8146972656247223E-07,0,-0.9999999999999273));
#1076=DIRECTION('',(0.7213838015726393,0.6925354942734209,-2.7518608153253146E-07));
#1077=FACE_BOUND('',#1078,.T.);
#1078=EDGE_LOOP('',(#1079,#1080,#1081));
#1079=ORIENTED_EDGE('',*,*,#1082,.T.);
#1080=ORIENTED_EDGE('',*,*,#1083,.T.);
#1081=ORIENTED_EDGE('',*,*,#1084,.T.);
#1082=EDGE_CURVE('',#113,#115,#1085,.F.);
#1083=EDGE_CURVE('',#115,#117,#1086,.T.);
#1084=EDGE_CURVE('',#117,#113,#1087,.T.);
#1085=LINE('',#112,#1088);
#1086=LINE('',#114,#1089);
#1087=LINE('',#116,#1090);
#1088=VECTOR('',#1091,1.0);
#1089=VECTOR('',#1092,1.0);
#1090=VECTOR('',#1093,1.0);
#1091=DIRECTION('',(0.7213838015726393,0.6925354942734209,-2.7518608153253146E-07));
#1092=DIRECTION('',(0,-1,0));
#1093=DIRECTION('',(-0.44015891587354156,0.897919889955112,1.6790730128232633E-07));
#1094=FACE_SURFACE('',(#1099),#1095,.T.);
#1095=PLANE('',#1096);
#1096=AXIS2_PLACEMENT_3D('',#110,#1097,#1098);
#1097=DIRECTION('',(-3.1268010677797184E-07,-3.308990057330877E-08,-0.9999999999999507));
#1098=DIRECTION('',(0.4416768109652426,0.8971742275921356,-1.6779095840193328E-07));
#1099=FACE_BOUND('',#1100,.T.);
#1100=EDGE_LOOP('',(#1101,#1102,#1103));
#1101=ORIENTED_EDGE('',*,*,#1104,.T.);
#1102=ORIENTED_EDGE('',*,*,#1105,.T.);
#1103=ORIENTED_EDGE('',*,*,#1106,.T.);
#1104=EDGE_CURVE('',#111,#105,#1107,.F.);
#1105=EDGE_CURVE('',#105,#113,#1108,.T.);
#1106=EDGE_CURVE('',#113,#111,#1109,.T.);
#1107=LINE('',#110,#1110);
#1108=LINE('',#104,#1111);
#1109=LINE('',#112,#1112);
#1110=VECTOR('',#1113,1.0);
#1111=VECTOR('',#1114,1.0);
#1112=VECTOR('',#1115,1.0);
#1113=DIRECTION('',(0.4416768109652426,0.8971742275921356,-1.6779095840193328E-07));
#1114=DIRECTION('',(0.9999999999985607,-1.6676269418449468E-06,-3.1268005159592753E-07));
#1115=DIRECTION('',(-0.9712668135942979,-0.23799322849669963,3.115709832526575E-07));
#1116=FACE_SURFACE('',(#1121),#1117,.T.);
#1117=PLANE('',#1118);
#1118=AXIS2_PLACEMENT_3D('',#112,#1119,#1120);
#1119=DIRECTION('',(-3.2729541058926637E-07,2.655616436801751E-08,-0.999999999999946));
#1120=DIRECTION('',(0.44015891587354156,-0.897919889955112,-1.6790730128232633E-07));
#1121=FACE_BOUND('',#1122,.T.);
#1122=EDGE_LOOP('',(#1123,#1124,#1125));
#1123=ORIENTED_EDGE('',*,*,#1126,.T.);
#1124=ORIENTED_EDGE('',*,*,#1127,.T.);
#1125=ORIENTED_EDGE('',*,*,#1128,.T.);
#1126=EDGE_CURVE('',#113,#117,#1129,.F.);
#1127=EDGE_CURVE('',#117,#111,#1130,.T.);
#1128=EDGE_CURVE('',#111,#113,#1131,.T.);
#1129=LINE('',#112,#1132);
#1130=LINE('',#116,#1133);
#1131=LINE('',#110,#1134);
#1132=VECTOR('',#1135,1.0);
#1133=VECTOR('',#1136,1.0);
#1134=VECTOR('',#1137,1.0);
#1135=DIRECTION('',(0.44015891587354156,-0.897919889955112,-1.6790730128232633E-07));
#1136=DIRECTION('',(-0.9999999995063243,3.142043950406997E-05,3.2729624483406223E-07));
#1137=DIRECTION('',(0.9712668135942979,0.23799322849669963,-3.115709832526575E-07));
#1138=FACE_SURFACE('',(#1143),#1139,.T.);
#1139=PLANE('',#1140);
#1140=AXIS2_PLACEMENT_3D('',#112,#1141,#1142);
#1141=DIRECTION('',(-3.814697265624723E-07,0,-0.9999999999999273));
#1142=DIRECTION('',(0,1,0));
#1143=FACE_BOUND('',#1144,.T.);
#1144=EDGE_LOOP('',(#1145,#1146,#1147));
#1145=ORIENTED_EDGE('',*,*,#1148,.T.);
#1146=ORIENTED_EDGE('',*,*,#1149,.T.);
#1147=ORIENTED_EDGE('',*,*,#1150,.T.);
#1148=EDGE_CURVE('',#113,#119,#1151,.F.);
#1149=EDGE_CURVE('',#119,#115,#1152,.T.);
#1150=EDGE_CURVE('',#115,#113,#1153,.T.);
#1151=LINE('',#112,#1154);
#1152=LINE('',#118,#1155);
#1153=LINE('',#114,#1156);
#1154=VECTOR('',#1157,1.0);
#1155=VECTOR('',#1158,1.0);
#1156=VECTOR('',#1159,1.0);
#1157=DIRECTION('',(0,1,0));
#1158=DIRECTION('',(0.9999999999999272,0,-3.8146972656247223E-07));
#1159=DIRECTION('',(-0.7213838015726393,-0.6925354942734209,2.7518608153253146E-07));
#1160=FACE_SURFACE('',(#1165),#1161,.T.);
#1161=PLANE('',#1162);
#1162=AXIS2_PLACEMENT_3D('',#108,#1163,#1164);
#1163=DIRECTION('',(-3.7989764037974866E-07,0,-0.999999999999928));
#1164=DIRECTION('',(0.9999999999999278,0,-3.7989764037974866E-07));
#1165=FACE_BOUND('',#1166,.T.);
#1166=EDGE_LOOP('',(#1167,#1168,#1169));
#1167=ORIENTED_EDGE('',*,*,#1170,.T.);
#1168=ORIENTED_EDGE('',*,*,#1171,.T.);
#1169=ORIENTED_EDGE('',*,*,#1172,.T.);
#1170=EDGE_CURVE('',#109,#101,#1173,.F.);
#1171=EDGE_CURVE('',#101,#105,#1174,.T.);
#1172=EDGE_CURVE('',#105,#109,#1175,.T.);
#1173=LINE('',#108,#1176);
#1174=LINE('',#100,#1177);
#1175=LINE('',#104,#1178);
#1176=VECTOR('',#1179,1.0);
#1177=VECTOR('',#1180,1.0);
#1178=VECTOR('',#1181,1.0);
#1179=DIRECTION('',(0.9999999999999278,0,-3.7989764037974866E-07));
#1180=DIRECTION('',(0,-1,0));
#1181=DIRECTION('',(-0.7228153030547009,0.691041270598121,2.745958280608736E-07));
#1182=FACE_SURFACE('',(#1187),#1183,.T.);
#1183=PLANE('',#1184);
#1184=AXIS2_PLACEMENT_3D('',#118,#1185,#1186);
#1185=DIRECTION('',(0,-1,0));
#1186=DIRECTION('',(0,0,-1));
#1187=FACE_BOUND('',#1188,.T.);
#1188=EDGE_LOOP('',(#1189,#1190,#1191));
#1189=ORIENTED_EDGE('',*,*,#1192,.T.);
#1190=ORIENTED_EDGE('',*,*,#1193,.T.);
#1191=ORIENTED_EDGE('',*,*,#1194,.T.);
#1192=EDGE_CURVE('',#119,#77,#1195,.F.);
#1193=EDGE_CURVE('',#77,#115,#1196,.T.);
#1194=EDGE_CURVE('',#115,#119,#1197,.T.);
#1195=LINE('',#118,#1198);
#1196=LINE('',#76,#1199);
#1197=LINE('',#114,#1200);
#1198=VECTOR('',#1201,1.0);
#1199=VECTOR('',#1202,1.0);
#1200=VECTOR('',#1203,1.0);
#1201=DIRECTION('',(0,0,-1));
#1202=DIRECTION('',(0.7071069160564756,0,0.7071066463165937));
#1203=DIRECTION('',(-0.9999999999999272,0,3.8146972656247223E-07));
#1204=FACE_SURFACE('',(#1209),#1205,.T.);
#1205=PLANE('',#1206);
#1206=AXIS2_PLACEMENT_3D('',#114,#1207,#1208);
#1207=DIRECTION('',(0,-1,-0));
#1208=DIRECTION('',(-0.7071069160564756,0,-0.7071066463165937));
#1209=FACE_BOUND('',#1210,.T.);
#1210=EDGE_LOOP('',(#1211,#1212,#1213));
#1211=ORIENTED_EDGE('',*,*,#1214,.T.);
#1212=ORIENTED_EDGE('',*,*,#1215,.T.);
#1213=ORIENTED_EDGE('',*,*,#1216,.T.);
#1214=EDGE_CURVE('',#115,#77,#1217,.F.);
#1215=EDGE_CURVE('',#77,#75,#1218,.T.);
#1216=EDGE_CURVE('',#75,#115,#1219,.T.);
#1217=LINE('',#114,#1220);
#1218=LINE('',#76,#1221);
#1219=LINE('',#74,#1222);
#1220=VECTOR('',#1223,1.0);
#1221=VECTOR('',#1224,1.0);
#1222=VECTOR('',#1225,1.0);
#1223=DIRECTION('',(-0.7071069160564756,0,-0.7071066463165937));
#1224=DIRECTION('',(0.9999999999999272,0,-3.8146972656247223E-07));
#1225=DIRECTION('',(0,0,1));
#1226=FACE_SURFACE('',(#1231),#1227,.T.);
#1227=PLANE('',#1228);
#1228=AXIS2_PLACEMENT_3D('',#120,#1229,#1230);
#1229=DIRECTION('',(-3.1420439504066056E-05,-0.999999999506378,1.7122779499445572E-11));
#1230=DIRECTION('',(-5.449567151098318E-07,0,-0.9999999999998516));
#1231=FACE_BOUND('',#1232,.T.);
#1232=EDGE_LOOP('',(#1233,#1234,#1235));
#1233=ORIENTED_EDGE('',*,*,#1236,.T.);
#1234=ORIENTED_EDGE('',*,*,#1237,.T.);
#1235=ORIENTED_EDGE('',*,*,#1238,.T.);
#1236=EDGE_CURVE('',#121,#111,#1239,.F.);
#1237=EDGE_CURVE('',#111,#123,#1240,.T.);
#1238=EDGE_CURVE('',#123,#121,#1241,.T.);
#1239=LINE('',#120,#1242);
#1240=LINE('',#110,#1243);
#1241=LINE('',#122,#1244);
#1242=VECTOR('',#1245,1.0);
#1243=VECTOR('',#1246,1.0);
#1244=VECTOR('',#1247,1.0);
#1245=DIRECTION('',(-5.449567151098318E-07,0,-0.9999999999998516));
#1246=DIRECTION('',(0.9577484195053213,-3.00928713653998E-05,0.28760730872055074));
#1247=DIRECTION('',(-0.9999999995063243,3.142043950406997E-05,3.2729624483406223E-07));
#1248=FACE_SURFACE('',(#1253),#1249,.T.);
#1249=PLANE('',#1250);
#1250=AXIS2_PLACEMENT_3D('',#122,#1251,#1252);
#1251=DIRECTION('',(-3.1420439504066056E-05,-0.999999999506378,1.7122779499445572E-11));
#1252=DIRECTION('',(-0.9577484195053213,3.00928713653998E-05,-0.28760730872055074));
#1253=FACE_BOUND('',#1254,.T.);
#1254=EDGE_LOOP('',(#1255,#1256,#1257));
#1255=ORIENTED_EDGE('',*,*,#1258,.T.);
#1256=ORIENTED_EDGE('',*,*,#1259,.T.);
#1257=ORIENTED_EDGE('',*,*,#1260,.T.);
#1258=EDGE_CURVE('',#123,#111,#1261,.F.);
#1259=EDGE_CURVE('',#111,#117,#1262,.T.);
#1260=EDGE_CURVE('',#117,#123,#1263,.T.);
#1261=LINE('',#122,#1264);
#1262=LINE('',#110,#1265);
#1263=LINE('',#116,#1266);
#1264=VECTOR('',#1267,1.0);
#1265=VECTOR('',#1268,1.0);
#1266=VECTOR('',#1269,1.0);
#1267=DIRECTION('',(-0.9577484195053213,3.00928713653998E-05,-0.28760730872055074));
#1268=DIRECTION('',(0.9999999995063243,-3.142043950406997E-05,-3.2729624483406223E-07));
#1269=DIRECTION('',(5.449567151098318E-07,0,0.9999999999998516));
#1270=FACE_SURFACE('',(#1275),#1271,.T.);
#1271=PLANE('',#1272);
#1272=AXIS2_PLACEMENT_3D('',#58,#1273,#1274);
#1273=DIRECTION('',(-0.0002513550049009975,-0.9999999536587606,-0.00017176477564647462));
#1274=DIRECTION('',(-0.5642028703379315,0,0.8256361917348581));
#1275=FACE_BOUND('',#1276,.T.);
#1276=EDGE_LOOP('',(#1277,#1278,#1279));
#1277=ORIENTED_EDGE('',*,*,#1280,.T.);
#1278=ORIENTED_EDGE('',*,*,#1281,.T.);
#1279=ORIENTED_EDGE('',*,*,#1282,.T.);
#1280=EDGE_CURVE('',#59,#53,#1283,.F.);
#1281=EDGE_CURVE('',#53,#125,#1284,.T.);
#1282=EDGE_CURVE('',#125,#59,#1285,.T.);
#1283=LINE('',#58,#1286);
#1284=LINE('',#52,#1287);
#1285=LINE('',#124,#1288);
#1286=VECTOR('',#1289,1.0);
#1287=VECTOR('',#1290,1.0);
#1288=VECTOR('',#1291,1.0);
#1289=DIRECTION('',(-0.5642028703379315,0,0.8256361917348581));
#1290=DIRECTION('',(-8.946094059216354E-07,0.000171765005936954,-0.999999985247991));
#1291=DIRECTION('',(0.9999999684102899,-0.000251354952392815,-3.2728509426147786E-07));
#1292=FACE_SURFACE('',(#1297),#1293,.T.);
#1293=PLANE('',#1294);
#1294=AXIS2_PLACEMENT_3D('',#126,#1295,#1296);
#1295=DIRECTION('',(-1,0,0));
#1296=DIRECTION('',(0,0.0003662109129436455,0.9999999329447813));
#1297=FACE_BOUND('',#1298,.T.);
#1298=EDGE_LOOP('',(#1299,#1300,#1301));
#1299=ORIENTED_EDGE('',*,*,#1302,.T.);
#1300=ORIENTED_EDGE('',*,*,#1303,.T.);
#1301=ORIENTED_EDGE('',*,*,#1304,.T.);
#1302=EDGE_CURVE('',#127,#125,#1305,.F.);
#1303=EDGE_CURVE('',#125,#81,#1306,.T.);
#1304=EDGE_CURVE('',#81,#127,#1307,.T.);
#1305=LINE('',#126,#1308);
#1306=LINE('',#124,#1309);
#1307=LINE('',#80,#1310);
#1308=VECTOR('',#1311,1.0);
#1309=VECTOR('',#1312,1.0);
#1310=VECTOR('',#1313,1.0);
#1311=DIRECTION('',(0,0.0003662109129436455,0.9999999329447813));
#1312=DIRECTION('',(0,0.7069772705000067,-0.7072362681568024));
#1313=DIRECTION('',(0,-1,0));
#1314=FACE_SURFACE('',(#1319),#1315,.T.);
#1315=PLANE('',#1316);
#1316=AXIS2_PLACEMENT_3D('',#80,#1317,#1318);
#1317=DIRECTION('',(-0.999999999999629,6.092015394955011E-07,6.08978443228596E-07));
#1318=DIRECTION('',(0,-0.7069772705000067,0.7072362681568024));
#1319=FACE_BOUND('',#1320,.T.);
#1320=EDGE_LOOP('',(#1321,#1322,#1323));
#1321=ORIENTED_EDGE('',*,*,#1324,.T.);
#1322=ORIENTED_EDGE('',*,*,#1325,.T.);
#1323=ORIENTED_EDGE('',*,*,#1326,.T.);
#1324=EDGE_CURVE('',#81,#125,#1327,.F.);
#1325=EDGE_CURVE('',#125,#67,#1328,.T.);
#1326=EDGE_CURVE('',#67,#81,#1329,.T.);
#1327=LINE('',#80,#1330);
#1328=LINE('',#124,#1331);
#1329=LINE('',#66,#1332);
#1330=VECTOR('',#1333,1.0);
#1331=VECTOR('',#1334,1.0);
#1332=VECTOR('',#1335,1.0);
#1333=DIRECTION('',(0,-0.7069772705000067,0.7072362681568024));
#1334=DIRECTION('',(8.099974684933719E-07,0.4245164332475022,0.9054202327660692));
#1335=DIRECTION('',(-6.08978443228709E-07,0,-0.9999999999998146));
#1336=FACE_SURFACE('',(#1341),#1337,.T.);
#1337=PLANE('',#1338);
#1338=AXIS2_PLACEMENT_3D('',#66,#1339,#1340);
#1339=DIRECTION('',(-0.9999999999995999,0,8.946094191185636E-07));
#1340=DIRECTION('',(-8.099974684933719E-07,-0.4245164332475022,-0.9054202327660692));
#1341=FACE_BOUND('',#1342,.T.);
#1342=EDGE_LOOP('',(#1343,#1344,#1345));
#1343=ORIENTED_EDGE('',*,*,#1346,.T.);
#1344=ORIENTED_EDGE('',*,*,#1347,.T.);
#1345=ORIENTED_EDGE('',*,*,#1348,.T.);
#1346=EDGE_CURVE('',#67,#125,#1349,.F.);
#1347=EDGE_CURVE('',#125,#53,#1350,.T.);
#1348=EDGE_CURVE('',#53,#67,#1351,.T.);
#1349=LINE('',#66,#1352);
#1350=LINE('',#124,#1353);
#1351=LINE('',#52,#1354);
#1352=VECTOR('',#1355,1.0);
#1353=VECTOR('',#1356,1.0);
#1354=VECTOR('',#1357,1.0);
#1355=DIRECTION('',(-8.099974684933719E-07,-0.4245164332475022,-0.9054202327660692));
#1356=DIRECTION('',(8.946094059216354E-07,-0.000171765005936954,0.999999985247991));
#1357=DIRECTION('',(0,1,0));
#1358=FACE_SURFACE('',(#1363),#1359,.T.);
#1359=PLANE('',#1360);
#1360=AXIS2_PLACEMENT_3D('',#128,#1361,#1362);
#1361=DIRECTION('',(0,1,0));
#1362=DIRECTION('',(0.9999999999999556,0,-2.9830230193919034E-07));
#1363=FACE_BOUND('',#1364,.T.);
#1364=EDGE_LOOP('',(#1365,#1366,#1367));
#1365=ORIENTED_EDGE('',*,*,#1368,.T.);
#1366=ORIENTED_EDGE('',*,*,#1369,.T.);
#1367=ORIENTED_EDGE('',*,*,#1370,.T.);
#1368=EDGE_CURVE('',#129,#93,#1371,.F.);
#1369=EDGE_CURVE('',#93,#131,#1372,.T.);
#1370=EDGE_CURVE('',#131,#129,#1373,.T.);
#1371=LINE('',#128,#1374);
#1372=LINE('',#92,#1375);
#1373=LINE('',#130,#1376);
#1374=VECTOR('',#1377,1.0);
#1375=VECTOR('',#1378,1.0);
#1376=VECTOR('',#1379,1.0);
#1377=DIRECTION('',(0.9999999999999556,0,-2.9830230193919034E-07));
#1378=DIRECTION('',(-0.7877447602418991,0,-0.6160017797956701));
#1379=DIRECTION('',(0,0,1));
#1380=FACE_SURFACE('',(#1385),#1381,.T.);
#1381=PLANE('',#1382);
#1382=AXIS2_PLACEMENT_3D('',#130,#1383,#1384);
#1383=DIRECTION('',(-0,1,0));
#1384=DIRECTION('',(0.7877447602418991,0,0.6160017797956701));
#1385=FACE_BOUND('',#1386,.T.);
#1386=EDGE_LOOP('',(#1387,#1388,#1389));
#1387=ORIENTED_EDGE('',*,*,#1390,.T.);
#1388=ORIENTED_EDGE('',*,*,#1391,.T.);
#1389=ORIENTED_EDGE('',*,*,#1392,.T.);
#1390=EDGE_CURVE('',#131,#93,#1393,.F.);
#1391=EDGE_CURVE('',#93,#91,#1394,.T.);
#1392=EDGE_CURVE('',#91,#131,#1395,.T.);
#1393=LINE('',#130,#1396);
#1394=LINE('',#92,#1397);
#1395=LINE('',#90,#1398);
#1396=VECTOR('',#1399,1.0);
#1397=VECTOR('',#1400,1.0);
#1398=VECTOR('',#1401,1.0);
#1399=DIRECTION('',(0.7877447602418991,0,0.6160017797956701));
#1400=DIRECTION('',(-6.935812308247506E-07,0,-0.9999999999997595));
#1401=DIRECTION('',(-0.7292171554957312,0,0.684282354098595));
#1402=FACE_SURFACE('',(#1407),#1403,.T.);
#1403=PLANE('',#1404);
#1404=AXIS2_PLACEMENT_3D('',#130,#1405,#1406);
#1405=DIRECTION('',(0,1,0));
#1406=DIRECTION('',(0.7292171554957312,0,-0.684282354098595));
#1407=FACE_BOUND('',#1408,.T.);
#1408=EDGE_LOOP('',(#1409,#1410,#1411));
#1409=ORIENTED_EDGE('',*,*,#1412,.T.);
#1410=ORIENTED_EDGE('',*,*,#1413,.T.);
#1411=ORIENTED_EDGE('',*,*,#1414,.T.);
#1412=EDGE_CURVE('',#131,#91,#1415,.F.);
#1413=EDGE_CURVE('',#91,#133,#1416,.T.);
#1414=EDGE_CURVE('',#133,#131,#1417,.T.);
#1415=LINE('',#130,#1418);
#1416=LINE('',#90,#1419);
#1417=LINE('',#132,#1420);
#1418=VECTOR('',#1421,1.0);
#1419=VECTOR('',#1422,1.0);
#1420=VECTOR('',#1423,1.0);
#1421=DIRECTION('',(0.7292171554957312,0,-0.684282354098595));
#1422=DIRECTION('',(-0.9999999999999556,0,2.9830230193919034E-07));
#1423=DIRECTION('',(1.2715656541523467E-06,0,0.9999999999991916));
#1424=FACE_SURFACE('',(#1429),#1425,.T.);
#1425=PLANE('',#1426);
#1426=AXIS2_PLACEMENT_3D('',#84,#1427,#1428);
#1427=DIRECTION('',(0.9999999999997594,0,-6.935812909566212E-07));
#1428=DIRECTION('',(6.935812909566212E-07,0,0.9999999999997595));
#1429=FACE_BOUND('',#1430,.T.);
#1430=EDGE_LOOP('',(#1431,#1432,#1433));
#1431=ORIENTED_EDGE('',*,*,#1434,.T.);
#1432=ORIENTED_EDGE('',*,*,#1435,.T.);
#1433=ORIENTED_EDGE('',*,*,#1436,.T.);
#1434=EDGE_CURVE('',#85,#83,#1437,.F.);
#1435=EDGE_CURVE('',#83,#135,#1438,.T.);
#1436=EDGE_CURVE('',#135,#85,#1439,.T.);
#1437=LINE('',#84,#1440);
#1438=LINE('',#82,#1441);
#1439=LINE('',#134,#1442);
#1440=VECTOR('',#1443,1.0);
#1441=VECTOR('',#1444,1.0);
#1442=VECTOR('',#1445,1.0);
#1443=DIRECTION('',(6.935812909566212E-07,0,0.9999999999997595));
#1444=DIRECTION('',(-6.555664704618967E-07,-0.3265193030758978,-0.9451905335531035));
#1445=DIRECTION('',(0,1,0));
#1446=FACE_SURFACE('',(#1451),#1447,.T.);
#1447=PLANE('',#1448);
#1448=AXIS2_PLACEMENT_3D('',#134,#1449,#1450);
#1449=DIRECTION('',(0.9999999999997594,0,-6.935812909566212E-07));
#1450=DIRECTION('',(6.555664704618967E-07,0.3265193030758978,0.9451905335531035));
#1451=FACE_BOUND('',#1452,.T.);
#1452=EDGE_LOOP('',(#1453,#1454,#1455));
#1453=ORIENTED_EDGE('',*,*,#1456,.T.);
#1454=ORIENTED_EDGE('',*,*,#1457,.T.);
#1455=ORIENTED_EDGE('',*,*,#1458,.T.);
#1456=EDGE_CURVE('',#135,#83,#1459,.F.);
#1457=EDGE_CURVE('',#83,#137,#1460,.T.);
#1458=EDGE_CURVE('',#137,#135,#1461,.T.);
#1459=LINE('',#134,#1462);
#1460=LINE('',#82,#1463);
#1461=LINE('',#136,#1464);
#1462=VECTOR('',#1465,1.0);
#1463=VECTOR('',#1466,1.0);
#1464=VECTOR('',#1467,1.0);
#1465=DIRECTION('',(6.555664704618967E-07,0.3265193030758978,0.9451905335531035));
#1466=DIRECTION('',(0,-1,0));
#1467=DIRECTION('',(-6.935812909566212E-07,0,-0.9999999999997595));
#1468=FACE_SURFACE('',(#1473),#1469,.T.);
#1469=PLANE('',#1470);
#1470=AXIS2_PLACEMENT_3D('',#138,#1471,#1472);
#1471=DIRECTION('',(-0.999999999999343,9.125953303300133E-07,6.935812308244616E-07));
#1472=DIRECTION('',(6.935812308247506E-07,0,0.9999999999997595));
#1473=FACE_BOUND('',#1474,.T.);
#1474=EDGE_LOOP('',(#1475,#1476,#1477));
#1475=ORIENTED_EDGE('',*,*,#1478,.T.);
#1476=ORIENTED_EDGE('',*,*,#1479,.T.);
#1477=ORIENTED_EDGE('',*,*,#1480,.T.);
#1478=EDGE_CURVE('',#139,#141,#1481,.F.);
#1479=EDGE_CURVE('',#141,#131,#1482,.T.);
#1480=EDGE_CURVE('',#131,#139,#1483,.T.);
#1481=LINE('',#138,#1484);
#1482=LINE('',#140,#1485);
#1483=LINE('',#130,#1486);
#1484=VECTOR('',#1487,1.0);
#1485=VECTOR('',#1488,1.0);
#1486=VECTOR('',#1489,1.0);
#1487=DIRECTION('',(6.935812308247506E-07,0,0.9999999999997595));
#1488=DIRECTION('',(0,0.6050881227289445,-0.7961585041512537));
#1489=DIRECTION('',(-1.0742389932115945E-06,-0.5350569577388309,-0.8448159870493177));
#1490=FACE_SURFACE('',(#1495),#1491,.T.);
#1491=PLANE('',#1492);
#1492=AXIS2_PLACEMENT_3D('',#130,#1493,#1494);
#1493=DIRECTION('',(-1,0,0));
#1494=DIRECTION('',(0,-0.6050881227289445,0.7961585041512537));
#1495=FACE_BOUND('',#1496,.T.);
#1496=EDGE_LOOP('',(#1497,#1498,#1499));
#1497=ORIENTED_EDGE('',*,*,#1500,.T.);
#1498=ORIENTED_EDGE('',*,*,#1501,.T.);
#1499=ORIENTED_EDGE('',*,*,#1502,.T.);
#1500=EDGE_CURVE('',#131,#141,#1503,.F.);
#1501=EDGE_CURVE('',#141,#129,#1504,.T.);
#1502=EDGE_CURVE('',#129,#131,#1505,.T.);
#1503=LINE('',#130,#1506);
#1504=LINE('',#140,#1507);
#1505=LINE('',#128,#1508);
#1506=VECTOR('',#1509,1.0);
#1507=VECTOR('',#1510,1.0);
#1508=VECTOR('',#1511,1.0);
#1509=DIRECTION('',(0,-0.6050881227289445,0.7961585041512537));
#1510=DIRECTION('',(0,1,0));
#1511=DIRECTION('',(0,0,-1));
#1512=FACE_SURFACE('',(#1517),#1513,.T.);
#1513=PLANE('',#1514);
#1514=AXIS2_PLACEMENT_3D('',#138,#1515,#1516);
#1515=DIRECTION('',(-0.9999999999991916,0,1.2715656541523467E-06));
#1516=DIRECTION('',(1.0742389932115945E-06,0.5350569577388309,0.8448159870493177));
#1517=FACE_BOUND('',#1518,.T.);
#1518=EDGE_LOOP('',(#1519,#1520,#1521));
#1519=ORIENTED_EDGE('',*,*,#1522,.T.);
#1520=ORIENTED_EDGE('',*,*,#1523,.T.);
#1521=ORIENTED_EDGE('',*,*,#1524,.T.);
#1522=EDGE_CURVE('',#139,#131,#1525,.F.);
#1523=EDGE_CURVE('',#131,#133,#1526,.T.);
#1524=EDGE_CURVE('',#133,#139,#1527,.T.);
#1525=LINE('',#138,#1528);
#1526=LINE('',#130,#1529);
#1527=LINE('',#132,#1530);
#1528=VECTOR('',#1531,1.0);
#1529=VECTOR('',#1532,1.0);
#1530=VECTOR('',#1533,1.0);
#1531=DIRECTION('',(1.0742389932115945E-06,0.5350569577388309,0.8448159870493177));
#1532=DIRECTION('',(-1.2715656541523467E-06,0,-0.9999999999991916));
#1533=DIRECTION('',(0,-1,0));
#1534=FACE_SURFACE('',(#1539),#1535,.T.);
#1535=PLANE('',#1536);
#1536=AXIS2_PLACEMENT_3D('',#134,#1537,#1538);
#1537=DIRECTION('',(-2.3841857910155453E-07,1.0038747557554252E-07,-0.9999999999999666));
#1538=DIRECTION('',(-0.9999999999999716,0,2.3841857910155572E-07));
#1539=FACE_BOUND('',#1540,.T.);
#1540=EDGE_LOOP('',(#1541,#1542,#1543));
#1541=ORIENTED_EDGE('',*,*,#1544,.T.);
#1542=ORIENTED_EDGE('',*,*,#1545,.T.);
#1543=ORIENTED_EDGE('',*,*,#1546,.T.);
#1544=EDGE_CURVE('',#135,#103,#1547,.F.);
#1545=EDGE_CURVE('',#103,#89,#1548,.T.);
#1546=EDGE_CURVE('',#89,#135,#1549,.T.);
#1547=LINE('',#134,#1550);
#1548=LINE('',#102,#1551);
#1549=LINE('',#88,#1552);
#1550=VECTOR('',#1553,1.0);
#1551=VECTOR('',#1554,1.0);
#1552=VECTOR('',#1555,1.0);
#1553=DIRECTION('',(-0.9999999999999716,0,2.3841857910155572E-07));
#1554=DIRECTION('',(0.3880593163272727,0.9216343998634219,0));
#1555=DIRECTION('',(0.8598552500636523,-0.5105379015684421,-2.5625707807728713E-07));
#1556=FACE_SURFACE('',(#1561),#1557,.T.);
#1557=PLANE('',#1558);
#1558=AXIS2_PLACEMENT_3D('',#88,#1559,#1560);
#1559=DIRECTION('',(-0,0,-1));
#1560=DIRECTION('',(-0.3880593163272727,-0.9216343998634219,0));
#1561=FACE_BOUND('',#1562,.T.);
#1562=EDGE_LOOP('',(#1563,#1564,#1565));
#1563=ORIENTED_EDGE('',*,*,#1566,.T.);
#1564=ORIENTED_EDGE('',*,*,#1567,.T.);
#1565=ORIENTED_EDGE('',*,*,#1568,.T.);
#1566=EDGE_CURVE('',#89,#103,#1569,.F.);
#1567=EDGE_CURVE('',#103,#63,#1570,.T.);
#1568=EDGE_CURVE('',#63,#89,#1571,.T.);
#1569=LINE('',#88,#1572);
#1570=LINE('',#102,#1573);
#1571=LINE('',#62,#1574);
#1572=VECTOR('',#1575,1.0);
#1573=VECTOR('',#1576,1.0);
#1574=VECTOR('',#1577,1.0);
#1575=DIRECTION('',(-0.3880593163272727,-0.9216343998634219,0));
#1576=DIRECTION('',(3.4758069498584076E-07,0.9999999999999396,0));
#1577=DIRECTION('',(0.019043875880724377,-0.9998186489516183,0));
#1578=FACE_SURFACE('',(#1583),#1579,.T.);
#1579=PLANE('',#1580);
#1580=AXIS2_PLACEMENT_3D('',#88,#1581,#1582);
#1581=DIRECTION('',(0,0,-1));
#1582=DIRECTION('',(-0.019043875880724377,0.9998186489516183,0));
#1583=FACE_BOUND('',#1584,.T.);
#1584=EDGE_LOOP('',(#1585,#1586,#1587));
#1585=ORIENTED_EDGE('',*,*,#1588,.T.);
#1586=ORIENTED_EDGE('',*,*,#1589,.T.);
#1587=ORIENTED_EDGE('',*,*,#1590,.T.);
#1588=EDGE_CURVE('',#89,#63,#1591,.F.);
#1589=EDGE_CURVE('',#63,#55,#1592,.T.);
#1590=EDGE_CURVE('',#55,#89,#1593,.T.);
#1591=LINE('',#88,#1594);
#1592=LINE('',#62,#1595);
#1593=LINE('',#54,#1596);
#1594=VECTOR('',#1597,1.0);
#1595=VECTOR('',#1598,1.0);
#1596=VECTOR('',#1599,1.0);
#1597=DIRECTION('',(-0.019043875880724377,0.9998186489516183,0));
#1598=DIRECTION('',(1,0,0));
#1599=DIRECTION('',(-3.633045344856145E-07,-0.999999999999934,0));
#1600=FACE_SURFACE('',(#1605),#1601,.T.);
#1601=PLANE('',#1602);
#1602=AXIS2_PLACEMENT_3D('',#88,#1603,#1604);
#1603=DIRECTION('',(-2.9802350809430524E-07,0,-0.9999999999999556));
#1604=DIRECTION('',(0.9999999999999556,0,-2.9802350809430524E-07));
#1605=FACE_BOUND('',#1606,.T.);
#1606=EDGE_LOOP('',(#1607,#1608,#1609));
#1607=ORIENTED_EDGE('',*,*,#1610,.T.);
#1608=ORIENTED_EDGE('',*,*,#1611,.T.);
#1609=ORIENTED_EDGE('',*,*,#1612,.T.);
#1610=EDGE_CURVE('',#89,#85,#1613,.F.);
#1611=EDGE_CURVE('',#85,#135,#1614,.T.);
#1612=EDGE_CURVE('',#135,#89,#1615,.T.);
#1613=LINE('',#88,#1616);
#1614=LINE('',#84,#1617);
#1615=LINE('',#134,#1618);
#1616=VECTOR('',#1619,1.0);
#1617=VECTOR('',#1620,1.0);
#1618=VECTOR('',#1621,1.0);
#1619=DIRECTION('',(0.9999999999999556,0,-2.9802350809430524E-07));
#1620=DIRECTION('',(0,-1,0));
#1621=DIRECTION('',(-0.8598552500636523,0.5105379015684421,2.5625707807728713E-07));
#1622=FACE_SURFACE('',(#1627),#1623,.T.);
#1623=PLANE('',#1624);
#1624=AXIS2_PLACEMENT_3D('',#132,#1625,#1626);
#1625=DIRECTION('',(-2.9830230193919034E-07,-0,-0.9999999999999556));
#1626=DIRECTION('',(0.9999999999999556,0,-2.9830230193919034E-07));
#1627=FACE_BOUND('',#1628,.T.);
#1628=EDGE_LOOP('',(#1629,#1630,#1631));
#1629=ORIENTED_EDGE('',*,*,#1632,.T.);
#1630=ORIENTED_EDGE('',*,*,#1633,.T.);
#1631=ORIENTED_EDGE('',*,*,#1634,.T.);
#1632=EDGE_CURVE('',#133,#91,#1635,.F.);
#1633=EDGE_CURVE('',#91,#139,#1636,.T.);
#1634=EDGE_CURVE('',#139,#133,#1637,.T.);
#1635=LINE('',#132,#1638);
#1636=LINE('',#90,#1639);
#1637=LINE('',#138,#1640);
#1638=VECTOR('',#1641,1.0);
#1639=VECTOR('',#1642,1.0);
#1640=VECTOR('',#1643,1.0);
#1641=DIRECTION('',(0.9999999999999556,0,-2.9830230193919034E-07));
#1642=DIRECTION('',(-0.8596419655784316,-0.5108969475504671,2.5643317717558777E-07));
#1643=DIRECTION('',(0,1,0));
#1644=FACE_SURFACE('',(#1649),#1645,.T.);
#1645=PLANE('',#1646);
#1646=AXIS2_PLACEMENT_3D('',#138,#1647,#1648);
#1647=DIRECTION('',(-2.385969734451033E-07,-1.0046097591353453E-07,-0.9999999999999666));
#1648=DIRECTION('',(0.8596419655784316,0.5108969475504671,-2.5643317717558777E-07));
#1649=FACE_BOUND('',#1650,.T.);
#1650=EDGE_LOOP('',(#1651,#1652,#1653));
#1651=ORIENTED_EDGE('',*,*,#1654,.T.);
#1652=ORIENTED_EDGE('',*,*,#1655,.T.);
#1653=ORIENTED_EDGE('',*,*,#1656,.T.);
#1654=EDGE_CURVE('',#139,#91,#1657,.F.);
#1655=EDGE_CURVE('',#91,#143,#1658,.T.);
#1656=EDGE_CURVE('',#143,#139,#1659,.T.);
#1657=LINE('',#138,#1660);
#1658=LINE('',#90,#1661);
#1659=LINE('',#142,#1662);
#1660=VECTOR('',#1663,1.0);
#1661=VECTOR('',#1664,1.0);
#1662=VECTOR('',#1665,1.0);
#1663=DIRECTION('',(0.8596419655784316,0.5108969475504671,-2.5643317717558777E-07));
#1664=DIRECTION('',(0.38805402203483813,-0.9216366290369461,0));
#1665=DIRECTION('',(-0.9999999999999716,0,2.3859697344510444E-07));
#1666=FACE_SURFACE('',(#1671),#1667,.T.);
#1667=PLANE('',#1668);
#1668=AXIS2_PLACEMENT_3D('',#142,#1669,#1670);
#1669=DIRECTION('',(0,0,-1));
#1670=DIRECTION('',(-0.38805402203483813,0.9216366290369461,0));
#1671=FACE_BOUND('',#1672,.T.);
#1672=EDGE_LOOP('',(#1673,#1674,#1675));
#1673=ORIENTED_EDGE('',*,*,#1676,.T.);
#1674=ORIENTED_EDGE('',*,*,#1677,.T.);
#1675=ORIENTED_EDGE('',*,*,#1678,.T.);
#1676=EDGE_CURVE('',#143,#91,#1679,.F.);
#1677=EDGE_CURVE('',#91,#61,#1680,.T.);
#1678=EDGE_CURVE('',#61,#143,#1681,.T.);
#1679=LINE('',#142,#1682);
#1680=LINE('',#90,#1683);
#1681=LINE('',#60,#1684);
#1682=VECTOR('',#1685,1.0);
#1683=VECTOR('',#1686,1.0);
#1684=VECTOR('',#1687,1.0);
#1685=DIRECTION('',(-0.38805402203483813,0.9216366290369461,0));
#1686=DIRECTION('',(0.019044602094536015,0.9998186351189204,0));
#1687=DIRECTION('',(-3.4758045336132964E-07,-0.9999999999999396,0));
#1688=FACE_SURFACE('',(#1693),#1689,.T.);
#1689=PLANE('',#1690);
#1690=AXIS2_PLACEMENT_3D('',#60,#1691,#1692);
#1691=DIRECTION('',(-0,0,-1));
#1692=DIRECTION('',(-0.019044602094536015,-0.9998186351189204,0));
#1693=FACE_BOUND('',#1694,.T.);
#1694=EDGE_LOOP('',(#1695,#1696,#1697));
#1695=ORIENTED_EDGE('',*,*,#1698,.T.);
#1696=ORIENTED_EDGE('',*,*,#1699,.T.);
#1697=ORIENTED_EDGE('',*,*,#1700,.T.);
#1698=EDGE_CURVE('',#61,#91,#1701,.F.);
#1699=EDGE_CURVE('',#91,#57,#1702,.T.);
#1700=EDGE_CURVE('',#57,#61,#1703,.T.);
#1701=LINE('',#60,#1704);
#1702=LINE('',#90,#1705);
#1703=LINE('',#56,#1706);
#1704=VECTOR('',#1707,1.0);
#1705=VECTOR('',#1708,1.0);
#1706=VECTOR('',#1709,1.0);
#1707=DIRECTION('',(-0.019044602094536015,-0.9998186351189204,0));
#1708=DIRECTION('',(3.633045344856145E-07,0.999999999999934,0));
#1709=DIRECTION('',(1,0,0));
#1710=FACE_SURFACE('',(#1715),#1711,.T.);
#1711=PLANE('',#1712);
#1712=AXIS2_PLACEMENT_3D('',#112,#1713,#1714);
#1713=DIRECTION('',(-1,0,0));
#1714=DIRECTION('',(0,0,1));
#1715=FACE_BOUND('',#1716,.T.);
#1716=EDGE_LOOP('',(#1717,#1718,#1719));
#1717=ORIENTED_EDGE('',*,*,#1720,.T.);
#1718=ORIENTED_EDGE('',*,*,#1721,.T.);
#1719=ORIENTED_EDGE('',*,*,#1722,.T.);
#1720=EDGE_CURVE('',#113,#143,#1723,.F.);
#1721=EDGE_CURVE('',#143,#119,#1724,.T.);
#1722=EDGE_CURVE('',#119,#113,#1725,.T.);
#1723=LINE('',#112,#1726);
#1724=LINE('',#142,#1727);
#1725=LINE('',#118,#1728);
#1726=VECTOR('',#1729,1.0);
#1727=VECTOR('',#1730,1.0);
#1728=VECTOR('',#1731,1.0);
#1729=DIRECTION('',(0,0,1));
#1730=DIRECTION('',(0,0.8480007270922167,-0.5299950630440547));
#1731=DIRECTION('',(0,-1,0));
#1732=FACE_SURFACE('',(#1737),#1733,.T.);
#1733=PLANE('',#1734);
#1734=AXIS2_PLACEMENT_3D('',#118,#1735,#1736);
#1735=DIRECTION('',(-0.9999999999997848,3.4758045336127585E-07,5.561343826119827E-07));
#1736=DIRECTION('',(0,-0.8480007270922167,0.5299950630440547));
#1737=FACE_BOUND('',#1738,.T.);
#1738=EDGE_LOOP('',(#1739,#1740,#1741));
#1739=ORIENTED_EDGE('',*,*,#1742,.T.);
#1740=ORIENTED_EDGE('',*,*,#1743,.T.);
#1741=ORIENTED_EDGE('',*,*,#1744,.T.);
#1742=EDGE_CURVE('',#119,#143,#1745,.F.);
#1743=EDGE_CURVE('',#143,#61,#1746,.T.);
#1744=EDGE_CURVE('',#61,#119,#1747,.T.);
#1745=LINE('',#118,#1748);
#1746=LINE('',#142,#1749);
#1747=LINE('',#60,#1750);
#1748=VECTOR('',#1751,1.0);
#1749=VECTOR('',#1752,1.0);
#1750=VECTOR('',#1753,1.0);
#1751=DIRECTION('',(0,-0.8480007270922167,0.5299950630440547));
#1752=DIRECTION('',(3.4758045336132964E-07,0.9999999999999396,0));
#1753=DIRECTION('',(-3.6744175768347203E-07,-0.9993474239486375,-0.036120994547316036));
#1754=FACE_SURFACE('',(#1759),#1755,.T.);
#1755=PLANE('',#1756);
#1756=AXIS2_PLACEMENT_3D('',#118,#1757,#1758);
#1757=DIRECTION('',(-0.9999999999998099,3.8507988722928183E-07,-4.813498590366023E-07));
#1758=DIRECTION('',(3.6744175768347203E-07,0.9993474239486375,0.036120994547316036));
#1759=FACE_BOUND('',#1760,.T.);
#1760=EDGE_LOOP('',(#1761,#1762,#1763));
#1761=ORIENTED_EDGE('',*,*,#1764,.T.);
#1762=ORIENTED_EDGE('',*,*,#1765,.T.);
#1763=ORIENTED_EDGE('',*,*,#1766,.T.);
#1764=EDGE_CURVE('',#119,#61,#1767,.F.);
#1765=EDGE_CURVE('',#61,#69,#1768,.T.);
#1766=EDGE_CURVE('',#69,#119,#1769,.T.);
#1767=LINE('',#118,#1770);
#1768=LINE('',#60,#1771);
#1769=LINE('',#68,#1772);
#1770=VECTOR('',#1773,1.0);
#1771=VECTOR('',#1774,1.0);
#1772=VECTOR('',#1775,1.0);
#1773=DIRECTION('',(3.6744175768347203E-07,0.9993474239486375,0.036120994547316036));
#1774=DIRECTION('',(0,-0.7808688094430304,-0.6246950475544243));
#1775=DIRECTION('',(-3.912188897328333E-07,-0.9999178273389852,0.012819460578765481));
#1776=FACE_SURFACE('',(#1781),#1777,.T.);
#1777=PLANE('',#1778);
#1778=AXIS2_PLACEMENT_3D('',#68,#1779,#1780);
#1779=DIRECTION('',(-1,0,0));
#1780=DIRECTION('',(0,0.7808688094430304,0.6246950475544243));
#1781=FACE_BOUND('',#1782,.T.);
#1782=EDGE_LOOP('',(#1783,#1784,#1785));
#1783=ORIENTED_EDGE('',*,*,#1786,.T.);
#1784=ORIENTED_EDGE('',*,*,#1787,.T.);
#1785=ORIENTED_EDGE('',*,*,#1788,.T.);
#1786=EDGE_CURVE('',#69,#61,#1789,.F.);
#1787=EDGE_CURVE('',#61,#59,#1790,.T.);
#1788=EDGE_CURVE('',#59,#69,#1791,.T.);
#1789=LINE('',#68,#1792);
#1790=LINE('',#60,#1793);
#1791=LINE('',#58,#1794);
#1792=VECTOR('',#1795,1.0);
#1793=VECTOR('',#1796,1.0);
#1794=VECTOR('',#1797,1.0);
#1795=DIRECTION('',(0,0.7808688094430304,0.6246950475544243));
#1796=DIRECTION('',(0,0,-1));
#1797=DIRECTION('',(0,-1,0));
#1798=FACE_SURFACE('',(#1803),#1799,.T.);
#1799=PLANE('',#1800);
#1800=AXIS2_PLACEMENT_3D('',#70,#1801,#1802);
#1801=DIRECTION('',(-0.9999999999999235,3.912510398718745E-07,0));
#1802=DIRECTION('',(-3.912510398718745E-07,-0.9999999999999235,0));
#1803=FACE_BOUND('',#1804,.T.);
#1804=EDGE_LOOP('',(#1805,#1806,#1807));
#1805=ORIENTED_EDGE('',*,*,#1808,.T.);
#1806=ORIENTED_EDGE('',*,*,#1809,.T.);
#1807=ORIENTED_EDGE('',*,*,#1810,.T.);
#1808=EDGE_CURVE('',#71,#77,#1811,.F.);
#1809=EDGE_CURVE('',#77,#69,#1812,.T.);
#1810=EDGE_CURVE('',#69,#71,#1813,.T.);
#1811=LINE('',#70,#1814);
#1812=LINE('',#76,#1815);
#1813=LINE('',#68,#1816);
#1814=VECTOR('',#1817,1.0);
#1815=VECTOR('',#1818,1.0);
#1816=VECTOR('',#1819,1.0);
#1817=DIRECTION('',(-3.912510398718745E-07,-0.9999999999999235,0));
#1818=DIRECTION('',(3.907375867421811E-07,0.998687663220291,0.05121475696947116));
#1819=DIRECTION('',(0,0,-1));
#1820=FACE_SURFACE('',(#1825),#1821,.T.);
#1821=PLANE('',#1822);
#1822=AXIS2_PLACEMENT_3D('',#68,#1823,#1824);
#1823=DIRECTION('',(-0.9999999999999235,3.912510398718745E-07,0));
#1824=DIRECTION('',(-3.907375867421811E-07,-0.998687663220291,-0.05121475696947116));
#1825=FACE_BOUND('',#1826,.T.);
#1826=EDGE_LOOP('',(#1827,#1828,#1829));
#1827=ORIENTED_EDGE('',*,*,#1830,.T.);
#1828=ORIENTED_EDGE('',*,*,#1831,.T.);
#1829=ORIENTED_EDGE('',*,*,#1832,.T.);
#1830=EDGE_CURVE('',#69,#77,#1833,.F.);
#1831=EDGE_CURVE('',#77,#119,#1834,.T.);
#1832=EDGE_CURVE('',#119,#69,#1835,.T.);
#1833=LINE('',#68,#1836);
#1834=LINE('',#76,#1837);
#1835=LINE('',#118,#1838);
#1836=VECTOR('',#1839,1.0);
#1837=VECTOR('',#1840,1.0);
#1838=VECTOR('',#1841,1.0);
#1839=DIRECTION('',(-3.907375867421811E-07,-0.998687663220291,-0.05121475696947116));
#1840=DIRECTION('',(0,0,1));
#1841=DIRECTION('',(3.912188897328333E-07,0.9999178273389852,-0.012819460578765481));
#1842=FACE_SURFACE('',(#1847),#1843,.T.);
#1843=PLANE('',#1844);
#1844=AXIS2_PLACEMENT_3D('',#142,#1845,#1846);
#1845=DIRECTION('',(0,1,0));
#1846=DIRECTION('',(0,0,-1));
#1847=FACE_BOUND('',#1848,.T.);
#1848=EDGE_LOOP('',(#1849,#1850,#1851));
#1849=ORIENTED_EDGE('',*,*,#1852,.T.);
#1850=ORIENTED_EDGE('',*,*,#1853,.T.);
#1851=ORIENTED_EDGE('',*,*,#1854,.T.);
#1852=EDGE_CURVE('',#143,#113,#1855,.F.);
#1853=EDGE_CURVE('',#113,#139,#1856,.T.);
#1854=EDGE_CURVE('',#139,#143,#1857,.T.);
#1855=LINE('',#142,#1858);
#1856=LINE('',#112,#1859);
#1857=LINE('',#138,#1860);
#1858=VECTOR('',#1861,1.0);
#1859=VECTOR('',#1862,1.0);
#1860=VECTOR('',#1863,1.0);
#1861=DIRECTION('',(0,0,-1));
#1862=DIRECTION('',(-0.9362427085057091,0,0.3513539394540692));
#1863=DIRECTION('',(0.9999999999999716,0,-2.3859697344510444E-07));
#1864=FACE_SURFACE('',(#1869),#1865,.T.);
#1865=PLANE('',#1866);
#1866=AXIS2_PLACEMENT_3D('',#138,#1867,#1868);
#1867=DIRECTION('',(2.962013653576581E-06,0.9999999999644652,7.892792350540733E-06));
#1868=DIRECTION('',(0.9362427085057091,0,-0.3513539394540692));
#1869=FACE_BOUND('',#1870,.T.);
#1870=EDGE_LOOP('',(#1871,#1872,#1873));
#1871=ORIENTED_EDGE('',*,*,#1874,.T.);
#1872=ORIENTED_EDGE('',*,*,#1875,.T.);
#1873=ORIENTED_EDGE('',*,*,#1876,.T.);
#1874=EDGE_CURVE('',#139,#113,#1877,.F.);
#1875=EDGE_CURVE('',#113,#135,#1878,.T.);
#1876=EDGE_CURVE('',#135,#139,#1879,.T.);
#1877=LINE('',#138,#1880);
#1878=LINE('',#112,#1881);
#1879=LINE('',#134,#1882);
#1880=VECTOR('',#1883,1.0);
#1881=VECTOR('',#1884,1.0);
#1882=VECTOR('',#1885,1.0);
#1883=DIRECTION('',(0.9362427085057091,0,-0.3513539394540692));
#1884=DIRECTION('',(-0.9945434636898776,2.1224511450809142E-06,0.10432305031600853));
#1885=DIRECTION('',(0.9999999999955447,-2.9620107313516833E-06,-3.702513414189604E-07));
#1886=FACE_SURFACE('',(#1891),#1887,.T.);
#1887=PLANE('',#1888);
#1888=AXIS2_PLACEMENT_3D('',#138,#1889,#1890);
#1889=DIRECTION('',(2.9620107313511255E-06,0.9999999999956132,-2.0543952268783736E-12));
#1890=DIRECTION('',(-0.9999999999955447,2.9620107313516833E-06,3.702513414189604E-07));
#1891=FACE_BOUND('',#1892,.T.);
#1892=EDGE_LOOP('',(#1893,#1894,#1895));
#1893=ORIENTED_EDGE('',*,*,#1896,.T.);
#1894=ORIENTED_EDGE('',*,*,#1897,.T.);
#1895=ORIENTED_EDGE('',*,*,#1898,.T.);
#1896=EDGE_CURVE('',#139,#135,#1899,.F.);
#1897=EDGE_CURVE('',#135,#137,#1900,.T.);
#1898=EDGE_CURVE('',#137,#139,#1901,.T.);
#1899=LINE('',#138,#1902);
#1900=LINE('',#134,#1903);
#1901=LINE('',#136,#1904);
#1902=VECTOR('',#1905,1.0);
#1903=VECTOR('',#1906,1.0);
#1904=VECTOR('',#1907,1.0);
#1905=DIRECTION('',(-0.9999999999955447,2.9620107313516833E-06,3.702513414189604E-07));
#1906=DIRECTION('',(6.935812909566212E-07,0,0.9999999999997595));
#1907=DIRECTION('',(0.8821724077136035,-2.613005106030333E-06,-0.47092657926895143));
#1908=FACE_SURFACE('',(#1913),#1909,.T.);
#1909=PLANE('',#1910);
#1910=AXIS2_PLACEMENT_3D('',#112,#1911,#1912);
#1911=DIRECTION('',(1.6676255513390056E-06,0.9999999999887216,-4.447004297566537E-06));
#1912=DIRECTION('',(-0.9999999999985607,1.6676269418449468E-06,3.1268005159592753E-07));
#1913=FACE_BOUND('',#1914,.T.);
#1914=EDGE_LOOP('',(#1915,#1916,#1917));
#1915=ORIENTED_EDGE('',*,*,#1918,.T.);
#1916=ORIENTED_EDGE('',*,*,#1919,.T.);
#1917=ORIENTED_EDGE('',*,*,#1920,.T.);
#1918=EDGE_CURVE('',#113,#105,#1921,.F.);
#1919=EDGE_CURVE('',#105,#135,#1922,.T.);
#1920=EDGE_CURVE('',#135,#113,#1923,.T.);
#1921=LINE('',#112,#1924);
#1922=LINE('',#104,#1925);
#1923=LINE('',#134,#1926);
#1924=VECTOR('',#1927,1.0);
#1925=VECTOR('',#1928,1.0);
#1926=VECTOR('',#1929,1.0);
#1927=DIRECTION('',(-0.9999999999985607,1.6676269418449468E-06,3.1268005159592753E-07));
#1928=DIRECTION('',(0.9363292509624344,0,0.3511232458726233));
#1929=DIRECTION('',(0.9945434636898776,-2.1224511450809142E-06,-0.10432305031600853));
#1930=FACE_SURFACE('',(#1935),#1931,.T.);
#1931=PLANE('',#1932);
#1932=AXIS2_PLACEMENT_3D('',#134,#1933,#1934);
#1933=DIRECTION('',(0,1,0));
#1934=DIRECTION('',(-0.9363292509624344,0,-0.3511232458726233));
#1935=FACE_BOUND('',#1936,.T.);
#1936=EDGE_LOOP('',(#1937,#1938,#1939));
#1937=ORIENTED_EDGE('',*,*,#1940,.T.);
#1938=ORIENTED_EDGE('',*,*,#1941,.T.);
#1939=ORIENTED_EDGE('',*,*,#1942,.T.);
#1940=EDGE_CURVE('',#135,#105,#1943,.F.);
#1941=EDGE_CURVE('',#105,#103,#1944,.T.);
#1942=EDGE_CURVE('',#103,#135,#1945,.T.);
#1943=LINE('',#134,#1946);
#1944=LINE('',#104,#1947);
#1945=LINE('',#102,#1948);
#1946=VECTOR('',#1949,1.0);
#1947=VECTOR('',#1950,1.0);
#1948=VECTOR('',#1951,1.0);
#1949=DIRECTION('',(-0.9363292509624344,0,-0.3511232458726233));
#1950=DIRECTION('',(0,0,1));
#1951=DIRECTION('',(0.9999999999999716,0,-2.3841857910155572E-07));
#1952=FACE_SURFACE('',(#1957),#1953,.T.);
#1953=PLANE('',#1954);
#1954=AXIS2_PLACEMENT_3D('',#136,#1955,#1956);
#1955=DIRECTION('',(2.9620107313512203E-06,0.9999999999956132,-2.054395048767193E-12));
#1956=DIRECTION('',(0.9999999999955608,-2.9620107313517307E-06,-3.2396992374159555E-07));
#1957=FACE_BOUND('',#1958,.T.);
#1958=EDGE_LOOP('',(#1959,#1960,#1961));
#1959=ORIENTED_EDGE('',*,*,#1962,.T.);
#1960=ORIENTED_EDGE('',*,*,#1963,.T.);
#1961=ORIENTED_EDGE('',*,*,#1964,.T.);
#1962=EDGE_CURVE('',#137,#141,#1965,.F.);
#1963=EDGE_CURVE('',#141,#139,#1966,.T.);
#1964=EDGE_CURVE('',#139,#137,#1967,.T.);
#1965=LINE('',#136,#1968);
#1966=LINE('',#140,#1969);
#1967=LINE('',#138,#1970);
#1968=VECTOR('',#1971,1.0);
#1969=VECTOR('',#1972,1.0);
#1970=VECTOR('',#1973,1.0);
#1971=DIRECTION('',(0.9999999999955608,-2.9620107313517307E-06,-3.2396992374159555E-07));
#1972=DIRECTION('',(-6.935812308247506E-07,0,-0.9999999999997595));
#1973=DIRECTION('',(-0.8821724077136035,2.613005106030333E-06,0.47092657926895143));
#1974=FACE_SURFACE('',(#1979),#1975,.T.);
#1975=PLANE('',#1976);
#1976=AXIS2_PLACEMENT_3D('',#70,#1977,#1978);
#1977=DIRECTION('',(-0.005958952733420091,0.003310317373642539,-0.9999767660706956));
#1978=DIRECTION('',(0,0.9999945206898665,0.0033103761484324116));
#1979=FACE_BOUND('',#1980,.T.);
#1980=EDGE_LOOP('',(#1981,#1982,#1983));
#1981=ORIENTED_EDGE('',*,*,#1984,.T.);
#1982=ORIENTED_EDGE('',*,*,#1985,.T.);
#1983=ORIENTED_EDGE('',*,*,#1986,.T.);
#1984=EDGE_CURVE('',#71,#145,#1987,.F.);
#1985=EDGE_CURVE('',#145,#73,#1988,.T.);
#1986=EDGE_CURVE('',#73,#71,#1989,.T.);
#1987=LINE('',#70,#1990);
#1988=LINE('',#144,#1991);
#1989=LINE('',#72,#1992);
#1990=VECTOR('',#1993,1.0);
#1991=VECTOR('',#1994,1.0);
#1992=VECTOR('',#1995,1.0);
#1993=DIRECTION('',(0,0.9999945206898665,0.0033103761484324116));
#1994=DIRECTION('',(0.7808661999172719,0.6246929599338176,-0.0025852728840187085));
#1995=DIRECTION('',(-0.4856429311786238,-0.8741572761215228,1.852580761637206E-07));
#1996=FACE_SURFACE('',(#2001),#1997,.T.);
#1997=PLANE('',#1998);
#1998=AXIS2_PLACEMENT_3D('',#70,#1999,#2000);
#1999=DIRECTION('',(-1,0,0));
#2000=DIRECTION('',(0,0.7808688094430304,0.6246950475544243));
#2001=FACE_BOUND('',#2002,.T.);
#2002=EDGE_LOOP('',(#2003,#2004,#2005));
#2003=ORIENTED_EDGE('',*,*,#2006,.T.);
#2004=ORIENTED_EDGE('',*,*,#2007,.T.);
#2005=ORIENTED_EDGE('',*,*,#2008,.T.);
#2006=EDGE_CURVE('',#71,#59,#2009,.F.);
#2007=EDGE_CURVE('',#59,#145,#2010,.T.);
#2008=EDGE_CURVE('',#145,#71,#2011,.T.);
#2009=LINE('',#70,#2012);
#2010=LINE('',#58,#2013);
#2011=LINE('',#144,#2014);
#2012=VECTOR('',#2015,1.0);
#2013=VECTOR('',#2016,1.0);
#2014=VECTOR('',#2017,1.0);
#2015=DIRECTION('',(0,0.7808688094430304,0.6246950475544243));
#2016=DIRECTION('',(0,0,-1));
#2017=DIRECTION('',(0,-0.9999945206898665,-0.0033103761484324116));
#2018=FACE_SURFACE('',(#2023),#2019,.T.);
#2019=PLANE('',#2020);
#2020=AXIS2_PLACEMENT_3D('',#80,#2021,#2022);
#2021=DIRECTION('',(-3.52303180080111E-07,-0.004137993885423253,-0.9999914384665902));
#2022=DIRECTION('',(0.9999999999999379,0,-3.5230619636135974E-07));
#2023=FACE_BOUND('',#2024,.T.);
#2024=EDGE_LOOP('',(#2025,#2026,#2027));
#2025=ORIENTED_EDGE('',*,*,#2028,.T.);
#2026=ORIENTED_EDGE('',*,*,#2029,.T.);
#2027=ORIENTED_EDGE('',*,*,#2030,.T.);
#2028=EDGE_CURVE('',#81,#73,#2031,.F.);
#2029=EDGE_CURVE('',#73,#145,#2032,.T.);
#2030=EDGE_CURVE('',#145,#81,#2033,.T.);
#2031=LINE('',#80,#2034);
#2032=LINE('',#72,#2035);
#2033=LINE('',#144,#2036);
#2034=VECTOR('',#2037,1.0);
#2035=VECTOR('',#2038,1.0);
#2036=VECTOR('',#2039,1.0);
#2037=DIRECTION('',(0.9999999999999379,0,-3.5230619636135974E-07));
#2038=DIRECTION('',(-0.7808661999172719,-0.6246929599338176,0.0025852728840187085));
#2039=DIRECTION('',(-0.8244756635653773,0.5658925676162707,-0.0023413895650894073));
#2040=FACE_SURFACE('',(#2045),#2041,.T.);
#2041=PLANE('',#2042);
#2042=AXIS2_PLACEMENT_3D('',#80,#2043,#2044);
#2043=DIRECTION('',(0.0028398414013143915,0,-0.9999959676422777));
#2044=DIRECTION('',(0.8244756635653773,-0.5658925676162707,0.0023413895650894073));
#2045=FACE_BOUND('',#2046,.T.);
#2046=EDGE_LOOP('',(#2047,#2048,#2049));
#2047=ORIENTED_EDGE('',*,*,#2050,.T.);
#2048=ORIENTED_EDGE('',*,*,#2051,.T.);
#2049=ORIENTED_EDGE('',*,*,#2052,.T.);
#2050=EDGE_CURVE('',#81,#145,#2053,.F.);
#2051=EDGE_CURVE('',#145,#127,#2054,.T.);
#2052=EDGE_CURVE('',#127,#81,#2055,.T.);
#2053=LINE('',#80,#2056);
#2054=LINE('',#144,#2057);
#2055=LINE('',#126,#2058);
#2056=VECTOR('',#2059,1.0);
#2057=VECTOR('',#2060,1.0);
#2058=VECTOR('',#2061,1.0);
#2059=DIRECTION('',(0.8244756635653773,-0.5658925676162707,0.0023413895650894073));
#2060=DIRECTION('',(-0.9999959676422777,0,-0.0028398414013143915));
#2061=DIRECTION('',(0,1,0));
#2062=FACE_SURFACE('',(#2067),#2063,.T.);
#2063=PLANE('',#2064);
#2064=AXIS2_PLACEMENT_3D('',#58,#2065,#2066);
#2065=DIRECTION('',(-0.0002513548156828026,-0.9999999013551613,0.0003662109013751811));
#2066=DIRECTION('',(-0.9999999684102899,0.000251354952392815,3.2728509426147786E-07));
#2067=FACE_BOUND('',#2068,.T.);
#2068=EDGE_LOOP('',(#2069,#2070,#2071));
#2069=ORIENTED_EDGE('',*,*,#2072,.T.);
#2070=ORIENTED_EDGE('',*,*,#2073,.T.);
#2071=ORIENTED_EDGE('',*,*,#2074,.T.);
#2072=EDGE_CURVE('',#59,#125,#2075,.F.);
#2073=EDGE_CURVE('',#125,#127,#2076,.T.);
#2074=EDGE_CURVE('',#127,#59,#2077,.T.);
#2075=LINE('',#58,#2078);
#2076=LINE('',#124,#2079);
#2077=LINE('',#126,#2080);
#2078=VECTOR('',#2081,1.0);
#2079=VECTOR('',#2082,1.0);
#2080=VECTOR('',#2083,1.0);
#2081=DIRECTION('',(-0.9999999684102899,0.000251354952392815,3.2728509426147786E-07));
#2082=DIRECTION('',(0,-0.0003662109129436455,-0.9999999329447813));
#2083=DIRECTION('',(0.8244780494039752,0,0.5658939353368405));
#2084=FACE_SURFACE('',(#2089),#2085,.T.);
#2085=PLANE('',#2086);
#2086=AXIS2_PLACEMENT_3D('',#58,#2087,#2088);
#2087=DIRECTION('',(0,-1,-0));
#2088=DIRECTION('',(-0.8244780494039752,0,-0.5658939353368405));
#2089=FACE_BOUND('',#2090,.T.);
#2090=EDGE_LOOP('',(#2091,#2092,#2093));
#2091=ORIENTED_EDGE('',*,*,#2094,.T.);
#2092=ORIENTED_EDGE('',*,*,#2095,.T.);
#2093=ORIENTED_EDGE('',*,*,#2096,.T.);
#2094=EDGE_CURVE('',#59,#127,#2097,.F.);
#2095=EDGE_CURVE('',#127,#145,#2098,.T.);
#2096=EDGE_CURVE('',#145,#59,#2099,.T.);
#2097=LINE('',#58,#2100);
#2098=LINE('',#126,#2101);
#2099=LINE('',#144,#2102);
#2100=VECTOR('',#2103,1.0);
#2101=VECTOR('',#2104,1.0);
#2102=VECTOR('',#2105,1.0);
#2103=DIRECTION('',(-0.8244780494039752,0,-0.5658939353368405));
#2104=DIRECTION('',(0.9999959676422777,0,0.0028398414013143915));
#2105=DIRECTION('',(0,0,1));
#2106=FACE_SURFACE('',(#2111),#2107,.T.);
#2107=PLANE('',#2108);
#2108=AXIS2_PLACEMENT_3D('',#94,#2109,#2110);
#2109=DIRECTION('',(-0.006057474115654097,-0.0033789775528383086,-0.9999759444696834));
#2110=DIRECTION('',(-0.4871763820776076,0.8733035971217218,1.8507715800003936E-07));
#2111=FACE_BOUND('',#2112,.T.);
#2112=EDGE_LOOP('',(#2113,#2114,#2115));
#2113=ORIENTED_EDGE('',*,*,#2116,.T.);
#2114=ORIENTED_EDGE('',*,*,#2117,.T.);
#2115=ORIENTED_EDGE('',*,*,#2118,.T.);
#2116=EDGE_CURVE('',#95,#79,#2119,.F.);
#2117=EDGE_CURVE('',#79,#147,#2120,.T.);
#2118=EDGE_CURVE('',#147,#95,#2121,.T.);
#2119=LINE('',#94,#2122);
#2120=LINE('',#78,#2123);
#2121=LINE('',#146,#2124);
#2122=VECTOR('',#2125,1.0);
#2123=VECTOR('',#2126,1.0);
#2124=VECTOR('',#2127,1.0);
#2125=DIRECTION('',(-0.4871763820776076,0.8733035971217218,1.8507715800003936E-07));
#2126=DIRECTION('',(0.7821223662119101,-0.6231193108603769,-0.0026322431444702524));
#2127=DIRECTION('',(0,-0.9999942910295739,0.0033790395469436517));
#2128=FACE_SURFACE('',(#2133),#2129,.T.);
#2129=PLANE('',#2130);
#2130=AXIS2_PLACEMENT_3D('',#78,#2131,#2132);
#2131=DIRECTION('',(-3.5155316186911613E-07,0,-0.9999999999999383));
#2132=DIRECTION('',(0.9999999999999383,0,-3.5155316186911613E-07));
#2133=FACE_BOUND('',#2134,.T.);
#2134=EDGE_LOOP('',(#2135,#2136,#2137));
#2135=ORIENTED_EDGE('',*,*,#2138,.T.);
#2136=ORIENTED_EDGE('',*,*,#2139,.T.);
#2137=ORIENTED_EDGE('',*,*,#2140,.T.);
#2138=EDGE_CURVE('',#79,#49,#2141,.F.);
#2139=EDGE_CURVE('',#49,#51,#2142,.T.);
#2140=EDGE_CURVE('',#51,#79,#2143,.T.);
#2141=LINE('',#78,#2144);
#2142=LINE('',#48,#2145);
#2143=LINE('',#50,#2146);
#2144=VECTOR('',#2147,1.0);
#2145=VECTOR('',#2148,1.0);
#2146=VECTOR('',#2149,1.0);
#2147=DIRECTION('',(0.9999999999999383,0,-3.5155316186911613E-07));
#2148=DIRECTION('',(0,-1,0));
#2149=DIRECTION('',(-0.9382794404814593,0.34587814555084395,3.2985510401806255E-07));
#2150=FACE_SURFACE('',(#2155),#2151,.T.);
#2151=PLANE('',#2152);
#2152=AXIS2_PLACEMENT_3D('',#78,#2153,#2154);
#2153=DIRECTION('',(0.0028974182932249297,0.007860912559842177,-0.9999649048946472));
#2154=DIRECTION('',(0.9382794404814593,-0.34587814555084395,-3.2985510401806255E-07));
#2155=FACE_BOUND('',#2156,.T.);
#2156=EDGE_LOOP('',(#2157,#2158,#2159));
#2157=ORIENTED_EDGE('',*,*,#2160,.T.);
#2158=ORIENTED_EDGE('',*,*,#2161,.T.);
#2159=ORIENTED_EDGE('',*,*,#2162,.T.);
#2160=EDGE_CURVE('',#79,#51,#2163,.F.);
#2161=EDGE_CURVE('',#51,#147,#2164,.T.);
#2162=EDGE_CURVE('',#147,#79,#2165,.T.);
#2163=LINE('',#78,#2166);
#2164=LINE('',#50,#2167);
#2165=LINE('',#146,#2168);
#2166=VECTOR('',#2169,1.0);
#2167=VECTOR('',#2170,1.0);
#2168=VECTOR('',#2171,1.0);
#2169=DIRECTION('',(0.9382794404814593,-0.34587814555084395,-3.2985510401806255E-07));
#2170=DIRECTION('',(-0.9999958022154093,0,-0.0028975078188292276));
#2171=DIRECTION('',(-0.7821223662119101,0.6231193108603769,0.0026322431444702524));
#2172=FACE_SURFACE('',(#2177),#2173,.T.);
#2173=PLANE('',#2174);
#2174=AXIS2_PLACEMENT_3D('',#96,#2175,#2176);
#2175=DIRECTION('',(1,0,0));
#2176=DIRECTION('',(0,0,-1));
#2177=FACE_BOUND('',#2178,.T.);
#2178=EDGE_LOOP('',(#2179,#2180,#2181));
#2179=ORIENTED_EDGE('',*,*,#2182,.T.);
#2180=ORIENTED_EDGE('',*,*,#2183,.T.);
#2181=ORIENTED_EDGE('',*,*,#2184,.T.);
#2182=EDGE_CURVE('',#97,#95,#2185,.F.);
#2183=EDGE_CURVE('',#95,#147,#2186,.T.);
#2184=EDGE_CURVE('',#147,#97,#2187,.T.);
#2185=LINE('',#96,#2188);
#2186=LINE('',#94,#2189);
#2187=LINE('',#146,#2190);
#2188=VECTOR('',#2191,1.0);
#2189=VECTOR('',#2192,1.0);
#2190=VECTOR('',#2193,1.0);
#2191=DIRECTION('',(0,0,-1));
#2192=DIRECTION('',(0,0.9999942910295739,-0.0033790395469436517));
#2193=DIRECTION('',(0,-0.7795821554675304,0.6262999783463187));
#2194=FACE_SURFACE('',(#2199),#2195,.T.);
#2195=PLANE('',#2196);
#2196=AXIS2_PLACEMENT_3D('',#96,#2197,#2198);
#2197=DIRECTION('',(1,-0,0));
#2198=DIRECTION('',(0,0.7795821554675304,-0.6262999783463187));
#2199=FACE_BOUND('',#2200,.T.);
#2200=EDGE_LOOP('',(#2201,#2202,#2203));
#2201=ORIENTED_EDGE('',*,*,#2204,.T.);
#2202=ORIENTED_EDGE('',*,*,#2205,.T.);
#2203=ORIENTED_EDGE('',*,*,#2206,.T.);
#2204=EDGE_CURVE('',#97,#147,#2207,.F.);
#2205=EDGE_CURVE('',#147,#65,#2208,.T.);
#2206=EDGE_CURVE('',#65,#97,#2209,.T.);
#2207=LINE('',#96,#2210);
#2208=LINE('',#146,#2211);
#2209=LINE('',#64,#2212);
#2210=VECTOR('',#2213,1.0);
#2211=VECTOR('',#2214,1.0);
#2212=VECTOR('',#2215,1.0);
#2213=DIRECTION('',(0,0.7795821554675304,-0.6262999783463187));
#2214=DIRECTION('',(0,0,1));
#2215=DIRECTION('',(0,-1,0));
#2216=FACE_SURFACE('',(#2221),#2217,.T.);
#2217=PLANE('',#2218);
#2218=AXIS2_PLACEMENT_3D('',#50,#2219,#2220);
#2219=DIRECTION('',(0,-1,0));
#2220=DIRECTION('',(0,0,1));
#2221=FACE_BOUND('',#2222,.T.);
#2222=EDGE_LOOP('',(#2223,#2224,#2225));
#2223=ORIENTED_EDGE('',*,*,#2226,.T.);
#2224=ORIENTED_EDGE('',*,*,#2227,.T.);
#2225=ORIENTED_EDGE('',*,*,#2228,.T.);
#2226=EDGE_CURVE('',#51,#45,#2229,.F.);
#2227=EDGE_CURVE('',#45,#65,#2230,.T.);
#2228=EDGE_CURVE('',#65,#51,#2231,.T.);
#2229=LINE('',#50,#2232);
#2230=LINE('',#44,#2233);
#2231=LINE('',#64,#2234);
#2232=VECTOR('',#2235,1.0);
#2233=VECTOR('',#2236,1.0);
#2234=VECTOR('',#2237,1.0);
#2235=DIRECTION('',(0,0,1));
#2236=DIRECTION('',(-0.9999999999999465,0,3.271446293320317E-07));
#2237=DIRECTION('',(0.824591120997527,0,-0.5657291606166698));
#2238=FACE_SURFACE('',(#2243),#2239,.T.);
#2239=PLANE('',#2240);
#2240=AXIS2_PLACEMENT_3D('',#50,#2241,#2242);
#2241=DIRECTION('',(-0,-1,0));
#2242=DIRECTION('',(-0.824591120997527,0,0.5657291606166698));
#2243=FACE_BOUND('',#2244,.T.);
#2244=EDGE_LOOP('',(#2245,#2246,#2247));
#2245=ORIENTED_EDGE('',*,*,#2248,.T.);
#2246=ORIENTED_EDGE('',*,*,#2249,.T.);
#2247=ORIENTED_EDGE('',*,*,#2250,.T.);
#2248=EDGE_CURVE('',#51,#65,#2251,.F.);
#2249=EDGE_CURVE('',#65,#147,#2252,.T.);
#2250=EDGE_CURVE('',#147,#51,#2253,.T.);
#2251=LINE('',#50,#2254);
#2252=LINE('',#64,#2255);
#2253=LINE('',#146,#2256);
#2254=VECTOR('',#2257,1.0);
#2255=VECTOR('',#2258,1.0);
#2256=VECTOR('',#2259,1.0);
#2257=DIRECTION('',(-0.824591120997527,0,0.5657291606166698));
#2258=DIRECTION('',(0,0,-1));
#2259=DIRECTION('',(0.9999958022154093,0,0.0028975078188292276));
#2260=FACE_SURFACE('',(#2265),#2261,.T.);
#2261=PLANE('',#2262);
#2262=AXIS2_PLACEMENT_3D('',#108,#2263,#2264);
#2263=DIRECTION('',(-0.9999999999977816,2.0347039098825193E-06,5.449567151087037E-07));
#2264=DIRECTION('',(-2.0347039098828212E-06,-0.99999999999793,0));
#2265=FACE_BOUND('',#2266,.T.);
#2266=EDGE_LOOP('',(#2267,#2268,#2269));
#2267=ORIENTED_EDGE('',*,*,#2270,.T.);
#2268=ORIENTED_EDGE('',*,*,#2271,.T.);
#2269=ORIENTED_EDGE('',*,*,#2272,.T.);
#2270=EDGE_CURVE('',#109,#111,#2273,.F.);
#2271=EDGE_CURVE('',#111,#121,#2274,.T.);
#2272=EDGE_CURVE('',#121,#109,#2275,.T.);
#2273=LINE('',#108,#2276);
#2274=LINE('',#110,#2277);
#2275=LINE('',#120,#2278);
#2276=VECTOR('',#2279,1.0);
#2277=VECTOR('',#2280,1.0);
#2278=VECTOR('',#2281,1.0);
#2279=DIRECTION('',(-2.0347039098828212E-06,-0.99999999999793,0));
#2280=DIRECTION('',(5.449567151098318E-07,0,0.9999999999998516));
#2281=DIRECTION('',(1.115559999251896E-06,0.7310220052697705,-0.6823538875174077));
#2282=FACE_SURFACE('',(#2287),#2283,.T.);
#2283=PLANE('',#2284);
#2284=AXIS2_PLACEMENT_3D('',#120,#2285,#2286);
#2285=DIRECTION('',(-0.9999999999997403,5.983925232049457E-07,4.015470604369948E-07));
#2286=DIRECTION('',(5.983925232049939E-07,0.9999999999998209,0));
#2287=FACE_BOUND('',#2288,.T.);
#2288=EDGE_LOOP('',(#2289,#2290,#2291));
#2289=ORIENTED_EDGE('',*,*,#2292,.T.);
#2290=ORIENTED_EDGE('',*,*,#2293,.T.);
#2291=ORIENTED_EDGE('',*,*,#2294,.T.);
#2292=EDGE_CURVE('',#121,#41,#2295,.F.);
#2293=EDGE_CURVE('',#41,#79,#2296,.T.);
#2294=EDGE_CURVE('',#79,#121,#2297,.T.);
#2295=LINE('',#120,#2298);
#2296=LINE('',#40,#2299);
#2297=LINE('',#78,#2300);
#2298=VECTOR('',#2301,1.0);
#2299=VECTOR('',#2302,1.0);
#2300=VECTOR('',#2303,1.0);
#2301=DIRECTION('',(5.983925232049939E-07,0.9999999999998209,0));
#2302=DIRECTION('',(-4.015470604370667E-07,0,-0.9999999999999194));
#2303=DIRECTION('',(-5.147390956470715E-07,-0.9830892421870202,0.18312711949868474));
#2304=FACE_SURFACE('',(#2309),#2305,.T.);
#2305=PLANE('',#2306);
#2306=AXIS2_PLACEMENT_3D('',#78,#2307,#2308);
#2307=DIRECTION('',(-0.9999999999999385,3.5077679081853624E-07,0));
#2308=DIRECTION('',(-3.507767908185362E-07,-0.9999999999999384,0));
#2309=FACE_BOUND('',#2310,.T.);
#2310=EDGE_LOOP('',(#2311,#2312,#2313));
#2311=ORIENTED_EDGE('',*,*,#2314,.T.);
#2312=ORIENTED_EDGE('',*,*,#2315,.T.);
#2313=ORIENTED_EDGE('',*,*,#2316,.T.);
#2314=EDGE_CURVE('',#79,#107,#2317,.F.);
#2315=EDGE_CURVE('',#107,#109,#2318,.T.);
#2316=EDGE_CURVE('',#109,#79,#2319,.T.);
#2317=LINE('',#78,#2320);
#2318=LINE('',#106,#2321);
#2319=LINE('',#108,#2322);
#2320=VECTOR('',#2323,1.0);
#2321=VECTOR('',#2324,1.0);
#2322=VECTOR('',#2325,1.0);
#2323=DIRECTION('',(-3.507767908185362E-07,-0.9999999999999384,0));
#2324=DIRECTION('',(0,0,1));
#2325=DIRECTION('',(3.5019892338356104E-07,0.9983526064148991,-0.05737659160716264));
#2326=FACE_SURFACE('',(#2331),#2327,.T.);
#2327=PLANE('',#2328);
#2328=AXIS2_PLACEMENT_3D('',#108,#2329,#2330);
#2329=DIRECTION('',(-0.9999999999990624,2.736685975510792E-07,-1.34168244519064E-06));
#2330=DIRECTION('',(-1.115559999251896E-06,-0.7310220052697705,0.6823538875174077));
#2331=FACE_BOUND('',#2332,.T.);
#2332=EDGE_LOOP('',(#2333,#2334,#2335));
#2333=ORIENTED_EDGE('',*,*,#2336,.T.);
#2334=ORIENTED_EDGE('',*,*,#2337,.T.);
#2335=ORIENTED_EDGE('',*,*,#2338,.T.);
#2336=EDGE_CURVE('',#109,#121,#2339,.F.);
#2337=EDGE_CURVE('',#121,#79,#2340,.T.);
#2338=EDGE_CURVE('',#79,#109,#2341,.T.);
#2339=LINE('',#108,#2342);
#2340=LINE('',#120,#2343);
#2341=LINE('',#78,#2344);
#2342=VECTOR('',#2345,1.0);
#2343=VECTOR('',#2346,1.0);
#2344=VECTOR('',#2347,1.0);
#2345=DIRECTION('',(-1.115559999251896E-06,-0.7310220052697705,0.6823538875174077));
#2346=DIRECTION('',(5.147390956470715E-07,0.9830892421870202,-0.18312711949868474));
#2347=DIRECTION('',(-3.5019892338356104E-07,-0.9983526064148991,0.05737659160716264));
#2348=FACE_SURFACE('',(#2353),#2349,.T.);
#2349=PLANE('',#2350);
#2350=AXIS2_PLACEMENT_3D('',#72,#2351,#2352);
#2351=DIRECTION('',(0.9999999999998747,-2.9919196478087957E-07,-4.015470604370487E-07));
#2352=DIRECTION('',(4.015470604370667E-07,0,0.9999999999999194));
#2353=FACE_BOUND('',#2354,.T.);
#2354=EDGE_LOOP('',(#2355,#2356,#2357));
#2355=ORIENTED_EDGE('',*,*,#2358,.T.);
#2356=ORIENTED_EDGE('',*,*,#2359,.T.);
#2357=ORIENTED_EDGE('',*,*,#2360,.T.);
#2358=EDGE_CURVE('',#73,#37,#2361,.F.);
#2359=EDGE_CURVE('',#37,#123,#2362,.T.);
#2360=EDGE_CURVE('',#123,#73,#2363,.T.);
#2361=LINE('',#72,#2364);
#2362=LINE('',#36,#2365);
#2363=LINE('',#122,#2366);
#2364=VECTOR('',#2367,1.0);
#2365=VECTOR('',#2368,1.0);
#2366=VECTOR('',#2369,1.0);
#2367=DIRECTION('',(4.015470604370667E-07,0,0.9999999999999194));
#2368=DIRECTION('',(-2.9919196478090365E-07,-0.9999999999999553,0));
#2369=DIRECTION('',(2.2059940768609888E-07,0.9830897156507641,-0.18312457776511357));
#2370=FACE_SURFACE('',(#2375),#2371,.T.);
#2371=PLANE('',#2372);
#2372=AXIS2_PLACEMENT_3D('',#122,#2373,#2374);
#2373=DIRECTION('',(0.9999999999998516,0,-5.449567151098318E-07));
#2374=DIRECTION('',(-5.449567151098318E-07,0,-0.9999999999998516));
#2375=FACE_BOUND('',#2376,.T.);
#2376=EDGE_LOOP('',(#2377,#2378,#2379));
#2377=ORIENTED_EDGE('',*,*,#2380,.T.);
#2378=ORIENTED_EDGE('',*,*,#2381,.T.);
#2379=ORIENTED_EDGE('',*,*,#2382,.T.);
#2380=EDGE_CURVE('',#123,#117,#2383,.F.);
#2381=EDGE_CURVE('',#117,#115,#2384,.T.);
#2382=EDGE_CURVE('',#115,#123,#2385,.T.);
#2383=LINE('',#122,#2386);
#2384=LINE('',#116,#2387);
#2385=LINE('',#114,#2388);
#2386=VECTOR('',#2389,1.0);
#2387=VECTOR('',#2390,1.0);
#2388=VECTOR('',#2391,1.0);
#2389=DIRECTION('',(-5.449567151098318E-07,0,-0.9999999999998516));
#2390=DIRECTION('',(0,1,0));
#2391=DIRECTION('',(3.718339259126784E-07,-0.7310552450583987,0.6823182752004129));
#2392=FACE_SURFACE('',(#2397),#2393,.T.);
#2393=PLANE('',#2394);
#2394=AXIS2_PLACEMENT_3D('',#114,#2395,#2396);
#2395=DIRECTION('',(0.9999999999999385,-3.5077679081853624E-07,0));
#2396=DIRECTION('',(0,0,-1));
#2397=FACE_BOUND('',#2398,.T.);
#2398=EDGE_LOOP('',(#2399,#2400,#2401));
#2399=ORIENTED_EDGE('',*,*,#2402,.T.);
#2400=ORIENTED_EDGE('',*,*,#2403,.T.);
#2401=ORIENTED_EDGE('',*,*,#2404,.T.);
#2402=EDGE_CURVE('',#115,#75,#2405,.F.);
#2403=EDGE_CURVE('',#75,#73,#2406,.T.);
#2404=EDGE_CURVE('',#73,#115,#2407,.T.);
#2405=LINE('',#114,#2408);
#2406=LINE('',#74,#2409);
#2407=LINE('',#72,#2410);
#2408=VECTOR('',#2411,1.0);
#2409=VECTOR('',#2412,1.0);
#2410=VECTOR('',#2413,1.0);
#2411=DIRECTION('',(0,0,-1));
#2412=DIRECTION('',(3.507767908185362E-07,0.9999999999999384,0));
#2413=DIRECTION('',(-3.5019892338356104E-07,-0.9983526064148991,0.05737659160716264));
#2414=FACE_SURFACE('',(#2419),#2415,.T.);
#2415=PLANE('',#2416);
#2416=AXIS2_PLACEMENT_3D('',#122,#2417,#2418);
#2417=DIRECTION('',(0.9999999999994359,-4.071680710563991E-07,-9.812081900956166E-07));
#2418=DIRECTION('',(-3.718339259126784E-07,0.7310552450583987,-0.6823182752004129));
#2419=FACE_BOUND('',#2420,.T.);
#2420=EDGE_LOOP('',(#2421,#2422,#2423));
#2421=ORIENTED_EDGE('',*,*,#2424,.T.);
#2422=ORIENTED_EDGE('',*,*,#2425,.T.);
#2423=ORIENTED_EDGE('',*,*,#2426,.T.);
#2424=EDGE_CURVE('',#123,#115,#2427,.F.);
#2425=EDGE_CURVE('',#115,#73,#2428,.T.);
#2426=EDGE_CURVE('',#73,#123,#2429,.T.);
#2427=LINE('',#122,#2430);
#2428=LINE('',#114,#2431);
#2429=LINE('',#72,#2432);
#2430=VECTOR('',#2433,1.0);
#2431=VECTOR('',#2434,1.0);
#2432=VECTOR('',#2435,1.0);
#2433=DIRECTION('',(-3.718339259126784E-07,0.7310552450583987,-0.6823182752004129));
#2434=DIRECTION('',(3.5019892338356104E-07,0.9983526064148991,-0.05737659160716264));
#2435=DIRECTION('',(-2.2059940768609888E-07,-0.9830897156507641,0.18312457776511357));
#2436=FACE_SURFACE('',(#2441),#2437,.T.);
#2437=PLANE('',#2438);
#2438=AXIS2_PLACEMENT_3D('',#136,#2439,#2440);
#2439=DIRECTION('',(2.9802350809430524E-07,-0,0.9999999999999556));
#2440=DIRECTION('',(0,1,0));
#2441=FACE_BOUND('',#2442,.T.);
#2442=EDGE_LOOP('',(#2443,#2444,#2445));
#2443=ORIENTED_EDGE('',*,*,#2446,.T.);
#2444=ORIENTED_EDGE('',*,*,#2447,.T.);
#2445=ORIENTED_EDGE('',*,*,#2448,.T.);
#2446=EDGE_CURVE('',#137,#83,#2449,.F.);
#2447=EDGE_CURVE('',#83,#87,#2450,.T.);
#2448=EDGE_CURVE('',#87,#137,#2451,.T.);
#2449=LINE('',#136,#2452);
#2450=LINE('',#82,#2453);
#2451=LINE('',#86,#2454);
#2452=VECTOR('',#2455,1.0);
#2453=VECTOR('',#2456,1.0);
#2454=VECTOR('',#2457,1.0);
#2455=DIRECTION('',(0,1,0));
#2456=DIRECTION('',(-0.9999999999999556,0,2.9802350809430524E-07));
#2457=DIRECTION('',(0.8598552500636523,-0.5105379015684421,-2.5625707807728713E-07));
#2458=FACE_SURFACE('',(#2463),#2459,.T.);
#2459=PLANE('',#2460);
#2460=AXIS2_PLACEMENT_3D('',#122,#2461,#2462);
#2461=DIRECTION('',(2.983023019391902E-07,-2.9670626966007263E-08,0.999999999999955));
#2462=DIRECTION('',(-0.426419554335544,0.9045254908957803,1.540397730717966E-07));
#2463=FACE_BOUND('',#2464,.T.);
#2464=EDGE_LOOP('',(#2465,#2466,#2467));
#2465=ORIENTED_EDGE('',*,*,#2468,.T.);
#2466=ORIENTED_EDGE('',*,*,#2469,.T.);
#2467=ORIENTED_EDGE('',*,*,#2470,.T.);
#2468=EDGE_CURVE('',#123,#93,#2471,.F.);
#2469=EDGE_CURVE('',#93,#129,#2472,.T.);
#2470=EDGE_CURVE('',#129,#123,#2473,.T.);
#2471=LINE('',#122,#2474);
#2472=LINE('',#92,#2475);
#2473=LINE('',#128,#2476);
#2474=VECTOR('',#2477,1.0);
#2475=VECTOR('',#2478,1.0);
#2476=VECTOR('',#2479,1.0);
#2477=DIRECTION('',(-0.426419554335544,0.9045254908957803,1.540397730717966E-07));
#2478=DIRECTION('',(-0.9999999999999556,0,2.9830230193919034E-07));
#2479=DIRECTION('',(0.6802829242657172,-0.7329496182906665,-2.2467703698757712E-07));
#2480=FACE_SURFACE('',(#2485),#2481,.T.);
#2481=PLANE('',#2482);
#2482=AXIS2_PLACEMENT_3D('',#122,#2483,#2484);
#2483=DIRECTION('',(3.302699935178829E-07,0,0.9999999999999455));
#2484=DIRECTION('',(-0.6802829242657172,0.7329496182906665,2.2467703698757712E-07));
#2485=FACE_BOUND('',#2486,.T.);
#2486=EDGE_LOOP('',(#2487,#2488,#2489));
#2487=ORIENTED_EDGE('',*,*,#2490,.T.);
#2488=ORIENTED_EDGE('',*,*,#2491,.T.);
#2489=ORIENTED_EDGE('',*,*,#2492,.T.);
#2490=EDGE_CURVE('',#123,#129,#2493,.F.);
#2491=EDGE_CURVE('',#129,#141,#2494,.T.);
#2492=EDGE_CURVE('',#141,#123,#2495,.T.);
#2493=LINE('',#122,#2496);
#2494=LINE('',#128,#2497);
#2495=LINE('',#140,#2498);
#2496=VECTOR('',#2499,1.0);
#2497=VECTOR('',#2500,1.0);
#2498=VECTOR('',#2501,1.0);
#2499=DIRECTION('',(-0.6802829242657172,0.7329496182906665,2.2467703698757712E-07));
#2500=DIRECTION('',(0,-1,0));
#2501=DIRECTION('',(0.786601602137906,-0.6174608647631136,-2.597909060392567E-07));
#2502=FACE_SURFACE('',(#2507),#2503,.T.);
#2503=PLANE('',#2504);
#2504=AXIS2_PLACEMENT_3D('',#136,#2505,#2506);
#2505=DIRECTION('',(3.116357805101276E-07,2.2925984272831755E-08,0.999999999999951));
#2506=DIRECTION('',(-0.8598552500636523,0.5105379015684421,2.5625707807728713E-07));
#2507=FACE_BOUND('',#2508,.T.);
#2508=EDGE_LOOP('',(#2509,#2510,#2511));
#2509=ORIENTED_EDGE('',*,*,#2512,.T.);
#2510=ORIENTED_EDGE('',*,*,#2513,.T.);
#2511=ORIENTED_EDGE('',*,*,#2514,.T.);
#2512=EDGE_CURVE('',#137,#87,#2515,.F.);
#2513=EDGE_CURVE('',#87,#121,#2516,.T.);
#2514=EDGE_CURVE('',#121,#137,#2517,.T.);
#2515=LINE('',#136,#2518);
#2516=LINE('',#86,#2519);
#2517=LINE('',#120,#2520);
#2518=VECTOR('',#2521,1.0);
#2519=VECTOR('',#2522,1.0);
#2520=VECTOR('',#2523,1.0);
#2521=DIRECTION('',(-0.8598552500636523,0.5105379015684421,2.5625707807728713E-07));
#2522=DIRECTION('',(-0.4275505283900144,-0.9039914522125725,1.539649364385469E-07));
#2523=DIRECTION('',(0.7872579253844654,0.6166238390779912,-2.5947444647693954E-07));
#2524=FACE_SURFACE('',(#2529),#2525,.T.);
#2525=PLANE('',#2526);
#2526=AXIS2_PLACEMENT_3D('',#122,#2527,#2528);
#2527=DIRECTION('',(3.23969899970289E-07,-8.025874935503464E-09,0.9999999999999474));
#2528=DIRECTION('',(-0.786601602137906,0.6174608647631136,2.597909060392567E-07));
#2529=FACE_BOUND('',#2530,.T.);
#2530=EDGE_LOOP('',(#2531,#2532,#2533));
#2531=ORIENTED_EDGE('',*,*,#2534,.T.);
#2532=ORIENTED_EDGE('',*,*,#2535,.T.);
#2533=ORIENTED_EDGE('',*,*,#2536,.T.);
#2534=EDGE_CURVE('',#123,#141,#2537,.F.);
#2535=EDGE_CURVE('',#141,#137,#2538,.T.);
#2536=EDGE_CURVE('',#137,#123,#2539,.T.);
#2537=LINE('',#122,#2540);
#2538=LINE('',#140,#2541);
#2539=LINE('',#136,#2542);
#2540=VECTOR('',#2543,1.0);
#2541=VECTOR('',#2544,1.0);
#2542=VECTOR('',#2545,1.0);
#2543=DIRECTION('',(-0.786601602137906,0.6174608647631136,2.597909060392567E-07));
#2544=DIRECTION('',(-0.9999999999955608,2.9620107313517307E-06,3.2396992374159555E-07));
#2545=DIRECTION('',(0.9568804946811009,-0.290481873614782,-3.123318493340363E-07));
#2546=FACE_SURFACE('',(#2551),#2547,.T.);
#2547=PLANE('',#2548);
#2548=AXIS2_PLACEMENT_3D('',#136,#2549,#2550);
#2549=DIRECTION('',(3.272963371137293E-07,2.931789237243287E-09,0.9999999999999465));
#2550=DIRECTION('',(-0.7872579253844654,-0.6166238390779912,2.5947444647693954E-07));
#2551=FACE_BOUND('',#2552,.T.);
#2552=EDGE_LOOP('',(#2553,#2554,#2555));
#2553=ORIENTED_EDGE('',*,*,#2556,.T.);
#2554=ORIENTED_EDGE('',*,*,#2557,.T.);
#2555=ORIENTED_EDGE('',*,*,#2558,.T.);
#2556=EDGE_CURVE('',#137,#121,#2559,.F.);
#2557=EDGE_CURVE('',#121,#123,#2560,.T.);
#2558=EDGE_CURVE('',#123,#137,#2561,.T.);
#2559=LINE('',#136,#2562);
#2560=LINE('',#120,#2563);
#2561=LINE('',#122,#2564);
#2562=VECTOR('',#2565,1.0);
#2563=VECTOR('',#2566,1.0);
#2564=VECTOR('',#2567,1.0);
#2565=DIRECTION('',(-0.7872579253844654,-0.6166238390779912,2.5947444647693954E-07));
#2566=DIRECTION('',(0.9999999995063243,-3.142043950406997E-05,-3.2729624483406223E-07));
#2567=DIRECTION('',(-0.9568804946811009,0.290481873614782,3.123318493340363E-07));
#2568=FACE_SURFACE('',(#2573),#2569,.T.);
#2569=PLANE('',#2570);
#2570=AXIS2_PLACEMENT_3D('',#86,#2571,#2572);
#2571=DIRECTION('',(3.6011091580825975E-07,-1.3082992863091676E-13,0.9999999999999352));
#2572=DIRECTION('',(3.633045344856145E-07,0.999999999999934,0));
#2573=FACE_BOUND('',#2574,.T.);
#2574=EDGE_LOOP('',(#2575,#2576,#2577));
#2575=ORIENTED_EDGE('',*,*,#2578,.T.);
#2576=ORIENTED_EDGE('',*,*,#2579,.T.);
#2577=ORIENTED_EDGE('',*,*,#2580,.T.);
#2578=EDGE_CURVE('',#87,#39,#2581,.F.);
#2579=EDGE_CURVE('',#39,#41,#2582,.T.);
#2580=EDGE_CURVE('',#41,#87,#2583,.T.);
#2581=LINE('',#86,#2584);
#2582=LINE('',#38,#2585);
#2583=LINE('',#40,#2586);
#2584=VECTOR('',#2587,1.0);
#2585=VECTOR('',#2588,1.0);
#2586=VECTOR('',#2589,1.0);
#2587=DIRECTION('',(3.633045344856145E-07,0.999999999999934,0));
#2588=DIRECTION('',(-0.855915796600982,0.5171152184270071,3.0822468902290293E-07));
#2589=DIRECTION('',(0.07502282754332562,-0.9971818165948493,-2.701666959437977E-08));
#2590=FACE_SURFACE('',(#2595),#2591,.T.);
#2591=PLANE('',#2592);
#2592=AXIS2_PLACEMENT_3D('',#86,#2593,#2594);
#2593=DIRECTION('',(3.601097905707664E-07,-2.1548700621050143E-13,0.9999999999999352));
#2594=DIRECTION('',(-0.07502282754332562,0.9971818165948493,2.701666959437977E-08));
#2595=FACE_BOUND('',#2596,.T.);
#2596=EDGE_LOOP('',(#2597,#2598,#2599));
#2597=ORIENTED_EDGE('',*,*,#2600,.T.);
#2598=ORIENTED_EDGE('',*,*,#2601,.T.);
#2599=ORIENTED_EDGE('',*,*,#2602,.T.);
#2600=EDGE_CURVE('',#87,#41,#2603,.F.);
#2601=EDGE_CURVE('',#41,#121,#2604,.T.);
#2602=EDGE_CURVE('',#121,#87,#2605,.T.);
#2603=LINE('',#86,#2606);
#2604=LINE('',#40,#2607);
#2605=LINE('',#120,#2608);
#2606=VECTOR('',#2609,1.0);
#2607=VECTOR('',#2610,1.0);
#2608=VECTOR('',#2611,1.0);
#2609=DIRECTION('',(-0.07502282754332562,0.9971818165948493,2.701666959437977E-08));
#2610=DIRECTION('',(-5.983925232049939E-07,-0.9999999999998209,0));
#2611=DIRECTION('',(0.4275505283900144,0.9039914522125725,-1.539649364385469E-07));
#2612=FACE_SURFACE('',(#2617),#2613,.T.);
#2613=PLANE('',#2614);
#2614=AXIS2_PLACEMENT_3D('',#36,#2615,#2616);
#2615=DIRECTION('',(3.612400168396859E-07,-1.3124013615552627E-13,0.9999999999999348));
#2616=DIRECTION('',(-0.8551980440092769,-0.5183013655419128,3.08931687797256E-07));
#2617=FACE_BOUND('',#2618,.T.);
#2618=EDGE_LOOP('',(#2619,#2620,#2621));
#2619=ORIENTED_EDGE('',*,*,#2622,.T.);
#2620=ORIENTED_EDGE('',*,*,#2623,.T.);
#2621=ORIENTED_EDGE('',*,*,#2624,.T.);
#2622=EDGE_CURVE('',#37,#35,#2625,.F.);
#2623=EDGE_CURVE('',#35,#93,#2626,.T.);
#2624=EDGE_CURVE('',#93,#37,#2627,.T.);
#2625=LINE('',#36,#2628);
#2626=LINE('',#34,#2629);
#2627=LINE('',#92,#2630);
#2628=VECTOR('',#2631,1.0);
#2629=VECTOR('',#2632,1.0);
#2630=VECTOR('',#2633,1.0);
#2631=DIRECTION('',(-0.8551980440092769,-0.5183013655419128,3.08931687797256E-07));
#2632=DIRECTION('',(-3.633045344856145E-07,-0.999999999999934,0));
#2633=DIRECTION('',(0.07479036735156018,0.997199278455123,-2.7017142688956577E-08));
#2634=FACE_SURFACE('',(#2639),#2635,.T.);
#2635=PLANE('',#2636);
#2636=AXIS2_PLACEMENT_3D('',#36,#2637,#2638);
#2637=DIRECTION('',(3.6123970803985075E-07,-1.0808001800532779E-13,0.9999999999999348));
#2638=DIRECTION('',(-0.07479036735156018,-0.997199278455123,2.7017142688956577E-08));
#2639=FACE_BOUND('',#2640,.T.);
#2640=EDGE_LOOP('',(#2641,#2642,#2643));
#2641=ORIENTED_EDGE('',*,*,#2644,.T.);
#2642=ORIENTED_EDGE('',*,*,#2645,.T.);
#2643=ORIENTED_EDGE('',*,*,#2646,.T.);
#2644=EDGE_CURVE('',#37,#93,#2647,.F.);
#2645=EDGE_CURVE('',#93,#123,#2648,.T.);
#2646=EDGE_CURVE('',#123,#37,#2649,.T.);
#2647=LINE('',#36,#2650);
#2648=LINE('',#92,#2651);
#2649=LINE('',#122,#2652);
#2650=VECTOR('',#2653,1.0);
#2651=VECTOR('',#2654,1.0);
#2652=VECTOR('',#2655,1.0);
#2653=DIRECTION('',(-0.07479036735156018,-0.997199278455123,2.7017142688956577E-08));
#2654=DIRECTION('',(0.426419554335544,-0.9045254908957803,-1.540397730717966E-07));
#2655=DIRECTION('',(2.9919196478090365E-07,0.9999999999999553,0));
ENDSEC;
END-ISO-10303-21;
