ISO-10303-21;
HEADER;
FILE_DESCRIPTION((''),'2;1');
FILE_NAME('Base_Cover', '2026-08-25T14:46:14', (''), (''), 'ImageToStl.com STEP Converter','', '');
FILE_SCHEMA(('AUTOMOTIVE_DESIGN_CC2'));
ENDSEC;
DATA;
#1=PRODUCT_DEFINITION_CONTEXT('',#4,'design');
#2=APPLICATION_PROTOCOL_DEFINITION('INTERNATIONAL STANDARD','automotive_design',1994,#4);
#3=(GEOMETRIC_REPRESENTATION_CONTEXT(3)GLOBAL_UNCERTAINTY_ASSIGNED_CONTEXT((#5))GLOBAL_UNIT_ASSIGNED_CONTEXT((#6,#7,#8))REPRESENTATION_CONTEXT('NONE','WORKSPACE'));
#4=APPLICATION_CONTEXT(' ');
#5=UNCERTAINTY_MEASURE_WITH_UNIT(LENGTH_MEASURE(1.0E-006),#6,'','');
#6=(CONVERSION_BASED_UNIT('METRE',#10)LENGTH_UNIT()NAMED_UNIT(#11));
#7=(NAMED_UNIT(#12)PLANE_ANGLE_UNIT()SI_UNIT($,.RADIAN.));
#8=(NAMED_UNIT(#12)SOLID_ANGLE_UNIT()SI_UNIT($,.STERADIAN.));
#9=AXIS2_PLACEMENT_3D('',#14,#15,#16);
#10=LENGTH_MEASURE_WITH_UNIT(LENGTH_MEASURE(1.0),#17);
#11=DIMENSIONAL_EXPONENTS(1.0,0.0,0.0,0.0,0.0,0.0,0.0);
#12=DIMENSIONAL_EXPONENTS(0.0,0.0,0.0,0.0,0.0,0.0,0.0);
#13=PRODUCT_CONTEXT('',#4,'mechanical');
#14=CARTESIAN_POINT('',(0.0,0.0,0.0));
#15=DIRECTION('',(0.0,0.0,1.0));
#16=DIRECTION('',(1.0,0.0,0.0));
#17=(NAMED_UNIT(#11)LENGTH_UNIT()SI_UNIT(.MILLI.,.METRE.));
#18=PRESENTATION_STYLE_ASSIGNMENT((#19));
#19=SURFACE_STYLE_USAGE(.BOTH.,#20);
#20=SURFACE_SIDE_STYLE('',(#21));
#21=SURFACE_STYLE_FILL_AREA(#22);
#22=FILL_AREA_STYLE('',(#23));
#23=FILL_AREA_STYLE_COLOUR('',#24);
#24=COLOUR_RGB('',0.9,0.9,0.9);
#25=SHAPE_DEFINITION_REPRESENTATION(#26,#27);
#26=PRODUCT_DEFINITION_SHAPE('productshape0','',#30);
#27=MANIFOLD_SURFACE_SHAPE_REPRESENTATION('',(#28,#9),#3);
#28=SHELL_BASED_SURFACE_MODEL('shell0',(#33));
#29=PRODUCT('product0','','',(#13));
#30=PRODUCT_DEFINITION('mesh0','',#31,#2);
#31=PRODUCT_DEFINITION_FORMATION_WITH_SPECIFIED_SOURCE('prodsource0','',#29,.NOT_KNOWN.);
#32=STYLED_ITEM('',(#18),#33);
#33=CLOSED_SHELL('',(#530,#552,#574,#596,#618,#640,#662,#684,#706,#728,#750,#772,#794,#816,#838,#860,#882,#904,#926,#948,#970,#992,#1014,#1036,#1058,#1080,#1102,#1124,#1146,#1168,#1190,#1212,#1234,#1256,#1278,#1300,#1322,#1344,#1366,#1388,#1410,#1432,#1454,#1476,#1498,#1520,#1542,#1564,#1586,#1608,#1630,#1652,#1674,#1696,#1718,#1740,#1762,#1784,#1806,#1828,#1850,#1872,#1894,#1916,#1938,#1960,#1982,#2004,#2026,#2048,#2070,#2092,#2114,#2136,#2158,#2180,#2202,#2224,#2246,#2268,#2290,#2312,#2334,#2356,#2378,#2400,#2422,#2444,#2466,#2488,#2510,#2532,#2554,#2576,#2598,#2620,#2642,#2664,#2686,#2708,#2730,#2752,#2774,#2796,#2818,#2840,#2862,#2884,#2906,#2928,#2950,#2972,#2994,#3016,#3038,#3060,#3082,#3104,#3126,#3148,#3170,#3192,#3214,#3236,#3258,#3280,#3302,#3324,#3346,#3368,#3390,#3412,#3434,#3456,#3478,#3500,#3522,#3544,#3566,#3588,#3610,#3632,#3654,#3676,#3698,#3720,#3742,#3764,#3786,#3808,#3830,#3852,#3874,#3896,#3918,#3940,#3962,#3984,#4006,#4028,#4050,#4072,#4094,#4116,#4138,#4160,#4182,#4204,#4226,#4248,#4270,#4292,#4314,#4336,#4358,#4380,#4402,#4424,#4446,#4468,#4490,#4512,#4534,#4556,#4578,#4600,#4622,#4644,#4666,#4688,#4710,#4732,#4754,#4776,#4798,#4820,#4842,#4864,#4886,#4908,#4930,#4952,#4974,#4996,#5018,#5040,#5062,#5084,#5106,#5128,#5150,#5172,#5194,#5216,#5238,#5260,#5282,#5304,#5326,#5348,#5370,#5392,#5414,#5436,#5458,#5480,#5502,#5524,#5546,#5568,#5590,#5612,#5634,#5656,#5678,#5700,#5722,#5744,#5766,#5788,#5810,#5832,#5854,#5876,#5898,#5920,#5942,#5964,#5986,#6008,#6030,#6052,#6074,#6096,#6118,#6140,#6162,#6184,#6206,#6228,#6250,#6272,#6294,#6316,#6338,#6360,#6382,#6404,#6426,#6448,#6470,#6492,#6514,#6536,#6558,#6580,#6602,#6624,#6646,#6668,#6690,#6712,#6734,#6756,#6778,#6800,#6822,#6844,#6866,#6888,#6910,#6932,#6954,#6976,#6998,#7020,#7042,#7064,#7086,#7108,#7130,#7152,#7174,#7196,#7218,#7240,#7262,#7284,#7306,#7328,#7350,#7372,#7394,#7416,#7438,#7460,#7482,#7504,#7526,#7548,#7570,#7592,#7614,#7636,#7658,#7680,#7702,#7724,#7746,#7768,#7790,#7812,#7834,#7856,#7878,#7900,#7922,#7944,#7966,#7988,#8010,#8032,#8054,#8076,#8098,#8120,#8142,#8164,#8186,#8208,#8230,#8252,#8274,#8296,#8318,#8340,#8362,#8384,#8406,#8428,#8450,#8472,#8494,#8516,#8538,#8560,#8582,#8604,#8626,#8648,#8670,#8692,#8714,#8736,#8758,#8780,#8802,#8824,#8846,#8868,#8890,#8912,#8934,#8956,#8978,#9000,#9022,#9044,#9066,#9088,#9110,#9132,#9154,#9176,#9198,#9220,#9242,#9264,#9286,#9308,#9330,#9352,#9374,#9396,#9418,#9440,#9462,#9484,#9506,#9528,#9550,#9572,#9594,#9616,#9638,#9660,#9682,#9704,#9726,#9748,#9770,#9792,#9814,#9836,#9858,#9880,#9902,#9924,#9946,#9968,#9990,#10012,#10034,#10056,#10078,#10100,#10122,#10144,#10166,#10188,#10210,#10232,#10254,#10276,#10298,#10320,#10342,#10364,#10386,#10408,#10430,#10452,#10474,#10496,#10518,#10540,#10562,#10584,#10606,#10628,#10650,#10672,#10694,#10716,#10738,#10760,#10782,#10804,#10826,#10848,#10870,#10892,#10914,#10936,#10958,#10980,#11002,#11024,#11046,#11068,#11090,#11112,#11134,#11156,#11178,#11200,#11222,#11244,#11266,#11288,#11310,#11332));
#34=CARTESIAN_POINT('',(-4.019857883453369,-104.62337493896484,-46.96862030029297));
#35=VERTEX_POINT('',#34);
#36=CARTESIAN_POINT('',(-4.019857883453369,-104.62337493896484,-55.594722747802734));
#37=VERTEX_POINT('',#36);
#38=CARTESIAN_POINT('',(-7.342959179368336E-06,-104.73099517822266,-55.594722747802734));
#39=VERTEX_POINT('',#38);
#40=CARTESIAN_POINT('',(-5.24134338775184E-06,-104.73099517822266,-46.96862030029297));
#41=VERTEX_POINT('',#40);
#42=CARTESIAN_POINT('',(-8.02940845489502,-104.30077362060547,-46.96862030029297));
#43=VERTEX_POINT('',#42);
#44=CARTESIAN_POINT('',(-8.02940845489502,-104.30077362060547,-55.594722747802734));
#45=VERTEX_POINT('',#44);
#46=CARTESIAN_POINT('',(-12.018346786499023,-103.76402282714844,-46.96862030029297));
#47=VERTEX_POINT('',#46);
#48=CARTESIAN_POINT('',(-12.018346786499023,-103.76402282714844,-55.594722747802734));
#49=VERTEX_POINT('',#48);
#50=CARTESIAN_POINT('',(-15.976433753967285,-103.01449584960938,-46.96862030029297));
#51=VERTEX_POINT('',#50);
#52=CARTESIAN_POINT('',(-15.976433753967285,-103.01449584960938,-55.594722747802734));
#53=VERTEX_POINT('',#52);
#54=CARTESIAN_POINT('',(-19.89351463317871,-102.05413055419922,-46.96862030029297));
#55=VERTEX_POINT('',#54);
#56=CARTESIAN_POINT('',(-19.89351463317871,-102.05413055419922,-55.594722747802734));
#57=VERTEX_POINT('',#56);
#58=CARTESIAN_POINT('',(-23.759517669677734,-100.8853759765625,-46.96862030029297));
#59=VERTEX_POINT('',#58);
#60=CARTESIAN_POINT('',(-23.759517669677734,-100.8853759765625,-55.594722747802734));
#61=VERTEX_POINT('',#60);
#62=CARTESIAN_POINT('',(-27.56454086303711,-99.51124572753906,-46.96862030029297));
#63=VERTEX_POINT('',#62);
#64=CARTESIAN_POINT('',(-27.56454086303711,-99.51124572753906,-55.594722747802734));
#65=VERTEX_POINT('',#64);
#66=CARTESIAN_POINT('',(-31.298799514770508,-97.93525695800781,-46.96862030029297));
#67=VERTEX_POINT('',#66);
#68=CARTESIAN_POINT('',(-31.298799514770508,-97.93525695800781,-55.594722747802734));
#69=VERTEX_POINT('',#68);
#70=CARTESIAN_POINT('',(-34.95272445678711,-96.16146850585938,-46.96862030029297));
#71=VERTEX_POINT('',#70);
#72=CARTESIAN_POINT('',(-34.95272445678711,-96.16146850585938,-55.594722747802734));
#73=VERTEX_POINT('',#72);
#74=CARTESIAN_POINT('',(-38.51691818237305,-94.19441986083984,-46.96862030029297));
#75=VERTEX_POINT('',#74);
#76=CARTESIAN_POINT('',(-38.51691818237305,-94.19441986083984,-55.594722747802734));
#77=VERTEX_POINT('',#76);
#78=CARTESIAN_POINT('',(-41.982242584228516,-92.0391616821289,-46.96862030029297));
#79=VERTEX_POINT('',#78);
#80=CARTESIAN_POINT('',(-41.982242584228516,-92.0391616821289,-55.594722747802734));
#81=VERTEX_POINT('',#80);
#82=CARTESIAN_POINT('',(-45.33979034423828,-89.70123291015625,-46.96862030029297));
#83=VERTEX_POINT('',#82);
#84=CARTESIAN_POINT('',(-45.33979034423828,-89.70123291015625,-55.594722747802734));
#85=VERTEX_POINT('',#84);
#86=CARTESIAN_POINT('',(-48.58095932006836,-87.18663787841797,-46.96862030029297));
#87=VERTEX_POINT('',#86);
#88=CARTESIAN_POINT('',(-48.58095932006836,-87.18663787841797,-55.594722747802734));
#89=VERTEX_POINT('',#88);
#90=CARTESIAN_POINT('',(-51.697425842285156,-84.5018310546875,-46.96862030029297));
#91=VERTEX_POINT('',#90);
#92=CARTESIAN_POINT('',(-51.697425842285156,-84.5018310546875,-55.594722747802734));
#93=VERTEX_POINT('',#92);
#94=CARTESIAN_POINT('',(-54.68117904663086,-81.65367889404297,-46.96862030029297));
#95=VERTEX_POINT('',#94);
#96=CARTESIAN_POINT('',(-54.68117904663086,-81.65367889404297,-55.594722747802734));
#97=VERTEX_POINT('',#96);
#98=CARTESIAN_POINT('',(-57.52457046508789,-78.64952087402344,-46.96862030029297));
#99=VERTEX_POINT('',#98);
#100=CARTESIAN_POINT('',(-57.52457046508789,-78.64952087402344,-55.594722747802734));
#101=VERTEX_POINT('',#100);
#102=CARTESIAN_POINT('',(-60.22029113769531,-75.49706268310547,-46.96862030029297));
#103=VERTEX_POINT('',#102);
#104=CARTESIAN_POINT('',(-60.22029113769531,-75.49706268310547,-55.594722747802734));
#105=VERTEX_POINT('',#104);
#106=CARTESIAN_POINT('',(-62.76143264770508,-72.20439910888672,-46.96862030029297));
#107=VERTEX_POINT('',#106);
#108=CARTESIAN_POINT('',(-62.76143264770508,-72.20439910888672,-55.594722747802734));
#109=VERTEX_POINT('',#108);
#110=CARTESIAN_POINT('',(-65.14147186279297,-68.77997589111328,-46.96862030029297));
#111=VERTEX_POINT('',#110);
#112=CARTESIAN_POINT('',(-65.14147186279297,-68.77997589111328,-55.594722747802734));
#113=VERTEX_POINT('',#112);
#114=CARTESIAN_POINT('',(-67.35428619384766,-65.23258972167969,-55.594722747802734));
#115=VERTEX_POINT('',#114);
#116=CARTESIAN_POINT('',(-67.35428619384766,-65.23258972167969,-46.96862030029297));
#117=VERTEX_POINT('',#116);
#118=CARTESIAN_POINT('',(-69.39419555664062,-61.57133483886719,-55.594722747802734));
#119=VERTEX_POINT('',#118);
#120=CARTESIAN_POINT('',(-69.39419555664062,-61.57133483886719,-46.96862030029297));
#121=VERTEX_POINT('',#120);
#122=CARTESIAN_POINT('',(-71.2559814453125,-57.80561828613281,-55.594722747802734));
#123=VERTEX_POINT('',#122);
#124=CARTESIAN_POINT('',(-71.2559814453125,-57.80561828613281,-46.96862030029297));
#125=VERTEX_POINT('',#124);
#126=CARTESIAN_POINT('',(-72.93486022949219,-53.945106506347656,-55.594722747802734));
#127=VERTEX_POINT('',#126);
#128=CARTESIAN_POINT('',(-72.93486022949219,-53.945106506347656,-46.96862030029297));
#129=VERTEX_POINT('',#128);
#130=CARTESIAN_POINT('',(-74.42649841308594,-49.999717712402344,-55.594722747802734));
#131=VERTEX_POINT('',#130);
#132=CARTESIAN_POINT('',(-74.42649841308594,-49.999717712402344,-46.96862030029297));
#133=VERTEX_POINT('',#132);
#134=CARTESIAN_POINT('',(-75.72708892822266,-45.97956085205078,-55.594722747802734));
#135=VERTEX_POINT('',#134);
#136=CARTESIAN_POINT('',(-75.72708892822266,-45.97956085205078,-46.96862030029297));
#137=VERTEX_POINT('',#136);
#138=CARTESIAN_POINT('',(-76.83329772949219,-41.89496612548828,-55.594722747802734));
#139=VERTEX_POINT('',#138);
#140=CARTESIAN_POINT('',(-76.83329772949219,-41.89496612548828,-46.96862030029297));
#141=VERTEX_POINT('',#140);
#142=CARTESIAN_POINT('',(-77.74227142333984,-37.75641632080078,-55.594722747802734));
#143=VERTEX_POINT('',#142);
#144=CARTESIAN_POINT('',(-77.74227142333984,-37.75641632080078,-46.96862030029297));
#145=VERTEX_POINT('',#144);
#146=CARTESIAN_POINT('',(-78.45169067382812,-33.57453918457031,-55.594722747802734));
#147=VERTEX_POINT('',#146);
#148=CARTESIAN_POINT('',(-78.45169067382812,-33.57453918457031,-46.96862030029297));
#149=VERTEX_POINT('',#148);
#150=CARTESIAN_POINT('',(-78.959716796875,-29.360065460205078,-55.594722747802734));
#151=VERTEX_POINT('',#150);
#152=CARTESIAN_POINT('',(-78.959716796875,-29.360065460205078,-46.96862030029297));
#153=VERTEX_POINT('',#152);
#154=CARTESIAN_POINT('',(-79.26506042480469,-25.123821258544922,-55.594722747802734));
#155=VERTEX_POINT('',#154);
#156=CARTESIAN_POINT('',(-79.26506042480469,-25.123821258544922,-46.96862030029297));
#157=VERTEX_POINT('',#156);
#158=CARTESIAN_POINT('',(-79.3669204711914,-20.876667022705078,-55.594722747802734));
#159=VERTEX_POINT('',#158);
#160=CARTESIAN_POINT('',(-79.3669204711914,-20.876667022705078,-46.96862030029297));
#161=VERTEX_POINT('',#160);
#162=CARTESIAN_POINT('',(72.93487548828125,-53.945106506347656,-55.594722747802734));
#163=VERTEX_POINT('',#162);
#164=CARTESIAN_POINT('',(71.2560043334961,-57.80561828613281,-55.594722747802734));
#165=VERTEX_POINT('',#164);
#166=CARTESIAN_POINT('',(69.39422607421875,-61.57133483886719,-55.594722747802734));
#167=VERTEX_POINT('',#166);
#168=CARTESIAN_POINT('',(67.35430145263672,-65.23258972167969,-55.594722747802734));
#169=VERTEX_POINT('',#168);
#170=CARTESIAN_POINT('',(65.14148712158203,-68.77997589111328,-55.594722747802734));
#171=VERTEX_POINT('',#170);
#172=CARTESIAN_POINT('',(62.761451721191406,-72.20439910888672,-55.594722747802734));
#173=VERTEX_POINT('',#172);
#174=CARTESIAN_POINT('',(60.220314025878906,-75.49706268310547,-55.594722747802734));
#175=VERTEX_POINT('',#174);
#176=CARTESIAN_POINT('',(57.52458572387695,-78.64952087402344,-55.594722747802734));
#177=VERTEX_POINT('',#176);
#178=CARTESIAN_POINT('',(54.68120193481445,-81.65367889404297,-55.594722747802734));
#179=VERTEX_POINT('',#178);
#180=CARTESIAN_POINT('',(51.697444915771484,-84.5018310546875,-55.594722747802734));
#181=VERTEX_POINT('',#180);
#182=CARTESIAN_POINT('',(48.58097839355469,-87.18663787841797,-55.594722747802734));
#183=VERTEX_POINT('',#182);
#184=CARTESIAN_POINT('',(45.339813232421875,-89.70123291015625,-55.594722747802734));
#185=VERTEX_POINT('',#184);
#186=CARTESIAN_POINT('',(41.982261657714844,-92.0391616821289,-55.594722747802734));
#187=VERTEX_POINT('',#186);
#188=CARTESIAN_POINT('',(38.51694107055664,-94.19441986083984,-55.594722747802734));
#189=VERTEX_POINT('',#188);
#190=CARTESIAN_POINT('',(34.95274353027344,-96.16146850585938,-55.594722747802734));
#191=VERTEX_POINT('',#190);
#192=CARTESIAN_POINT('',(31.298826217651367,-97.93525695800781,-55.594722747802734));
#193=VERTEX_POINT('',#192);
#194=CARTESIAN_POINT('',(27.564565658569336,-99.51124572753906,-55.594722747802734));
#195=VERTEX_POINT('',#194);
#196=CARTESIAN_POINT('',(23.759544372558594,-100.8853759765625,-55.594722747802734));
#197=VERTEX_POINT('',#196);
#198=CARTESIAN_POINT('',(19.893535614013672,-102.05413055419922,-55.594722747802734));
#199=VERTEX_POINT('',#198);
#200=CARTESIAN_POINT('',(15.976456642150879,-103.01449584960938,-55.594722747802734));
#201=VERTEX_POINT('',#200);
#202=CARTESIAN_POINT('',(12.0183687210083,-103.76402282714844,-55.594722747802734));
#203=VERTEX_POINT('',#202);
#204=CARTESIAN_POINT('',(8.029430389404297,-104.30077362060547,-55.594722747802734));
#205=VERTEX_POINT('',#204);
#206=CARTESIAN_POINT('',(4.019880771636963,-104.62337493896484,-55.594722747802734));
#207=VERTEX_POINT('',#206);
#208=CARTESIAN_POINT('',(-79.26506042480469,56.49679946899414,-55.594722747802734));
#209=VERTEX_POINT('',#208);
#210=CARTESIAN_POINT('',(-78.959716796875,60.733055114746094,-55.594722747802734));
#211=VERTEX_POINT('',#210);
#212=CARTESIAN_POINT('',(-78.45169067382812,64.94752502441406,-55.594722747802734));
#213=VERTEX_POINT('',#212);
#214=CARTESIAN_POINT('',(-77.74227142333984,69.12940979003906,-55.594722747802734));
#215=VERTEX_POINT('',#214);
#216=CARTESIAN_POINT('',(-76.83329772949219,73.26795959472656,-55.594722747802734));
#217=VERTEX_POINT('',#216);
#218=CARTESIAN_POINT('',(-75.72708892822266,77.3525390625,-55.594722747802734));
#219=VERTEX_POINT('',#218);
#220=CARTESIAN_POINT('',(-74.42649841308594,81.37269592285156,-55.594722747802734));
#221=VERTEX_POINT('',#220);
#222=CARTESIAN_POINT('',(-72.93486022949219,85.31809997558594,-55.594722747802734));
#223=VERTEX_POINT('',#222);
#224=CARTESIAN_POINT('',(-71.2559814453125,89.1786117553711,-55.594722747802734));
#225=VERTEX_POINT('',#224);
#226=CARTESIAN_POINT('',(-69.39419555664062,92.94432830810547,-55.594722747802734));
#227=VERTEX_POINT('',#226);
#228=CARTESIAN_POINT('',(-67.35428619384766,96.60558319091797,-55.594722747802734));
#229=VERTEX_POINT('',#228);
#230=CARTESIAN_POINT('',(-65.14147186279297,100.1529541015625,-55.594722747802734));
#231=VERTEX_POINT('',#230);
#232=CARTESIAN_POINT('',(-62.76143264770508,103.57738494873047,-55.594722747802734));
#233=VERTEX_POINT('',#232);
#234=CARTESIAN_POINT('',(-60.22029113769531,106.87005615234375,-55.594722747802734));
#235=VERTEX_POINT('',#234);
#236=CARTESIAN_POINT('',(-57.52457046508789,110.02250671386719,-55.594722747802734));
#237=VERTEX_POINT('',#236);
#238=CARTESIAN_POINT('',(-54.68117904663086,113.02667236328125,-55.594722747802734));
#239=VERTEX_POINT('',#238);
#240=CARTESIAN_POINT('',(-51.697425842285156,115.87480926513672,-55.594722747802734));
#241=VERTEX_POINT('',#240);
#242=CARTESIAN_POINT('',(-48.58095932006836,118.55961608886719,-55.594722747802734));
#243=VERTEX_POINT('',#242);
#244=CARTESIAN_POINT('',(-45.33979034423828,121.07421875,-55.594722747802734));
#245=VERTEX_POINT('',#244);
#246=CARTESIAN_POINT('',(-41.982242584228516,123.41215515136719,-55.594722747802734));
#247=VERTEX_POINT('',#246);
#248=CARTESIAN_POINT('',(-38.51691818237305,125.56739807128906,-55.594722747802734));
#249=VERTEX_POINT('',#248);
#250=CARTESIAN_POINT('',(-34.95272445678711,127.53445434570312,-55.594722747802734));
#251=VERTEX_POINT('',#250);
#252=CARTESIAN_POINT('',(-31.298799514770508,129.3082275390625,-55.594722747802734));
#253=VERTEX_POINT('',#252);
#254=CARTESIAN_POINT('',(-27.56454086303711,130.8842315673828,-55.594722747802734));
#255=VERTEX_POINT('',#254);
#256=CARTESIAN_POINT('',(-23.759517669677734,132.25836181640625,-55.594722747802734));
#257=VERTEX_POINT('',#256);
#258=CARTESIAN_POINT('',(-19.89351463317871,133.4271240234375,-55.594722747802734));
#259=VERTEX_POINT('',#258);
#260=CARTESIAN_POINT('',(-15.976433753967285,134.38748168945312,-55.594722747802734));
#261=VERTEX_POINT('',#260);
#262=CARTESIAN_POINT('',(-12.018346786499023,135.1370086669922,-55.594722747802734));
#263=VERTEX_POINT('',#262);
#264=CARTESIAN_POINT('',(-8.02940845489502,135.6737518310547,-55.594722747802734));
#265=VERTEX_POINT('',#264);
#266=CARTESIAN_POINT('',(-4.019857883453369,135.99636840820312,-55.594722747802734));
#267=VERTEX_POINT('',#266);
#268=CARTESIAN_POINT('',(-5.789027909486322E-06,136.10397338867188,-55.594722747802734));
#269=VERTEX_POINT('',#268);
#270=CARTESIAN_POINT('',(4.019880771636963,135.99636840820312,-55.594722747802734));
#271=VERTEX_POINT('',#270);
#272=CARTESIAN_POINT('',(8.029430389404297,135.6737518310547,-55.594722747802734));
#273=VERTEX_POINT('',#272);
#274=CARTESIAN_POINT('',(12.0183687210083,135.1370086669922,-55.594722747802734));
#275=VERTEX_POINT('',#274);
#276=CARTESIAN_POINT('',(15.976456642150879,134.38748168945312,-55.594722747802734));
#277=VERTEX_POINT('',#276);
#278=CARTESIAN_POINT('',(19.893535614013672,133.4271240234375,-55.594722747802734));
#279=VERTEX_POINT('',#278);
#280=CARTESIAN_POINT('',(23.759544372558594,132.25836181640625,-55.594722747802734));
#281=VERTEX_POINT('',#280);
#282=CARTESIAN_POINT('',(27.564565658569336,130.8842315673828,-55.594722747802734));
#283=VERTEX_POINT('',#282);
#284=CARTESIAN_POINT('',(31.298826217651367,129.3082275390625,-55.594722747802734));
#285=VERTEX_POINT('',#284);
#286=CARTESIAN_POINT('',(34.95274353027344,127.53445434570312,-55.594722747802734));
#287=VERTEX_POINT('',#286);
#288=CARTESIAN_POINT('',(38.51694107055664,125.56739807128906,-55.594722747802734));
#289=VERTEX_POINT('',#288);
#290=CARTESIAN_POINT('',(41.982261657714844,123.41215515136719,-55.594722747802734));
#291=VERTEX_POINT('',#290);
#292=CARTESIAN_POINT('',(45.339813232421875,121.07421875,-55.594722747802734));
#293=VERTEX_POINT('',#292);
#294=CARTESIAN_POINT('',(48.58097839355469,118.55961608886719,-55.594722747802734));
#295=VERTEX_POINT('',#294);
#296=CARTESIAN_POINT('',(51.697444915771484,115.87480926513672,-55.594722747802734));
#297=VERTEX_POINT('',#296);
#298=CARTESIAN_POINT('',(54.68120193481445,113.02667236328125,-55.594722747802734));
#299=VERTEX_POINT('',#298);
#300=CARTESIAN_POINT('',(57.52458572387695,110.02250671386719,-55.594722747802734));
#301=VERTEX_POINT('',#300);
#302=CARTESIAN_POINT('',(60.220314025878906,106.87005615234375,-55.594722747802734));
#303=VERTEX_POINT('',#302);
#304=CARTESIAN_POINT('',(62.761451721191406,103.57738494873047,-55.594722747802734));
#305=VERTEX_POINT('',#304);
#306=CARTESIAN_POINT('',(65.14148712158203,100.1529541015625,-55.594722747802734));
#307=VERTEX_POINT('',#306);
#308=CARTESIAN_POINT('',(67.35430145263672,96.60558319091797,-55.594722747802734));
#309=VERTEX_POINT('',#308);
#310=CARTESIAN_POINT('',(69.39422607421875,92.94432830810547,-55.594722747802734));
#311=VERTEX_POINT('',#310);
#312=CARTESIAN_POINT('',(71.2560043334961,89.1786117553711,-55.594722747802734));
#313=VERTEX_POINT('',#312);
#314=CARTESIAN_POINT('',(72.93487548828125,85.31809997558594,-55.594722747802734));
#315=VERTEX_POINT('',#314);
#316=CARTESIAN_POINT('',(74.42652130126953,81.37269592285156,-55.594722747802734));
#317=VERTEX_POINT('',#316);
#318=CARTESIAN_POINT('',(75.72711944580078,77.3525390625,-55.594722747802734));
#319=VERTEX_POINT('',#318);
#320=CARTESIAN_POINT('',(76.83332061767578,73.26795959472656,-55.594722747802734));
#321=VERTEX_POINT('',#320);
#322=CARTESIAN_POINT('',(77.74229431152344,69.12940979003906,-55.594722747802734));
#323=VERTEX_POINT('',#322);
#324=CARTESIAN_POINT('',(78.45171356201172,64.94752502441406,-55.594722747802734));
#325=VERTEX_POINT('',#324);
#326=CARTESIAN_POINT('',(78.9597396850586,60.733055114746094,-55.594722747802734));
#327=VERTEX_POINT('',#326);
#328=CARTESIAN_POINT('',(79.26507568359375,56.49679946899414,-55.594722747802734));
#329=VERTEX_POINT('',#328);
#330=CARTESIAN_POINT('',(79.36693572998047,-20.876667022705078,-55.594722747802734));
#331=VERTEX_POINT('',#330);
#332=CARTESIAN_POINT('',(79.26507568359375,-25.123821258544922,-55.594722747802734));
#333=VERTEX_POINT('',#332);
#334=CARTESIAN_POINT('',(78.9597396850586,-29.360065460205078,-55.594722747802734));
#335=VERTEX_POINT('',#334);
#336=CARTESIAN_POINT('',(78.45171356201172,-33.57453918457031,-55.594722747802734));
#337=VERTEX_POINT('',#336);
#338=CARTESIAN_POINT('',(77.74229431152344,-37.75641632080078,-55.594722747802734));
#339=VERTEX_POINT('',#338);
#340=CARTESIAN_POINT('',(76.83332061767578,-41.89496612548828,-55.594722747802734));
#341=VERTEX_POINT('',#340);
#342=CARTESIAN_POINT('',(75.72711944580078,-45.97956085205078,-55.594722747802734));
#343=VERTEX_POINT('',#342);
#344=CARTESIAN_POINT('',(74.42652130126953,-49.999717712402344,-55.594722747802734));
#345=VERTEX_POINT('',#344);
#346=CARTESIAN_POINT('',(-78.959716796875,60.733055114746094,-46.96862030029297));
#347=VERTEX_POINT('',#346);
#348=CARTESIAN_POINT('',(-79.26506042480469,56.49679946899414,-46.96862030029297));
#349=VERTEX_POINT('',#348);
#350=CARTESIAN_POINT('',(4.019880771636963,-104.62337493896484,-46.96862030029297));
#351=VERTEX_POINT('',#350);
#352=CARTESIAN_POINT('',(8.029430389404297,-104.30077362060547,-46.96862030029297));
#353=VERTEX_POINT('',#352);
#354=CARTESIAN_POINT('',(12.0183687210083,-103.76402282714844,-46.96862030029297));
#355=VERTEX_POINT('',#354);
#356=CARTESIAN_POINT('',(15.976456642150879,-103.01449584960938,-46.96862030029297));
#357=VERTEX_POINT('',#356);
#358=CARTESIAN_POINT('',(19.893535614013672,-102.05413055419922,-46.96862030029297));
#359=VERTEX_POINT('',#358);
#360=CARTESIAN_POINT('',(23.759544372558594,-100.8853759765625,-46.96862030029297));
#361=VERTEX_POINT('',#360);
#362=CARTESIAN_POINT('',(27.564565658569336,-99.51124572753906,-46.96862030029297));
#363=VERTEX_POINT('',#362);
#364=CARTESIAN_POINT('',(31.298826217651367,-97.93525695800781,-46.96862030029297));
#365=VERTEX_POINT('',#364);
#366=CARTESIAN_POINT('',(34.95274353027344,-96.16146850585938,-46.96862030029297));
#367=VERTEX_POINT('',#366);
#368=CARTESIAN_POINT('',(38.51694107055664,-94.19441986083984,-46.96862030029297));
#369=VERTEX_POINT('',#368);
#370=CARTESIAN_POINT('',(41.982261657714844,-92.0391616821289,-46.96862030029297));
#371=VERTEX_POINT('',#370);
#372=CARTESIAN_POINT('',(45.339813232421875,-89.70123291015625,-46.96862030029297));
#373=VERTEX_POINT('',#372);
#374=CARTESIAN_POINT('',(48.58097839355469,-87.18663787841797,-46.96862030029297));
#375=VERTEX_POINT('',#374);
#376=CARTESIAN_POINT('',(51.697444915771484,-84.5018310546875,-46.96862030029297));
#377=VERTEX_POINT('',#376);
#378=CARTESIAN_POINT('',(54.68120193481445,-81.65367889404297,-46.96862030029297));
#379=VERTEX_POINT('',#378);
#380=CARTESIAN_POINT('',(57.52458572387695,-78.64952087402344,-46.96862030029297));
#381=VERTEX_POINT('',#380);
#382=CARTESIAN_POINT('',(60.220314025878906,-75.49706268310547,-46.96862030029297));
#383=VERTEX_POINT('',#382);
#384=CARTESIAN_POINT('',(62.761451721191406,-72.20439910888672,-46.96862030029297));
#385=VERTEX_POINT('',#384);
#386=CARTESIAN_POINT('',(65.14148712158203,-68.77997589111328,-46.96862030029297));
#387=VERTEX_POINT('',#386);
#388=CARTESIAN_POINT('',(67.35430145263672,-65.23258972167969,-46.96862030029297));
#389=VERTEX_POINT('',#388);
#390=CARTESIAN_POINT('',(69.39422607421875,-61.57133483886719,-46.96862030029297));
#391=VERTEX_POINT('',#390);
#392=CARTESIAN_POINT('',(71.2560043334961,-57.80561828613281,-46.96862030029297));
#393=VERTEX_POINT('',#392);
#394=CARTESIAN_POINT('',(72.93487548828125,-53.945106506347656,-46.96862030029297));
#395=VERTEX_POINT('',#394);
#396=CARTESIAN_POINT('',(74.42652130126953,-49.999717712402344,-46.96862030029297));
#397=VERTEX_POINT('',#396);
#398=CARTESIAN_POINT('',(75.72711944580078,-45.97956085205078,-46.96862030029297));
#399=VERTEX_POINT('',#398);
#400=CARTESIAN_POINT('',(76.83332061767578,-41.89496612548828,-46.96862030029297));
#401=VERTEX_POINT('',#400);
#402=CARTESIAN_POINT('',(77.74229431152344,-37.75641632080078,-46.96862030029297));
#403=VERTEX_POINT('',#402);
#404=CARTESIAN_POINT('',(78.45171356201172,-33.57453918457031,-46.96862030029297));
#405=VERTEX_POINT('',#404);
#406=CARTESIAN_POINT('',(78.9597396850586,-29.360065460205078,-46.96862030029297));
#407=VERTEX_POINT('',#406);
#408=CARTESIAN_POINT('',(79.26507568359375,-25.123821258544922,-46.96862030029297));
#409=VERTEX_POINT('',#408);
#410=CARTESIAN_POINT('',(79.36693572998047,-20.876667022705078,-46.96862030029297));
#411=VERTEX_POINT('',#410);
#412=CARTESIAN_POINT('',(79.26507568359375,56.49679946899414,-46.96862030029297));
#413=VERTEX_POINT('',#412);
#414=CARTESIAN_POINT('',(78.9597396850586,60.733055114746094,-46.96862030029297));
#415=VERTEX_POINT('',#414);
#416=CARTESIAN_POINT('',(78.45171356201172,64.94752502441406,-46.96862030029297));
#417=VERTEX_POINT('',#416);
#418=CARTESIAN_POINT('',(77.74229431152344,69.12940979003906,-46.96862030029297));
#419=VERTEX_POINT('',#418);
#420=CARTESIAN_POINT('',(76.83332061767578,73.26795959472656,-46.96862030029297));
#421=VERTEX_POINT('',#420);
#422=CARTESIAN_POINT('',(75.72711944580078,77.3525390625,-46.96862030029297));
#423=VERTEX_POINT('',#422);
#424=CARTESIAN_POINT('',(74.42652130126953,81.37269592285156,-46.96862030029297));
#425=VERTEX_POINT('',#424);
#426=CARTESIAN_POINT('',(72.93487548828125,85.31809997558594,-46.96862030029297));
#427=VERTEX_POINT('',#426);
#428=CARTESIAN_POINT('',(71.2560043334961,89.1786117553711,-46.96862030029297));
#429=VERTEX_POINT('',#428);
#430=CARTESIAN_POINT('',(69.39422607421875,92.94432830810547,-46.96862030029297));
#431=VERTEX_POINT('',#430);
#432=CARTESIAN_POINT('',(67.35430145263672,96.60558319091797,-46.96862030029297));
#433=VERTEX_POINT('',#432);
#434=CARTESIAN_POINT('',(65.14148712158203,100.1529541015625,-46.96862030029297));
#435=VERTEX_POINT('',#434);
#436=CARTESIAN_POINT('',(62.761451721191406,103.57738494873047,-46.96862030029297));
#437=VERTEX_POINT('',#436);
#438=CARTESIAN_POINT('',(60.220314025878906,106.87005615234375,-46.96862030029297));
#439=VERTEX_POINT('',#438);
#440=CARTESIAN_POINT('',(57.52458572387695,110.02250671386719,-46.96862030029297));
#441=VERTEX_POINT('',#440);
#442=CARTESIAN_POINT('',(54.68120193481445,113.02667236328125,-46.96862030029297));
#443=VERTEX_POINT('',#442);
#444=CARTESIAN_POINT('',(51.697444915771484,115.87480926513672,-46.96862030029297));
#445=VERTEX_POINT('',#444);
#446=CARTESIAN_POINT('',(48.58097839355469,118.55961608886719,-46.96862030029297));
#447=VERTEX_POINT('',#446);
#448=CARTESIAN_POINT('',(45.339813232421875,121.07421875,-46.96862030029297));
#449=VERTEX_POINT('',#448);
#450=CARTESIAN_POINT('',(41.982261657714844,123.41215515136719,-46.96862030029297));
#451=VERTEX_POINT('',#450);
#452=CARTESIAN_POINT('',(38.51694107055664,125.56739807128906,-46.96862030029297));
#453=VERTEX_POINT('',#452);
#454=CARTESIAN_POINT('',(34.95274353027344,127.53445434570312,-46.96862030029297));
#455=VERTEX_POINT('',#454);
#456=CARTESIAN_POINT('',(31.298826217651367,129.3082275390625,-46.96862030029297));
#457=VERTEX_POINT('',#456);
#458=CARTESIAN_POINT('',(27.564565658569336,130.8842315673828,-46.96862030029297));
#459=VERTEX_POINT('',#458);
#460=CARTESIAN_POINT('',(23.759544372558594,132.25836181640625,-46.96862030029297));
#461=VERTEX_POINT('',#460);
#462=CARTESIAN_POINT('',(19.893535614013672,133.4271240234375,-46.96862030029297));
#463=VERTEX_POINT('',#462);
#464=CARTESIAN_POINT('',(15.976456642150879,134.38748168945312,-46.96862030029297));
#465=VERTEX_POINT('',#464);
#466=CARTESIAN_POINT('',(12.0183687210083,135.1370086669922,-46.96862030029297));
#467=VERTEX_POINT('',#466);
#468=CARTESIAN_POINT('',(8.029430389404297,135.6737518310547,-46.96862030029297));
#469=VERTEX_POINT('',#468);
#470=CARTESIAN_POINT('',(4.019880771636963,135.99636840820312,-46.96862030029297));
#471=VERTEX_POINT('',#470);
#472=CARTESIAN_POINT('',(-6.071413281460991E-06,136.10397338867188,-46.96862030029297));
#473=VERTEX_POINT('',#472);
#474=CARTESIAN_POINT('',(-4.019857883453369,135.99636840820312,-46.96862030029297));
#475=VERTEX_POINT('',#474);
#476=CARTESIAN_POINT('',(-8.02940845489502,135.6737518310547,-46.96862030029297));
#477=VERTEX_POINT('',#476);
#478=CARTESIAN_POINT('',(-12.018346786499023,135.1370086669922,-46.96862030029297));
#479=VERTEX_POINT('',#478);
#480=CARTESIAN_POINT('',(-15.976433753967285,134.38748168945312,-46.96862030029297));
#481=VERTEX_POINT('',#480);
#482=CARTESIAN_POINT('',(-19.89351463317871,133.4271240234375,-46.96862030029297));
#483=VERTEX_POINT('',#482);
#484=CARTESIAN_POINT('',(-23.759517669677734,132.25836181640625,-46.96862030029297));
#485=VERTEX_POINT('',#484);
#486=CARTESIAN_POINT('',(-27.56454086303711,130.8842315673828,-46.96862030029297));
#487=VERTEX_POINT('',#486);
#488=CARTESIAN_POINT('',(-31.298799514770508,129.3082275390625,-46.96862030029297));
#489=VERTEX_POINT('',#488);
#490=CARTESIAN_POINT('',(-34.95272445678711,127.53445434570312,-46.96862030029297));
#491=VERTEX_POINT('',#490);
#492=CARTESIAN_POINT('',(-38.51691818237305,125.56739807128906,-46.96862030029297));
#493=VERTEX_POINT('',#492);
#494=CARTESIAN_POINT('',(-41.982242584228516,123.41215515136719,-46.96862030029297));
#495=VERTEX_POINT('',#494);
#496=CARTESIAN_POINT('',(-45.33979034423828,121.07421875,-46.96862030029297));
#497=VERTEX_POINT('',#496);
#498=CARTESIAN_POINT('',(-48.58095932006836,118.55961608886719,-46.96862030029297));
#499=VERTEX_POINT('',#498);
#500=CARTESIAN_POINT('',(-51.697425842285156,115.87480926513672,-46.96862030029297));
#501=VERTEX_POINT('',#500);
#502=CARTESIAN_POINT('',(-54.68117904663086,113.02667236328125,-46.96862030029297));
#503=VERTEX_POINT('',#502);
#504=CARTESIAN_POINT('',(-57.52457046508789,110.02250671386719,-46.96862030029297));
#505=VERTEX_POINT('',#504);
#506=CARTESIAN_POINT('',(-60.22029113769531,106.87005615234375,-46.96862030029297));
#507=VERTEX_POINT('',#506);
#508=CARTESIAN_POINT('',(-62.76143264770508,103.57738494873047,-46.96862030029297));
#509=VERTEX_POINT('',#508);
#510=CARTESIAN_POINT('',(-65.14147186279297,100.1529541015625,-46.96862030029297));
#511=VERTEX_POINT('',#510);
#512=CARTESIAN_POINT('',(-67.35428619384766,96.60558319091797,-46.96862030029297));
#513=VERTEX_POINT('',#512);
#514=CARTESIAN_POINT('',(-69.39419555664062,92.94432830810547,-46.96862030029297));
#515=VERTEX_POINT('',#514);
#516=CARTESIAN_POINT('',(-71.2559814453125,89.1786117553711,-46.96862030029297));
#517=VERTEX_POINT('',#516);
#518=CARTESIAN_POINT('',(-72.93486022949219,85.31809997558594,-46.96862030029297));
#519=VERTEX_POINT('',#518);
#520=CARTESIAN_POINT('',(-74.42649841308594,81.37269592285156,-46.96862030029297));
#521=VERTEX_POINT('',#520);
#522=CARTESIAN_POINT('',(-75.72708892822266,77.3525390625,-46.96862030029297));
#523=VERTEX_POINT('',#522);
#524=CARTESIAN_POINT('',(-76.83329772949219,73.26795959472656,-46.96862030029297));
#525=VERTEX_POINT('',#524);
#526=CARTESIAN_POINT('',(-77.74227142333984,69.12940979003906,-46.96862030029297));
#527=VERTEX_POINT('',#526);
#528=CARTESIAN_POINT('',(-78.45169067382812,64.94752502441406,-46.96862030029297));
#529=VERTEX_POINT('',#528);
#530=FACE_SURFACE('',(#535),#531,.T.);
#531=PLANE('',#532);
#532=AXIS2_PLACEMENT_3D('',#34,#533,#534);
#533=DIRECTION('',(-0.026762609817596376,-0.9996418172104203,-0));
#534=DIRECTION('',(0,0,-1));
#535=FACE_BOUND('',#536,.T.);
#536=EDGE_LOOP('',(#537,#538,#539));
#537=ORIENTED_EDGE('',*,*,#540,.T.);
#538=ORIENTED_EDGE('',*,*,#541,.T.);
#539=ORIENTED_EDGE('',*,*,#542,.T.);
#540=EDGE_CURVE('',#35,#37,#543,.F.);
#541=EDGE_CURVE('',#37,#39,#544,.T.);
#542=EDGE_CURVE('',#39,#35,#545,.T.);
#543=LINE('',#34,#546);
#544=LINE('',#36,#547);
#545=LINE('',#38,#548);
#546=VECTOR('',#549,1.0);
#547=VECTOR('',#550,1.0);
#548=VECTOR('',#551,1.0);
#549=DIRECTION('',(0,0,-1));
#550=DIRECTION('',(0.9996418172104202,-0.026762609817596372,0));
#551=DIRECTION('',(-0.4223696771891894,0.011307765116251664,0.9063531266781043));
#552=FACE_SURFACE('',(#557),#553,.T.);
#553=PLANE('',#554);
#554=AXIS2_PLACEMENT_3D('',#34,#555,#556);
#555=DIRECTION('',(-0.026762595835880153,-0.9996418175847415,6.520290521151812E-09));
#556=DIRECTION('',(0.4223696771891894,-0.011307765116251664,-0.9063531266781043));
#557=FACE_BOUND('',#558,.T.);
#558=EDGE_LOOP('',(#559,#560,#561));
#559=ORIENTED_EDGE('',*,*,#562,.T.);
#560=ORIENTED_EDGE('',*,*,#563,.T.);
#561=ORIENTED_EDGE('',*,*,#564,.T.);
#562=EDGE_CURVE('',#35,#39,#565,.F.);
#563=EDGE_CURVE('',#39,#41,#566,.T.);
#564=EDGE_CURVE('',#41,#35,#567,.T.);
#565=LINE('',#34,#568);
#566=LINE('',#38,#569);
#567=LINE('',#40,#570);
#568=VECTOR('',#571,1.0);
#569=VECTOR('',#572,1.0);
#570=VECTOR('',#573,1.0);
#571=DIRECTION('',(0.4223696771891894,-0.011307765116251664,-0.9063531266781043));
#572=DIRECTION('',(2.4363445767133686E-07,0,0.9999999999999704));
#573=DIRECTION('',(-0.9996418175847414,0.026762595835880157,0));
#574=FACE_SURFACE('',(#579),#575,.T.);
#575=PLANE('',#576);
#576=AXIS2_PLACEMENT_3D('',#42,#577,#578);
#577=DIRECTION('',(-0.08019905750445544,-0.9967788677411841,-0));
#578=DIRECTION('',(0,0,-1));
#579=FACE_BOUND('',#580,.T.);
#580=EDGE_LOOP('',(#581,#582,#583));
#581=ORIENTED_EDGE('',*,*,#584,.T.);
#582=ORIENTED_EDGE('',*,*,#585,.T.);
#583=ORIENTED_EDGE('',*,*,#586,.T.);
#584=EDGE_CURVE('',#43,#45,#587,.F.);
#585=EDGE_CURVE('',#45,#37,#588,.T.);
#586=EDGE_CURVE('',#37,#43,#589,.T.);
#587=LINE('',#42,#590);
#588=LINE('',#44,#591);
#589=LINE('',#36,#592);
#590=VECTOR('',#593,1.0);
#591=VECTOR('',#594,1.0);
#592=VECTOR('',#595,1.0);
#593=DIRECTION('',(0,0,-1));
#594=DIRECTION('',(0.9967788677411841,-0.08019905750445544,0));
#595=DIRECTION('',(-0.4212646917351249,0.03389420896695247,0.9063041664341034));
#596=FACE_SURFACE('',(#601),#597,.T.);
#597=PLANE('',#598);
#598=AXIS2_PLACEMENT_3D('',#42,#599,#600);
#599=DIRECTION('',(-0.08019905750445544,-0.9967788677411841,0));
#600=DIRECTION('',(0.4212646917351249,-0.03389420896695247,-0.9063041664341034));
#601=FACE_BOUND('',#602,.T.);
#602=EDGE_LOOP('',(#603,#604,#605));
#603=ORIENTED_EDGE('',*,*,#606,.T.);
#604=ORIENTED_EDGE('',*,*,#607,.T.);
#605=ORIENTED_EDGE('',*,*,#608,.T.);
#606=EDGE_CURVE('',#43,#37,#609,.F.);
#607=EDGE_CURVE('',#37,#35,#610,.T.);
#608=EDGE_CURVE('',#35,#43,#611,.T.);
#609=LINE('',#42,#612);
#610=LINE('',#36,#613);
#611=LINE('',#34,#614);
#612=VECTOR('',#615,1.0);
#613=VECTOR('',#616,1.0);
#614=VECTOR('',#617,1.0);
#615=DIRECTION('',(0.4212646917351249,-0.03389420896695247,-0.9063041664341034));
#616=DIRECTION('',(0,0,1));
#617=DIRECTION('',(-0.9967788677411841,0.08019905750445544,0));
#618=FACE_SURFACE('',(#623),#619,.T.);
#619=PLANE('',#620);
#620=AXIS2_PLACEMENT_3D('',#46,#621,#622);
#621=DIRECTION('',(-0.13335791635461922,-0.9910679422449071,-0));
#622=DIRECTION('',(0,0,-1));
#623=FACE_BOUND('',#624,.T.);
#624=EDGE_LOOP('',(#625,#626,#627));
#625=ORIENTED_EDGE('',*,*,#628,.T.);
#626=ORIENTED_EDGE('',*,*,#629,.T.);
#627=ORIENTED_EDGE('',*,*,#630,.T.);
#628=EDGE_CURVE('',#47,#49,#631,.F.);
#629=EDGE_CURVE('',#49,#45,#632,.T.);
#630=EDGE_CURVE('',#45,#47,#633,.T.);
#631=LINE('',#46,#634);
#632=LINE('',#48,#635);
#633=LINE('',#44,#636);
#634=VECTOR('',#637,1.0);
#635=VECTOR('',#638,1.0);
#636=VECTOR('',#639,1.0);
#637=DIRECTION('',(0,0,-1));
#638=DIRECTION('',(0.991067942244907,-0.13335791635461922,0));
#639=DIRECTION('',(-0.4190547401722072,0.05638792721042539,0.9062083239543298));
#640=FACE_SURFACE('',(#645),#641,.T.);
#641=PLANE('',#642);
#642=AXIS2_PLACEMENT_3D('',#46,#643,#644);
#643=DIRECTION('',(-0.13335791635461922,-0.9910679422449071,0));
#644=DIRECTION('',(0.4190547401722072,-0.05638792721042539,-0.9062083239543298));
#645=FACE_BOUND('',#646,.T.);
#646=EDGE_LOOP('',(#647,#648,#649));
#647=ORIENTED_EDGE('',*,*,#650,.T.);
#648=ORIENTED_EDGE('',*,*,#651,.T.);
#649=ORIENTED_EDGE('',*,*,#652,.T.);
#650=EDGE_CURVE('',#47,#45,#653,.F.);
#651=EDGE_CURVE('',#45,#43,#654,.T.);
#652=EDGE_CURVE('',#43,#47,#655,.T.);
#653=LINE('',#46,#656);
#654=LINE('',#44,#657);
#655=LINE('',#42,#658);
#656=VECTOR('',#659,1.0);
#657=VECTOR('',#660,1.0);
#658=VECTOR('',#661,1.0);
#659=DIRECTION('',(0.4190547401722072,-0.05638792721042539,-0.9062083239543298));
#660=DIRECTION('',(0,0,1));
#661=DIRECTION('',(-0.991067942244907,0.13335791635461922,0));
#662=FACE_SURFACE('',(#667),#663,.T.);
#663=PLANE('',#664);
#664=AXIS2_PLACEMENT_3D('',#50,#665,#666);
#665=DIRECTION('',(-0.18605935713721197,-0.9825385059231457,-0));
#666=DIRECTION('',(0,0,-1));
#667=FACE_BOUND('',#668,.T.);
#668=EDGE_LOOP('',(#669,#670,#671));
#669=ORIENTED_EDGE('',*,*,#672,.T.);
#670=ORIENTED_EDGE('',*,*,#673,.T.);
#671=ORIENTED_EDGE('',*,*,#674,.T.);
#672=EDGE_CURVE('',#51,#53,#675,.F.);
#673=EDGE_CURVE('',#53,#49,#676,.T.);
#674=EDGE_CURVE('',#49,#51,#677,.T.);
#675=LINE('',#50,#678);
#676=LINE('',#52,#679);
#677=LINE('',#48,#680);
#678=VECTOR('',#681,1.0);
#679=VECTOR('',#682,1.0);
#680=VECTOR('',#683,1.0);
#681=DIRECTION('',(0,0,-1));
#682=DIRECTION('',(0.9825385059231457,-0.186059357137212,0));
#683=DIRECTION('',(-0.4157482665728257,0.0787285737333747,0.9060657760447633));
#684=FACE_SURFACE('',(#689),#685,.T.);
#685=PLANE('',#686);
#686=AXIS2_PLACEMENT_3D('',#50,#687,#688);
#687=DIRECTION('',(-0.18605935713721197,-0.9825385059231457,0));
#688=DIRECTION('',(0.4157482665728257,-0.0787285737333747,-0.9060657760447633));
#689=FACE_BOUND('',#690,.T.);
#690=EDGE_LOOP('',(#691,#692,#693));
#691=ORIENTED_EDGE('',*,*,#694,.T.);
#692=ORIENTED_EDGE('',*,*,#695,.T.);
#693=ORIENTED_EDGE('',*,*,#696,.T.);
#694=EDGE_CURVE('',#51,#49,#697,.F.);
#695=EDGE_CURVE('',#49,#47,#698,.T.);
#696=EDGE_CURVE('',#47,#51,#699,.T.);
#697=LINE('',#50,#700);
#698=LINE('',#48,#701);
#699=LINE('',#46,#702);
#700=VECTOR('',#703,1.0);
#701=VECTOR('',#704,1.0);
#702=VECTOR('',#705,1.0);
#703=DIRECTION('',(0.4157482665728257,-0.0787285737333747,-0.9060657760447633));
#704=DIRECTION('',(0,0,1));
#705=DIRECTION('',(-0.9825385059231457,0.186059357137212,0));
#706=FACE_SURFACE('',(#711),#707,.T.);
#707=PLANE('',#708);
#708=AXIS2_PLACEMENT_3D('',#54,#709,#710);
#709=DIRECTION('',(-0.23812139694305898,-0.9712353990242975,-0));
#710=DIRECTION('',(0,0,-1));
#711=FACE_BOUND('',#712,.T.);
#712=EDGE_LOOP('',(#713,#714,#715));
#713=ORIENTED_EDGE('',*,*,#716,.T.);
#714=ORIENTED_EDGE('',*,*,#717,.T.);
#715=ORIENTED_EDGE('',*,*,#718,.T.);
#716=EDGE_CURVE('',#55,#57,#719,.F.);
#717=EDGE_CURVE('',#57,#53,#720,.T.);
#718=EDGE_CURVE('',#53,#55,#721,.T.);
#719=LINE('',#54,#722);
#720=LINE('',#56,#723);
#721=LINE('',#52,#724);
#722=VECTOR('',#725,1.0);
#723=VECTOR('',#726,1.0);
#724=VECTOR('',#727,1.0);
#725=DIRECTION('',(0,0,-1));
#726=DIRECTION('',(0.9712353990242973,-0.23812139694305898,0));
#727=DIRECTION('',(-0.4113558113269205,0.10085363500158136,0.9058779944311148));
#728=FACE_SURFACE('',(#733),#729,.T.);
#729=PLANE('',#730);
#730=AXIS2_PLACEMENT_3D('',#54,#731,#732);
#731=DIRECTION('',(-0.23812139694305898,-0.9712353990242975,0));
#732=DIRECTION('',(0.4113558113269205,-0.10085363500158136,-0.9058779944311148));
#733=FACE_BOUND('',#734,.T.);
#734=EDGE_LOOP('',(#735,#736,#737));
#735=ORIENTED_EDGE('',*,*,#738,.T.);
#736=ORIENTED_EDGE('',*,*,#739,.T.);
#737=ORIENTED_EDGE('',*,*,#740,.T.);
#738=EDGE_CURVE('',#55,#53,#741,.F.);
#739=EDGE_CURVE('',#53,#51,#742,.T.);
#740=EDGE_CURVE('',#51,#55,#743,.T.);
#741=LINE('',#54,#744);
#742=LINE('',#52,#745);
#743=LINE('',#50,#746);
#744=VECTOR('',#747,1.0);
#745=VECTOR('',#748,1.0);
#746=VECTOR('',#749,1.0);
#747=DIRECTION('',(0.4113558113269205,-0.10085363500158136,-0.9058779944311148));
#748=DIRECTION('',(0,0,1));
#749=DIRECTION('',(-0.9712353990242973,0.23812139694305898,0));
#750=FACE_SURFACE('',(#755),#751,.T.);
#751=PLANE('',#752);
#752=AXIS2_PLACEMENT_3D('',#58,#753,#754);
#753=DIRECTION('',(-0.2893810987232525,-0.9572139675651015,-0));
#754=DIRECTION('',(0,0,-1));
#755=FACE_BOUND('',#756,.T.);
#756=EDGE_LOOP('',(#757,#758,#759));
#757=ORIENTED_EDGE('',*,*,#760,.T.);
#758=ORIENTED_EDGE('',*,*,#761,.T.);
#759=ORIENTED_EDGE('',*,*,#762,.T.);
#760=EDGE_CURVE('',#59,#61,#763,.F.);
#761=EDGE_CURVE('',#61,#57,#764,.T.);
#762=EDGE_CURVE('',#57,#59,#765,.T.);
#763=LINE('',#58,#766);
#764=LINE('',#60,#767);
#765=LINE('',#56,#768);
#766=VECTOR('',#769,1.0);
#767=VECTOR('',#770,1.0);
#768=VECTOR('',#771,1.0);
#769=DIRECTION('',(0,0,-1));
#770=DIRECTION('',(0.9572139675651015,-0.2893810987232525,0));
#771=DIRECTION('',(-0.40588856474963053,0.12270660772453024,0.9056475922930637));
#772=FACE_SURFACE('',(#777),#773,.T.);
#773=PLANE('',#774);
#774=AXIS2_PLACEMENT_3D('',#58,#775,#776);
#775=DIRECTION('',(-0.2893810987232525,-0.9572139675651015,0));
#776=DIRECTION('',(0.40588856474963053,-0.12270660772453024,-0.9056475922930637));
#777=FACE_BOUND('',#778,.T.);
#778=EDGE_LOOP('',(#779,#780,#781));
#779=ORIENTED_EDGE('',*,*,#782,.T.);
#780=ORIENTED_EDGE('',*,*,#783,.T.);
#781=ORIENTED_EDGE('',*,*,#784,.T.);
#782=EDGE_CURVE('',#59,#57,#785,.F.);
#783=EDGE_CURVE('',#57,#55,#786,.T.);
#784=EDGE_CURVE('',#55,#59,#787,.T.);
#785=LINE('',#58,#788);
#786=LINE('',#56,#789);
#787=LINE('',#54,#790);
#788=VECTOR('',#791,1.0);
#789=VECTOR('',#792,1.0);
#790=VECTOR('',#793,1.0);
#791=DIRECTION('',(0.40588856474963053,-0.12270660772453024,-0.9056475922930637));
#792=DIRECTION('',(0,0,1));
#793=DIRECTION('',(-0.9572139675651015,0.2893810987232525,0));
#794=FACE_SURFACE('',(#799),#795,.T.);
#795=PLANE('',#796);
#796=AXIS2_PLACEMENT_3D('',#62,#797,#798);
#797=DIRECTION('',(-0.33966503969238737,-0.940546469245815,-0));
#798=DIRECTION('',(0,0,-1));
#799=FACE_BOUND('',#800,.T.);
#800=EDGE_LOOP('',(#801,#802,#803));
#801=ORIENTED_EDGE('',*,*,#804,.T.);
#802=ORIENTED_EDGE('',*,*,#805,.T.);
#803=ORIENTED_EDGE('',*,*,#806,.T.);
#804=EDGE_CURVE('',#63,#65,#807,.F.);
#805=EDGE_CURVE('',#65,#61,#808,.T.);
#806=EDGE_CURVE('',#61,#63,#809,.T.);
#807=LINE('',#62,#810);
#808=LINE('',#64,#811);
#809=LINE('',#60,#812);
#810=VECTOR('',#813,1.0);
#811=VECTOR('',#814,1.0);
#812=VECTOR('',#815,1.0);
#813=DIRECTION('',(0,0,-1));
#814=DIRECTION('',(0.9405464692458151,-0.3396650396923874,0));
#815=DIRECTION('',(-0.399366469213561,0.14422554552355668,0.9053758420050352));
#816=FACE_SURFACE('',(#821),#817,.T.);
#817=PLANE('',#818);
#818=AXIS2_PLACEMENT_3D('',#62,#819,#820);
#819=DIRECTION('',(-0.33966503969238737,-0.940546469245815,0));
#820=DIRECTION('',(0.399366469213561,-0.14422554552355668,-0.9053758420050352));
#821=FACE_BOUND('',#822,.T.);
#822=EDGE_LOOP('',(#823,#824,#825));
#823=ORIENTED_EDGE('',*,*,#826,.T.);
#824=ORIENTED_EDGE('',*,*,#827,.T.);
#825=ORIENTED_EDGE('',*,*,#828,.T.);
#826=EDGE_CURVE('',#63,#61,#829,.F.);
#827=EDGE_CURVE('',#61,#59,#830,.T.);
#828=EDGE_CURVE('',#59,#63,#831,.T.);
#829=LINE('',#62,#832);
#830=LINE('',#60,#833);
#831=LINE('',#58,#834);
#832=VECTOR('',#835,1.0);
#833=VECTOR('',#836,1.0);
#834=VECTOR('',#837,1.0);
#835=DIRECTION('',(0.399366469213561,-0.14422554552355668,-0.9053758420050352));
#836=DIRECTION('',(0,0,1));
#837=DIRECTION('',(-0.9405464692458151,0.3396650396923874,0));
#838=FACE_SURFACE('',(#843),#839,.T.);
#839=PLANE('',#840);
#840=AXIS2_PLACEMENT_3D('',#66,#841,#842);
#841=DIRECTION('',(-0.3888258323191463,-0.9213112786248321,-0));
#842=DIRECTION('',(0,0,-1));
#843=FACE_BOUND('',#844,.T.);
#844=EDGE_LOOP('',(#845,#846,#847));
#845=ORIENTED_EDGE('',*,*,#848,.T.);
#846=ORIENTED_EDGE('',*,*,#849,.T.);
#847=ORIENTED_EDGE('',*,*,#850,.T.);
#848=EDGE_CURVE('',#67,#69,#851,.F.);
#849=EDGE_CURVE('',#69,#65,#852,.T.);
#850=EDGE_CURVE('',#65,#67,#853,.T.);
#851=LINE('',#66,#854);
#852=LINE('',#68,#855);
#853=LINE('',#64,#856);
#854=VECTOR('',#857,1.0);
#855=VECTOR('',#858,1.0);
#856=VECTOR('',#859,1.0);
#857=DIRECTION('',(0,0,-1));
#858=DIRECTION('',(0.9213112786248321,-0.3888258323191463,0));
#859=DIRECTION('',(-0.3918054228107225,0.16535569808602155,0.9050668504406706));
#860=FACE_SURFACE('',(#865),#861,.T.);
#861=PLANE('',#862);
#862=AXIS2_PLACEMENT_3D('',#66,#863,#864);
#863=DIRECTION('',(-0.3888258323191463,-0.9213112786248321,0));
#864=DIRECTION('',(0.3918054228107225,-0.16535569808602155,-0.9050668504406706));
#865=FACE_BOUND('',#866,.T.);
#866=EDGE_LOOP('',(#867,#868,#869));
#867=ORIENTED_EDGE('',*,*,#870,.T.);
#868=ORIENTED_EDGE('',*,*,#871,.T.);
#869=ORIENTED_EDGE('',*,*,#872,.T.);
#870=EDGE_CURVE('',#67,#65,#873,.F.);
#871=EDGE_CURVE('',#65,#63,#874,.T.);
#872=EDGE_CURVE('',#63,#67,#875,.T.);
#873=LINE('',#66,#876);
#874=LINE('',#64,#877);
#875=LINE('',#62,#878);
#876=VECTOR('',#879,1.0);
#877=VECTOR('',#880,1.0);
#878=VECTOR('',#881,1.0);
#879=DIRECTION('',(0.3918054228107225,-0.16535569808602155,-0.9050668504406706));
#880=DIRECTION('',(0,0,1));
#881=DIRECTION('',(-0.9213112786248321,0.3888258323191463,0));
#882=FACE_SURFACE('',(#887),#883,.T.);
#883=PLANE('',#884);
#884=AXIS2_PLACEMENT_3D('',#70,#885,#886);
#885=DIRECTION('',(-0.4367097090756476,-0.8996024844335766,-0));
#886=DIRECTION('',(0,0,-1));
#887=FACE_BOUND('',#888,.T.);
#888=EDGE_LOOP('',(#889,#890,#891));
#889=ORIENTED_EDGE('',*,*,#892,.T.);
#890=ORIENTED_EDGE('',*,*,#893,.T.);
#891=ORIENTED_EDGE('',*,*,#894,.T.);
#892=EDGE_CURVE('',#71,#73,#895,.F.);
#893=EDGE_CURVE('',#73,#69,#896,.T.);
#894=EDGE_CURVE('',#69,#71,#897,.T.);
#895=LINE('',#70,#898);
#896=LINE('',#72,#899);
#897=LINE('',#68,#900);
#898=VECTOR('',#901,1.0);
#899=VECTOR('',#902,1.0);
#900=VECTOR('',#903,1.0);
#901=DIRECTION('',(0,0,-1));
#902=DIRECTION('',(0.8996024844335764,-0.43670970907564755,0));
#903=DIRECTION('',(-0.3832310006739152,0.18603850223740923,0.9047229829111955));
#904=FACE_SURFACE('',(#909),#905,.T.);
#905=PLANE('',#906);
#906=AXIS2_PLACEMENT_3D('',#70,#907,#908);
#907=DIRECTION('',(-0.4367097090756476,-0.8996024844335766,0));
#908=DIRECTION('',(0.3832310006739152,-0.18603850223740923,-0.9047229829111955));
#909=FACE_BOUND('',#910,.T.);
#910=EDGE_LOOP('',(#911,#912,#913));
#911=ORIENTED_EDGE('',*,*,#914,.T.);
#912=ORIENTED_EDGE('',*,*,#915,.T.);
#913=ORIENTED_EDGE('',*,*,#916,.T.);
#914=EDGE_CURVE('',#71,#69,#917,.F.);
#915=EDGE_CURVE('',#69,#67,#918,.T.);
#916=EDGE_CURVE('',#67,#71,#919,.T.);
#917=LINE('',#70,#920);
#918=LINE('',#68,#921);
#919=LINE('',#66,#922);
#920=VECTOR('',#923,1.0);
#921=VECTOR('',#924,1.0);
#922=VECTOR('',#925,1.0);
#923=DIRECTION('',(0.3832310006739152,-0.18603850223740923,-0.9047229829111955));
#924=DIRECTION('',(0,0,1));
#925=DIRECTION('',(-0.8996024844335764,0.43670970907564755,0));
#926=FACE_SURFACE('',(#931),#927,.T.);
#927=PLANE('',#928);
#928=AXIS2_PLACEMENT_3D('',#74,#929,#930);
#929=DIRECTION('',(-0.48318975245198087,-0.8755156555569944,-0));
#930=DIRECTION('',(0,0,-1));
#931=FACE_BOUND('',#932,.T.);
#932=EDGE_LOOP('',(#933,#934,#935));
#933=ORIENTED_EDGE('',*,*,#936,.T.);
#934=ORIENTED_EDGE('',*,*,#937,.T.);
#935=ORIENTED_EDGE('',*,*,#938,.T.);
#936=EDGE_CURVE('',#75,#77,#939,.F.);
#937=EDGE_CURVE('',#77,#73,#940,.T.);
#938=EDGE_CURVE('',#73,#75,#941,.T.);
#939=LINE('',#74,#942);
#940=LINE('',#76,#943);
#941=LINE('',#72,#944);
#942=VECTOR('',#945,1.0);
#943=VECTOR('',#946,1.0);
#944=VECTOR('',#947,1.0);
#945=DIRECTION('',(0,0,-1));
#946=DIRECTION('',(0.8755156555569943,-0.4831897524519808,0));
#947=DIRECTION('',(-0.37366515868813927,0.20622266932689773,0.9043486937228674));
#948=FACE_SURFACE('',(#953),#949,.T.);
#949=PLANE('',#950);
#950=AXIS2_PLACEMENT_3D('',#74,#951,#952);
#951=DIRECTION('',(-0.48318975245198087,-0.8755156555569944,0));
#952=DIRECTION('',(0.37366515868813927,-0.20622266932689773,-0.9043486937228674));
#953=FACE_BOUND('',#954,.T.);
#954=EDGE_LOOP('',(#955,#956,#957));
#955=ORIENTED_EDGE('',*,*,#958,.T.);
#956=ORIENTED_EDGE('',*,*,#959,.T.);
#957=ORIENTED_EDGE('',*,*,#960,.T.);
#958=EDGE_CURVE('',#75,#73,#961,.F.);
#959=EDGE_CURVE('',#73,#71,#962,.T.);
#960=EDGE_CURVE('',#71,#75,#963,.T.);
#961=LINE('',#74,#964);
#962=LINE('',#72,#965);
#963=LINE('',#70,#966);
#964=VECTOR('',#967,1.0);
#965=VECTOR('',#968,1.0);
#966=VECTOR('',#969,1.0);
#967=DIRECTION('',(0.37366515868813927,-0.20622266932689773,-0.9043486937228674));
#968=DIRECTION('',(0,0,1));
#969=DIRECTION('',(-0.8755156555569943,0.4831897524519808,0));
#970=FACE_SURFACE('',(#975),#971,.T.);
#971=PLANE('',#972);
#972=AXIS2_PLACEMENT_3D('',#78,#973,#974);
#973=DIRECTION('',(-0.5281351749815661,-0.8491603128662988,-0));
#974=DIRECTION('',(0,0,-1));
#975=FACE_BOUND('',#976,.T.);
#976=EDGE_LOOP('',(#977,#978,#979));
#977=ORIENTED_EDGE('',*,*,#980,.T.);
#978=ORIENTED_EDGE('',*,*,#981,.T.);
#979=ORIENTED_EDGE('',*,*,#982,.T.);
#980=EDGE_CURVE('',#79,#81,#983,.F.);
#981=EDGE_CURVE('',#81,#77,#984,.T.);
#982=EDGE_CURVE('',#77,#79,#985,.T.);
#983=LINE('',#78,#986);
#984=LINE('',#80,#987);
#985=LINE('',#76,#988);
#986=VECTOR('',#989,1.0);
#987=VECTOR('',#990,1.0);
#988=VECTOR('',#991,1.0);
#989=DIRECTION('',(0,0,-1));
#990=DIRECTION('',(0.8491603128662988,-0.5281351749815661,0));
#991=DIRECTION('',(-0.3631385148903227,0.2258539644378594,0.9039471255283426));
#992=FACE_SURFACE('',(#997),#993,.T.);
#993=PLANE('',#994);
#994=AXIS2_PLACEMENT_3D('',#78,#995,#996);
#995=DIRECTION('',(-0.5281351749815661,-0.8491603128662988,0));
#996=DIRECTION('',(0.3631385148903227,-0.2258539644378594,-0.9039471255283426));
#997=FACE_BOUND('',#998,.T.);
#998=EDGE_LOOP('',(#999,#1000,#1001));
#999=ORIENTED_EDGE('',*,*,#1002,.T.);
#1000=ORIENTED_EDGE('',*,*,#1003,.T.);
#1001=ORIENTED_EDGE('',*,*,#1004,.T.);
#1002=EDGE_CURVE('',#79,#77,#1005,.F.);
#1003=EDGE_CURVE('',#77,#75,#1006,.T.);
#1004=EDGE_CURVE('',#75,#79,#1007,.T.);
#1005=LINE('',#78,#1008);
#1006=LINE('',#76,#1009);
#1007=LINE('',#74,#1010);
#1008=VECTOR('',#1011,1.0);
#1009=VECTOR('',#1012,1.0);
#1010=VECTOR('',#1013,1.0);
#1011=DIRECTION('',(0.3631385148903227,-0.2258539644378594,-0.9039471255283426));
#1012=DIRECTION('',(0,0,1));
#1013=DIRECTION('',(-0.8491603128662988,0.5281351749815661,0));
#1014=FACE_SURFACE('',(#1019),#1015,.T.);
#1015=PLANE('',#1016);
#1016=AXIS2_PLACEMENT_3D('',#82,#1017,#1018);
#1017=DIRECTION('',(-0.5714339371122514,-0.8206480704396929,-0));
#1018=DIRECTION('',(0,0,-1));
#1019=FACE_BOUND('',#1020,.T.);
#1020=EDGE_LOOP('',(#1021,#1022,#1023));
#1021=ORIENTED_EDGE('',*,*,#1024,.T.);
#1022=ORIENTED_EDGE('',*,*,#1025,.T.);
#1023=ORIENTED_EDGE('',*,*,#1026,.T.);
#1024=EDGE_CURVE('',#83,#85,#1027,.F.);
#1025=EDGE_CURVE('',#85,#81,#1028,.T.);
#1026=EDGE_CURVE('',#81,#83,#1029,.T.);
#1027=LINE('',#82,#1030);
#1028=LINE('',#84,#1031);
#1029=LINE('',#80,#1032);
#1030=VECTOR('',#1033,1.0);
#1031=VECTOR('',#1034,1.0);
#1032=VECTOR('',#1035,1.0);
#1033=DIRECTION('',(0,0,-1));
#1034=DIRECTION('',(0.820648070439693,-0.5714339371122515,0));
#1035=DIRECTION('',(-0.3516794601410605,0.24488155854950666,0.9035234250406885));
#1036=FACE_SURFACE('',(#1041),#1037,.T.);
#1037=PLANE('',#1038);
#1038=AXIS2_PLACEMENT_3D('',#82,#1039,#1040);
#1039=DIRECTION('',(-0.5714339371122514,-0.8206480704396929,0));
#1040=DIRECTION('',(0.3516794601410605,-0.24488155854950666,-0.9035234250406885));
#1041=FACE_BOUND('',#1042,.T.);
#1042=EDGE_LOOP('',(#1043,#1044,#1045));
#1043=ORIENTED_EDGE('',*,*,#1046,.T.);
#1044=ORIENTED_EDGE('',*,*,#1047,.T.);
#1045=ORIENTED_EDGE('',*,*,#1048,.T.);
#1046=EDGE_CURVE('',#83,#81,#1049,.F.);
#1047=EDGE_CURVE('',#81,#79,#1050,.T.);
#1048=EDGE_CURVE('',#79,#83,#1051,.T.);
#1049=LINE('',#82,#1052);
#1050=LINE('',#80,#1053);
#1051=LINE('',#78,#1054);
#1052=VECTOR('',#1055,1.0);
#1053=VECTOR('',#1056,1.0);
#1054=VECTOR('',#1057,1.0);
#1055=DIRECTION('',(0.3516794601410605,-0.24488155854950666,-0.9035234250406885));
#1056=DIRECTION('',(0,0,1));
#1057=DIRECTION('',(-0.820648070439693,0.5714339371122515,0));
#1058=FACE_SURFACE('',(#1063),#1059,.T.);
#1059=PLANE('',#1060);
#1060=AXIS2_PLACEMENT_3D('',#86,#1061,#1062);
#1061=DIRECTION('',(-0.6129811195469188,-0.7900975554189534,-0));
#1062=DIRECTION('',(0,0,-1));
#1063=FACE_BOUND('',#1064,.T.);
#1064=EDGE_LOOP('',(#1065,#1066,#1067));
#1065=ORIENTED_EDGE('',*,*,#1068,.T.);
#1066=ORIENTED_EDGE('',*,*,#1069,.T.);
#1067=ORIENTED_EDGE('',*,*,#1070,.T.);
#1068=EDGE_CURVE('',#87,#89,#1071,.F.);
#1069=EDGE_CURVE('',#89,#85,#1072,.T.);
#1070=EDGE_CURVE('',#85,#87,#1073,.T.);
#1071=LINE('',#86,#1074);
#1072=LINE('',#88,#1075);
#1073=LINE('',#84,#1076);
#1074=VECTOR('',#1077,1.0);
#1075=VECTOR('',#1078,1.0);
#1076=VECTOR('',#1079,1.0);
#1077=DIRECTION('',(0,0,-1));
#1078=DIRECTION('',(0.7900975554189533,-0.6129811195469187,0));
#1079=DIRECTION('',(-0.33932337346779334,0.2632571382231815,0.903081019285079));
#1080=FACE_SURFACE('',(#1085),#1081,.T.);
#1081=PLANE('',#1082);
#1082=AXIS2_PLACEMENT_3D('',#86,#1083,#1084);
#1083=DIRECTION('',(-0.6129811195469188,-0.7900975554189534,0));
#1084=DIRECTION('',(0.33932337346779334,-0.2632571382231815,-0.903081019285079));
#1085=FACE_BOUND('',#1086,.T.);
#1086=EDGE_LOOP('',(#1087,#1088,#1089));
#1087=ORIENTED_EDGE('',*,*,#1090,.T.);
#1088=ORIENTED_EDGE('',*,*,#1091,.T.);
#1089=ORIENTED_EDGE('',*,*,#1092,.T.);
#1090=EDGE_CURVE('',#87,#85,#1093,.F.);
#1091=EDGE_CURVE('',#85,#83,#1094,.T.);
#1092=EDGE_CURVE('',#83,#87,#1095,.T.);
#1093=LINE('',#86,#1096);
#1094=LINE('',#84,#1097);
#1095=LINE('',#82,#1098);
#1096=VECTOR('',#1099,1.0);
#1097=VECTOR('',#1100,1.0);
#1098=VECTOR('',#1101,1.0);
#1099=DIRECTION('',(0.33932337346779334,-0.2632571382231815,-0.903081019285079));
#1100=DIRECTION('',(0,0,1));
#1101=DIRECTION('',(-0.7900975554189533,0.6129811195469187,0));
#1102=FACE_SURFACE('',(#1107),#1103,.T.);
#1103=PLANE('',#1104);
#1104=AXIS2_PLACEMENT_3D('',#90,#1105,#1106);
#1105=DIRECTION('',(-0.6526882417730931,-0.7576265960558328,-0));
#1106=DIRECTION('',(0,0,-1));
#1107=FACE_BOUND('',#1108,.T.);
#1108=EDGE_LOOP('',(#1109,#1110,#1111));
#1109=ORIENTED_EDGE('',*,*,#1112,.T.);
#1110=ORIENTED_EDGE('',*,*,#1113,.T.);
#1111=ORIENTED_EDGE('',*,*,#1114,.T.);
#1112=EDGE_CURVE('',#91,#93,#1115,.F.);
#1113=EDGE_CURVE('',#93,#89,#1116,.T.);
#1114=EDGE_CURVE('',#89,#91,#1117,.T.);
#1115=LINE('',#90,#1118);
#1116=LINE('',#92,#1119);
#1117=LINE('',#88,#1120);
#1118=VECTOR('',#1121,1.0);
#1119=VECTOR('',#1122,1.0);
#1120=VECTOR('',#1123,1.0);
#1121=DIRECTION('',(0,0,-1));
#1122=DIRECTION('',(0.7576265960558329,-0.6526882417730933,0));
#1123=DIRECTION('',(-0.3261033604851509,0.2809350016213857,0.9026251288016991));
#1124=FACE_SURFACE('',(#1129),#1125,.T.);
#1125=PLANE('',#1126);
#1126=AXIS2_PLACEMENT_3D('',#90,#1127,#1128);
#1127=DIRECTION('',(-0.6526882417730931,-0.7576265960558328,0));
#1128=DIRECTION('',(0.3261033604851509,-0.2809350016213857,-0.9026251288016991));
#1129=FACE_BOUND('',#1130,.T.);
#1130=EDGE_LOOP('',(#1131,#1132,#1133));
#1131=ORIENTED_EDGE('',*,*,#1134,.T.);
#1132=ORIENTED_EDGE('',*,*,#1135,.T.);
#1133=ORIENTED_EDGE('',*,*,#1136,.T.);
#1134=EDGE_CURVE('',#91,#89,#1137,.F.);
#1135=EDGE_CURVE('',#89,#87,#1138,.T.);
#1136=EDGE_CURVE('',#87,#91,#1139,.T.);
#1137=LINE('',#90,#1140);
#1138=LINE('',#88,#1141);
#1139=LINE('',#86,#1142);
#1140=VECTOR('',#1143,1.0);
#1141=VECTOR('',#1144,1.0);
#1142=VECTOR('',#1145,1.0);
#1143=DIRECTION('',(0.3261033604851509,-0.2809350016213857,-0.9026251288016991));
#1144=DIRECTION('',(0,0,1));
#1145=DIRECTION('',(-0.7576265960558329,0.6526882417730933,0));
#1146=FACE_SURFACE('',(#1151),#1147,.T.);
#1147=PLANE('',#1148);
#1148=AXIS2_PLACEMENT_3D('',#94,#1149,#1150);
#1149=DIRECTION('',(-0.6904788040110669,-0.7233526257721379,-0));
#1150=DIRECTION('',(0,0,-1));
#1151=FACE_BOUND('',#1152,.T.);
#1152=EDGE_LOOP('',(#1153,#1154,#1155));
#1153=ORIENTED_EDGE('',*,*,#1156,.T.);
#1154=ORIENTED_EDGE('',*,*,#1157,.T.);
#1155=ORIENTED_EDGE('',*,*,#1158,.T.);
#1156=EDGE_CURVE('',#95,#97,#1159,.F.);
#1157=EDGE_CURVE('',#97,#93,#1160,.T.);
#1158=EDGE_CURVE('',#93,#95,#1161,.T.);
#1159=LINE('',#94,#1162);
#1160=LINE('',#96,#1163);
#1161=LINE('',#92,#1164);
#1162=VECTOR('',#1165,1.0);
#1163=VECTOR('',#1166,1.0);
#1164=VECTOR('',#1167,1.0);
#1165=DIRECTION('',(0,0,-1));
#1166=DIRECTION('',(0.723352625772138,-0.690478804011067,0));
#1167=DIRECTION('',(-0.31205550276045185,0.297873682425787,0.9021599816634648));
#1168=FACE_SURFACE('',(#1173),#1169,.T.);
#1169=PLANE('',#1170);
#1170=AXIS2_PLACEMENT_3D('',#94,#1171,#1172);
#1171=DIRECTION('',(-0.6904788040110669,-0.7233526257721379,0));
#1172=DIRECTION('',(0.31205550276045185,-0.297873682425787,-0.9021599816634648));
#1173=FACE_BOUND('',#1174,.T.);
#1174=EDGE_LOOP('',(#1175,#1176,#1177));
#1175=ORIENTED_EDGE('',*,*,#1178,.T.);
#1176=ORIENTED_EDGE('',*,*,#1179,.T.);
#1177=ORIENTED_EDGE('',*,*,#1180,.T.);
#1178=EDGE_CURVE('',#95,#93,#1181,.F.);
#1179=EDGE_CURVE('',#93,#91,#1182,.T.);
#1180=EDGE_CURVE('',#91,#95,#1183,.T.);
#1181=LINE('',#94,#1184);
#1182=LINE('',#92,#1185);
#1183=LINE('',#90,#1186);
#1184=VECTOR('',#1187,1.0);
#1185=VECTOR('',#1188,1.0);
#1186=VECTOR('',#1189,1.0);
#1187=DIRECTION('',(0.31205550276045185,-0.297873682425787,-0.9021599816634648));
#1188=DIRECTION('',(0,0,1));
#1189=DIRECTION('',(-0.723352625772138,0.690478804011067,0));
#1190=FACE_SURFACE('',(#1195),#1191,.T.);
#1191=PLANE('',#1192);
#1192=AXIS2_PLACEMENT_3D('',#98,#1193,#1194);
#1193=DIRECTION('',(-0.7262728288154674,-0.6874065595587368,-0));
#1194=DIRECTION('',(0,0,-1));
#1195=FACE_BOUND('',#1196,.T.);
#1196=EDGE_LOOP('',(#1197,#1198,#1199));
#1197=ORIENTED_EDGE('',*,*,#1200,.T.);
#1198=ORIENTED_EDGE('',*,*,#1201,.T.);
#1199=ORIENTED_EDGE('',*,*,#1202,.T.);
#1200=EDGE_CURVE('',#99,#101,#1203,.F.);
#1201=EDGE_CURVE('',#101,#97,#1204,.T.);
#1202=EDGE_CURVE('',#97,#99,#1205,.T.);
#1203=LINE('',#98,#1206);
#1204=LINE('',#100,#1207);
#1205=LINE('',#96,#1208);
#1206=VECTOR('',#1209,1.0);
#1207=VECTOR('',#1210,1.0);
#1208=VECTOR('',#1211,1.0);
#1209=DIRECTION('',(0,0,-1));
#1210=DIRECTION('',(0.6874065595587365,-0.7262728288154673,0));
#1211=DIRECTION('',(-0.2972212579055423,0.31402627857045484,0.9016912000326044));
#1212=FACE_SURFACE('',(#1217),#1213,.T.);
#1213=PLANE('',#1214);
#1214=AXIS2_PLACEMENT_3D('',#98,#1215,#1216);
#1215=DIRECTION('',(-0.7262728288154674,-0.6874065595587368,0));
#1216=DIRECTION('',(0.2972212579055423,-0.31402627857045484,-0.9016912000326044));
#1217=FACE_BOUND('',#1218,.T.);
#1218=EDGE_LOOP('',(#1219,#1220,#1221));
#1219=ORIENTED_EDGE('',*,*,#1222,.T.);
#1220=ORIENTED_EDGE('',*,*,#1223,.T.);
#1221=ORIENTED_EDGE('',*,*,#1224,.T.);
#1222=EDGE_CURVE('',#99,#97,#1225,.F.);
#1223=EDGE_CURVE('',#97,#95,#1226,.T.);
#1224=EDGE_CURVE('',#95,#99,#1227,.T.);
#1225=LINE('',#98,#1228);
#1226=LINE('',#96,#1229);
#1227=LINE('',#94,#1230);
#1228=VECTOR('',#1231,1.0);
#1229=VECTOR('',#1232,1.0);
#1230=VECTOR('',#1233,1.0);
#1231=DIRECTION('',(0.2972212579055423,-0.31402627857045484,-0.9016912000326044));
#1232=DIRECTION('',(0,0,1));
#1233=DIRECTION('',(-0.6874065595587365,0.7262728288154673,0));
#1234=FACE_SURFACE('',(#1239),#1235,.T.);
#1235=PLANE('',#1236);
#1236=AXIS2_PLACEMENT_3D('',#102,#1237,#1238);
#1237=DIRECTION('',(-0.7600168596562741,-0.6499033566909893,-0));
#1238=DIRECTION('',(0,0,-1));
#1239=FACE_BOUND('',#1240,.T.);
#1240=EDGE_LOOP('',(#1241,#1242,#1243));
#1241=ORIENTED_EDGE('',*,*,#1244,.T.);
#1242=ORIENTED_EDGE('',*,*,#1245,.T.);
#1243=ORIENTED_EDGE('',*,*,#1246,.T.);
#1244=EDGE_CURVE('',#103,#105,#1247,.F.);
#1245=EDGE_CURVE('',#105,#101,#1248,.T.);
#1246=EDGE_CURVE('',#101,#103,#1249,.T.);
#1247=LINE('',#102,#1250);
#1248=LINE('',#104,#1251);
#1249=LINE('',#100,#1252);
#1250=VECTOR('',#1253,1.0);
#1251=VECTOR('',#1254,1.0);
#1252=VECTOR('',#1255,1.0);
#1253=DIRECTION('',(0,0,-1));
#1254=DIRECTION('',(0.6499033566909894,-0.7600168596562741,0));
#1255=DIRECTION('',(-0.2816389212344922,0.3293571671386125,0.901223265623064));
#1256=FACE_SURFACE('',(#1261),#1257,.T.);
#1257=PLANE('',#1258);
#1258=AXIS2_PLACEMENT_3D('',#102,#1259,#1260);
#1259=DIRECTION('',(-0.7600168596562741,-0.6499033566909893,0));
#1260=DIRECTION('',(0.2816389212344922,-0.3293571671386125,-0.901223265623064));
#1261=FACE_BOUND('',#1262,.T.);
#1262=EDGE_LOOP('',(#1263,#1264,#1265));
#1263=ORIENTED_EDGE('',*,*,#1266,.T.);
#1264=ORIENTED_EDGE('',*,*,#1267,.T.);
#1265=ORIENTED_EDGE('',*,*,#1268,.T.);
#1266=EDGE_CURVE('',#103,#101,#1269,.F.);
#1267=EDGE_CURVE('',#101,#99,#1270,.T.);
#1268=EDGE_CURVE('',#99,#103,#1271,.T.);
#1269=LINE('',#102,#1272);
#1270=LINE('',#100,#1273);
#1271=LINE('',#98,#1274);
#1272=VECTOR('',#1275,1.0);
#1273=VECTOR('',#1276,1.0);
#1274=VECTOR('',#1277,1.0);
#1275=DIRECTION('',(0.2816389212344922,-0.3293571671386125,-0.901223265623064));
#1276=DIRECTION('',(0,0,1));
#1277=DIRECTION('',(-0.6499033566909894,0.7600168596562741,0));
#1278=FACE_SURFACE('',(#1283),#1279,.T.);
#1279=PLANE('',#1280);
#1280=AXIS2_PLACEMENT_3D('',#106,#1281,#1282);
#1281=DIRECTION('',(-0.7916558735386077,-0.6109672478061521,-0));
#1282=DIRECTION('',(0,0,-1));
#1283=FACE_BOUND('',#1284,.T.);
#1284=EDGE_LOOP('',(#1285,#1286,#1287));
#1285=ORIENTED_EDGE('',*,*,#1288,.T.);
#1286=ORIENTED_EDGE('',*,*,#1289,.T.);
#1287=ORIENTED_EDGE('',*,*,#1290,.T.);
#1288=EDGE_CURVE('',#107,#109,#1291,.F.);
#1289=EDGE_CURVE('',#109,#105,#1292,.T.);
#1290=EDGE_CURVE('',#105,#107,#1293,.T.);
#1291=LINE('',#106,#1294);
#1292=LINE('',#108,#1295);
#1293=LINE('',#104,#1296);
#1294=VECTOR('',#1297,1.0);
#1295=VECTOR('',#1298,1.0);
#1296=VECTOR('',#1299,1.0);
#1297=DIRECTION('',(0,0,-1));
#1298=DIRECTION('',(0.6109672478061521,-0.7916558735386077,0));
#1299=DIRECTION('',(-0.26535277657694056,0.3438287156819302,0.900760633151462));
#1300=FACE_SURFACE('',(#1305),#1301,.T.);
#1301=PLANE('',#1302);
#1302=AXIS2_PLACEMENT_3D('',#106,#1303,#1304);
#1303=DIRECTION('',(-0.7916558735386077,-0.6109672478061521,0));
#1304=DIRECTION('',(0.26535277657694056,-0.3438287156819302,-0.900760633151462));
#1305=FACE_BOUND('',#1306,.T.);
#1306=EDGE_LOOP('',(#1307,#1308,#1309));
#1307=ORIENTED_EDGE('',*,*,#1310,.T.);
#1308=ORIENTED_EDGE('',*,*,#1311,.T.);
#1309=ORIENTED_EDGE('',*,*,#1312,.T.);
#1310=EDGE_CURVE('',#107,#105,#1313,.F.);
#1311=EDGE_CURVE('',#105,#103,#1314,.T.);
#1312=EDGE_CURVE('',#103,#107,#1315,.T.);
#1313=LINE('',#106,#1316);
#1314=LINE('',#104,#1317);
#1315=LINE('',#102,#1318);
#1316=VECTOR('',#1319,1.0);
#1317=VECTOR('',#1320,1.0);
#1318=VECTOR('',#1321,1.0);
#1319=DIRECTION('',(0.26535277657694056,-0.3438287156819302,-0.900760633151462));
#1320=DIRECTION('',(0,0,1));
#1321=DIRECTION('',(-0.6109672478061521,0.7916558735386077,0));
#1322=FACE_SURFACE('',(#1327),#1323,.T.);
#1323=PLANE('',#1324);
#1324=AXIS2_PLACEMENT_3D('',#110,#1325,#1326);
#1325=DIRECTION('',(-0.821148863266325,-0.5707140653220509,-0));
#1326=DIRECTION('',(0,0,-1));
#1327=FACE_BOUND('',#1328,.T.);
#1328=EDGE_LOOP('',(#1329,#1330,#1331));
#1329=ORIENTED_EDGE('',*,*,#1332,.T.);
#1330=ORIENTED_EDGE('',*,*,#1333,.T.);
#1331=ORIENTED_EDGE('',*,*,#1334,.T.);
#1332=EDGE_CURVE('',#111,#113,#1335,.F.);
#1333=EDGE_CURVE('',#113,#109,#1336,.T.);
#1334=EDGE_CURVE('',#109,#111,#1337,.T.);
#1335=LINE('',#110,#1338);
#1336=LINE('',#112,#1339);
#1337=LINE('',#108,#1340);
#1338=VECTOR('',#1341,1.0);
#1339=VECTOR('',#1342,1.0);
#1340=VECTOR('',#1343,1.0);
#1341=DIRECTION('',(0,0,-1));
#1342=DIRECTION('',(0.570714065322051,-0.821148863266325,0));
#1343=DIRECTION('',(-0.24840517131366402,0.35740773961578887,0.9003080464637433));
#1344=FACE_SURFACE('',(#1349),#1345,.T.);
#1345=PLANE('',#1346);
#1346=AXIS2_PLACEMENT_3D('',#110,#1347,#1348);
#1347=DIRECTION('',(-0.821148863266325,-0.5707140653220509,0));
#1348=DIRECTION('',(0.24840517131366402,-0.35740773961578887,-0.9003080464637433));
#1349=FACE_BOUND('',#1350,.T.);
#1350=EDGE_LOOP('',(#1351,#1352,#1353));
#1351=ORIENTED_EDGE('',*,*,#1354,.T.);
#1352=ORIENTED_EDGE('',*,*,#1355,.T.);
#1353=ORIENTED_EDGE('',*,*,#1356,.T.);
#1354=EDGE_CURVE('',#111,#109,#1357,.F.);
#1355=EDGE_CURVE('',#109,#107,#1358,.T.);
#1356=EDGE_CURVE('',#107,#111,#1359,.T.);
#1357=LINE('',#110,#1360);
#1358=LINE('',#108,#1361);
#1359=LINE('',#106,#1362);
#1360=VECTOR('',#1363,1.0);
#1361=VECTOR('',#1364,1.0);
#1362=VECTOR('',#1365,1.0);
#1363=DIRECTION('',(0.24840517131366402,-0.35740773961578887,-0.9003080464637433));
#1364=DIRECTION('',(0,0,1));
#1365=DIRECTION('',(-0.570714065322051,0.821148863266325,0));
#1366=FACE_SURFACE('',(#1371),#1367,.T.);
#1367=PLANE('',#1368);
#1368=AXIS2_PLACEMENT_3D('',#114,#1369,#1370);
#1369=DIRECTION('',(-0.8484604325156964,-0.52925881613373,0));
#1370=DIRECTION('',(0.52925881613373,-0.8484604325156964,0));
#1371=FACE_BOUND('',#1372,.T.);
#1372=EDGE_LOOP('',(#1373,#1374,#1375));
#1373=ORIENTED_EDGE('',*,*,#1376,.T.);
#1374=ORIENTED_EDGE('',*,*,#1377,.T.);
#1375=ORIENTED_EDGE('',*,*,#1378,.T.);
#1376=EDGE_CURVE('',#115,#113,#1379,.F.);
#1377=EDGE_CURVE('',#113,#111,#1380,.T.);
#1378=EDGE_CURVE('',#111,#115,#1381,.T.);
#1379=LINE('',#114,#1382);
#1380=LINE('',#112,#1383);
#1381=LINE('',#110,#1384);
#1382=VECTOR('',#1385,1.0);
#1383=VECTOR('',#1386,1.0);
#1384=VECTOR('',#1387,1.0);
#1385=DIRECTION('',(0.52925881613373,-0.8484604325156964,0));
#1386=DIRECTION('',(0,0,1));
#1387=DIRECTION('',(-0.23083971019684296,0.3700615925232373,-0.8998707940228992));
#1388=FACE_SURFACE('',(#1393),#1389,.T.);
#1389=PLANE('',#1390);
#1390=AXIS2_PLACEMENT_3D('',#114,#1391,#1392);
#1391=DIRECTION('',(-0.8484604325156964,-0.52925881613373,0));
#1392=DIRECTION('',(0.23083971019684296,-0.3700615925232373,0.8998707940228992));
#1393=FACE_BOUND('',#1394,.T.);
#1394=EDGE_LOOP('',(#1395,#1396,#1397));
#1395=ORIENTED_EDGE('',*,*,#1398,.T.);
#1396=ORIENTED_EDGE('',*,*,#1399,.T.);
#1397=ORIENTED_EDGE('',*,*,#1400,.T.);
#1398=EDGE_CURVE('',#115,#111,#1401,.F.);
#1399=EDGE_CURVE('',#111,#117,#1402,.T.);
#1400=EDGE_CURVE('',#117,#115,#1403,.T.);
#1401=LINE('',#114,#1404);
#1402=LINE('',#110,#1405);
#1403=LINE('',#116,#1406);
#1404=VECTOR('',#1407,1.0);
#1405=VECTOR('',#1408,1.0);
#1406=VECTOR('',#1409,1.0);
#1407=DIRECTION('',(0.23083971019684296,-0.3700615925232373,0.8998707940228992));
#1408=DIRECTION('',(-0.52925881613373,0.8484604325156964,0));
#1409=DIRECTION('',(0,0,-1));
#1410=FACE_SURFACE('',(#1415),#1411,.T.);
#1411=PLANE('',#1412);
#1412=AXIS2_PLACEMENT_3D('',#118,#1413,#1414);
#1413=DIRECTION('',(-0.873561143317153,-0.4867144223119223,0));
#1414=DIRECTION('',(0.4867144223119224,-0.8735611433171532,0));
#1415=FACE_BOUND('',#1416,.T.);
#1416=EDGE_LOOP('',(#1417,#1418,#1419));
#1417=ORIENTED_EDGE('',*,*,#1420,.T.);
#1418=ORIENTED_EDGE('',*,*,#1421,.T.);
#1419=ORIENTED_EDGE('',*,*,#1422,.T.);
#1420=EDGE_CURVE('',#119,#115,#1423,.F.);
#1421=EDGE_CURVE('',#115,#117,#1424,.T.);
#1422=EDGE_CURVE('',#117,#119,#1425,.T.);
#1423=LINE('',#118,#1426);
#1424=LINE('',#114,#1427);
#1425=LINE('',#116,#1428);
#1426=VECTOR('',#1429,1.0);
#1427=VECTOR('',#1430,1.0);
#1428=VECTOR('',#1431,1.0);
#1429=DIRECTION('',(0.4867144223119224,-0.8735611433171532,0));
#1430=DIRECTION('',(0,0,1));
#1431=DIRECTION('',(-0.2127033904665816,0.38176271021683744,-0.8994523337964696));
#1432=FACE_SURFACE('',(#1437),#1433,.T.);
#1433=PLANE('',#1434);
#1434=AXIS2_PLACEMENT_3D('',#118,#1435,#1436);
#1435=DIRECTION('',(-0.873561143317153,-0.4867144223119223,0));
#1436=DIRECTION('',(0.2127033904665816,-0.38176271021683744,0.8994523337964696));
#1437=FACE_BOUND('',#1438,.T.);
#1438=EDGE_LOOP('',(#1439,#1440,#1441));
#1439=ORIENTED_EDGE('',*,*,#1442,.T.);
#1440=ORIENTED_EDGE('',*,*,#1443,.T.);
#1441=ORIENTED_EDGE('',*,*,#1444,.T.);
#1442=EDGE_CURVE('',#119,#117,#1445,.F.);
#1443=EDGE_CURVE('',#117,#121,#1446,.T.);
#1444=EDGE_CURVE('',#121,#119,#1447,.T.);
#1445=LINE('',#118,#1448);
#1446=LINE('',#116,#1449);
#1447=LINE('',#120,#1450);
#1448=VECTOR('',#1451,1.0);
#1449=VECTOR('',#1452,1.0);
#1450=VECTOR('',#1453,1.0);
#1451=DIRECTION('',(0.2127033904665816,-0.38176271021683744,0.8994523337964696));
#1452=DIRECTION('',(-0.4867144223119224,0.8735611433171532,0));
#1453=DIRECTION('',(0,0,-1));
#1454=FACE_SURFACE('',(#1459),#1455,.T.);
#1455=PLANE('',#1456);
#1456=AXIS2_PLACEMENT_3D('',#122,#1457,#1458);
#1457=DIRECTION('',(-0.8964246919232817,-0.4431960872009696,0));
#1458=DIRECTION('',(0.4431960872009697,-0.8964246919232818,0));
#1459=FACE_BOUND('',#1460,.T.);
#1460=EDGE_LOOP('',(#1461,#1462,#1463));
#1461=ORIENTED_EDGE('',*,*,#1464,.T.);
#1462=ORIENTED_EDGE('',*,*,#1465,.T.);
#1463=ORIENTED_EDGE('',*,*,#1466,.T.);
#1464=EDGE_CURVE('',#123,#119,#1467,.F.);
#1465=EDGE_CURVE('',#119,#121,#1468,.T.);
#1466=EDGE_CURVE('',#121,#123,#1469,.T.);
#1467=LINE('',#122,#1470);
#1468=LINE('',#118,#1471);
#1469=LINE('',#120,#1472);
#1470=VECTOR('',#1473,1.0);
#1471=VECTOR('',#1474,1.0);
#1472=VECTOR('',#1475,1.0);
#1473=DIRECTION('',(0.4431960872009697,-0.8964246919232818,0));
#1474=DIRECTION('',(0,0,1));
#1475=DIRECTION('',(-0.1940450096121729,0.3924825669364839,-0.8990572667497663));
#1476=FACE_SURFACE('',(#1481),#1477,.T.);
#1477=PLANE('',#1478);
#1478=AXIS2_PLACEMENT_3D('',#122,#1479,#1480);
#1479=DIRECTION('',(-0.8964246919232817,-0.4431960872009696,0));
#1480=DIRECTION('',(0.1940450096121729,-0.3924825669364839,0.8990572667497663));
#1481=FACE_BOUND('',#1482,.T.);
#1482=EDGE_LOOP('',(#1483,#1484,#1485));
#1483=ORIENTED_EDGE('',*,*,#1486,.T.);
#1484=ORIENTED_EDGE('',*,*,#1487,.T.);
#1485=ORIENTED_EDGE('',*,*,#1488,.T.);
#1486=EDGE_CURVE('',#123,#121,#1489,.F.);
#1487=EDGE_CURVE('',#121,#125,#1490,.T.);
#1488=EDGE_CURVE('',#125,#123,#1491,.T.);
#1489=LINE('',#122,#1492);
#1490=LINE('',#120,#1493);
#1491=LINE('',#124,#1494);
#1492=VECTOR('',#1495,1.0);
#1493=VECTOR('',#1496,1.0);
#1494=VECTOR('',#1497,1.0);
#1495=DIRECTION('',(0.1940450096121729,-0.3924825669364839,0.8990572667497663));
#1496=DIRECTION('',(-0.4431960872009697,0.8964246919232818,0));
#1497=DIRECTION('',(0,0,-1));
#1498=FACE_SURFACE('',(#1503),#1499,.T.);
#1499=PLANE('',#1500);
#1500=AXIS2_PLACEMENT_3D('',#126,#1501,#1502);
#1501=DIRECTION('',(-0.917035708363034,-0.3988051022581182,0));
#1502=DIRECTION('',(0.39880510225811827,-0.9170357083630342,0));
#1503=FACE_BOUND('',#1504,.T.);
#1504=EDGE_LOOP('',(#1505,#1506,#1507));
#1505=ORIENTED_EDGE('',*,*,#1508,.T.);
#1506=ORIENTED_EDGE('',*,*,#1509,.T.);
#1507=ORIENTED_EDGE('',*,*,#1510,.T.);
#1508=EDGE_CURVE('',#127,#123,#1511,.F.);
#1509=EDGE_CURVE('',#123,#125,#1512,.T.);
#1510=EDGE_CURVE('',#125,#127,#1513,.T.);
#1511=LINE('',#126,#1514);
#1512=LINE('',#122,#1515);
#1513=LINE('',#124,#1516);
#1514=VECTOR('',#1517,1.0);
#1515=VECTOR('',#1518,1.0);
#1516=VECTOR('',#1519,1.0);
#1517=DIRECTION('',(0.39880510225811827,-0.9170357083630342,0));
#1518=DIRECTION('',(0,0,1));
#1519=DIRECTION('',(-0.17490994189055478,0.4021981202174474,-0.8986897041367473));
#1520=FACE_SURFACE('',(#1525),#1521,.T.);
#1521=PLANE('',#1522);
#1522=AXIS2_PLACEMENT_3D('',#126,#1523,#1524);
#1523=DIRECTION('',(-0.917035708363034,-0.3988051022581182,0));
#1524=DIRECTION('',(0.17490994189055478,-0.4021981202174474,0.8986897041367473));
#1525=FACE_BOUND('',#1526,.T.);
#1526=EDGE_LOOP('',(#1527,#1528,#1529));
#1527=ORIENTED_EDGE('',*,*,#1530,.T.);
#1528=ORIENTED_EDGE('',*,*,#1531,.T.);
#1529=ORIENTED_EDGE('',*,*,#1532,.T.);
#1530=EDGE_CURVE('',#127,#125,#1533,.F.);
#1531=EDGE_CURVE('',#125,#129,#1534,.T.);
#1532=EDGE_CURVE('',#129,#127,#1535,.T.);
#1533=LINE('',#126,#1536);
#1534=LINE('',#124,#1537);
#1535=LINE('',#128,#1538);
#1536=VECTOR('',#1539,1.0);
#1537=VECTOR('',#1540,1.0);
#1538=VECTOR('',#1541,1.0);
#1539=DIRECTION('',(0.17490994189055478,-0.4021981202174474,0.8986897041367473));
#1540=DIRECTION('',(-0.39880510225811827,0.9170357083630342,0));
#1541=DIRECTION('',(0,0,-1));
#1542=FACE_SURFACE('',(#1547),#1543,.T.);
#1543=PLANE('',#1544);
#1544=AXIS2_PLACEMENT_3D('',#130,#1545,#1546);
#1545=DIRECTION('',(-0.935381302663151,-0.3536408045293794,0));
#1546=DIRECTION('',(0.3536408045293794,-0.935381302663151,0));
#1547=FACE_BOUND('',#1548,.T.);
#1548=EDGE_LOOP('',(#1549,#1550,#1551));
#1549=ORIENTED_EDGE('',*,*,#1552,.T.);
#1550=ORIENTED_EDGE('',*,*,#1553,.T.);
#1551=ORIENTED_EDGE('',*,*,#1554,.T.);
#1552=EDGE_CURVE('',#131,#127,#1555,.F.);
#1553=EDGE_CURVE('',#127,#129,#1556,.T.);
#1554=EDGE_CURVE('',#129,#131,#1557,.T.);
#1555=LINE('',#130,#1558);
#1556=LINE('',#126,#1559);
#1557=LINE('',#128,#1560);
#1558=VECTOR('',#1561,1.0);
#1559=VECTOR('',#1562,1.0);
#1560=VECTOR('',#1563,1.0);
#1561=DIRECTION('',(0.3536408045293794,-0.935381302663151,0));
#1562=DIRECTION('',(0,0,1));
#1563=DIRECTION('',(-0.15534466194322552,0.41088723470017297,-0.8983538926092489));
#1564=FACE_SURFACE('',(#1569),#1565,.T.);
#1565=PLANE('',#1566);
#1566=AXIS2_PLACEMENT_3D('',#130,#1567,#1568);
#1567=DIRECTION('',(-0.935381302663151,-0.3536408045293794,0));
#1568=DIRECTION('',(0.15534466194322552,-0.41088723470017297,0.8983538926092489));
#1569=FACE_BOUND('',#1570,.T.);
#1570=EDGE_LOOP('',(#1571,#1572,#1573));
#1571=ORIENTED_EDGE('',*,*,#1574,.T.);
#1572=ORIENTED_EDGE('',*,*,#1575,.T.);
#1573=ORIENTED_EDGE('',*,*,#1576,.T.);
#1574=EDGE_CURVE('',#131,#129,#1577,.F.);
#1575=EDGE_CURVE('',#129,#133,#1578,.T.);
#1576=EDGE_CURVE('',#133,#131,#1579,.T.);
#1577=LINE('',#130,#1580);
#1578=LINE('',#128,#1581);
#1579=LINE('',#132,#1582);
#1580=VECTOR('',#1583,1.0);
#1581=VECTOR('',#1584,1.0);
#1582=VECTOR('',#1585,1.0);
#1583=DIRECTION('',(0.15534466194322552,-0.41088723470017297,0.8983538926092489));
#1584=DIRECTION('',(-0.3536408045293794,0.935381302663151,0));
#1585=DIRECTION('',(0,0,-1));
#1586=FACE_SURFACE('',(#1591),#1587,.T.);
#1587=PLANE('',#1588);
#1588=AXIS2_PLACEMENT_3D('',#134,#1589,#1590);
#1589=DIRECTION('',(-0.9514478780980776,-0.3078099011771153,0));
#1590=DIRECTION('',(0.3078099011771154,-0.9514478780980777,0));
#1591=FACE_BOUND('',#1592,.T.);
#1592=EDGE_LOOP('',(#1593,#1594,#1595));
#1593=ORIENTED_EDGE('',*,*,#1596,.T.);
#1594=ORIENTED_EDGE('',*,*,#1597,.T.);
#1595=ORIENTED_EDGE('',*,*,#1598,.T.);
#1596=EDGE_CURVE('',#135,#131,#1599,.F.);
#1597=EDGE_CURVE('',#131,#133,#1600,.T.);
#1598=EDGE_CURVE('',#133,#135,#1601,.T.);
#1599=LINE('',#134,#1602);
#1600=LINE('',#130,#1603);
#1601=LINE('',#132,#1604);
#1602=VECTOR('',#1605,1.0);
#1603=VECTOR('',#1606,1.0);
#1604=VECTOR('',#1607,1.0);
#1605=DIRECTION('',(0.3078099011771154,-0.9514478780980777,0));
#1606=DIRECTION('',(0,0,1));
#1607=DIRECTION('',(-0.13540265257725234,0.4185328866641926,-0.8980514152628357));
#1608=FACE_SURFACE('',(#1613),#1609,.T.);
#1609=PLANE('',#1610);
#1610=AXIS2_PLACEMENT_3D('',#134,#1611,#1612);
#1611=DIRECTION('',(-0.9514478780980776,-0.3078099011771153,0));
#1612=DIRECTION('',(0.13540265257725234,-0.4185328866641926,0.8980514152628357));
#1613=FACE_BOUND('',#1614,.T.);
#1614=EDGE_LOOP('',(#1615,#1616,#1617));
#1615=ORIENTED_EDGE('',*,*,#1618,.T.);
#1616=ORIENTED_EDGE('',*,*,#1619,.T.);
#1617=ORIENTED_EDGE('',*,*,#1620,.T.);
#1618=EDGE_CURVE('',#135,#133,#1621,.F.);
#1619=EDGE_CURVE('',#133,#137,#1622,.T.);
#1620=EDGE_CURVE('',#137,#135,#1623,.T.);
#1621=LINE('',#134,#1624);
#1622=LINE('',#132,#1625);
#1623=LINE('',#136,#1626);
#1624=VECTOR('',#1627,1.0);
#1625=VECTOR('',#1628,1.0);
#1626=VECTOR('',#1629,1.0);
#1627=DIRECTION('',(0.13540265257725234,-0.4185328866641926,0.8980514152628357));
#1628=DIRECTION('',(-0.3078099011771154,0.9514478780980777,0));
#1629=DIRECTION('',(0,0,-1));
#1630=FACE_SURFACE('',(#1635),#1631,.T.);
#1631=PLANE('',#1632);
#1632=AXIS2_PLACEMENT_3D('',#138,#1633,#1634);
#1633=DIRECTION('',(-0.9652284948318793,-0.261407637158107,0));
#1634=DIRECTION('',(0.261407637158107,-0.9652284948318793,0));
#1635=FACE_BOUND('',#1636,.T.);
#1636=EDGE_LOOP('',(#1637,#1638,#1639));
#1637=ORIENTED_EDGE('',*,*,#1640,.T.);
#1638=ORIENTED_EDGE('',*,*,#1641,.T.);
#1639=ORIENTED_EDGE('',*,*,#1642,.T.);
#1640=EDGE_CURVE('',#139,#135,#1643,.F.);
#1641=EDGE_CURVE('',#135,#137,#1644,.T.);
#1642=EDGE_CURVE('',#137,#139,#1645,.T.);
#1643=LINE('',#138,#1646);
#1644=LINE('',#134,#1647);
#1645=LINE('',#136,#1648);
#1646=VECTOR('',#1649,1.0);
#1647=VECTOR('',#1650,1.0);
#1648=VECTOR('',#1651,1.0);
#1649=DIRECTION('',(0.261407637158107,-0.9652284948318793,0));
#1650=DIRECTION('',(0,0,1));
#1651=DIRECTION('',(-0.11513189879118928,0.42511607765362297,-0.8977867042906874));
#1652=FACE_SURFACE('',(#1657),#1653,.T.);
#1653=PLANE('',#1654);
#1654=AXIS2_PLACEMENT_3D('',#138,#1655,#1656);
#1655=DIRECTION('',(-0.9652284948318793,-0.261407637158107,0));
#1656=DIRECTION('',(0.11513189879118928,-0.42511607765362297,0.8977867042906874));
#1657=FACE_BOUND('',#1658,.T.);
#1658=EDGE_LOOP('',(#1659,#1660,#1661));
#1659=ORIENTED_EDGE('',*,*,#1662,.T.);
#1660=ORIENTED_EDGE('',*,*,#1663,.T.);
#1661=ORIENTED_EDGE('',*,*,#1664,.T.);
#1662=EDGE_CURVE('',#139,#137,#1665,.F.);
#1663=EDGE_CURVE('',#137,#141,#1666,.T.);
#1664=EDGE_CURVE('',#141,#139,#1667,.T.);
#1665=LINE('',#138,#1668);
#1666=LINE('',#136,#1669);
#1667=LINE('',#140,#1670);
#1668=VECTOR('',#1671,1.0);
#1669=VECTOR('',#1672,1.0);
#1670=VECTOR('',#1673,1.0);
#1671=DIRECTION('',(0.11513189879118928,-0.42511607765362297,0.8977867042906874));
#1672=DIRECTION('',(-0.261407637158107,0.9652284948318793,0));
#1673=DIRECTION('',(0,0,-1));
#1674=FACE_SURFACE('',(#1679),#1675,.T.);
#1675=PLANE('',#1676);
#1676=AXIS2_PLACEMENT_3D('',#142,#1677,#1678);
#1677=DIRECTION('',(-0.9767190537136532,-0.2145224699482685,0));
#1678=DIRECTION('',(0.2145224699482685,-0.9767190537136532,0));
#1679=FACE_BOUND('',#1680,.T.);
#1680=EDGE_LOOP('',(#1681,#1682,#1683));
#1681=ORIENTED_EDGE('',*,*,#1684,.T.);
#1682=ORIENTED_EDGE('',*,*,#1685,.T.);
#1683=ORIENTED_EDGE('',*,*,#1686,.T.);
#1684=EDGE_CURVE('',#143,#139,#1687,.F.);
#1685=EDGE_CURVE('',#139,#141,#1688,.T.);
#1686=EDGE_CURVE('',#141,#143,#1689,.T.);
#1687=LINE('',#142,#1690);
#1688=LINE('',#138,#1691);
#1689=LINE('',#140,#1692);
#1690=VECTOR('',#1693,1.0);
#1691=VECTOR('',#1694,1.0);
#1692=VECTOR('',#1695,1.0);
#1693=DIRECTION('',(0.2145224699482685,-0.9767190537136532,0));
#1694=DIRECTION('',(0,0,1));
#1695=DIRECTION('',(-0.09458040989781316,0.4306238338460224,-0.897562064587912));
#1696=FACE_SURFACE('',(#1701),#1697,.T.);
#1697=PLANE('',#1698);
#1698=AXIS2_PLACEMENT_3D('',#142,#1699,#1700);
#1699=DIRECTION('',(-0.9767190537136532,-0.2145224699482685,0));
#1700=DIRECTION('',(0.09458040989781316,-0.4306238338460224,0.897562064587912));
#1701=FACE_BOUND('',#1702,.T.);
#1702=EDGE_LOOP('',(#1703,#1704,#1705));
#1703=ORIENTED_EDGE('',*,*,#1706,.T.);
#1704=ORIENTED_EDGE('',*,*,#1707,.T.);
#1705=ORIENTED_EDGE('',*,*,#1708,.T.);
#1706=EDGE_CURVE('',#143,#141,#1709,.F.);
#1707=EDGE_CURVE('',#141,#145,#1710,.T.);
#1708=EDGE_CURVE('',#145,#143,#1711,.T.);
#1709=LINE('',#142,#1712);
#1710=LINE('',#140,#1713);
#1711=LINE('',#144,#1714);
#1712=VECTOR('',#1715,1.0);
#1713=VECTOR('',#1716,1.0);
#1714=VECTOR('',#1717,1.0);
#1715=DIRECTION('',(0.09458040989781316,-0.4306238338460224,0.897562064587912));
#1716=DIRECTION('',(-0.2145224699482685,0.9767190537136532,0));
#1717=DIRECTION('',(0,0,-1));
#1718=FACE_SURFACE('',(#1723),#1719,.T.);
#1719=PLANE('',#1720);
#1720=AXIS2_PLACEMENT_3D('',#146,#1721,#1722);
#1721=DIRECTION('',(-0.985914211280729,-0.16725181013877913,0));
#1722=DIRECTION('',(0.1672518101387791,-0.9859142112807289,0));
#1723=FACE_BOUND('',#1724,.T.);
#1724=EDGE_LOOP('',(#1725,#1726,#1727));
#1725=ORIENTED_EDGE('',*,*,#1728,.T.);
#1726=ORIENTED_EDGE('',*,*,#1729,.T.);
#1727=ORIENTED_EDGE('',*,*,#1730,.T.);
#1728=EDGE_CURVE('',#147,#143,#1731,.F.);
#1729=EDGE_CURVE('',#143,#145,#1732,.T.);
#1730=EDGE_CURVE('',#145,#147,#1733,.T.);
#1731=LINE('',#146,#1734);
#1732=LINE('',#142,#1735);
#1733=LINE('',#144,#1736);
#1734=VECTOR('',#1737,1.0);
#1735=VECTOR('',#1738,1.0);
#1736=VECTOR('',#1739,1.0);
#1737=DIRECTION('',(0.1672518101387791,-0.9859142112807289,0));
#1738=DIRECTION('',(0,0,1));
#1739=DIRECTION('',(-0.0738013994302031,0.43504371313092366,-0.8973796972895043));
#1740=FACE_SURFACE('',(#1745),#1741,.T.);
#1741=PLANE('',#1742);
#1742=AXIS2_PLACEMENT_3D('',#146,#1743,#1744);
#1743=DIRECTION('',(-0.985914211280729,-0.16725181013877913,0));
#1744=DIRECTION('',(0.0738013994302031,-0.43504371313092366,0.8973796972895043));
#1745=FACE_BOUND('',#1746,.T.);
#1746=EDGE_LOOP('',(#1747,#1748,#1749));
#1747=ORIENTED_EDGE('',*,*,#1750,.T.);
#1748=ORIENTED_EDGE('',*,*,#1751,.T.);
#1749=ORIENTED_EDGE('',*,*,#1752,.T.);
#1750=EDGE_CURVE('',#147,#145,#1753,.F.);
#1751=EDGE_CURVE('',#145,#149,#1754,.T.);
#1752=EDGE_CURVE('',#149,#147,#1755,.T.);
#1753=LINE('',#146,#1756);
#1754=LINE('',#144,#1757);
#1755=LINE('',#148,#1758);
#1756=VECTOR('',#1759,1.0);
#1757=VECTOR('',#1760,1.0);
#1758=VECTOR('',#1761,1.0);
#1759=DIRECTION('',(0.0738013994302031,-0.43504371313092366,0.8973796972895043));
#1760=DIRECTION('',(-0.1672518101387791,0.9859142112807289,0));
#1761=DIRECTION('',(0,0,-1));
#1762=FACE_SURFACE('',(#1767),#1763,.T.);
#1763=PLANE('',#1764);
#1764=AXIS2_PLACEMENT_3D('',#150,#1765,#1766);
#1765=DIRECTION('',(-0.9928129000386504,-0.11967683784611256,0));
#1766=DIRECTION('',(0.11967683784611255,-0.9928129000386504,0));
#1767=FACE_BOUND('',#1768,.T.);
#1768=EDGE_LOOP('',(#1769,#1770,#1771));
#1769=ORIENTED_EDGE('',*,*,#1772,.T.);
#1770=ORIENTED_EDGE('',*,*,#1773,.T.);
#1771=ORIENTED_EDGE('',*,*,#1774,.T.);
#1772=EDGE_CURVE('',#151,#147,#1775,.F.);
#1773=EDGE_CURVE('',#147,#149,#1776,.T.);
#1774=EDGE_CURVE('',#149,#151,#1777,.T.);
#1775=LINE('',#150,#1778);
#1776=LINE('',#146,#1779);
#1777=LINE('',#148,#1780);
#1778=VECTOR('',#1781,1.0);
#1779=VECTOR('',#1782,1.0);
#1780=VECTOR('',#1783,1.0);
#1781=DIRECTION('',(0.11967683784611255,-0.9928129000386504,0));
#1782=DIRECTION('',(0,0,1));
#1783=DIRECTION('',(-0.05284217551908264,0.43836714326385373,-0.8972413009849126));
#1784=FACE_SURFACE('',(#1789),#1785,.T.);
#1785=PLANE('',#1786);
#1786=AXIS2_PLACEMENT_3D('',#150,#1787,#1788);
#1787=DIRECTION('',(-0.9928129000386504,-0.11967683784611256,0));
#1788=DIRECTION('',(0.05284217551908264,-0.43836714326385373,0.8972413009849126));
#1789=FACE_BOUND('',#1790,.T.);
#1790=EDGE_LOOP('',(#1791,#1792,#1793));
#1791=ORIENTED_EDGE('',*,*,#1794,.T.);
#1792=ORIENTED_EDGE('',*,*,#1795,.T.);
#1793=ORIENTED_EDGE('',*,*,#1796,.T.);
#1794=EDGE_CURVE('',#151,#149,#1797,.F.);
#1795=EDGE_CURVE('',#149,#153,#1798,.T.);
#1796=EDGE_CURVE('',#153,#151,#1799,.T.);
#1797=LINE('',#150,#1800);
#1798=LINE('',#148,#1801);
#1799=LINE('',#152,#1802);
#1800=VECTOR('',#1803,1.0);
#1801=VECTOR('',#1804,1.0);
#1802=VECTOR('',#1805,1.0);
#1803=DIRECTION('',(0.05284217551908264,-0.43836714326385373,0.8972413009849126));
#1804=DIRECTION('',(-0.11967683784611255,0.9928129000386504,0));
#1805=DIRECTION('',(0,0,-1));
#1806=FACE_SURFACE('',(#1811),#1807,.T.);
#1807=PLANE('',#1808);
#1808=AXIS2_PLACEMENT_3D('',#154,#1809,#1810);
#1809=DIRECTION('',(-0.997412397685229,-0.07189234273413783,0));
#1810=DIRECTION('',(0.07189234273413782,-0.9974123976852288,0));
#1811=FACE_BOUND('',#1812,.T.);
#1812=EDGE_LOOP('',(#1813,#1814,#1815));
#1813=ORIENTED_EDGE('',*,*,#1816,.T.);
#1814=ORIENTED_EDGE('',*,*,#1817,.T.);
#1815=ORIENTED_EDGE('',*,*,#1818,.T.);
#1816=EDGE_CURVE('',#155,#151,#1819,.F.);
#1817=EDGE_CURVE('',#151,#153,#1820,.T.);
#1818=EDGE_CURVE('',#153,#155,#1821,.T.);
#1819=LINE('',#154,#1822);
#1820=LINE('',#150,#1823);
#1821=LINE('',#152,#1824);
#1822=VECTOR('',#1825,1.0);
#1823=VECTOR('',#1826,1.0);
#1824=VECTOR('',#1827,1.0);
#1825=DIRECTION('',(0.07189234273413782,-0.9974123976852288,0));
#1826=DIRECTION('',(0,0,1));
#1827=DIRECTION('',(-0.0317569357738332,0.4405860241674131,-0.8971485118633415));
#1828=FACE_SURFACE('',(#1833),#1829,.T.);
#1829=PLANE('',#1830);
#1830=AXIS2_PLACEMENT_3D('',#154,#1831,#1832);
#1831=DIRECTION('',(-0.997412397685229,-0.07189234273413783,0));
#1832=DIRECTION('',(0.0317569357738332,-0.4405860241674131,0.8971485118633415));
#1833=FACE_BOUND('',#1834,.T.);
#1834=EDGE_LOOP('',(#1835,#1836,#1837));
#1835=ORIENTED_EDGE('',*,*,#1838,.T.);
#1836=ORIENTED_EDGE('',*,*,#1839,.T.);
#1837=ORIENTED_EDGE('',*,*,#1840,.T.);
#1838=EDGE_CURVE('',#155,#153,#1841,.F.);
#1839=EDGE_CURVE('',#153,#157,#1842,.T.);
#1840=EDGE_CURVE('',#157,#155,#1843,.T.);
#1841=LINE('',#154,#1844);
#1842=LINE('',#152,#1845);
#1843=LINE('',#156,#1846);
#1844=VECTOR('',#1847,1.0);
#1845=VECTOR('',#1848,1.0);
#1846=VECTOR('',#1849,1.0);
#1847=DIRECTION('',(0.0317569357738332,-0.4405860241674131,0.8971485118633415));
#1848=DIRECTION('',(-0.07189234273413782,0.9974123976852288,0));
#1849=DIRECTION('',(0,0,-1));
#1850=FACE_SURFACE('',(#1855),#1851,.T.);
#1851=PLANE('',#1852);
#1852=AXIS2_PLACEMENT_3D('',#158,#1853,#1854);
#1853=DIRECTION('',(-0.9997125287774346,-0.023976234179429817,0));
#1854=DIRECTION('',(0.023976234179429817,-0.9997125287774347,0));
#1855=FACE_BOUND('',#1856,.T.);
#1856=EDGE_LOOP('',(#1857,#1858,#1859));
#1857=ORIENTED_EDGE('',*,*,#1860,.T.);
#1858=ORIENTED_EDGE('',*,*,#1861,.T.);
#1859=ORIENTED_EDGE('',*,*,#1862,.T.);
#1860=EDGE_CURVE('',#159,#155,#1863,.F.);
#1861=EDGE_CURVE('',#155,#157,#1864,.T.);
#1862=EDGE_CURVE('',#157,#159,#1865,.T.);
#1863=LINE('',#158,#1866);
#1864=LINE('',#154,#1867);
#1865=LINE('',#156,#1868);
#1866=VECTOR('',#1869,1.0);
#1867=VECTOR('',#1870,1.0);
#1868=VECTOR('',#1871,1.0);
#1869=DIRECTION('',(0.023976234179429817,-0.9997125287774347,0));
#1870=DIRECTION('',(0,0,1));
#1871=DIRECTION('',(-0.010593289189373415,0.44169755118028314,-0.8971014744751519));
#1872=FACE_SURFACE('',(#1877),#1873,.T.);
#1873=PLANE('',#1874);
#1874=AXIS2_PLACEMENT_3D('',#158,#1875,#1876);
#1875=DIRECTION('',(-0.9997125287774346,-0.023976234179429817,0));
#1876=DIRECTION('',(0.010593289189373415,-0.44169755118028314,0.8971014744751519));
#1877=FACE_BOUND('',#1878,.T.);
#1878=EDGE_LOOP('',(#1879,#1880,#1881));
#1879=ORIENTED_EDGE('',*,*,#1882,.T.);
#1880=ORIENTED_EDGE('',*,*,#1883,.T.);
#1881=ORIENTED_EDGE('',*,*,#1884,.T.);
#1882=EDGE_CURVE('',#159,#157,#1885,.F.);
#1883=EDGE_CURVE('',#157,#161,#1886,.T.);
#1884=EDGE_CURVE('',#161,#159,#1887,.T.);
#1885=LINE('',#158,#1888);
#1886=LINE('',#156,#1889);
#1887=LINE('',#160,#1890);
#1888=VECTOR('',#1891,1.0);
#1889=VECTOR('',#1892,1.0);
#1890=VECTOR('',#1893,1.0);
#1891=DIRECTION('',(0.010593289189373415,-0.44169755118028314,0.8971014744751519));
#1892=DIRECTION('',(-0.023976234179429817,0.9997125287774347,0));
#1893=DIRECTION('',(0,0,-1));
#1894=FACE_SURFACE('',(#1899),#1895,.T.);
#1895=PLANE('',#1896);
#1896=AXIS2_PLACEMENT_3D('',#162,#1897,#1898);
#1897=DIRECTION('',(0,0,-1));
#1898=DIRECTION('',(-0.3988035781899116,-0.917036371155977,0));
#1899=FACE_BOUND('',#1900,.T.);
#1900=EDGE_LOOP('',(#1901,#1902,#1903));
#1901=ORIENTED_EDGE('',*,*,#1904,.T.);
#1902=ORIENTED_EDGE('',*,*,#1905,.T.);
#1903=ORIENTED_EDGE('',*,*,#1906,.T.);
#1904=EDGE_CURVE('',#163,#165,#1907,.F.);
#1905=EDGE_CURVE('',#165,#167,#1908,.T.);
#1906=EDGE_CURVE('',#167,#163,#1909,.T.);
#1907=LINE('',#162,#1910);
#1908=LINE('',#164,#1911);
#1909=LINE('',#166,#1912);
#1910=VECTOR('',#1913,1.0);
#1911=VECTOR('',#1914,1.0);
#1912=VECTOR('',#1915,1.0);
#1913=DIRECTION('',(-0.3988035781899116,-0.917036371155977,0));
#1914=DIRECTION('',(-0.44319462776716145,-0.8964254134719337,0));
#1915=DIRECTION('',(0.4211015755528111,0.9070134856036818,0));
#1916=FACE_SURFACE('',(#1921),#1917,.T.);
#1917=PLANE('',#1918);
#1918=AXIS2_PLACEMENT_3D('',#166,#1919,#1920);
#1919=DIRECTION('',(0,0,-1));
#1920=DIRECTION('',(-0.4867172005462636,-0.8735595953868334,0));
#1921=FACE_BOUND('',#1922,.T.);
#1922=EDGE_LOOP('',(#1923,#1924,#1925));
#1923=ORIENTED_EDGE('',*,*,#1926,.T.);
#1924=ORIENTED_EDGE('',*,*,#1927,.T.);
#1925=ORIENTED_EDGE('',*,*,#1928,.T.);
#1926=EDGE_CURVE('',#167,#169,#1929,.F.);
#1927=EDGE_CURVE('',#169,#171,#1930,.T.);
#1928=EDGE_CURVE('',#171,#167,#1931,.T.);
#1929=LINE('',#166,#1932);
#1930=LINE('',#168,#1933);
#1931=LINE('',#170,#1934);
#1932=VECTOR('',#1935,1.0);
#1933=VECTOR('',#1936,1.0);
#1934=VECTOR('',#1937,1.0);
#1935=DIRECTION('',(-0.4867172005462636,-0.8735595953868334,0));
#1936=DIRECTION('',(-0.52925881613373,-0.8484604325156964,0));
#1937=DIRECTION('',(0.5081170202663209,0.8612880434068936,0));
#1938=FACE_SURFACE('',(#1943),#1939,.T.);
#1939=PLANE('',#1940);
#1940=AXIS2_PLACEMENT_3D('',#170,#1941,#1942);
#1941=DIRECTION('',(0,0,-1));
#1942=DIRECTION('',(-0.5707134485301346,-0.821149291948085,0));
#1943=FACE_BOUND('',#1944,.T.);
#1944=EDGE_LOOP('',(#1945,#1946,#1947));
#1945=ORIENTED_EDGE('',*,*,#1948,.T.);
#1946=ORIENTED_EDGE('',*,*,#1949,.T.);
#1947=ORIENTED_EDGE('',*,*,#1950,.T.);
#1948=EDGE_CURVE('',#171,#173,#1951,.F.);
#1949=EDGE_CURVE('',#173,#175,#1952,.T.);
#1950=EDGE_CURVE('',#175,#171,#1953,.T.);
#1951=LINE('',#170,#1954);
#1952=LINE('',#172,#1955);
#1953=LINE('',#174,#1956);
#1954=VECTOR('',#1957,1.0);
#1955=VECTOR('',#1958,1.0);
#1956=VECTOR('',#1959,1.0);
#1957=DIRECTION('',(-0.5707134485301346,-0.821149291948085,0));
#1958=DIRECTION('',(-0.6109666729986885,-0.7916563171508921,0));
#1959=DIRECTION('',(0.5909972939414546,0.8066735390192725,0));
#1960=FACE_SURFACE('',(#1965),#1961,.T.);
#1961=PLANE('',#1962);
#1962=AXIS2_PLACEMENT_3D('',#174,#1963,#1964);
#1963=DIRECTION('',(0,0,-1));
#1964=DIRECTION('',(-0.6499044191437734,-0.7600159511335237,0));
#1965=FACE_BOUND('',#1966,.T.);
#1966=EDGE_LOOP('',(#1967,#1968,#1969));
#1967=ORIENTED_EDGE('',*,*,#1970,.T.);
#1968=ORIENTED_EDGE('',*,*,#1971,.T.);
#1969=ORIENTED_EDGE('',*,*,#1972,.T.);
#1970=EDGE_CURVE('',#175,#177,#1973,.F.);
#1971=EDGE_CURVE('',#177,#179,#1974,.T.);
#1972=EDGE_CURVE('',#179,#175,#1975,.T.);
#1973=LINE('',#174,#1976);
#1974=LINE('',#176,#1977);
#1975=LINE('',#178,#1978);
#1976=VECTOR('',#1979,1.0);
#1977=VECTOR('',#1980,1.0);
#1978=VECTOR('',#1981,1.0);
#1979=DIRECTION('',(-0.6499044191437734,-0.7600159511335237,0));
#1980=DIRECTION('',(-0.6874055866602747,-0.726273749648329,0));
#1981=DIRECTION('',(0.6688418054928561,0.743404761368298,0));
#1982=FACE_SURFACE('',(#1987),#1983,.T.);
#1983=PLANE('',#1984);
#1984=AXIS2_PLACEMENT_3D('',#178,#1985,#1986);
#1985=DIRECTION('',(0,0,-1));
#1986=DIRECTION('',(-0.7233530666796607,-0.6904783421115613,0));
#1987=FACE_BOUND('',#1988,.T.);
#1988=EDGE_LOOP('',(#1989,#1990,#1991));
#1989=ORIENTED_EDGE('',*,*,#1992,.T.);
#1990=ORIENTED_EDGE('',*,*,#1993,.T.);
#1991=ORIENTED_EDGE('',*,*,#1994,.T.);
#1992=EDGE_CURVE('',#179,#181,#1995,.F.);
#1993=EDGE_CURVE('',#181,#183,#1996,.T.);
#1994=EDGE_CURVE('',#183,#179,#1997,.T.);
#1995=LINE('',#178,#1998);
#1996=LINE('',#180,#1999);
#1997=LINE('',#182,#2000);
#1998=VECTOR('',#2001,1.0);
#1999=VECTOR('',#2002,1.0);
#2000=VECTOR('',#2003,1.0);
#2001=DIRECTION('',(-0.7233530666796607,-0.6904783421115613,0));
#2002=DIRECTION('',(-0.7576265960558329,-0.6526882417730933,0));
#2003=DIRECTION('',(0.7407070648962294,0.6718281357704611,0));
#2004=FACE_SURFACE('',(#2009),#2005,.T.);
#2005=PLANE('',#2006);
#2006=AXIS2_PLACEMENT_3D('',#182,#2007,#2008);
#2007=DIRECTION('',(0,0,-1));
#2008=DIRECTION('',(-0.7900972060101864,-0.6129815699145423,0));
#2009=FACE_BOUND('',#2010,.T.);
#2010=EDGE_LOOP('',(#2011,#2012,#2013));
#2011=ORIENTED_EDGE('',*,*,#2014,.T.);
#2012=ORIENTED_EDGE('',*,*,#2015,.T.);
#2013=ORIENTED_EDGE('',*,*,#2016,.T.);
#2014=EDGE_CURVE('',#183,#185,#2017,.F.);
#2015=EDGE_CURVE('',#185,#187,#2018,.T.);
#2016=EDGE_CURVE('',#187,#183,#2019,.T.);
#2017=LINE('',#182,#2020);
#2018=LINE('',#184,#2021);
#2019=LINE('',#186,#2022);
#2020=VECTOR('',#2023,1.0);
#2021=VECTOR('',#2024,1.0);
#2022=VECTOR('',#2025,1.0);
#2023=DIRECTION('',(-0.7900972060101864,-0.6129815699145423,0));
#2024=DIRECTION('',(-0.820648374896993,-0.571433499874591,0));
#2025=DIRECTION('',(0.8056203510195045,0.5924321480331821,0));
#2026=FACE_SURFACE('',(#2031),#2027,.T.);
#2027=PLANE('',#2028);
#2028=AXIS2_PLACEMENT_3D('',#186,#2029,#2030);
#2029=DIRECTION('',(0,0,-1));
#2030=DIRECTION('',(-0.8491600521329554,-0.528135594200539,0));
#2031=FACE_BOUND('',#2032,.T.);
#2032=EDGE_LOOP('',(#2033,#2034,#2035));
#2033=ORIENTED_EDGE('',*,*,#2036,.T.);
#2034=ORIENTED_EDGE('',*,*,#2037,.T.);
#2035=ORIENTED_EDGE('',*,*,#2038,.T.);
#2036=EDGE_CURVE('',#187,#189,#2039,.F.);
#2037=EDGE_CURVE('',#189,#191,#2040,.T.);
#2038=EDGE_CURVE('',#191,#187,#2041,.T.);
#2039=LINE('',#186,#2042);
#2040=LINE('',#188,#2043);
#2041=LINE('',#190,#2044);
#2042=VECTOR('',#2045,1.0);
#2043=VECTOR('',#2046,1.0);
#2044=VECTOR('',#2047,1.0);
#2045=DIRECTION('',(-0.8491600521329554,-0.528135594200539,0));
#2046=DIRECTION('',(-0.875515874331942,-0.4831893560425094,0));
#2047=DIRECTION('',(0.8626147170178045,0.5058614928854471,0));
#2048=FACE_SURFACE('',(#2053),#2049,.T.);
#2049=PLANE('',#2050);
#2050=AXIS2_PLACEMENT_3D('',#190,#2051,#2052);
#2051=DIRECTION('',(0,0,-1));
#2052=DIRECTION('',(-0.8996021261986764,-0.436710447022762,0));
#2053=FACE_BOUND('',#2054,.T.);
#2054=EDGE_LOOP('',(#2055,#2056,#2057));
#2055=ORIENTED_EDGE('',*,*,#2058,.T.);
#2056=ORIENTED_EDGE('',*,*,#2059,.T.);
#2057=ORIENTED_EDGE('',*,*,#2060,.T.);
#2058=EDGE_CURVE('',#191,#193,#2061,.F.);
#2059=EDGE_CURVE('',#193,#195,#2062,.T.);
#2060=EDGE_CURVE('',#195,#191,#2063,.T.);
#2061=LINE('',#190,#2064);
#2062=LINE('',#192,#2065);
#2063=LINE('',#194,#2066);
#2064=VECTOR('',#2067,1.0);
#2065=VECTOR('',#2068,1.0);
#2066=VECTOR('',#2069,1.0);
#2067=DIRECTION('',(-0.8996021261986764,-0.436710447022762,0));
#2068=DIRECTION('',(-0.9213113497694436,-0.388825663744056,0));
#2069=DIRECTION('',(0.9107601146095469,0.4129358468774598,0));
#2070=FACE_SURFACE('',(#2075),#2071,.T.);
#2071=PLANE('',#2072);
#2072=AXIS2_PLACEMENT_3D('',#194,#2073,#2074);
#2073=DIRECTION('',(0,0,-1));
#2074=DIRECTION('',(-0.9405464148513113,-0.3396651903129682,0));
#2075=FACE_BOUND('',#2076,.T.);
#2076=EDGE_LOOP('',(#2077,#2078,#2079));
#2077=ORIENTED_EDGE('',*,*,#2080,.T.);
#2078=ORIENTED_EDGE('',*,*,#2081,.T.);
#2079=ORIENTED_EDGE('',*,*,#2082,.T.);
#2080=EDGE_CURVE('',#195,#197,#2083,.F.);
#2081=EDGE_CURVE('',#197,#199,#2084,.T.);
#2082=EDGE_CURVE('',#199,#195,#2085,.T.);
#2083=LINE('',#194,#2086);
#2084=LINE('',#196,#2087);
#2085=LINE('',#198,#2088);
#2086=VECTOR('',#2089,1.0);
#2087=VECTOR('',#2090,1.0);
#2088=VECTOR('',#2091,1.0);
#2089=DIRECTION('',(-0.9405464148513113,-0.3396651903129682,0));
#2090=DIRECTION('',(-0.9572140862068702,-0.28938070628006024,0));
#2091=DIRECTION('',(0.9492063452913333,0.3146542770385779,0));
#2092=FACE_SURFACE('',(#2097),#2093,.T.);
#2093=PLANE('',#2094);
#2094=AXIS2_PLACEMENT_3D('',#198,#2095,#2096);
#2095=DIRECTION('',(0,0,-1));
#2096=DIRECTION('',(-0.9712353722085942,-0.23812150631732826,0));
#2097=FACE_BOUND('',#2098,.T.);
#2098=EDGE_LOOP('',(#2099,#2100,#2101));
#2099=ORIENTED_EDGE('',*,*,#2102,.T.);
#2100=ORIENTED_EDGE('',*,*,#2103,.T.);
#2101=ORIENTED_EDGE('',*,*,#2104,.T.);
#2102=EDGE_CURVE('',#199,#201,#2105,.F.);
#2103=EDGE_CURVE('',#201,#203,#2106,.T.);
#2104=EDGE_CURVE('',#203,#199,#2107,.T.);
#2105=LINE('',#198,#2108);
#2106=LINE('',#200,#2109);
#2107=LINE('',#202,#2110);
#2108=VECTOR('',#2111,1.0);
#2109=VECTOR('',#2112,1.0);
#2110=VECTOR('',#2113,1.0);
#2111=DIRECTION('',(-0.9712353722085942,-0.23812150631732826,0));
#2112=DIRECTION('',(-0.9825385141184902,-0.18605931385939659,0));
#2113=DIRECTION('',(0.9772304393133018,0.21218074483687585,0));
#2114=FACE_SURFACE('',(#2119),#2115,.T.);
#2115=PLANE('',#2116);
#2116=AXIS2_PLACEMENT_3D('',#202,#2117,#2118);
#2117=DIRECTION('',(0,0,-1));
#2118=DIRECTION('',(-0.991067942244907,-0.13335791635461922,0));
#2119=FACE_BOUND('',#2120,.T.);
#2120=EDGE_LOOP('',(#2121,#2122,#2123));
#2121=ORIENTED_EDGE('',*,*,#2124,.T.);
#2122=ORIENTED_EDGE('',*,*,#2125,.T.);
#2123=ORIENTED_EDGE('',*,*,#2126,.T.);
#2124=EDGE_CURVE('',#203,#205,#2127,.F.);
#2125=EDGE_CURVE('',#205,#207,#2128,.T.);
#2126=EDGE_CURVE('',#207,#203,#2129,.T.);
#2127=LINE('',#202,#2130);
#2128=LINE('',#204,#2131);
#2129=LINE('',#206,#2132);
#2130=VECTOR('',#2133,1.0);
#2131=VECTOR('',#2134,1.0);
#2132=VECTOR('',#2135,1.0);
#2133=DIRECTION('',(-0.991067942244907,-0.13335791635461922,0));
#2134=DIRECTION('',(-0.9967788662162823,-0.08019907645716914,0));
#2135=DIRECTION('',(0.9942778874550332,0.10682454080386461,0));
#2136=FACE_SURFACE('',(#2141),#2137,.T.);
#2137=PLANE('',#2138);
#2138=AXIS2_PLACEMENT_3D('',#206,#2139,#2140);
#2139=DIRECTION('',(-0,0,-1));
#2140=DIRECTION('',(-0.999641823902698,-0.026762359845264653,0));
#2141=FACE_BOUND('',#2142,.T.);
#2142=EDGE_LOOP('',(#2143,#2144,#2145));
#2143=ORIENTED_EDGE('',*,*,#2146,.T.);
#2144=ORIENTED_EDGE('',*,*,#2147,.T.);
#2145=ORIENTED_EDGE('',*,*,#2148,.T.);
#2146=EDGE_CURVE('',#207,#39,#2149,.F.);
#2147=EDGE_CURVE('',#39,#37,#2150,.T.);
#2148=EDGE_CURVE('',#37,#207,#2151,.T.);
#2149=LINE('',#206,#2152);
#2150=LINE('',#38,#2153);
#2151=LINE('',#36,#2154);
#2152=VECTOR('',#2155,1.0);
#2153=VECTOR('',#2156,1.0);
#2154=VECTOR('',#2157,1.0);
#2155=DIRECTION('',(-0.999641823902698,-0.026762359845264653,0));
#2156=DIRECTION('',(-0.9996418172104202,0.026762609817596372,0));
#2157=DIRECTION('',(1,0,0));
#2158=FACE_SURFACE('',(#2163),#2159,.T.);
#2159=PLANE('',#2160);
#2160=AXIS2_PLACEMENT_3D('',#36,#2161,#2162);
#2161=DIRECTION('',(0,0,-1));
#2162=DIRECTION('',(-0.9967788677411841,0.08019905750445544,0));
#2163=FACE_BOUND('',#2164,.T.);
#2164=EDGE_LOOP('',(#2165,#2166,#2167));
#2165=ORIENTED_EDGE('',*,*,#2168,.T.);
#2166=ORIENTED_EDGE('',*,*,#2169,.T.);
#2167=ORIENTED_EDGE('',*,*,#2170,.T.);
#2168=EDGE_CURVE('',#37,#45,#2171,.F.);
#2169=EDGE_CURVE('',#45,#49,#2172,.T.);
#2170=EDGE_CURVE('',#49,#37,#2173,.T.);
#2171=LINE('',#36,#2174);
#2172=LINE('',#44,#2175);
#2173=LINE('',#48,#2176);
#2174=VECTOR('',#2177,1.0);
#2175=VECTOR('',#2178,1.0);
#2176=VECTOR('',#2179,1.0);
#2177=DIRECTION('',(-0.9967788677411841,0.08019905750445544,0));
#2178=DIRECTION('',(-0.991067942244907,0.13335791635461922,0));
#2179=DIRECTION('',(0.9942778888078592,-0.10682452821232785,0));
#2180=FACE_SURFACE('',(#2185),#2181,.T.);
#2181=PLANE('',#2182);
#2182=AXIS2_PLACEMENT_3D('',#48,#2183,#2184);
#2183=DIRECTION('',(0,0,-1));
#2184=DIRECTION('',(-0.9825385059231457,0.186059357137212,0));
#2185=FACE_BOUND('',#2186,.T.);
#2186=EDGE_LOOP('',(#2187,#2188,#2189));
#2187=ORIENTED_EDGE('',*,*,#2190,.T.);
#2188=ORIENTED_EDGE('',*,*,#2191,.T.);
#2189=ORIENTED_EDGE('',*,*,#2192,.T.);
#2190=EDGE_CURVE('',#49,#53,#2193,.F.);
#2191=EDGE_CURVE('',#53,#57,#2194,.T.);
#2192=EDGE_CURVE('',#57,#49,#2195,.T.);
#2193=LINE('',#48,#2196);
#2194=LINE('',#52,#2197);
#2195=LINE('',#56,#2198);
#2196=VECTOR('',#2199,1.0);
#2197=VECTOR('',#2200,1.0);
#2198=VECTOR('',#2201,1.0);
#2199=DIRECTION('',(-0.9825385059231457,0.186059357137212,0));
#2200=DIRECTION('',(-0.9712353990242973,0.23812139694305898,0));
#2201=DIRECTION('',(0.9772304446411171,-0.21218072029881643,0));
#2202=FACE_SURFACE('',(#2207),#2203,.T.);
#2203=PLANE('',#2204);
#2204=AXIS2_PLACEMENT_3D('',#56,#2205,#2206);
#2205=DIRECTION('',(0,0,-1));
#2206=DIRECTION('',(-0.9572139675651015,0.2893810987232525,0));
#2207=FACE_BOUND('',#2208,.T.);
#2208=EDGE_LOOP('',(#2209,#2210,#2211));
#2209=ORIENTED_EDGE('',*,*,#2212,.T.);
#2210=ORIENTED_EDGE('',*,*,#2213,.T.);
#2211=ORIENTED_EDGE('',*,*,#2214,.T.);
#2212=EDGE_CURVE('',#57,#61,#2215,.F.);
#2213=EDGE_CURVE('',#61,#65,#2216,.T.);
#2214=EDGE_CURVE('',#65,#57,#2217,.T.);
#2215=LINE('',#56,#2218);
#2216=LINE('',#60,#2219);
#2217=LINE('',#64,#2220);
#2218=VECTOR('',#2221,1.0);
#2219=VECTOR('',#2222,1.0);
#2220=VECTOR('',#2223,1.0);
#2221=DIRECTION('',(-0.9572139675651015,0.2893810987232525,0));
#2222=DIRECTION('',(-0.9405464692458151,0.3396650396923874,0));
#2223=DIRECTION('',(0.9492062985571564,-0.3146544180198689,0));
#2224=FACE_SURFACE('',(#2229),#2225,.T.);
#2225=PLANE('',#2226);
#2226=AXIS2_PLACEMENT_3D('',#64,#2227,#2228);
#2227=DIRECTION('',(0,0,-1));
#2228=DIRECTION('',(-0.9213112786248321,0.3888258323191463,0));
#2229=FACE_BOUND('',#2230,.T.);
#2230=EDGE_LOOP('',(#2231,#2232,#2233));
#2231=ORIENTED_EDGE('',*,*,#2234,.T.);
#2232=ORIENTED_EDGE('',*,*,#2235,.T.);
#2233=ORIENTED_EDGE('',*,*,#2236,.T.);
#2234=EDGE_CURVE('',#65,#69,#2237,.F.);
#2235=EDGE_CURVE('',#69,#73,#2238,.T.);
#2236=EDGE_CURVE('',#73,#65,#2239,.T.);
#2237=LINE('',#64,#2240);
#2238=LINE('',#68,#2241);
#2239=LINE('',#72,#2242);
#2240=VECTOR('',#2243,1.0);
#2241=VECTOR('',#2244,1.0);
#2242=VECTOR('',#2245,1.0);
#2243=DIRECTION('',(-0.9213112786248321,0.3888258323191463,0));
#2244=DIRECTION('',(-0.8996024844335764,0.43670970907564755,0));
#2245=DIRECTION('',(0.910760234886592,-0.4129355815975655,0));
#2246=FACE_SURFACE('',(#2251),#2247,.T.);
#2247=PLANE('',#2248);
#2248=AXIS2_PLACEMENT_3D('',#72,#2249,#2250);
#2249=DIRECTION('',(0,0,-1));
#2250=DIRECTION('',(-0.8755156555569943,0.4831897524519808,0));
#2251=FACE_BOUND('',#2252,.T.);
#2252=EDGE_LOOP('',(#2253,#2254,#2255));
#2253=ORIENTED_EDGE('',*,*,#2256,.T.);
#2254=ORIENTED_EDGE('',*,*,#2257,.T.);
#2255=ORIENTED_EDGE('',*,*,#2258,.T.);
#2256=EDGE_CURVE('',#73,#77,#2259,.F.);
#2257=EDGE_CURVE('',#77,#81,#2260,.T.);
#2258=EDGE_CURVE('',#81,#73,#2261,.T.);
#2259=LINE('',#72,#2262);
#2260=LINE('',#76,#2263);
#2261=LINE('',#80,#2264);
#2262=VECTOR('',#2265,1.0);
#2263=VECTOR('',#2266,1.0);
#2264=VECTOR('',#2267,1.0);
#2265=DIRECTION('',(-0.8755156555569943,0.4831897524519808,0));
#2266=DIRECTION('',(-0.8491603128662988,0.5281351749815661,0));
#2267=DIRECTION('',(0.8626147170178045,-0.5058614928854471,0));
#2268=FACE_SURFACE('',(#2273),#2269,.T.);
#2269=PLANE('',#2270);
#2270=AXIS2_PLACEMENT_3D('',#80,#2271,#2272);
#2271=DIRECTION('',(0,0,-1));
#2272=DIRECTION('',(-0.820648070439693,0.5714339371122515,0));
#2273=FACE_BOUND('',#2274,.T.);
#2274=EDGE_LOOP('',(#2275,#2276,#2277));
#2275=ORIENTED_EDGE('',*,*,#2278,.T.);
#2276=ORIENTED_EDGE('',*,*,#2279,.T.);
#2277=ORIENTED_EDGE('',*,*,#2280,.T.);
#2278=EDGE_CURVE('',#81,#85,#2281,.F.);
#2279=EDGE_CURVE('',#85,#89,#2282,.T.);
#2280=EDGE_CURVE('',#89,#81,#2283,.T.);
#2281=LINE('',#80,#2284);
#2282=LINE('',#84,#2285);
#2283=LINE('',#88,#2286);
#2284=VECTOR('',#2287,1.0);
#2285=VECTOR('',#2288,1.0);
#2286=VECTOR('',#2289,1.0);
#2287=DIRECTION('',(-0.820648070439693,0.5714339371122515,0));
#2288=DIRECTION('',(-0.7900975554189533,0.6129811195469187,0));
#2289=DIRECTION('',(0.8056203510195045,-0.5924321480331821,0));
#2290=FACE_SURFACE('',(#2295),#2291,.T.);
#2291=PLANE('',#2292);
#2292=AXIS2_PLACEMENT_3D('',#88,#2293,#2294);
#2293=DIRECTION('',(0,0,-1));
#2294=DIRECTION('',(-0.7576265960558329,0.6526882417730933,0));
#2295=FACE_BOUND('',#2296,.T.);
#2296=EDGE_LOOP('',(#2297,#2298,#2299));
#2297=ORIENTED_EDGE('',*,*,#2300,.T.);
#2298=ORIENTED_EDGE('',*,*,#2301,.T.);
#2299=ORIENTED_EDGE('',*,*,#2302,.T.);
#2300=EDGE_CURVE('',#89,#93,#2303,.F.);
#2301=EDGE_CURVE('',#93,#97,#2304,.T.);
#2302=EDGE_CURVE('',#97,#89,#2305,.T.);
#2303=LINE('',#88,#2306);
#2304=LINE('',#92,#2307);
#2305=LINE('',#96,#2308);
#2306=VECTOR('',#2309,1.0);
#2307=VECTOR('',#2310,1.0);
#2308=VECTOR('',#2311,1.0);
#2309=DIRECTION('',(-0.7576265960558329,0.6526882417730933,0));
#2310=DIRECTION('',(-0.723352625772138,0.690478804011067,0));
#2311=DIRECTION('',(0.7407068558331156,-0.6718283662676204,0));
#2312=FACE_SURFACE('',(#2317),#2313,.T.);
#2313=PLANE('',#2314);
#2314=AXIS2_PLACEMENT_3D('',#96,#2315,#2316);
#2315=DIRECTION('',(0,0,-1));
#2316=DIRECTION('',(-0.6874065595587365,0.7262728288154673,0));
#2317=FACE_BOUND('',#2318,.T.);
#2318=EDGE_LOOP('',(#2319,#2320,#2321));
#2319=ORIENTED_EDGE('',*,*,#2322,.T.);
#2320=ORIENTED_EDGE('',*,*,#2323,.T.);
#2321=ORIENTED_EDGE('',*,*,#2324,.T.);
#2322=EDGE_CURVE('',#97,#101,#2325,.F.);
#2323=EDGE_CURVE('',#101,#105,#2326,.T.);
#2324=EDGE_CURVE('',#105,#97,#2327,.T.);
#2325=LINE('',#96,#2328);
#2326=LINE('',#100,#2329);
#2327=LINE('',#104,#2330);
#2328=VECTOR('',#2331,1.0);
#2329=VECTOR('',#2332,1.0);
#2330=VECTOR('',#2333,1.0);
#2331=DIRECTION('',(-0.6874065595587365,0.7262728288154673,0));
#2332=DIRECTION('',(-0.6499033566909894,0.7600168596562741,0));
#2333=DIRECTION('',(0.6688418054928561,-0.743404761368298,0));
#2334=FACE_SURFACE('',(#2339),#2335,.T.);
#2335=PLANE('',#2336);
#2336=AXIS2_PLACEMENT_3D('',#104,#2337,#2338);
#2337=DIRECTION('',(0,0,-1));
#2338=DIRECTION('',(-0.6109672478061521,0.7916558735386077,0));
#2339=FACE_BOUND('',#2340,.T.);
#2340=EDGE_LOOP('',(#2341,#2342,#2343));
#2341=ORIENTED_EDGE('',*,*,#2344,.T.);
#2342=ORIENTED_EDGE('',*,*,#2345,.T.);
#2343=ORIENTED_EDGE('',*,*,#2346,.T.);
#2344=EDGE_CURVE('',#105,#109,#2347,.F.);
#2345=EDGE_CURVE('',#109,#113,#2348,.T.);
#2346=EDGE_CURVE('',#113,#105,#2349,.T.);
#2347=LINE('',#104,#2350);
#2348=LINE('',#108,#2351);
#2349=LINE('',#112,#2352);
#2350=VECTOR('',#2353,1.0);
#2351=VECTOR('',#2354,1.0);
#2352=VECTOR('',#2355,1.0);
#2353=DIRECTION('',(-0.6109672478061521,0.7916558735386077,0));
#2354=DIRECTION('',(-0.570714065322051,0.821148863266325,0));
#2355=DIRECTION('',(0.590997890155489,-0.8066731022116461,0));
#2356=FACE_SURFACE('',(#2361),#2357,.T.);
#2357=PLANE('',#2358);
#2358=AXIS2_PLACEMENT_3D('',#112,#2359,#2360);
#2359=DIRECTION('',(0,0,-1));
#2360=DIRECTION('',(-0.52925881613373,0.8484604325156964,0));
#2361=FACE_BOUND('',#2362,.T.);
#2362=EDGE_LOOP('',(#2363,#2364,#2365));
#2363=ORIENTED_EDGE('',*,*,#2366,.T.);
#2364=ORIENTED_EDGE('',*,*,#2367,.T.);
#2365=ORIENTED_EDGE('',*,*,#2368,.T.);
#2366=EDGE_CURVE('',#113,#115,#2369,.F.);
#2367=EDGE_CURVE('',#115,#119,#2370,.T.);
#2368=EDGE_CURVE('',#119,#113,#2371,.T.);
#2369=LINE('',#112,#2372);
#2370=LINE('',#114,#2373);
#2371=LINE('',#118,#2374);
#2372=VECTOR('',#2375,1.0);
#2373=VECTOR('',#2376,1.0);
#2374=VECTOR('',#2377,1.0);
#2375=DIRECTION('',(-0.52925881613373,0.8484604325156964,0));
#2376=DIRECTION('',(-0.4867144223119224,0.8735611433171532,0));
#2377=DIRECTION('',(0.5081156678433866,-0.8612888412675909,0));
#2378=FACE_SURFACE('',(#2383),#2379,.T.);
#2379=PLANE('',#2380);
#2380=AXIS2_PLACEMENT_3D('',#118,#2381,#2382);
#2381=DIRECTION('',(0,0,-1));
#2382=DIRECTION('',(-0.4431960872009697,0.8964246919232818,0));
#2383=FACE_BOUND('',#2384,.T.);
#2384=EDGE_LOOP('',(#2385,#2386,#2387));
#2385=ORIENTED_EDGE('',*,*,#2388,.T.);
#2386=ORIENTED_EDGE('',*,*,#2389,.T.);
#2387=ORIENTED_EDGE('',*,*,#2390,.T.);
#2388=EDGE_CURVE('',#119,#123,#2391,.F.);
#2389=EDGE_CURVE('',#123,#127,#2392,.T.);
#2390=EDGE_CURVE('',#127,#119,#2393,.T.);
#2391=LINE('',#118,#2394);
#2392=LINE('',#122,#2395);
#2393=LINE('',#126,#2396);
#2394=VECTOR('',#2397,1.0);
#2395=VECTOR('',#2398,1.0);
#2396=VECTOR('',#2399,1.0);
#2397=DIRECTION('',(-0.4431960872009697,0.8964246919232818,0));
#2398=DIRECTION('',(-0.39880510225811827,0.9170357083630342,0));
#2399=DIRECTION('',(0.42110306852253326,-0.9070127924571443,0));
#2400=FACE_SURFACE('',(#2405),#2401,.T.);
#2401=PLANE('',#2402);
#2402=AXIS2_PLACEMENT_3D('',#126,#2403,#2404);
#2403=DIRECTION('',(0,0,-1));
#2404=DIRECTION('',(-0.3536408045293794,0.935381302663151,0));
#2405=FACE_BOUND('',#2406,.T.);
#2406=EDGE_LOOP('',(#2407,#2408,#2409));
#2407=ORIENTED_EDGE('',*,*,#2410,.T.);
#2408=ORIENTED_EDGE('',*,*,#2411,.T.);
#2409=ORIENTED_EDGE('',*,*,#2412,.T.);
#2410=EDGE_CURVE('',#127,#131,#2413,.F.);
#2411=EDGE_CURVE('',#131,#135,#2414,.T.);
#2412=EDGE_CURVE('',#135,#127,#2415,.T.);
#2413=LINE('',#126,#2416);
#2414=LINE('',#130,#2417);
#2415=LINE('',#134,#2418);
#2416=VECTOR('',#2419,1.0);
#2417=VECTOR('',#2420,1.0);
#2418=VECTOR('',#2421,1.0);
#2419=DIRECTION('',(-0.3536408045293794,0.935381302663151,0));
#2420=DIRECTION('',(-0.3078099011771154,0.9514478780980777,0));
#2421=DIRECTION('',(0.3308029282431988,-0.9436998583584323,0));
#2422=FACE_SURFACE('',(#2427),#2423,.T.);
#2423=PLANE('',#2424);
#2424=AXIS2_PLACEMENT_3D('',#134,#2425,#2426);
#2425=DIRECTION('',(0,0,-1));
#2426=DIRECTION('',(-0.261407637158107,0.9652284948318793,0));
#2427=FACE_BOUND('',#2428,.T.);
#2428=EDGE_LOOP('',(#2429,#2430,#2431));
#2429=ORIENTED_EDGE('',*,*,#2432,.T.);
#2430=ORIENTED_EDGE('',*,*,#2433,.T.);
#2431=ORIENTED_EDGE('',*,*,#2434,.T.);
#2432=EDGE_CURVE('',#135,#139,#2435,.F.);
#2433=EDGE_CURVE('',#139,#143,#2436,.T.);
#2434=EDGE_CURVE('',#143,#135,#2437,.T.);
#2435=LINE('',#134,#2438);
#2436=LINE('',#138,#2439);
#2437=LINE('',#142,#2440);
#2438=VECTOR('',#2441,1.0);
#2439=VECTOR('',#2442,1.0);
#2440=VECTOR('',#2443,1.0);
#2441=DIRECTION('',(-0.261407637158107,0.9652284948318793,0));
#2442=DIRECTION('',(-0.2145224699482685,0.9767190537136532,0));
#2443=DIRECTION('',(0.23801928866312774,-0.9712604276013198,0));
#2444=FACE_SURFACE('',(#2449),#2445,.T.);
#2445=PLANE('',#2446);
#2446=AXIS2_PLACEMENT_3D('',#142,#2447,#2448);
#2447=DIRECTION('',(0,0,-1));
#2448=DIRECTION('',(-0.1672518101387791,0.9859142112807289,0));
#2449=FACE_BOUND('',#2450,.T.);
#2450=EDGE_LOOP('',(#2451,#2452,#2453));
#2451=ORIENTED_EDGE('',*,*,#2454,.T.);
#2452=ORIENTED_EDGE('',*,*,#2455,.T.);
#2453=ORIENTED_EDGE('',*,*,#2456,.T.);
#2454=EDGE_CURVE('',#143,#147,#2457,.F.);
#2455=EDGE_CURVE('',#147,#151,#2458,.T.);
#2456=EDGE_CURVE('',#151,#143,#2459,.T.);
#2457=LINE('',#142,#2460);
#2458=LINE('',#146,#2461);
#2459=LINE('',#150,#2462);
#2460=VECTOR('',#2463,1.0);
#2461=VECTOR('',#2464,1.0);
#2462=VECTOR('',#2465,1.0);
#2463=DIRECTION('',(-0.1672518101387791,0.9859142112807289,0));
#2464=DIRECTION('',(-0.11967683784611255,0.9928129000386504,0));
#2465=DIRECTION('',(0.14349636661054785,-0.9896508438684681,0));
#2466=FACE_SURFACE('',(#2471),#2467,.T.);
#2467=PLANE('',#2468);
#2468=AXIS2_PLACEMENT_3D('',#150,#2469,#2470);
#2469=DIRECTION('',(0,0,-1));
#2470=DIRECTION('',(-0.07189234273413782,0.9974123976852288,0));
#2471=FACE_BOUND('',#2472,.T.);
#2472=EDGE_LOOP('',(#2473,#2474,#2475));
#2473=ORIENTED_EDGE('',*,*,#2476,.T.);
#2474=ORIENTED_EDGE('',*,*,#2477,.T.);
#2475=ORIENTED_EDGE('',*,*,#2478,.T.);
#2476=EDGE_CURVE('',#151,#155,#2479,.F.);
#2477=EDGE_CURVE('',#155,#159,#2480,.T.);
#2478=EDGE_CURVE('',#159,#151,#2481,.T.);
#2479=LINE('',#150,#2482);
#2480=LINE('',#154,#2483);
#2481=LINE('',#158,#2484);
#2482=VECTOR('',#2485,1.0);
#2483=VECTOR('',#2486,1.0);
#2484=VECTOR('',#2487,1.0);
#2485=DIRECTION('',(-0.07189234273413782,0.9974123976852288,0));
#2486=DIRECTION('',(-0.023976234179429817,0.9997125287774347,0));
#2487=DIRECTION('',(0.0479448638971862,-0.9988499837442458,0));
#2488=FACE_SURFACE('',(#2493),#2489,.T.);
#2489=PLANE('',#2490);
#2490=AXIS2_PLACEMENT_3D('',#158,#2491,#2492);
#2491=DIRECTION('',(0,0,-1));
#2492=DIRECTION('',(0.0013164714305638153,0.9999991334511108,0));
#2493=FACE_BOUND('',#2494,.T.);
#2494=EDGE_LOOP('',(#2495,#2496,#2497));
#2495=ORIENTED_EDGE('',*,*,#2498,.T.);
#2496=ORIENTED_EDGE('',*,*,#2499,.T.);
#2497=ORIENTED_EDGE('',*,*,#2500,.T.);
#2498=EDGE_CURVE('',#159,#209,#2501,.F.);
#2499=EDGE_CURVE('',#209,#211,#2502,.T.);
#2500=EDGE_CURVE('',#211,#159,#2503,.T.);
#2501=LINE('',#158,#2504);
#2502=LINE('',#208,#2505);
#2503=LINE('',#210,#2506);
#2504=VECTOR('',#2507,1.0);
#2505=VECTOR('',#2508,1.0);
#2506=VECTOR('',#2509,1.0);
#2507=DIRECTION('',(0.0013164714305638153,0.9999991334511108,0));
#2508=DIRECTION('',(0.07189214952336327,0.9974124116116214,0));
#2509=DIRECTION('',(-0.00498958450976155,-0.999987551945733,0));
#2510=FACE_SURFACE('',(#2515),#2511,.T.);
#2511=PLANE('',#2512);
#2512=AXIS2_PLACEMENT_3D('',#210,#2513,#2514);
#2513=DIRECTION('',(0,0,-1));
#2514=DIRECTION('',(0.11967694461925896,0.9928128871678685,0));
#2515=FACE_BOUND('',#2516,.T.);
#2516=EDGE_LOOP('',(#2517,#2518,#2519));
#2517=ORIENTED_EDGE('',*,*,#2520,.T.);
#2518=ORIENTED_EDGE('',*,*,#2521,.T.);
#2519=ORIENTED_EDGE('',*,*,#2522,.T.);
#2520=EDGE_CURVE('',#211,#213,#2523,.F.);
#2521=EDGE_CURVE('',#213,#215,#2524,.T.);
#2522=EDGE_CURVE('',#215,#211,#2525,.T.);
#2523=LINE('',#210,#2526);
#2524=LINE('',#212,#2527);
#2525=LINE('',#214,#2528);
#2526=VECTOR('',#2529,1.0);
#2527=VECTOR('',#2530,1.0);
#2528=VECTOR('',#2531,1.0);
#2529=DIRECTION('',(0.11967694461925896,0.9928128871678685,0));
#2530=DIRECTION('',(0.16725151354152518,0.9859142615958393,0));
#2531=DIRECTION('',(-0.14349630275859093,-0.989650853126806,0));
#2532=FACE_SURFACE('',(#2537),#2533,.T.);
#2533=PLANE('',#2534);
#2534=AXIS2_PLACEMENT_3D('',#214,#2535,#2536);
#2535=DIRECTION('',(0,0,-1));
#2536=DIRECTION('',(0.2145224699482685,0.9767190537136532,0));
#2537=FACE_BOUND('',#2538,.T.);
#2538=EDGE_LOOP('',(#2539,#2540,#2541));
#2539=ORIENTED_EDGE('',*,*,#2542,.T.);
#2540=ORIENTED_EDGE('',*,*,#2543,.T.);
#2541=ORIENTED_EDGE('',*,*,#2544,.T.);
#2542=EDGE_CURVE('',#215,#217,#2545,.F.);
#2543=EDGE_CURVE('',#217,#219,#2546,.T.);
#2544=EDGE_CURVE('',#219,#215,#2547,.T.);
#2545=LINE('',#214,#2548);
#2546=LINE('',#216,#2549);
#2547=LINE('',#218,#2550);
#2548=VECTOR('',#2551,1.0);
#2549=VECTOR('',#2552,1.0);
#2550=VECTOR('',#2553,1.0);
#2551=DIRECTION('',(0.2145224699482685,0.9767190537136532,0));
#2552=DIRECTION('',(0.2614085469689188,0.9652282484322549,0));
#2553=DIRECTION('',(-0.23801970530836833,-0.9712603254971952,0));
#2554=FACE_SURFACE('',(#2559),#2555,.T.);
#2555=PLANE('',#2556);
#2556=AXIS2_PLACEMENT_3D('',#218,#2557,#2558);
#2557=DIRECTION('',(0,0,-1));
#2558=DIRECTION('',(0.3078099011771154,0.9514478780980777,0));
#2559=FACE_BOUND('',#2560,.T.);
#2560=EDGE_LOOP('',(#2561,#2562,#2563));
#2561=ORIENTED_EDGE('',*,*,#2564,.T.);
#2562=ORIENTED_EDGE('',*,*,#2565,.T.);
#2563=ORIENTED_EDGE('',*,*,#2566,.T.);
#2564=EDGE_CURVE('',#219,#221,#2567,.F.);
#2565=EDGE_CURVE('',#221,#223,#2568,.T.);
#2566=EDGE_CURVE('',#223,#219,#2569,.T.);
#2567=LINE('',#218,#2570);
#2568=LINE('',#220,#2571);
#2569=LINE('',#222,#2572);
#2570=VECTOR('',#2573,1.0);
#2571=VECTOR('',#2574,1.0);
#2572=VECTOR('',#2575,1.0);
#2573=DIRECTION('',(0.3078099011771154,0.9514478780980777,0));
#2574=DIRECTION('',(0.35363960787526844,0.9353817550828252,0));
#2575=DIRECTION('',(-0.3308023639030246,-0.9437000561810786,0));
#2576=FACE_SURFACE('',(#2581),#2577,.T.);
#2577=PLANE('',#2578);
#2578=AXIS2_PLACEMENT_3D('',#222,#2579,#2580);
#2579=DIRECTION('',(0,0,-1));
#2580=DIRECTION('',(0.39880510225811827,0.9170357083630342,0));
#2581=FACE_BOUND('',#2582,.T.);
#2582=EDGE_LOOP('',(#2583,#2584,#2585));
#2583=ORIENTED_EDGE('',*,*,#2586,.T.);
#2584=ORIENTED_EDGE('',*,*,#2587,.T.);
#2585=ORIENTED_EDGE('',*,*,#2588,.T.);
#2586=EDGE_CURVE('',#223,#225,#2589,.F.);
#2587=EDGE_CURVE('',#225,#227,#2590,.T.);
#2588=EDGE_CURVE('',#227,#223,#2591,.T.);
#2589=LINE('',#222,#2592);
#2590=LINE('',#224,#2593);
#2591=LINE('',#226,#2594);
#2592=VECTOR('',#2595,1.0);
#2593=VECTOR('',#2596,1.0);
#2594=VECTOR('',#2597,1.0);
#2595=DIRECTION('',(0.39880510225811827,0.9170357083630342,0));
#2596=DIRECTION('',(0.4431960872009697,0.8964246919232818,0));
#2597=DIRECTION('',(-0.42110306852253326,-0.9070127924571443,0));
#2598=FACE_SURFACE('',(#2603),#2599,.T.);
#2599=PLANE('',#2600);
#2600=AXIS2_PLACEMENT_3D('',#226,#2601,#2602);
#2601=DIRECTION('',(0,0,-1));
#2602=DIRECTION('',(0.4867144223119224,0.8735611433171532,0));
#2603=FACE_BOUND('',#2604,.T.);
#2604=EDGE_LOOP('',(#2605,#2606,#2607));
#2605=ORIENTED_EDGE('',*,*,#2608,.T.);
#2606=ORIENTED_EDGE('',*,*,#2609,.T.);
#2607=ORIENTED_EDGE('',*,*,#2610,.T.);
#2608=EDGE_CURVE('',#227,#229,#2611,.F.);
#2609=EDGE_CURVE('',#229,#231,#2612,.T.);
#2610=EDGE_CURVE('',#231,#227,#2613,.T.);
#2611=LINE('',#226,#2614);
#2612=LINE('',#228,#2615);
#2613=LINE('',#230,#2616);
#2614=VECTOR('',#2617,1.0);
#2615=VECTOR('',#2618,1.0);
#2616=VECTOR('',#2619,1.0);
#2617=DIRECTION('',(0.4867144223119224,0.8735611433171532,0));
#2618=DIRECTION('',(0.5292604550017216,0.8484594102085088,0));
#2619=DIRECTION('',(-0.5081164657047958,-0.8612883705703144,0));
#2620=FACE_SURFACE('',(#2625),#2621,.T.);
#2621=PLANE('',#2622);
#2622=AXIS2_PLACEMENT_3D('',#230,#2623,#2624);
#2623=DIRECTION('',(0,0,-1));
#2624=DIRECTION('',(0.5707132079594922,0.8211494591489332,0));
#2625=FACE_BOUND('',#2626,.T.);
#2626=EDGE_LOOP('',(#2627,#2628,#2629));
#2627=ORIENTED_EDGE('',*,*,#2630,.T.);
#2628=ORIENTED_EDGE('',*,*,#2631,.T.);
#2629=ORIENTED_EDGE('',*,*,#2632,.T.);
#2630=EDGE_CURVE('',#231,#233,#2633,.F.);
#2631=EDGE_CURVE('',#233,#235,#2634,.T.);
#2632=EDGE_CURVE('',#235,#231,#2635,.T.);
#2633=LINE('',#230,#2636);
#2634=LINE('',#232,#2637);
#2635=LINE('',#234,#2638);
#2636=VECTOR('',#2639,1.0);
#2637=VECTOR('',#2640,1.0);
#2638=VECTOR('',#2641,1.0);
#2639=DIRECTION('',(0.5707132079594922,0.8211494591489332,0));
#2640=DIRECTION('',(0.6109663605825678,0.7916565582602673,0));
#2641=DIRECTION('',(-0.5909970165412128,-0.8066737422523341,0));
#2642=FACE_SURFACE('',(#2647),#2643,.T.);
#2643=PLANE('',#2644);
#2644=AXIS2_PLACEMENT_3D('',#234,#2645,#2646);
#2645=DIRECTION('',(0,0,-1));
#2646=DIRECTION('',(0.6499042652148891,0.760016082761079,0));
#2647=FACE_BOUND('',#2648,.T.);
#2648=EDGE_LOOP('',(#2649,#2650,#2651));
#2649=ORIENTED_EDGE('',*,*,#2652,.T.);
#2650=ORIENTED_EDGE('',*,*,#2653,.T.);
#2651=ORIENTED_EDGE('',*,*,#2654,.T.);
#2652=EDGE_CURVE('',#235,#237,#2655,.F.);
#2653=EDGE_CURVE('',#237,#239,#2656,.T.);
#2654=EDGE_CURVE('',#239,#235,#2657,.T.);
#2655=LINE('',#234,#2658);
#2656=LINE('',#236,#2659);
#2657=LINE('',#238,#2660);
#2658=VECTOR('',#2661,1.0);
#2659=VECTOR('',#2662,1.0);
#2660=VECTOR('',#2663,1.0);
#2661=DIRECTION('',(0.6499042652148891,0.760016082761079,0));
#2662=DIRECTION('',(0.6874056387270719,0.7262737003679993,0));
#2663=DIRECTION('',(-0.6688418054928561,-0.743404761368298,0));
#2664=FACE_SURFACE('',(#2669),#2665,.T.);
#2665=PLANE('',#2666);
#2666=AXIS2_PLACEMENT_3D('',#238,#2667,#2668);
#2667=DIRECTION('',(0,0,-1));
#2668=DIRECTION('',(0.7233544733729629,0.6904768684404451,0));
#2669=FACE_BOUND('',#2670,.T.);
#2670=EDGE_LOOP('',(#2671,#2672,#2673));
#2671=ORIENTED_EDGE('',*,*,#2674,.T.);
#2672=ORIENTED_EDGE('',*,*,#2675,.T.);
#2673=ORIENTED_EDGE('',*,*,#2676,.T.);
#2674=EDGE_CURVE('',#239,#241,#2677,.F.);
#2675=EDGE_CURVE('',#241,#243,#2678,.T.);
#2676=EDGE_CURVE('',#243,#239,#2679,.T.);
#2677=LINE('',#238,#2680);
#2678=LINE('',#240,#2681);
#2679=LINE('',#242,#2682);
#2680=VECTOR('',#2683,1.0);
#2681=VECTOR('',#2684,1.0);
#2682=VECTOR('',#2685,1.0);
#2683=DIRECTION('',(0.7233544733729629,0.6904768684404451,0));
#2684=DIRECTION('',(0.7576265960558329,0.6526882417730933,0));
#2685=DIRECTION('',(-0.7407077778223898,-0.6718273497509738,0));
#2686=FACE_SURFACE('',(#2691),#2687,.T.);
#2687=PLANE('',#2688);
#2688=AXIS2_PLACEMENT_3D('',#242,#2689,#2690);
#2689=DIRECTION('',(0,0,-1));
#2690=DIRECTION('',(0.7900966546843426,0.6129822805404824,0));
#2691=FACE_BOUND('',#2692,.T.);
#2692=EDGE_LOOP('',(#2693,#2694,#2695));
#2693=ORIENTED_EDGE('',*,*,#2696,.T.);
#2694=ORIENTED_EDGE('',*,*,#2697,.T.);
#2695=ORIENTED_EDGE('',*,*,#2698,.T.);
#2696=EDGE_CURVE('',#243,#245,#2699,.F.);
#2697=EDGE_CURVE('',#245,#247,#2700,.T.);
#2698=EDGE_CURVE('',#247,#243,#2701,.T.);
#2699=LINE('',#242,#2702);
#2700=LINE('',#244,#2703);
#2701=LINE('',#246,#2704);
#2702=VECTOR('',#2705,1.0);
#2703=VECTOR('',#2706,1.0);
#2704=VECTOR('',#2707,1.0);
#2705=DIRECTION('',(0.7900966546843426,0.6129822805404824,0));
#2706=DIRECTION('',(0.8206471959638361,0.5714351929630284,0));
#2707=DIRECTION('',(-0.8056194619002368,-0.5924333571023606,0));
#2708=FACE_SURFACE('',(#2713),#2709,.T.);
#2709=PLANE('',#2710);
#2710=AXIS2_PLACEMENT_3D('',#246,#2711,#2712);
#2711=DIRECTION('',(0,0,-1));
#2712=DIRECTION('',(0.8491619897401477,0.528132478816209,0));
#2713=FACE_BOUND('',#2714,.T.);
#2714=EDGE_LOOP('',(#2715,#2716,#2717));
#2715=ORIENTED_EDGE('',*,*,#2718,.T.);
#2716=ORIENTED_EDGE('',*,*,#2719,.T.);
#2717=ORIENTED_EDGE('',*,*,#2720,.T.);
#2718=EDGE_CURVE('',#247,#249,#2721,.F.);
#2719=EDGE_CURVE('',#249,#251,#2722,.T.);
#2720=EDGE_CURVE('',#251,#247,#2723,.T.);
#2721=LINE('',#246,#2724);
#2722=LINE('',#248,#2725);
#2723=LINE('',#250,#2726);
#2724=VECTOR('',#2727,1.0);
#2725=VECTOR('',#2728,1.0);
#2726=VECTOR('',#2729,1.0);
#2727=DIRECTION('',(0.8491619897401477,0.528132478816209,0));
#2728=DIRECTION('',(0.8755148627370396,0.483191188999285,0));
#2729=DIRECTION('',(-0.8626151255532784,-0.505860796234203,0));
#2730=FACE_SURFACE('',(#2735),#2731,.T.);
#2731=PLANE('',#2732);
#2732=AXIS2_PLACEMENT_3D('',#250,#2733,#2734);
#2733=DIRECTION('',(0,0,-1));
#2734=DIRECTION('',(0.8996039603228893,0.436706668796543,0));
#2735=FACE_BOUND('',#2736,.T.);
#2736=EDGE_LOOP('',(#2737,#2738,#2739));
#2737=ORIENTED_EDGE('',*,*,#2740,.T.);
#2738=ORIENTED_EDGE('',*,*,#2741,.T.);
#2739=ORIENTED_EDGE('',*,*,#2742,.T.);
#2740=EDGE_CURVE('',#251,#253,#2743,.F.);
#2741=EDGE_CURVE('',#253,#255,#2744,.T.);
#2742=EDGE_CURVE('',#255,#251,#2745,.T.);
#2743=LINE('',#250,#2746);
#2744=LINE('',#252,#2747);
#2745=LINE('',#254,#2748);
#2746=VECTOR('',#2749,1.0);
#2747=VECTOR('',#2750,1.0);
#2748=VECTOR('',#2751,1.0);
#2749=DIRECTION('',(0.8996039603228893,0.436706668796543,0));
#2750=DIRECTION('',(0.9213099300200099,0.3888290277828091,0));
#2751=DIRECTION('',(-0.910760234886592,-0.4129355815975655,0));
#2752=FACE_SURFACE('',(#2757),#2753,.T.);
#2753=PLANE('',#2754);
#2754=AXIS2_PLACEMENT_3D('',#254,#2755,#2756);
#2755=DIRECTION('',(0,0,-1));
#2756=DIRECTION('',(0.9405464692458151,0.3396650396923874,0));
#2757=FACE_BOUND('',#2758,.T.);
#2758=EDGE_LOOP('',(#2759,#2760,#2761));
#2759=ORIENTED_EDGE('',*,*,#2762,.T.);
#2760=ORIENTED_EDGE('',*,*,#2763,.T.);
#2761=ORIENTED_EDGE('',*,*,#2764,.T.);
#2762=EDGE_CURVE('',#255,#257,#2765,.F.);
#2763=EDGE_CURVE('',#257,#259,#2766,.T.);
#2764=EDGE_CURVE('',#259,#255,#2767,.T.);
#2765=LINE('',#254,#2768);
#2766=LINE('',#256,#2769);
#2767=LINE('',#258,#2770);
#2768=VECTOR('',#2771,1.0);
#2769=VECTOR('',#2772,1.0);
#2770=VECTOR('',#2773,1.0);
#2771=DIRECTION('',(0.9405464692458151,0.3396650396923874,0));
#2772=DIRECTION('',(0.9572134443055558,0.2893828295540265,0));
#2773=DIRECTION('',(-0.9492060165941577,-0.3146552686059007,0));
#2774=FACE_SURFACE('',(#2779),#2775,.T.);
#2775=PLANE('',#2776);
#2776=AXIS2_PLACEMENT_3D('',#258,#2777,#2778);
#2777=DIRECTION('',(0,0,-1));
#2778=DIRECTION('',(0.9712358365197374,0.23811961250557664,0));
#2779=FACE_BOUND('',#2780,.T.);
#2780=EDGE_LOOP('',(#2781,#2782,#2783));
#2781=ORIENTED_EDGE('',*,*,#2784,.T.);
#2782=ORIENTED_EDGE('',*,*,#2785,.T.);
#2783=ORIENTED_EDGE('',*,*,#2786,.T.);
#2784=EDGE_CURVE('',#259,#261,#2787,.F.);
#2785=EDGE_CURVE('',#261,#263,#2788,.T.);
#2786=EDGE_CURVE('',#263,#259,#2789,.T.);
#2787=LINE('',#258,#2790);
#2788=LINE('',#260,#2791);
#2789=LINE('',#262,#2792);
#2790=VECTOR('',#2793,1.0);
#2791=VECTOR('',#2794,1.0);
#2792=VECTOR('',#2795,1.0);
#2793=DIRECTION('',(0.9712358365197374,0.23811961250557664,0));
#2794=DIRECTION('',(0.9825385059231457,0.186059357137212,0));
#2795=DIRECTION('',(-0.9772306409451913,-0.21217981618865311,0));
#2796=FACE_SURFACE('',(#2801),#2797,.T.);
#2797=PLANE('',#2798);
#2798=AXIS2_PLACEMENT_3D('',#262,#2799,#2800);
#2799=DIRECTION('',(0,0,-1));
#2800=DIRECTION('',(0.9910681927724548,0.13335605451099752,0));
#2801=FACE_BOUND('',#2802,.T.);
#2802=EDGE_LOOP('',(#2803,#2804,#2805));
#2803=ORIENTED_EDGE('',*,*,#2806,.T.);
#2804=ORIENTED_EDGE('',*,*,#2807,.T.);
#2805=ORIENTED_EDGE('',*,*,#2808,.T.);
#2806=EDGE_CURVE('',#263,#265,#2809,.F.);
#2807=EDGE_CURVE('',#265,#267,#2810,.T.);
#2808=EDGE_CURVE('',#267,#263,#2811,.T.);
#2809=LINE('',#262,#2812);
#2810=LINE('',#264,#2813);
#2811=LINE('',#266,#2814);
#2812=VECTOR('',#2815,1.0);
#2813=VECTOR('',#2816,1.0);
#2814=VECTOR('',#2817,1.0);
#2815=DIRECTION('',(0.9910681927724548,0.13335605451099752,0));
#2816=DIRECTION('',(0.996778564490803,0.08020282645676458,0));
#2817=DIRECTION('',(-0.9942777880751452,-0.10682546578600449,0));
#2818=FACE_SURFACE('',(#2823),#2819,.T.);
#2819=PLANE('',#2820);
#2820=AXIS2_PLACEMENT_3D('',#266,#2821,#2822);
#2821=DIRECTION('',(0,0,-1));
#2822=DIRECTION('',(0.9996419189942874,0.026758807697997676,0));
#2823=FACE_BOUND('',#2824,.T.);
#2824=EDGE_LOOP('',(#2825,#2826,#2827));
#2825=ORIENTED_EDGE('',*,*,#2828,.T.);
#2826=ORIENTED_EDGE('',*,*,#2829,.T.);
#2827=ORIENTED_EDGE('',*,*,#2830,.T.);
#2828=EDGE_CURVE('',#267,#269,#2831,.F.);
#2829=EDGE_CURVE('',#269,#271,#2832,.T.);
#2830=EDGE_CURVE('',#271,#267,#2833,.T.);
#2831=LINE('',#266,#2834);
#2832=LINE('',#268,#2835);
#2833=LINE('',#270,#2836);
#2834=VECTOR('',#2837,1.0);
#2835=VECTOR('',#2838,1.0);
#2836=VECTOR('',#2839,1.0);
#2837=DIRECTION('',(0.9996419189942874,0.026758807697997676,0));
#2838=DIRECTION('',(0.9996419251312888,-0.026758578434040423,0));
#2839=DIRECTION('',(-1,0,0));
#2840=FACE_SURFACE('',(#2845),#2841,.T.);
#2841=PLANE('',#2842);
#2842=AXIS2_PLACEMENT_3D('',#270,#2843,#2844);
#2843=DIRECTION('',(0,0,-1));
#2844=DIRECTION('',(0.9967785629657584,-0.08020284541035745,0));
#2845=FACE_BOUND('',#2846,.T.);
#2846=EDGE_LOOP('',(#2847,#2848,#2849));
#2847=ORIENTED_EDGE('',*,*,#2850,.T.);
#2848=ORIENTED_EDGE('',*,*,#2851,.T.);
#2849=ORIENTED_EDGE('',*,*,#2852,.T.);
#2850=EDGE_CURVE('',#271,#273,#2853,.F.);
#2851=EDGE_CURVE('',#273,#275,#2854,.T.);
#2852=EDGE_CURVE('',#275,#271,#2855,.T.);
#2853=LINE('',#270,#2856);
#2854=LINE('',#272,#2857);
#2855=LINE('',#274,#2858);
#2856=VECTOR('',#2859,1.0);
#2857=VECTOR('',#2860,1.0);
#2858=VECTOR('',#2861,1.0);
#2859=DIRECTION('',(0.9967785629657584,-0.08020284541035745,0));
#2860=DIRECTION('',(0.9910681927724548,-0.13335605451099752,0));
#2861=DIRECTION('',(-0.9942777867222954,0.10682547837764919,0));
#2862=FACE_SURFACE('',(#2867),#2863,.T.);
#2863=PLANE('',#2864);
#2864=AXIS2_PLACEMENT_3D('',#274,#2865,#2866);
#2865=DIRECTION('',(0,0,-1));
#2866=DIRECTION('',(0.9825385141184902,-0.18605931385939659,0));
#2867=FACE_BOUND('',#2868,.T.);
#2868=EDGE_LOOP('',(#2869,#2870,#2871));
#2869=ORIENTED_EDGE('',*,*,#2872,.T.);
#2870=ORIENTED_EDGE('',*,*,#2873,.T.);
#2871=ORIENTED_EDGE('',*,*,#2874,.T.);
#2872=EDGE_CURVE('',#275,#277,#2875,.F.);
#2873=EDGE_CURVE('',#277,#279,#2876,.T.);
#2874=EDGE_CURVE('',#279,#275,#2877,.T.);
#2875=LINE('',#274,#2878);
#2876=LINE('',#276,#2879);
#2877=LINE('',#278,#2880);
#2878=VECTOR('',#2881,1.0);
#2879=VECTOR('',#2882,1.0);
#2880=VECTOR('',#2883,1.0);
#2881=DIRECTION('',(0.9825385141184902,-0.18605931385939659,0));
#2882=DIRECTION('',(0.971235809704424,-0.2381197218791248,0));
#2883=DIRECTION('',(-0.9772306356174202,0.2121798407266178,0));
#2884=FACE_SURFACE('',(#2889),#2885,.T.);
#2885=PLANE('',#2886);
#2886=AXIS2_PLACEMENT_3D('',#278,#2887,#2888);
#2887=DIRECTION('',(0,0,-1));
#2888=DIRECTION('',(0.9572135629486788,-0.289382437108916,0));
#2889=FACE_BOUND('',#2890,.T.);
#2890=EDGE_LOOP('',(#2891,#2892,#2893));
#2891=ORIENTED_EDGE('',*,*,#2894,.T.);
#2892=ORIENTED_EDGE('',*,*,#2895,.T.);
#2893=ORIENTED_EDGE('',*,*,#2896,.T.);
#2894=EDGE_CURVE('',#279,#281,#2897,.F.);
#2895=EDGE_CURVE('',#281,#283,#2898,.T.);
#2896=EDGE_CURVE('',#283,#279,#2899,.T.);
#2897=LINE('',#278,#2900);
#2898=LINE('',#280,#2901);
#2899=LINE('',#282,#2902);
#2900=VECTOR('',#2903,1.0);
#2901=VECTOR('',#2904,1.0);
#2902=VECTOR('',#2905,1.0);
#2903=DIRECTION('',(0.9572135629486788,-0.289382437108916,0));
#2904=DIRECTION('',(0.9405464148513113,-0.3396651903129682,0));
#2905=DIRECTION('',(-0.9492060633285734,0.3146551276243124,0));
#2906=FACE_SURFACE('',(#2911),#2907,.T.);
#2907=PLANE('',#2908);
#2908=AXIS2_PLACEMENT_3D('',#282,#2909,#2910);
#2909=DIRECTION('',(0,0,-1));
#2910=DIRECTION('',(0.9213100011656866,-0.38882885920682697,0));
#2911=FACE_BOUND('',#2912,.T.);
#2912=EDGE_LOOP('',(#2913,#2914,#2915));
#2913=ORIENTED_EDGE('',*,*,#2916,.T.);
#2914=ORIENTED_EDGE('',*,*,#2917,.T.);
#2915=ORIENTED_EDGE('',*,*,#2918,.T.);
#2916=EDGE_CURVE('',#283,#285,#2919,.F.);
#2917=EDGE_CURVE('',#285,#287,#2920,.T.);
#2918=EDGE_CURVE('',#287,#283,#2921,.T.);
#2919=LINE('',#282,#2922);
#2920=LINE('',#284,#2923);
#2921=LINE('',#286,#2924);
#2922=VECTOR('',#2925,1.0);
#2923=VECTOR('',#2926,1.0);
#2924=VECTOR('',#2927,1.0);
#2925=DIRECTION('',(0.9213100011656866,-0.38882885920682697,0));
#2926=DIRECTION('',(0.8996036020923893,-0.4367074067409414,0));
#2927=DIRECTION('',(-0.9107601146095469,0.4129358468774598,0));
#2928=FACE_SURFACE('',(#2933),#2929,.T.);
#2929=PLANE('',#2930);
#2930=AXIS2_PLACEMENT_3D('',#286,#2931,#2932);
#2931=DIRECTION('',(0,0,-1));
#2932=DIRECTION('',(0.8755150815130902,-0.48319079258935305,0));
#2933=FACE_BOUND('',#2934,.T.);
#2934=EDGE_LOOP('',(#2935,#2936,#2937));
#2935=ORIENTED_EDGE('',*,*,#2938,.T.);
#2936=ORIENTED_EDGE('',*,*,#2939,.T.);
#2937=ORIENTED_EDGE('',*,*,#2940,.T.);
#2938=EDGE_CURVE('',#287,#289,#2941,.F.);
#2939=EDGE_CURVE('',#289,#291,#2942,.T.);
#2940=EDGE_CURVE('',#291,#287,#2943,.T.);
#2941=LINE('',#286,#2944);
#2942=LINE('',#288,#2945);
#2943=LINE('',#290,#2946);
#2944=VECTOR('',#2947,1.0);
#2945=VECTOR('',#2948,1.0);
#2946=VECTOR('',#2949,1.0);
#2947=DIRECTION('',(0.8755150815130902,-0.48319079258935305,0));
#2948=DIRECTION('',(0.8491617290089515,-0.5281328980346973,0));
#2949=DIRECTION('',(-0.8626151255532784,0.505860796234203,0));
#2950=FACE_SURFACE('',(#2955),#2951,.T.);
#2951=PLANE('',#2952);
#2952=AXIS2_PLACEMENT_3D('',#290,#2953,#2954);
#2953=DIRECTION('',(0,0,-1));
#2954=DIRECTION('',(0.82064750042215,-0.5714347557253387,0));
#2955=FACE_BOUND('',#2956,.T.);
#2956=EDGE_LOOP('',(#2957,#2958,#2959));
#2957=ORIENTED_EDGE('',*,*,#2960,.T.);
#2958=ORIENTED_EDGE('',*,*,#2961,.T.);
#2959=ORIENTED_EDGE('',*,*,#2962,.T.);
#2960=EDGE_CURVE('',#291,#293,#2963,.F.);
#2961=EDGE_CURVE('',#293,#295,#2964,.T.);
#2962=EDGE_CURVE('',#295,#291,#2965,.T.);
#2963=LINE('',#290,#2966);
#2964=LINE('',#292,#2967);
#2965=LINE('',#294,#2968);
#2966=VECTOR('',#2969,1.0);
#2967=VECTOR('',#2970,1.0);
#2968=VECTOR('',#2971,1.0);
#2969=DIRECTION('',(0.82064750042215,-0.5714347557253387,0));
#2970=DIRECTION('',(0.7900963052746505,-0.6129827309079321,0));
#2971=DIRECTION('',(-0.8056194619002368,0.5924333571023606,0));
#2972=FACE_SURFACE('',(#2977),#2973,.T.);
#2973=PLANE('',#2974);
#2974=AXIS2_PLACEMENT_3D('',#294,#2975,#2976);
#2975=DIRECTION('',(0,0,-1));
#2976=DIRECTION('',(0.7576265960558329,-0.6526882417730933,0));
#2977=FACE_BOUND('',#2978,.T.);
#2978=EDGE_LOOP('',(#2979,#2980,#2981));
#2979=ORIENTED_EDGE('',*,*,#2982,.T.);
#2980=ORIENTED_EDGE('',*,*,#2983,.T.);
#2981=ORIENTED_EDGE('',*,*,#2984,.T.);
#2982=EDGE_CURVE('',#295,#297,#2985,.F.);
#2983=EDGE_CURVE('',#297,#299,#2986,.T.);
#2984=EDGE_CURVE('',#299,#295,#2987,.T.);
#2985=LINE('',#294,#2988);
#2986=LINE('',#296,#2989);
#2987=LINE('',#298,#2990);
#2988=VECTOR('',#2991,1.0);
#2989=VECTOR('',#2992,1.0);
#2990=VECTOR('',#2993,1.0);
#2991=DIRECTION('',(0.7576265960558329,-0.6526882417730933,0));
#2992=DIRECTION('',(0.7233549142791398,-0.6904764065398746,0));
#2993=DIRECTION('',(-0.7407079868851312,0.6718271192535893,0));
#2994=FACE_SURFACE('',(#2999),#2995,.T.);
#2995=PLANE('',#2996);
#2996=AXIS2_PLACEMENT_3D('',#298,#2997,#2998);
#2997=DIRECTION('',(0,0,-1));
#2998=DIRECTION('',(0.6874046658275782,-0.7262746211994989,0));
#2999=FACE_BOUND('',#3000,.T.);
#3000=EDGE_LOOP('',(#3001,#3002,#3003));
#3001=ORIENTED_EDGE('',*,*,#3004,.T.);
#3002=ORIENTED_EDGE('',*,*,#3005,.T.);
#3003=ORIENTED_EDGE('',*,*,#3006,.T.);
#3004=EDGE_CURVE('',#299,#301,#3007,.F.);
#3005=EDGE_CURVE('',#301,#303,#3008,.T.);
#3006=EDGE_CURVE('',#303,#299,#3009,.T.);
#3007=LINE('',#298,#3010);
#3008=LINE('',#300,#3011);
#3009=LINE('',#302,#3012);
#3010=VECTOR('',#3013,1.0);
#3011=VECTOR('',#3014,1.0);
#3012=VECTOR('',#3015,1.0);
#3013=DIRECTION('',(0.6874046658275782,-0.7262746211994989,0));
#3014=DIRECTION('',(0.649905327666986,-0.760015174236717,0));
#3015=DIRECTION('',(-0.6688418054928561,0.743404761368298,0));
#3016=FACE_SURFACE('',(#3021),#3017,.T.);
#3017=PLANE('',#3018);
#3018=AXIS2_PLACEMENT_3D('',#302,#3019,#3020);
#3019=DIRECTION('',(0,0,-1));
#3020=DIRECTION('',(0.6109657857749444,-0.7916570018716469,0));
#3021=FACE_BOUND('',#3022,.T.);
#3022=EDGE_LOOP('',(#3023,#3024,#3025));
#3023=ORIENTED_EDGE('',*,*,#3026,.T.);
#3024=ORIENTED_EDGE('',*,*,#3027,.T.);
#3025=ORIENTED_EDGE('',*,*,#3028,.T.);
#3026=EDGE_CURVE('',#303,#305,#3029,.F.);
#3027=EDGE_CURVE('',#305,#307,#3030,.T.);
#3028=EDGE_CURVE('',#307,#303,#3031,.T.);
#3029=LINE('',#302,#3032);
#3030=LINE('',#304,#3033);
#3031=LINE('',#306,#3034);
#3032=VECTOR('',#3035,1.0);
#3033=VECTOR('',#3036,1.0);
#3034=VECTOR('',#3037,1.0);
#3035=DIRECTION('',(0.6109657857749444,-0.7916570018716469,0));
#3036=DIRECTION('',(0.5707125911676072,-0.8211498878297163,0));
#3037=DIRECTION('',(-0.5909964203271139,0.806674179059016,0));
#3038=FACE_SURFACE('',(#3043),#3039,.T.);
#3039=PLANE('',#3040);
#3040=AXIS2_PLACEMENT_3D('',#306,#3041,#3042);
#3041=DIRECTION('',(0,0,-1));
#3042=DIRECTION('',(0.5292604550017216,-0.8484594102085088,0));
#3043=FACE_BOUND('',#3044,.T.);
#3044=EDGE_LOOP('',(#3045,#3046,#3047));
#3045=ORIENTED_EDGE('',*,*,#3048,.T.);
#3046=ORIENTED_EDGE('',*,*,#3049,.T.);
#3047=ORIENTED_EDGE('',*,*,#3050,.T.);
#3048=EDGE_CURVE('',#307,#309,#3051,.F.);
#3049=EDGE_CURVE('',#309,#311,#3052,.T.);
#3050=EDGE_CURVE('',#311,#307,#3053,.T.);
#3051=LINE('',#306,#3054);
#3052=LINE('',#308,#3055);
#3053=LINE('',#310,#3056);
#3054=VECTOR('',#3057,1.0);
#3055=VECTOR('',#3058,1.0);
#3056=VECTOR('',#3059,1.0);
#3057=DIRECTION('',(0.5292604550017216,-0.8484594102085088,0));
#3058=DIRECTION('',(0.4867172005462636,-0.8735595953868334,0));
#3059=DIRECTION('',(-0.5081178181283756,0.8612875727075476,0));
#3060=FACE_SURFACE('',(#3065),#3061,.T.);
#3061=PLANE('',#3062);
#3062=AXIS2_PLACEMENT_3D('',#310,#3063,#3064);
#3063=DIRECTION('',(0,0,-1));
#3064=DIRECTION('',(0.44319462776716145,-0.8964254134719337,0));
#3065=FACE_BOUND('',#3066,.T.);
#3066=EDGE_LOOP('',(#3067,#3068,#3069));
#3067=ORIENTED_EDGE('',*,*,#3070,.T.);
#3068=ORIENTED_EDGE('',*,*,#3071,.T.);
#3069=ORIENTED_EDGE('',*,*,#3072,.T.);
#3070=EDGE_CURVE('',#311,#313,#3073,.F.);
#3071=EDGE_CURVE('',#313,#315,#3074,.T.);
#3072=EDGE_CURVE('',#315,#311,#3075,.T.);
#3073=LINE('',#310,#3076);
#3074=LINE('',#312,#3077);
#3075=LINE('',#314,#3078);
#3076=VECTOR('',#3079,1.0);
#3077=VECTOR('',#3080,1.0);
#3078=VECTOR('',#3081,1.0);
#3079=DIRECTION('',(0.44319462776716145,-0.8964254134719337,0));
#3080=DIRECTION('',(0.3988035781899116,-0.917036371155977,0));
#3081=DIRECTION('',(-0.4211015755528111,0.9070134856036818,0));
#3082=FACE_SURFACE('',(#3087),#3083,.T.);
#3083=PLANE('',#3084);
#3084=AXIS2_PLACEMENT_3D('',#314,#3085,#3086);
#3085=DIRECTION('',(0,0,-1));
#3086=DIRECTION('',(0.35364119045228576,-0.9353811567566935,0));
#3087=FACE_BOUND('',#3088,.T.);
#3088=EDGE_LOOP('',(#3089,#3090,#3091));
#3089=ORIENTED_EDGE('',*,*,#3092,.T.);
#3090=ORIENTED_EDGE('',*,*,#3093,.T.);
#3091=ORIENTED_EDGE('',*,*,#3094,.T.);
#3092=EDGE_CURVE('',#315,#317,#3095,.F.);
#3093=EDGE_CURVE('',#317,#319,#3096,.T.);
#3094=EDGE_CURVE('',#319,#315,#3097,.T.);
#3095=LINE('',#314,#3098);
#3096=LINE('',#316,#3099);
#3097=LINE('',#318,#3100);
#3098=VECTOR('',#3101,1.0);
#3099=VECTOR('',#3102,1.0);
#3100=VECTOR('',#3103,1.0);
#3101=DIRECTION('',(0.35364119045228576,-0.9353811567566935,0));
#3102=DIRECTION('',(0.30781153574032016,-0.9514473492869615,0));
#3103=DIRECTION('',(-0.3308039738265975,0.9436994918407723,0));
#3104=FACE_SURFACE('',(#3109),#3105,.T.);
#3105=PLANE('',#3106);
#3106=AXIS2_PLACEMENT_3D('',#318,#3107,#3108);
#3107=DIRECTION('',(0,0,-1));
#3108=DIRECTION('',(0.26140686726358475,-0.9652287033379388,0));
#3109=FACE_BOUND('',#3110,.T.);
#3110=EDGE_LOOP('',(#3111,#3112,#3113));
#3111=ORIENTED_EDGE('',*,*,#3114,.T.);
#3112=ORIENTED_EDGE('',*,*,#3115,.T.);
#3113=ORIENTED_EDGE('',*,*,#3116,.T.);
#3114=EDGE_CURVE('',#319,#321,#3117,.F.);
#3115=EDGE_CURVE('',#321,#323,#3118,.T.);
#3116=EDGE_CURVE('',#323,#319,#3119,.T.);
#3117=LINE('',#318,#3120);
#3118=LINE('',#320,#3121);
#3119=LINE('',#322,#3122);
#3120=VECTOR('',#3123,1.0);
#3121=VECTOR('',#3124,1.0);
#3122=VECTOR('',#3125,1.0);
#3123=DIRECTION('',(0.26140686726358475,-0.9652287033379388,0));
#3124=DIRECTION('',(0.2145224699482685,-0.9767190537136532,0));
#3125=DIRECTION('',(-0.23801885522789132,0.9712605338198418,0));
#3126=FACE_SURFACE('',(#3131),#3127,.T.);
#3127=PLANE('',#3128);
#3128=AXIS2_PLACEMENT_3D('',#322,#3129,#3130);
#3129=DIRECTION('',(0,0,-1));
#3130=DIRECTION('',(0.16725151354152518,-0.9859142615958393,0));
#3131=FACE_BOUND('',#3132,.T.);
#3132=EDGE_LOOP('',(#3133,#3134,#3135));
#3133=ORIENTED_EDGE('',*,*,#3136,.T.);
#3134=ORIENTED_EDGE('',*,*,#3137,.T.);
#3135=ORIENTED_EDGE('',*,*,#3138,.T.);
#3136=EDGE_CURVE('',#323,#325,#3139,.F.);
#3137=EDGE_CURVE('',#325,#327,#3140,.T.);
#3138=EDGE_CURVE('',#327,#323,#3141,.T.);
#3139=LINE('',#322,#3142);
#3140=LINE('',#324,#3143);
#3141=LINE('',#326,#3144);
#3142=VECTOR('',#3145,1.0);
#3143=VECTOR('',#3146,1.0);
#3144=VECTOR('',#3147,1.0);
#3145=DIRECTION('',(0.16725151354152518,-0.9859142615958393,0));
#3146=DIRECTION('',(0.11967694461925896,-0.9928128871678685,0));
#3147=DIRECTION('',(-0.14349630275859093,0.989650853126806,0));
#3148=FACE_SURFACE('',(#3153),#3149,.T.);
#3149=PLANE('',#3150);
#3150=AXIS2_PLACEMENT_3D('',#326,#3151,#3152);
#3151=DIRECTION('',(0,0,-1));
#3152=DIRECTION('',(0.07189036249147687,-0.9974125404168748,0));
#3153=FACE_BOUND('',#3154,.T.);
#3154=EDGE_LOOP('',(#3155,#3156,#3157));
#3155=ORIENTED_EDGE('',*,*,#3158,.T.);
#3156=ORIENTED_EDGE('',*,*,#3159,.T.);
#3157=ORIENTED_EDGE('',*,*,#3160,.T.);
#3158=EDGE_CURVE('',#327,#329,#3161,.F.);
#3159=EDGE_CURVE('',#329,#331,#3162,.T.);
#3160=EDGE_CURVE('',#331,#327,#3163,.T.);
#3161=LINE('',#326,#3164);
#3162=LINE('',#328,#3165);
#3163=LINE('',#330,#3166);
#3164=VECTOR('',#3167,1.0);
#3165=VECTOR('',#3168,1.0);
#3166=VECTOR('',#3169,1.0);
#3167=DIRECTION('',(0.07189036249147687,-0.9974125404168748,0));
#3168=DIRECTION('',(0.0013164714305638153,-0.9999991334511108,0));
#3169=DIRECTION('',(-0.004989491026908932,0.9999875524121751,0));
#3170=FACE_SURFACE('',(#3175),#3171,.T.);
#3171=PLANE('',#3172);
#3172=AXIS2_PLACEMENT_3D('',#330,#3173,#3174);
#3173=DIRECTION('',(0,0,-1));
#3174=DIRECTION('',(-0.023976234179429817,-0.9997125287774347,0));
#3175=FACE_BOUND('',#3176,.T.);
#3176=EDGE_LOOP('',(#3177,#3178,#3179));
#3177=ORIENTED_EDGE('',*,*,#3180,.T.);
#3178=ORIENTED_EDGE('',*,*,#3181,.T.);
#3179=ORIENTED_EDGE('',*,*,#3182,.T.);
#3180=EDGE_CURVE('',#331,#333,#3183,.F.);
#3181=EDGE_CURVE('',#333,#335,#3184,.T.);
#3182=EDGE_CURVE('',#335,#331,#3185,.T.);
#3183=LINE('',#330,#3186);
#3184=LINE('',#332,#3187);
#3185=LINE('',#334,#3188);
#3186=VECTOR('',#3189,1.0);
#3187=VECTOR('',#3190,1.0);
#3188=VECTOR('',#3191,1.0);
#3189=DIRECTION('',(-0.023976234179429817,-0.9997125287774347,0));
#3190=DIRECTION('',(-0.07189055569749868,-0.997412526491173,0));
#3191=DIRECTION('',(0.047943967663966205,0.9988500267630954,0));
#3192=FACE_SURFACE('',(#3197),#3193,.T.);
#3193=PLANE('',#3194);
#3194=AXIS2_PLACEMENT_3D('',#334,#3195,#3196);
#3195=DIRECTION('',(0,0,-1));
#3196=DIRECTION('',(-0.11967683784611255,-0.9928129000386504,0));
#3197=FACE_BOUND('',#3198,.T.);
#3198=EDGE_LOOP('',(#3199,#3200,#3201));
#3199=ORIENTED_EDGE('',*,*,#3202,.T.);
#3200=ORIENTED_EDGE('',*,*,#3203,.T.);
#3201=ORIENTED_EDGE('',*,*,#3204,.T.);
#3202=EDGE_CURVE('',#335,#337,#3205,.F.);
#3203=EDGE_CURVE('',#337,#339,#3206,.T.);
#3204=EDGE_CURVE('',#339,#335,#3207,.T.);
#3205=LINE('',#334,#3208);
#3206=LINE('',#336,#3209);
#3207=LINE('',#338,#3210);
#3208=VECTOR('',#3211,1.0);
#3209=VECTOR('',#3212,1.0);
#3210=VECTOR('',#3213,1.0);
#3211=DIRECTION('',(-0.11967683784611255,-0.9928129000386504,0));
#3212=DIRECTION('',(-0.1672518101387791,-0.9859142112807289,0));
#3213=DIRECTION('',(0.14349636661054785,0.9896508438684681,0));
#3214=FACE_SURFACE('',(#3219),#3215,.T.);
#3215=PLANE('',#3216);
#3216=AXIS2_PLACEMENT_3D('',#338,#3217,#3218);
#3217=DIRECTION('',(0,0,-1));
#3218=DIRECTION('',(-0.2145224699482685,-0.9767190537136532,0));
#3219=FACE_BOUND('',#3220,.T.);
#3220=EDGE_LOOP('',(#3221,#3222,#3223));
#3221=ORIENTED_EDGE('',*,*,#3224,.T.);
#3222=ORIENTED_EDGE('',*,*,#3225,.T.);
#3223=ORIENTED_EDGE('',*,*,#3226,.T.);
#3224=EDGE_CURVE('',#339,#341,#3227,.F.);
#3225=EDGE_CURVE('',#341,#343,#3228,.T.);
#3226=EDGE_CURVE('',#343,#339,#3229,.T.);
#3227=LINE('',#338,#3230);
#3228=LINE('',#340,#3231);
#3229=LINE('',#342,#3232);
#3230=VECTOR('',#3233,1.0);
#3231=VECTOR('',#3234,1.0);
#3232=VECTOR('',#3235,1.0);
#3233=DIRECTION('',(-0.2145224699482685,-0.9767190537136532,0));
#3234=DIRECTION('',(-0.26140595745776146,-0.9652289497345129,0));
#3235=DIRECTION('',(0.23801843858396005,0.971260635923259,0));
#3236=FACE_SURFACE('',(#3241),#3237,.T.);
#3237=PLANE('',#3238);
#3238=AXIS2_PLACEMENT_3D('',#342,#3239,#3240);
#3239=DIRECTION('',(0,0,-1));
#3240=DIRECTION('',(-0.30781153574032016,-0.9514473492869615,0));
#3241=FACE_BOUND('',#3242,.T.);
#3242=EDGE_LOOP('',(#3243,#3244,#3245));
#3243=ORIENTED_EDGE('',*,*,#3246,.T.);
#3244=ORIENTED_EDGE('',*,*,#3247,.T.);
#3245=ORIENTED_EDGE('',*,*,#3248,.T.);
#3246=EDGE_CURVE('',#343,#345,#3249,.F.);
#3247=EDGE_CURVE('',#345,#163,#3250,.T.);
#3248=EDGE_CURVE('',#163,#343,#3251,.T.);
#3249=LINE('',#342,#3252);
#3250=LINE('',#344,#3253);
#3251=LINE('',#162,#3254);
#3252=VECTOR('',#3255,1.0);
#3253=VECTOR('',#3256,1.0);
#3254=VECTOR('',#3257,1.0);
#3255=DIRECTION('',(-0.30781153574032016,-0.9514473492869615,0));
#3256=DIRECTION('',(-0.35364238711022095,-0.9353807043332595,0));
#3257=DIRECTION('',(0.3308045381688432,0.9436992940163188,0));
#3258=FACE_SURFACE('',(#3263),#3259,.T.);
#3259=PLANE('',#3260);
#3260=AXIS2_PLACEMENT_3D('',#162,#3261,#3262);
#3261=DIRECTION('',(0,0,-1));
#3262=DIRECTION('',(-0.4211015755528111,-0.9070134856036818,0));
#3263=FACE_BOUND('',#3264,.T.);
#3264=EDGE_LOOP('',(#3265,#3266,#3267));
#3265=ORIENTED_EDGE('',*,*,#3268,.T.);
#3266=ORIENTED_EDGE('',*,*,#3269,.T.);
#3267=ORIENTED_EDGE('',*,*,#3270,.T.);
#3268=EDGE_CURVE('',#163,#167,#3271,.F.);
#3269=EDGE_CURVE('',#167,#171,#3272,.T.);
#3270=EDGE_CURVE('',#171,#163,#3273,.T.);
#3271=LINE('',#162,#3274);
#3272=LINE('',#166,#3275);
#3273=LINE('',#170,#3276);
#3274=VECTOR('',#3277,1.0);
#3275=VECTOR('',#3278,1.0);
#3276=VECTOR('',#3279,1.0);
#3277=DIRECTION('',(-0.4211015755528111,-0.9070134856036818,0));
#3278=DIRECTION('',(-0.5081170202663209,-0.8612880434068936,0));
#3279=DIRECTION('',(0.46507162100001964,0.8852730580676305,0));
#3280=FACE_SURFACE('',(#3285),#3281,.T.);
#3281=PLANE('',#3282);
#3282=AXIS2_PLACEMENT_3D('',#170,#3283,#3284);
#3283=DIRECTION('',(0,0,-1));
#3284=DIRECTION('',(-0.5909972939414546,-0.8066735390192725,0));
#3285=FACE_BOUND('',#3286,.T.);
#3286=EDGE_LOOP('',(#3287,#3288,#3289));
#3287=ORIENTED_EDGE('',*,*,#3290,.T.);
#3288=ORIENTED_EDGE('',*,*,#3291,.T.);
#3289=ORIENTED_EDGE('',*,*,#3292,.T.);
#3290=EDGE_CURVE('',#171,#175,#3293,.F.);
#3291=EDGE_CURVE('',#175,#179,#3294,.T.);
#3292=EDGE_CURVE('',#179,#171,#3295,.T.);
#3293=LINE('',#170,#3296);
#3294=LINE('',#174,#3297);
#3295=LINE('',#178,#3298);
#3296=VECTOR('',#3299,1.0);
#3297=VECTOR('',#3300,1.0);
#3298=VECTOR('',#3301,1.0);
#3299=DIRECTION('',(-0.5909972939414546,-0.8066735390192725,0));
#3300=DIRECTION('',(-0.6688418054928561,-0.743404761368298,0));
#3301=DIRECTION('',(0.6306072046843098,0.7761021539721695,0));
#3302=FACE_SURFACE('',(#3307),#3303,.T.);
#3303=PLANE('',#3304);
#3304=AXIS2_PLACEMENT_3D('',#178,#3305,#3306);
#3305=DIRECTION('',(0,0,-1));
#3306=DIRECTION('',(-0.7407070648962294,-0.6718281357704611,0));
#3307=FACE_BOUND('',#3308,.T.);
#3308=EDGE_LOOP('',(#3309,#3310,#3311));
#3309=ORIENTED_EDGE('',*,*,#3312,.T.);
#3310=ORIENTED_EDGE('',*,*,#3313,.T.);
#3311=ORIENTED_EDGE('',*,*,#3314,.T.);
#3312=EDGE_CURVE('',#179,#183,#3315,.F.);
#3313=EDGE_CURVE('',#183,#187,#3316,.T.);
#3314=EDGE_CURVE('',#187,#179,#3317,.T.);
#3315=LINE('',#178,#3318);
#3316=LINE('',#182,#3319);
#3317=LINE('',#186,#3320);
#3318=VECTOR('',#3321,1.0);
#3319=VECTOR('',#3322,1.0);
#3320=VECTOR('',#3323,1.0);
#3321=DIRECTION('',(-0.7407070648962294,-0.6718281357704611,0));
#3322=DIRECTION('',(-0.8056203510195045,-0.5924321480331821,0));
#3323=DIRECTION('',(0.7740934896749616,0.6330712987040559,0));
#3324=FACE_SURFACE('',(#3329),#3325,.T.);
#3325=PLANE('',#3326);
#3326=AXIS2_PLACEMENT_3D('',#186,#3327,#3328);
#3327=DIRECTION('',(0,0,-1));
#3328=DIRECTION('',(-0.8626147170178045,-0.5058614928854471,0));
#3329=FACE_BOUND('',#3330,.T.);
#3330=EDGE_LOOP('',(#3331,#3332,#3333));
#3331=ORIENTED_EDGE('',*,*,#3334,.T.);
#3332=ORIENTED_EDGE('',*,*,#3335,.T.);
#3333=ORIENTED_EDGE('',*,*,#3336,.T.);
#3334=EDGE_CURVE('',#187,#191,#3337,.F.);
#3335=EDGE_CURVE('',#191,#195,#3338,.T.);
#3336=EDGE_CURVE('',#195,#187,#3339,.T.);
#3337=LINE('',#186,#3340);
#3338=LINE('',#190,#3341);
#3339=LINE('',#194,#3342);
#3340=VECTOR('',#3343,1.0);
#3341=VECTOR('',#3344,1.0);
#3342=VECTOR('',#3345,1.0);
#3343=DIRECTION('',(-0.8626147170178045,-0.5058614928854471,0));
#3344=DIRECTION('',(-0.9107601146095469,-0.4129358468774598,0));
#3345=DIRECTION('',(0.887849090168243,0.46013475535697473,0));
#3346=FACE_SURFACE('',(#3351),#3347,.T.);
#3347=PLANE('',#3348);
#3348=AXIS2_PLACEMENT_3D('',#194,#3349,#3350);
#3349=DIRECTION('',(0,0,-1));
#3350=DIRECTION('',(-0.9492063452913333,-0.3146542770385779,0));
#3351=FACE_BOUND('',#3352,.T.);
#3352=EDGE_LOOP('',(#3353,#3354,#3355));
#3353=ORIENTED_EDGE('',*,*,#3356,.T.);
#3354=ORIENTED_EDGE('',*,*,#3357,.T.);
#3355=ORIENTED_EDGE('',*,*,#3358,.T.);
#3356=EDGE_CURVE('',#195,#199,#3359,.F.);
#3357=EDGE_CURVE('',#199,#203,#3360,.T.);
#3358=EDGE_CURVE('',#203,#195,#3361,.T.);
#3359=LINE('',#194,#3362);
#3360=LINE('',#198,#3363);
#3361=LINE('',#202,#3364);
#3362=VECTOR('',#3365,1.0);
#3363=VECTOR('',#3366,1.0);
#3364=VECTOR('',#3367,1.0);
#3365=DIRECTION('',(-0.9492063452913333,-0.3146542770385779,0));
#3366=DIRECTION('',(-0.9772304393133018,-0.21218074483687585,0));
#3367=DIRECTION('',(0.9645602785928298,0.26386259484990016,0));
#3368=FACE_SURFACE('',(#3373),#3369,.T.);
#3369=PLANE('',#3370);
#3370=AXIS2_PLACEMENT_3D('',#202,#3371,#3372);
#3371=DIRECTION('',(0,0,-1));
#3372=DIRECTION('',(-0.9942778874550332,-0.10682454080386461,0));
#3373=FACE_BOUND('',#3374,.T.);
#3374=EDGE_LOOP('',(#3375,#3376,#3377));
#3375=ORIENTED_EDGE('',*,*,#3378,.T.);
#3376=ORIENTED_EDGE('',*,*,#3379,.T.);
#3377=ORIENTED_EDGE('',*,*,#3380,.T.);
#3378=EDGE_CURVE('',#203,#207,#3381,.F.);
#3379=EDGE_CURVE('',#207,#37,#3382,.T.);
#3380=EDGE_CURVE('',#37,#203,#3383,.T.);
#3381=LINE('',#202,#3384);
#3382=LINE('',#206,#3385);
#3383=LINE('',#36,#3386);
#3384=VECTOR('',#3387,1.0);
#3385=VECTOR('',#3388,1.0);
#3386=VECTOR('',#3389,1.0);
#3387=DIRECTION('',(-0.9942778874550332,-0.10682454080386461,0));
#3388=DIRECTION('',(-1,0,0));
#3389=DIRECTION('',(0.9985675954159804,0.0535047417071307,0));
#3390=FACE_SURFACE('',(#3395),#3391,.T.);
#3391=PLANE('',#3392);
#3392=AXIS2_PLACEMENT_3D('',#36,#3393,#3394);
#3393=DIRECTION('',(0,0,-1));
#3394=DIRECTION('',(-0.9942778888078592,0.10682452821232785,0));
#3395=FACE_BOUND('',#3396,.T.);
#3396=EDGE_LOOP('',(#3397,#3398,#3399));
#3397=ORIENTED_EDGE('',*,*,#3400,.T.);
#3398=ORIENTED_EDGE('',*,*,#3401,.T.);
#3399=ORIENTED_EDGE('',*,*,#3402,.T.);
#3400=EDGE_CURVE('',#37,#49,#3403,.F.);
#3401=EDGE_CURVE('',#49,#57,#3404,.T.);
#3402=EDGE_CURVE('',#57,#37,#3405,.T.);
#3403=LINE('',#36,#3406);
#3404=LINE('',#48,#3407);
#3405=LINE('',#56,#3408);
#3406=VECTOR('',#3409,1.0);
#3407=VECTOR('',#3410,1.0);
#3408=VECTOR('',#3411,1.0);
#3409=DIRECTION('',(-0.9942778888078592,0.10682452821232785,0));
#3410=DIRECTION('',(-0.9772304446411171,0.21218072029881643,0));
#3411=DIRECTION('',(0.9871532097459643,-0.15977653297102232,0));
#3412=FACE_SURFACE('',(#3417),#3413,.T.);
#3413=PLANE('',#3414);
#3414=AXIS2_PLACEMENT_3D('',#56,#3415,#3416);
#3415=DIRECTION('',(0,0,-1));
#3416=DIRECTION('',(-0.9492062985571564,0.3146544180198689,0));
#3417=FACE_BOUND('',#3418,.T.);
#3418=EDGE_LOOP('',(#3419,#3420,#3421));
#3419=ORIENTED_EDGE('',*,*,#3422,.T.);
#3420=ORIENTED_EDGE('',*,*,#3423,.T.);
#3421=ORIENTED_EDGE('',*,*,#3424,.T.);
#3422=EDGE_CURVE('',#57,#65,#3425,.F.);
#3423=EDGE_CURVE('',#65,#73,#3426,.T.);
#3424=EDGE_CURVE('',#73,#57,#3427,.T.);
#3425=LINE('',#56,#3428);
#3426=LINE('',#64,#3429);
#3427=LINE('',#72,#3430);
#3428=VECTOR('',#3431,1.0);
#3429=VECTOR('',#3432,1.0);
#3430=VECTOR('',#3433,1.0);
#3431=DIRECTION('',(-0.9492062985571564,0.3146544180198689,0));
#3432=DIRECTION('',(-0.910760234886592,0.4129355815975655,0));
#3433=DIRECTION('',(0.9312442954294644,-0.3643954750406219,0));
#3434=FACE_SURFACE('',(#3439),#3435,.T.);
#3435=PLANE('',#3436);
#3436=AXIS2_PLACEMENT_3D('',#72,#3437,#3438);
#3437=DIRECTION('',(0,0,-1));
#3438=DIRECTION('',(-0.8626147170178045,0.5058614928854471,0));
#3439=FACE_BOUND('',#3440,.T.);
#3440=EDGE_LOOP('',(#3441,#3442,#3443));
#3441=ORIENTED_EDGE('',*,*,#3444,.T.);
#3442=ORIENTED_EDGE('',*,*,#3445,.T.);
#3443=ORIENTED_EDGE('',*,*,#3446,.T.);
#3444=EDGE_CURVE('',#73,#81,#3447,.F.);
#3445=EDGE_CURVE('',#81,#89,#3448,.T.);
#3446=EDGE_CURVE('',#89,#73,#3449,.T.);
#3447=LINE('',#72,#3450);
#3448=LINE('',#80,#3451);
#3449=LINE('',#88,#3452);
#3450=VECTOR('',#3453,1.0);
#3451=VECTOR('',#3454,1.0);
#3452=VECTOR('',#3455,1.0);
#3453=DIRECTION('',(-0.8626147170178045,0.5058614928854471,0));
#3454=DIRECTION('',(-0.8056203510195045,0.5924321480331821,0));
#3455=DIRECTION('',(0.8351669414915776,-0.5499965271159482,0));
#3456=FACE_SURFACE('',(#3461),#3457,.T.);
#3457=PLANE('',#3458);
#3458=AXIS2_PLACEMENT_3D('',#88,#3459,#3460);
#3459=DIRECTION('',(0,0,-1));
#3460=DIRECTION('',(-0.7407068558331156,0.6718283662676204,0));
#3461=FACE_BOUND('',#3462,.T.);
#3462=EDGE_LOOP('',(#3463,#3464,#3465));
#3463=ORIENTED_EDGE('',*,*,#3466,.T.);
#3464=ORIENTED_EDGE('',*,*,#3467,.T.);
#3465=ORIENTED_EDGE('',*,*,#3468,.T.);
#3466=EDGE_CURVE('',#89,#97,#3469,.F.);
#3467=EDGE_CURVE('',#97,#105,#3470,.T.);
#3468=EDGE_CURVE('',#105,#89,#3471,.T.);
#3469=LINE('',#88,#3472);
#3470=LINE('',#96,#3473);
#3471=LINE('',#104,#3474);
#3472=VECTOR('',#3475,1.0);
#3473=VECTOR('',#3476,1.0);
#3474=VECTOR('',#3477,1.0);
#3475=DIRECTION('',(-0.7407068558331156,0.6718283662676204,0));
#3476=DIRECTION('',(-0.6688418054928561,0.743404761368298,0));
#3477=DIRECTION('',(0.7055822516330817,-0.7086280309022432,0));
#3478=FACE_SURFACE('',(#3483),#3479,.T.);
#3479=PLANE('',#3480);
#3480=AXIS2_PLACEMENT_3D('',#104,#3481,#3482);
#3481=DIRECTION('',(0,0,-1));
#3482=DIRECTION('',(-0.590997890155489,0.8066731022116461,0));
#3483=FACE_BOUND('',#3484,.T.);
#3484=EDGE_LOOP('',(#3485,#3486,#3487));
#3485=ORIENTED_EDGE('',*,*,#3488,.T.);
#3486=ORIENTED_EDGE('',*,*,#3489,.T.);
#3487=ORIENTED_EDGE('',*,*,#3490,.T.);
#3488=EDGE_CURVE('',#105,#113,#3491,.F.);
#3489=EDGE_CURVE('',#113,#119,#3492,.T.);
#3490=EDGE_CURVE('',#119,#105,#3493,.T.);
#3491=LINE('',#104,#3494);
#3492=LINE('',#112,#3495);
#3493=LINE('',#118,#3496);
#3494=VECTOR('',#3497,1.0);
#3495=VECTOR('',#3498,1.0);
#3496=VECTOR('',#3499,1.0);
#3497=DIRECTION('',(-0.590997890155489,0.8066731022116461,0));
#3498=DIRECTION('',(-0.5081156678433866,0.8612888412675909,0));
#3499=DIRECTION('',(0.5501287243750445,-0.8350798684063019,0));
#3500=FACE_SURFACE('',(#3505),#3501,.T.);
#3501=PLANE('',#3502);
#3502=AXIS2_PLACEMENT_3D('',#118,#3503,#3504);
#3503=DIRECTION('',(0,0,-1));
#3504=DIRECTION('',(-0.42110306852253326,0.9070127924571443,0));
#3505=FACE_BOUND('',#3506,.T.);
#3506=EDGE_LOOP('',(#3507,#3508,#3509));
#3507=ORIENTED_EDGE('',*,*,#3510,.T.);
#3508=ORIENTED_EDGE('',*,*,#3511,.T.);
#3509=ORIENTED_EDGE('',*,*,#3512,.T.);
#3510=EDGE_CURVE('',#119,#127,#3513,.F.);
#3511=EDGE_CURVE('',#127,#135,#3514,.T.);
#3512=EDGE_CURVE('',#135,#119,#3515,.T.);
#3513=LINE('',#118,#3516);
#3514=LINE('',#126,#3517);
#3515=LINE('',#134,#3518);
#3516=VECTOR('',#3519,1.0);
#3517=VECTOR('',#3520,1.0);
#3518=VECTOR('',#3521,1.0);
#3519=DIRECTION('',(-0.42110306852253326,0.9070127924571443,0));
#3520=DIRECTION('',(-0.3308029282431988,0.9436998583584323,0));
#3521=DIRECTION('',(0.37631253538038206,-0.9264927823332401,0));
#3522=FACE_SURFACE('',(#3527),#3523,.T.);
#3523=PLANE('',#3524);
#3524=AXIS2_PLACEMENT_3D('',#134,#3525,#3526);
#3525=DIRECTION('',(0,0,-1));
#3526=DIRECTION('',(-0.23801928866312774,0.9712604276013198,0));
#3527=FACE_BOUND('',#3528,.T.);
#3528=EDGE_LOOP('',(#3529,#3530,#3531));
#3529=ORIENTED_EDGE('',*,*,#3532,.T.);
#3530=ORIENTED_EDGE('',*,*,#3533,.T.);
#3531=ORIENTED_EDGE('',*,*,#3534,.T.);
#3532=EDGE_CURVE('',#135,#143,#3535,.F.);
#3533=EDGE_CURVE('',#143,#151,#3536,.T.);
#3534=EDGE_CURVE('',#151,#135,#3537,.T.);
#3535=LINE('',#134,#3538);
#3536=LINE('',#142,#3539);
#3537=LINE('',#150,#3540);
#3538=VECTOR('',#3541,1.0);
#3539=VECTOR('',#3542,1.0);
#3540=VECTOR('',#3543,1.0);
#3541=DIRECTION('',(-0.23801928866312774,0.9712604276013198,0));
#3542=DIRECTION('',(-0.14349636661054785,0.9896508438684681,0));
#3543=DIRECTION('',(0.19092994638794172,-0.9816036652194702,0));
#3544=FACE_SURFACE('',(#3549),#3545,.T.);
#3545=PLANE('',#3546);
#3546=AXIS2_PLACEMENT_3D('',#150,#3547,#3548);
#3547=DIRECTION('',(0,0,-1));
#3548=DIRECTION('',(-0.0479448638971862,0.9988499837442458,0));
#3549=FACE_BOUND('',#3550,.T.);
#3550=EDGE_LOOP('',(#3551,#3552,#3553));
#3551=ORIENTED_EDGE('',*,*,#3554,.T.);
#3552=ORIENTED_EDGE('',*,*,#3555,.T.);
#3553=ORIENTED_EDGE('',*,*,#3556,.T.);
#3554=EDGE_CURVE('',#151,#159,#3557,.F.);
#3555=EDGE_CURVE('',#159,#211,#3558,.T.);
#3556=EDGE_CURVE('',#211,#151,#3559,.T.);
#3557=LINE('',#150,#3560);
#3558=LINE('',#158,#3561);
#3559=LINE('',#210,#3562);
#3560=VECTOR('',#3563,1.0);
#3561=VECTOR('',#3564,1.0);
#3562=VECTOR('',#3565,1.0);
#3563=DIRECTION('',(-0.0479448638971862,0.9988499837442458,0));
#3564=DIRECTION('',(0.00498958450976155,0.999987551945733,0));
#3565=DIRECTION('',(0,-1,0));
#3566=FACE_SURFACE('',(#3571),#3567,.T.);
#3567=PLANE('',#3568);
#3568=AXIS2_PLACEMENT_3D('',#210,#3569,#3570);
#3569=DIRECTION('',(0,0,-1));
#3570=DIRECTION('',(0.14349630275859093,0.989650853126806,0));
#3571=FACE_BOUND('',#3572,.T.);
#3572=EDGE_LOOP('',(#3573,#3574,#3575));
#3573=ORIENTED_EDGE('',*,*,#3576,.T.);
#3574=ORIENTED_EDGE('',*,*,#3577,.T.);
#3575=ORIENTED_EDGE('',*,*,#3578,.T.);
#3576=EDGE_CURVE('',#211,#215,#3579,.F.);
#3577=EDGE_CURVE('',#215,#219,#3580,.T.);
#3578=EDGE_CURVE('',#219,#211,#3581,.T.);
#3579=LINE('',#210,#3582);
#3580=LINE('',#214,#3583);
#3581=LINE('',#218,#3584);
#3582=VECTOR('',#3585,1.0);
#3583=VECTOR('',#3586,1.0);
#3584=VECTOR('',#3587,1.0);
#3585=DIRECTION('',(0.14349630275859093,0.989650853126806,0));
#3586=DIRECTION('',(0.23801970530836833,0.9712603254971952,0));
#3587=DIRECTION('',(-0.19093007306856027,-0.9816036405790446,0));
#3588=FACE_SURFACE('',(#3593),#3589,.T.);
#3589=PLANE('',#3590);
#3590=AXIS2_PLACEMENT_3D('',#218,#3591,#3592);
#3591=DIRECTION('',(0,0,-1));
#3592=DIRECTION('',(0.3308023639030246,0.9437000561810786,0));
#3593=FACE_BOUND('',#3594,.T.);
#3594=EDGE_LOOP('',(#3595,#3596,#3597));
#3595=ORIENTED_EDGE('',*,*,#3598,.T.);
#3596=ORIENTED_EDGE('',*,*,#3599,.T.);
#3597=ORIENTED_EDGE('',*,*,#3600,.T.);
#3598=EDGE_CURVE('',#219,#223,#3601,.F.);
#3599=EDGE_CURVE('',#223,#227,#3602,.T.);
#3600=EDGE_CURVE('',#227,#219,#3603,.T.);
#3601=LINE('',#218,#3604);
#3602=LINE('',#222,#3605);
#3603=LINE('',#226,#3606);
#3604=VECTOR('',#3607,1.0);
#3605=VECTOR('',#3608,1.0);
#3606=VECTOR('',#3609,1.0);
#3607=DIRECTION('',(0.3308023639030246,0.9437000561810786,0));
#3608=DIRECTION('',(0.42110306852253326,0.9070127924571443,0));
#3609=DIRECTION('',(-0.376312219256745,-0.9264929107327609,0));
#3610=FACE_SURFACE('',(#3615),#3611,.T.);
#3611=PLANE('',#3612);
#3612=AXIS2_PLACEMENT_3D('',#226,#3613,#3614);
#3613=DIRECTION('',(0,0,-1));
#3614=DIRECTION('',(0.5081164657047958,0.8612883705703144,0));
#3615=FACE_BOUND('',#3616,.T.);
#3616=EDGE_LOOP('',(#3617,#3618,#3619));
#3617=ORIENTED_EDGE('',*,*,#3620,.T.);
#3618=ORIENTED_EDGE('',*,*,#3621,.T.);
#3619=ORIENTED_EDGE('',*,*,#3622,.T.);
#3620=EDGE_CURVE('',#227,#231,#3623,.F.);
#3621=EDGE_CURVE('',#231,#235,#3624,.T.);
#3622=EDGE_CURVE('',#235,#227,#3625,.T.);
#3623=LINE('',#226,#3626);
#3624=LINE('',#230,#3627);
#3625=LINE('',#234,#3628);
#3626=VECTOR('',#3629,1.0);
#3627=VECTOR('',#3630,1.0);
#3628=VECTOR('',#3631,1.0);
#3629=DIRECTION('',(0.5081164657047958,0.8612883705703144,0));
#3630=DIRECTION('',(0.5909970165412128,0.8066737422523341,0));
#3631=DIRECTION('',(-0.5501287243750445,-0.8350798684063019,0));
#3632=FACE_SURFACE('',(#3637),#3633,.T.);
#3633=PLANE('',#3634);
#3634=AXIS2_PLACEMENT_3D('',#234,#3635,#3636);
#3635=DIRECTION('',(0,0,-1));
#3636=DIRECTION('',(0.6688418054928561,0.743404761368298,0));
#3637=FACE_BOUND('',#3638,.T.);
#3638=EDGE_LOOP('',(#3639,#3640,#3641));
#3639=ORIENTED_EDGE('',*,*,#3642,.T.);
#3640=ORIENTED_EDGE('',*,*,#3643,.T.);
#3641=ORIENTED_EDGE('',*,*,#3644,.T.);
#3642=EDGE_CURVE('',#235,#239,#3645,.F.);
#3643=EDGE_CURVE('',#239,#243,#3646,.T.);
#3644=EDGE_CURVE('',#243,#235,#3647,.T.);
#3645=LINE('',#234,#3648);
#3646=LINE('',#238,#3649);
#3647=LINE('',#242,#3650);
#3648=VECTOR('',#3651,1.0);
#3649=VECTOR('',#3652,1.0);
#3650=VECTOR('',#3653,1.0);
#3651=DIRECTION('',(0.6688418054928561,0.743404761368298,0));
#3652=DIRECTION('',(0.7407077778223898,0.6718273497509738,0));
#3653=DIRECTION('',(-0.7055827141267452,-0.7086275703961396,0));
#3654=FACE_SURFACE('',(#3659),#3655,.T.);
#3655=PLANE('',#3656);
#3656=AXIS2_PLACEMENT_3D('',#242,#3657,#3658);
#3657=DIRECTION('',(0,0,-1));
#3658=DIRECTION('',(0.8056194619002368,0.5924333571023606,0));
#3659=FACE_BOUND('',#3660,.T.);
#3660=EDGE_LOOP('',(#3661,#3662,#3663));
#3661=ORIENTED_EDGE('',*,*,#3664,.T.);
#3662=ORIENTED_EDGE('',*,*,#3665,.T.);
#3663=ORIENTED_EDGE('',*,*,#3666,.T.);
#3664=EDGE_CURVE('',#243,#247,#3667,.F.);
#3665=EDGE_CURVE('',#247,#251,#3668,.T.);
#3666=EDGE_CURVE('',#251,#243,#3669,.T.);
#3667=LINE('',#242,#3670);
#3668=LINE('',#246,#3671);
#3669=LINE('',#250,#3672);
#3670=VECTOR('',#3673,1.0);
#3671=VECTOR('',#3674,1.0);
#3672=VECTOR('',#3675,1.0);
#3673=DIRECTION('',(0.8056194619002368,0.5924333571023606,0));
#3674=DIRECTION('',(0.8626151255532784,0.505860796234203,0));
#3675=DIRECTION('',(-0.8351667267297855,-0.5499968532305032,0));
#3676=FACE_SURFACE('',(#3681),#3677,.T.);
#3677=PLANE('',#3678);
#3678=AXIS2_PLACEMENT_3D('',#250,#3679,#3680);
#3679=DIRECTION('',(0,0,-1));
#3680=DIRECTION('',(0.910760234886592,0.4129355815975655,0));
#3681=FACE_BOUND('',#3682,.T.);
#3682=EDGE_LOOP('',(#3683,#3684,#3685));
#3683=ORIENTED_EDGE('',*,*,#3686,.T.);
#3684=ORIENTED_EDGE('',*,*,#3687,.T.);
#3685=ORIENTED_EDGE('',*,*,#3688,.T.);
#3686=EDGE_CURVE('',#251,#255,#3689,.F.);
#3687=EDGE_CURVE('',#255,#259,#3690,.T.);
#3688=EDGE_CURVE('',#259,#251,#3691,.T.);
#3689=LINE('',#250,#3692);
#3690=LINE('',#254,#3693);
#3691=LINE('',#258,#3694);
#3692=VECTOR('',#3695,1.0);
#3693=VECTOR('',#3696,1.0);
#3694=VECTOR('',#3697,1.0);
#3695=DIRECTION('',(0.910760234886592,0.4129355815975655,0));
#3696=DIRECTION('',(0.9492060165941577,0.3146552686059007,0));
#3697=DIRECTION('',(-0.9312441353305877,-0.3643958841869457,0));
#3698=FACE_SURFACE('',(#3703),#3699,.T.);
#3699=PLANE('',#3700);
#3700=AXIS2_PLACEMENT_3D('',#258,#3701,#3702);
#3701=DIRECTION('',(0,0,-1));
#3702=DIRECTION('',(0.9772306409451913,0.21217981618865311,0));
#3703=FACE_BOUND('',#3704,.T.);
#3704=EDGE_LOOP('',(#3705,#3706,#3707));
#3705=ORIENTED_EDGE('',*,*,#3708,.T.);
#3706=ORIENTED_EDGE('',*,*,#3709,.T.);
#3707=ORIENTED_EDGE('',*,*,#3710,.T.);
#3708=EDGE_CURVE('',#259,#263,#3711,.F.);
#3709=EDGE_CURVE('',#263,#267,#3712,.T.);
#3710=EDGE_CURVE('',#267,#259,#3713,.T.);
#3711=LINE('',#258,#3714);
#3712=LINE('',#262,#3715);
#3713=LINE('',#266,#3716);
#3714=VECTOR('',#3717,1.0);
#3715=VECTOR('',#3718,1.0);
#3716=VECTOR('',#3719,1.0);
#3717=DIRECTION('',(0.9772306409451913,0.21217981618865311,0));
#3718=DIRECTION('',(0.9942777880751452,0.10682546578600449,0));
#3719=DIRECTION('',(-0.9871532097459643,-0.15977653297102232,0));
#3720=FACE_SURFACE('',(#3725),#3721,.T.);
#3721=PLANE('',#3722);
#3722=AXIS2_PLACEMENT_3D('',#266,#3723,#3724);
#3723=DIRECTION('',(0,0,-1));
#3724=DIRECTION('',(1,0,0));
#3725=FACE_BOUND('',#3726,.T.);
#3726=EDGE_LOOP('',(#3727,#3728,#3729));
#3727=ORIENTED_EDGE('',*,*,#3730,.T.);
#3728=ORIENTED_EDGE('',*,*,#3731,.T.);
#3729=ORIENTED_EDGE('',*,*,#3732,.T.);
#3730=EDGE_CURVE('',#267,#271,#3733,.F.);
#3731=EDGE_CURVE('',#271,#275,#3734,.T.);
#3732=EDGE_CURVE('',#275,#267,#3735,.T.);
#3733=LINE('',#266,#3736);
#3734=LINE('',#270,#3737);
#3735=LINE('',#274,#3738);
#3736=VECTOR('',#3739,1.0);
#3737=VECTOR('',#3740,1.0);
#3738=VECTOR('',#3741,1.0);
#3739=DIRECTION('',(1,0,0));
#3740=DIRECTION('',(0.9942777867222954,-0.10682547837764919,0));
#3741=DIRECTION('',(-0.998567570036493,0.05350521536648402,0));
#3742=FACE_SURFACE('',(#3747),#3743,.T.);
#3743=PLANE('',#3744);
#3744=AXIS2_PLACEMENT_3D('',#274,#3745,#3746);
#3745=DIRECTION('',(0,0,-1));
#3746=DIRECTION('',(0.9772306356174202,-0.2121798407266178,0));
#3747=FACE_BOUND('',#3748,.T.);
#3748=EDGE_LOOP('',(#3749,#3750,#3751));
#3749=ORIENTED_EDGE('',*,*,#3752,.T.);
#3750=ORIENTED_EDGE('',*,*,#3753,.T.);
#3751=ORIENTED_EDGE('',*,*,#3754,.T.);
#3752=EDGE_CURVE('',#275,#279,#3755,.F.);
#3753=EDGE_CURVE('',#279,#283,#3756,.T.);
#3754=EDGE_CURVE('',#283,#275,#3757,.T.);
#3755=LINE('',#274,#3758);
#3756=LINE('',#278,#3759);
#3757=LINE('',#282,#3760);
#3758=VECTOR('',#3761,1.0);
#3759=VECTOR('',#3762,1.0);
#3760=VECTOR('',#3763,1.0);
#3761=DIRECTION('',(0.9772306356174202,-0.2121798407266178,0));
#3762=DIRECTION('',(0.9492060633285734,-0.3146551276243124,0));
#3763=DIRECTION('',(-0.9645602785928298,0.26386259484990016,0));
#3764=FACE_SURFACE('',(#3769),#3765,.T.);
#3765=PLANE('',#3766);
#3766=AXIS2_PLACEMENT_3D('',#282,#3767,#3768);
#3767=DIRECTION('',(0,0,-1));
#3768=DIRECTION('',(0.9107601146095469,-0.4129358468774598,0));
#3769=FACE_BOUND('',#3770,.T.);
#3770=EDGE_LOOP('',(#3771,#3772,#3773));
#3771=ORIENTED_EDGE('',*,*,#3774,.T.);
#3772=ORIENTED_EDGE('',*,*,#3775,.T.);
#3773=ORIENTED_EDGE('',*,*,#3776,.T.);
#3774=EDGE_CURVE('',#283,#287,#3777,.F.);
#3775=EDGE_CURVE('',#287,#291,#3778,.T.);
#3776=EDGE_CURVE('',#291,#283,#3779,.T.);
#3777=LINE('',#282,#3780);
#3778=LINE('',#286,#3781);
#3779=LINE('',#290,#3782);
#3780=VECTOR('',#3783,1.0);
#3781=VECTOR('',#3784,1.0);
#3782=VECTOR('',#3785,1.0);
#3783=DIRECTION('',(0.9107601146095469,-0.4129358468774598,0));
#3784=DIRECTION('',(0.8626151255532784,-0.505860796234203,0));
#3785=DIRECTION('',(-0.8878492821047006,0.46013438500743237,0));
#3786=FACE_SURFACE('',(#3791),#3787,.T.);
#3787=PLANE('',#3788);
#3788=AXIS2_PLACEMENT_3D('',#290,#3789,#3790);
#3789=DIRECTION('',(0,0,-1));
#3790=DIRECTION('',(0.8056194619002368,-0.5924333571023606,0));
#3791=FACE_BOUND('',#3792,.T.);
#3792=EDGE_LOOP('',(#3793,#3794,#3795));
#3793=ORIENTED_EDGE('',*,*,#3796,.T.);
#3794=ORIENTED_EDGE('',*,*,#3797,.T.);
#3795=ORIENTED_EDGE('',*,*,#3798,.T.);
#3796=EDGE_CURVE('',#291,#295,#3799,.F.);
#3797=EDGE_CURVE('',#295,#299,#3800,.T.);
#3798=EDGE_CURVE('',#299,#291,#3801,.T.);
#3799=LINE('',#290,#3802);
#3800=LINE('',#294,#3803);
#3801=LINE('',#298,#3804);
#3802=VECTOR('',#3805,1.0);
#3803=VECTOR('',#3806,1.0);
#3804=VECTOR('',#3807,1.0);
#3805=DIRECTION('',(0.8056194619002368,-0.5924333571023606,0));
#3806=DIRECTION('',(0.7407079868851312,-0.6718271192535893,0));
#3807=DIRECTION('',(-0.7740934896749616,0.6330712987040559,0));
#3808=FACE_SURFACE('',(#3813),#3809,.T.);
#3809=PLANE('',#3810);
#3810=AXIS2_PLACEMENT_3D('',#298,#3811,#3812);
#3811=DIRECTION('',(0,0,-1));
#3812=DIRECTION('',(0.6688418054928561,-0.743404761368298,0));
#3813=FACE_BOUND('',#3814,.T.);
#3814=EDGE_LOOP('',(#3815,#3816,#3817));
#3815=ORIENTED_EDGE('',*,*,#3818,.T.);
#3816=ORIENTED_EDGE('',*,*,#3819,.T.);
#3817=ORIENTED_EDGE('',*,*,#3820,.T.);
#3818=EDGE_CURVE('',#299,#303,#3821,.F.);
#3819=EDGE_CURVE('',#303,#307,#3822,.T.);
#3820=EDGE_CURVE('',#307,#299,#3823,.T.);
#3821=LINE('',#298,#3824);
#3822=LINE('',#302,#3825);
#3823=LINE('',#306,#3826);
#3824=VECTOR('',#3827,1.0);
#3825=VECTOR('',#3828,1.0);
#3826=VECTOR('',#3829,1.0);
#3827=DIRECTION('',(0.6688418054928561,-0.743404761368298,0));
#3828=DIRECTION('',(0.5909964203271139,-0.806674179059016,0));
#3829=DIRECTION('',(-0.6306067544764407,0.7761025197798872,0));
#3830=FACE_SURFACE('',(#3835),#3831,.T.);
#3831=PLANE('',#3832);
#3832=AXIS2_PLACEMENT_3D('',#306,#3833,#3834);
#3833=DIRECTION('',(0,0,-1));
#3834=DIRECTION('',(0.5081178181283756,-0.8612875727075476,0));
#3835=FACE_BOUND('',#3836,.T.);
#3836=EDGE_LOOP('',(#3837,#3838,#3839));
#3837=ORIENTED_EDGE('',*,*,#3840,.T.);
#3838=ORIENTED_EDGE('',*,*,#3841,.T.);
#3839=ORIENTED_EDGE('',*,*,#3842,.T.);
#3840=EDGE_CURVE('',#307,#311,#3843,.F.);
#3841=EDGE_CURVE('',#311,#315,#3844,.T.);
#3842=EDGE_CURVE('',#315,#307,#3845,.T.);
#3843=LINE('',#306,#3846);
#3844=LINE('',#310,#3847);
#3845=LINE('',#314,#3848);
#3846=VECTOR('',#3849,1.0);
#3847=VECTOR('',#3850,1.0);
#3848=VECTOR('',#3851,1.0);
#3849=DIRECTION('',(0.5081178181283756,-0.8612875727075476,0));
#3850=DIRECTION('',(0.4211015755528111,-0.9070134856036818,0));
#3851=DIRECTION('',(-0.46507199589616777,0.8852728611186242,0));
#3852=FACE_SURFACE('',(#3857),#3853,.T.);
#3853=PLANE('',#3854);
#3854=AXIS2_PLACEMENT_3D('',#314,#3855,#3856);
#3855=DIRECTION('',(0,0,-1));
#3856=DIRECTION('',(0.3308039738265975,-0.9436994918407723,0));
#3857=FACE_BOUND('',#3858,.T.);
#3858=EDGE_LOOP('',(#3859,#3860,#3861));
#3859=ORIENTED_EDGE('',*,*,#3862,.T.);
#3860=ORIENTED_EDGE('',*,*,#3863,.T.);
#3861=ORIENTED_EDGE('',*,*,#3864,.T.);
#3862=EDGE_CURVE('',#315,#319,#3865,.F.);
#3863=EDGE_CURVE('',#319,#323,#3866,.T.);
#3864=EDGE_CURVE('',#323,#315,#3867,.T.);
#3865=LINE('',#314,#3868);
#3866=LINE('',#318,#3869);
#3867=LINE('',#322,#3870);
#3868=VECTOR('',#3871,1.0);
#3869=VECTOR('',#3872,1.0);
#3870=VECTOR('',#3873,1.0);
#3871=DIRECTION('',(0.3308039738265975,-0.9436994918407723,0));
#3872=DIRECTION('',(0.23801885522789132,-0.9712605338198418,0));
#3873=DIRECTION('',(-0.2846745522452755,0.9586242221558727,0));
#3874=FACE_SURFACE('',(#3879),#3875,.T.);
#3875=PLANE('',#3876);
#3876=AXIS2_PLACEMENT_3D('',#322,#3877,#3878);
#3877=DIRECTION('',(0,0,-1));
#3878=DIRECTION('',(0.14349630275859093,-0.989650853126806,0));
#3879=FACE_BOUND('',#3880,.T.);
#3880=EDGE_LOOP('',(#3881,#3882,#3883));
#3881=ORIENTED_EDGE('',*,*,#3884,.T.);
#3882=ORIENTED_EDGE('',*,*,#3885,.T.);
#3883=ORIENTED_EDGE('',*,*,#3886,.T.);
#3884=EDGE_CURVE('',#323,#327,#3887,.F.);
#3885=EDGE_CURVE('',#327,#331,#3888,.T.);
#3886=EDGE_CURVE('',#331,#323,#3889,.T.);
#3887=LINE('',#322,#3890);
#3888=LINE('',#326,#3891);
#3889=LINE('',#330,#3892);
#3890=VECTOR('',#3893,1.0);
#3891=VECTOR('',#3894,1.0);
#3892=VECTOR('',#3895,1.0);
#3893=DIRECTION('',(0.14349630275859093,-0.989650853126806,0));
#3894=DIRECTION('',(0.004989491026908932,-0.9999875524121751,0));
#3895=DIRECTION('',(-0.018047412732328058,0.9998371321838718,0));
#3896=FACE_SURFACE('',(#3901),#3897,.T.);
#3897=PLANE('',#3898);
#3898=AXIS2_PLACEMENT_3D('',#330,#3899,#3900);
#3899=DIRECTION('',(0,0,-1));
#3900=DIRECTION('',(-0.047943967663966205,-0.9988500267630954,0));
#3901=FACE_BOUND('',#3902,.T.);
#3902=EDGE_LOOP('',(#3903,#3904,#3905));
#3903=ORIENTED_EDGE('',*,*,#3906,.T.);
#3904=ORIENTED_EDGE('',*,*,#3907,.T.);
#3905=ORIENTED_EDGE('',*,*,#3908,.T.);
#3906=EDGE_CURVE('',#331,#335,#3909,.F.);
#3907=EDGE_CURVE('',#335,#339,#3910,.T.);
#3908=EDGE_CURVE('',#339,#331,#3911,.T.);
#3909=LINE('',#330,#3912);
#3910=LINE('',#334,#3913);
#3911=LINE('',#338,#3914);
#3912=VECTOR('',#3915,1.0);
#3913=VECTOR('',#3916,1.0);
#3914=VECTOR('',#3917,1.0);
#3915=DIRECTION('',(-0.047943967663966205,-0.9988500267630954,0));
#3916=DIRECTION('',(-0.14349636661054785,-0.9896508438684681,0));
#3917=DIRECTION('',(0.0958052279802141,0.9954000996040031,0));
#3918=FACE_SURFACE('',(#3923),#3919,.T.);
#3919=PLANE('',#3920);
#3920=AXIS2_PLACEMENT_3D('',#338,#3921,#3922);
#3921=DIRECTION('',(0,0,-1));
#3922=DIRECTION('',(-0.23801843858396005,-0.971260635923259,0));
#3923=FACE_BOUND('',#3924,.T.);
#3924=EDGE_LOOP('',(#3925,#3926,#3927));
#3925=ORIENTED_EDGE('',*,*,#3928,.T.);
#3926=ORIENTED_EDGE('',*,*,#3929,.T.);
#3927=ORIENTED_EDGE('',*,*,#3930,.T.);
#3928=EDGE_CURVE('',#339,#343,#3931,.F.);
#3929=EDGE_CURVE('',#343,#163,#3932,.T.);
#3930=EDGE_CURVE('',#163,#339,#3933,.T.);
#3931=LINE('',#338,#3934);
#3932=LINE('',#342,#3935);
#3933=LINE('',#162,#3936);
#3934=VECTOR('',#3937,1.0);
#3935=VECTOR('',#3938,1.0);
#3936=VECTOR('',#3939,1.0);
#3937=DIRECTION('',(-0.23801843858396005,-0.971260635923259,0));
#3938=DIRECTION('',(-0.3308045381688432,-0.9436992940163188,0));
#3939=DIRECTION('',(0.2846745522452755,0.9586242221558727,0));
#3940=FACE_SURFACE('',(#3945),#3941,.T.);
#3941=PLANE('',#3942);
#3942=AXIS2_PLACEMENT_3D('',#162,#3943,#3944);
#3943=DIRECTION('',(0,0,-1));
#3944=DIRECTION('',(-0.46507162100001964,-0.8852730580676305,0));
#3945=FACE_BOUND('',#3946,.T.);
#3946=EDGE_LOOP('',(#3947,#3948,#3949));
#3947=ORIENTED_EDGE('',*,*,#3950,.T.);
#3948=ORIENTED_EDGE('',*,*,#3951,.T.);
#3949=ORIENTED_EDGE('',*,*,#3952,.T.);
#3950=EDGE_CURVE('',#163,#171,#3953,.F.);
#3951=EDGE_CURVE('',#171,#179,#3954,.T.);
#3952=EDGE_CURVE('',#179,#163,#3955,.T.);
#3953=LINE('',#162,#3956);
#3954=LINE('',#170,#3957);
#3955=LINE('',#178,#3958);
#3956=VECTOR('',#3959,1.0);
#3957=VECTOR('',#3960,1.0);
#3958=VECTOR('',#3961,1.0);
#3959=DIRECTION('',(-0.46507162100001964,-0.8852730580676305,0));
#3960=DIRECTION('',(-0.6306072046843098,-0.7761021539721695,0));
#3961=DIRECTION('',(0.5501285665002498,0.8350799724100563,0));
#3962=FACE_SURFACE('',(#3967),#3963,.T.);
#3963=PLANE('',#3964);
#3964=AXIS2_PLACEMENT_3D('',#178,#3965,#3966);
#3965=DIRECTION('',(0,0,-1));
#3966=DIRECTION('',(-0.7740934896749616,-0.6330712987040559,0));
#3967=FACE_BOUND('',#3968,.T.);
#3968=EDGE_LOOP('',(#3969,#3970,#3971));
#3969=ORIENTED_EDGE('',*,*,#3972,.T.);
#3970=ORIENTED_EDGE('',*,*,#3973,.T.);
#3971=ORIENTED_EDGE('',*,*,#3974,.T.);
#3972=EDGE_CURVE('',#179,#187,#3975,.F.);
#3973=EDGE_CURVE('',#187,#195,#3976,.T.);
#3974=EDGE_CURVE('',#195,#179,#3977,.T.);
#3975=LINE('',#178,#3978);
#3976=LINE('',#186,#3979);
#3977=LINE('',#194,#3980);
#3978=VECTOR('',#3981,1.0);
#3979=VECTOR('',#3982,1.0);
#3980=VECTOR('',#3983,1.0);
#3981=DIRECTION('',(-0.7740934896749616,-0.6330712987040559,0));
#3982=DIRECTION('',(-0.887849090168243,-0.46013475535697473,0));
#3983=DIRECTION('',(0.8351670482806042,0.5499963649573176,0));
#3984=FACE_SURFACE('',(#3989),#3985,.T.);
#3985=PLANE('',#3986);
#3986=AXIS2_PLACEMENT_3D('',#194,#3987,#3988);
#3987=DIRECTION('',(0,0,-1));
#3988=DIRECTION('',(-0.9645602785928298,-0.26386259484990016,0));
#3989=FACE_BOUND('',#3990,.T.);
#3990=EDGE_LOOP('',(#3991,#3992,#3993));
#3991=ORIENTED_EDGE('',*,*,#3994,.T.);
#3992=ORIENTED_EDGE('',*,*,#3995,.T.);
#3993=ORIENTED_EDGE('',*,*,#3996,.T.);
#3994=EDGE_CURVE('',#195,#203,#3997,.F.);
#3995=EDGE_CURVE('',#203,#37,#3998,.T.);
#3996=EDGE_CURVE('',#37,#195,#3999,.T.);
#3997=LINE('',#194,#4000);
#3998=LINE('',#202,#4001);
#3999=LINE('',#36,#4002);
#4000=VECTOR('',#4003,1.0);
#4001=VECTOR('',#4004,1.0);
#4002=VECTOR('',#4005,1.0);
#4003=DIRECTION('',(-0.9645602785928298,-0.26386259484990016,0));
#4004=DIRECTION('',(-0.9985675954159804,-0.0535047417071307,0));
#4005=DIRECTION('',(0.987153184426458,0.15977668940337722,0));
#4006=FACE_SURFACE('',(#4011),#4007,.T.);
#4007=PLANE('',#4008);
#4008=AXIS2_PLACEMENT_3D('',#36,#4009,#4010);
#4009=DIRECTION('',(0,0,-1));
#4010=DIRECTION('',(-0.9871532097459643,0.15977653297102232,0));
#4011=FACE_BOUND('',#4012,.T.);
#4012=EDGE_LOOP('',(#4013,#4014,#4015));
#4013=ORIENTED_EDGE('',*,*,#4016,.T.);
#4014=ORIENTED_EDGE('',*,*,#4017,.T.);
#4015=ORIENTED_EDGE('',*,*,#4018,.T.);
#4016=EDGE_CURVE('',#37,#57,#4019,.F.);
#4017=EDGE_CURVE('',#57,#73,#4020,.T.);
#4018=EDGE_CURVE('',#73,#37,#4021,.T.);
#4019=LINE('',#36,#4022);
#4020=LINE('',#56,#4023);
#4021=LINE('',#72,#4024);
#4022=VECTOR('',#4025,1.0);
#4023=VECTOR('',#4026,1.0);
#4024=VECTOR('',#4027,1.0);
#4025=DIRECTION('',(-0.9871532097459643,0.15977653297102232,0));
#4026=DIRECTION('',(-0.9312442954294644,0.3643954750406219,0));
#4027=DIRECTION('',(0.9645603412368148,-0.26386236585219786,0));
#4028=FACE_SURFACE('',(#4033),#4029,.T.);
#4029=PLANE('',#4030);
#4030=AXIS2_PLACEMENT_3D('',#72,#4031,#4032);
#4031=DIRECTION('',(0,0,-1));
#4032=DIRECTION('',(-0.8351669414915776,0.5499965271159482,0));
#4033=FACE_BOUND('',#4034,.T.);
#4034=EDGE_LOOP('',(#4035,#4036,#4037));
#4035=ORIENTED_EDGE('',*,*,#4038,.T.);
#4036=ORIENTED_EDGE('',*,*,#4039,.T.);
#4037=ORIENTED_EDGE('',*,*,#4040,.T.);
#4038=EDGE_CURVE('',#73,#89,#4041,.F.);
#4039=EDGE_CURVE('',#89,#105,#4042,.T.);
#4040=EDGE_CURVE('',#105,#73,#4043,.T.);
#4041=LINE('',#72,#4044);
#4042=LINE('',#88,#4045);
#4043=LINE('',#104,#4046);
#4044=VECTOR('',#4047,1.0);
#4045=VECTOR('',#4048,1.0);
#4046=VECTOR('',#4049,1.0);
#4047=DIRECTION('',(-0.8351669414915776,0.5499965271159482,0));
#4048=DIRECTION('',(-0.7055822516330817,0.7086280309022432,0));
#4049=DIRECTION('',(0.7740932809567745,-0.6330715539159661,0));
#4050=FACE_SURFACE('',(#4055),#4051,.T.);
#4051=PLANE('',#4052);
#4052=AXIS2_PLACEMENT_3D('',#104,#4053,#4054);
#4053=DIRECTION('',(0,0,-1));
#4054=DIRECTION('',(-0.5501287243750445,0.8350798684063019,0));
#4055=FACE_BOUND('',#4056,.T.);
#4056=EDGE_LOOP('',(#4057,#4058,#4059));
#4057=ORIENTED_EDGE('',*,*,#4060,.T.);
#4058=ORIENTED_EDGE('',*,*,#4061,.T.);
#4059=ORIENTED_EDGE('',*,*,#4062,.T.);
#4060=EDGE_CURVE('',#105,#119,#4063,.F.);
#4061=EDGE_CURVE('',#119,#135,#4064,.T.);
#4062=EDGE_CURVE('',#135,#105,#4065,.T.);
#4063=LINE('',#104,#4066);
#4064=LINE('',#118,#4067);
#4065=LINE('',#134,#4068);
#4066=VECTOR('',#4069,1.0);
#4067=VECTOR('',#4070,1.0);
#4068=VECTOR('',#4071,1.0);
#4069=DIRECTION('',(-0.5501287243750445,0.8350798684063019,0));
#4070=DIRECTION('',(-0.37631253538038206,0.9264927823332401,0));
#4071=DIRECTION('',(0.46507156461753824,-0.8852730876877456,0));
#4072=FACE_SURFACE('',(#4077),#4073,.T.);
#4073=PLANE('',#4074);
#4074=AXIS2_PLACEMENT_3D('',#134,#4075,#4076);
#4075=DIRECTION('',(0,0,-1));
#4076=DIRECTION('',(-0.19092994638794172,0.9816036652194702,0));
#4077=FACE_BOUND('',#4078,.T.);
#4078=EDGE_LOOP('',(#4079,#4080,#4081));
#4079=ORIENTED_EDGE('',*,*,#4082,.T.);
#4080=ORIENTED_EDGE('',*,*,#4083,.T.);
#4081=ORIENTED_EDGE('',*,*,#4084,.T.);
#4082=EDGE_CURVE('',#135,#151,#4085,.F.);
#4083=EDGE_CURVE('',#151,#211,#4086,.T.);
#4084=EDGE_CURVE('',#211,#135,#4087,.T.);
#4085=LINE('',#134,#4088);
#4086=LINE('',#150,#4089);
#4087=LINE('',#210,#4090);
#4088=VECTOR('',#4091,1.0);
#4089=VECTOR('',#4092,1.0);
#4090=VECTOR('',#4093,1.0);
#4091=DIRECTION('',(-0.19092994638794172,0.9816036652194702,0));
#4092=DIRECTION('',(0,1,0));
#4093=DIRECTION('',(0.030278947238691758,-0.9995414875602296,0));
#4094=FACE_SURFACE('',(#4099),#4095,.T.);
#4095=PLANE('',#4096);
#4096=AXIS2_PLACEMENT_3D('',#210,#4097,#4098);
#4097=DIRECTION('',(0,0,-1));
#4098=DIRECTION('',(0.19093007306856027,0.9816036405790446,0));
#4099=FACE_BOUND('',#4100,.T.);
#4100=EDGE_LOOP('',(#4101,#4102,#4103));
#4101=ORIENTED_EDGE('',*,*,#4104,.T.);
#4102=ORIENTED_EDGE('',*,*,#4105,.T.);
#4103=ORIENTED_EDGE('',*,*,#4106,.T.);
#4104=EDGE_CURVE('',#211,#219,#4107,.F.);
#4105=EDGE_CURVE('',#219,#227,#4108,.T.);
#4106=EDGE_CURVE('',#227,#211,#4109,.T.);
#4107=LINE('',#210,#4110);
#4108=LINE('',#218,#4111);
#4109=LINE('',#226,#4112);
#4110=VECTOR('',#4113,1.0);
#4111=VECTOR('',#4114,1.0);
#4112=VECTOR('',#4115,1.0);
#4113=DIRECTION('',(0.19093007306856027,0.9816036405790446,0));
#4114=DIRECTION('',(0.376312219256745,0.9264929107327609,0));
#4115=DIRECTION('',(-0.2846748542224947,-0.9586241324801924,0));
#4116=FACE_SURFACE('',(#4121),#4117,.T.);
#4117=PLANE('',#4118);
#4118=AXIS2_PLACEMENT_3D('',#226,#4119,#4120);
#4119=DIRECTION('',(0,0,-1));
#4120=DIRECTION('',(0.5501287243750445,0.8350798684063019,0));
#4121=FACE_BOUND('',#4122,.T.);
#4122=EDGE_LOOP('',(#4123,#4124,#4125));
#4123=ORIENTED_EDGE('',*,*,#4126,.T.);
#4124=ORIENTED_EDGE('',*,*,#4127,.T.);
#4125=ORIENTED_EDGE('',*,*,#4128,.T.);
#4126=EDGE_CURVE('',#227,#235,#4129,.F.);
#4127=EDGE_CURVE('',#235,#243,#4130,.T.);
#4128=EDGE_CURVE('',#243,#227,#4131,.T.);
#4129=LINE('',#226,#4132);
#4130=LINE('',#234,#4133);
#4131=LINE('',#242,#4134);
#4132=VECTOR('',#4135,1.0);
#4133=VECTOR('',#4136,1.0);
#4134=VECTOR('',#4137,1.0);
#4135=DIRECTION('',(0.5501287243750445,0.8350798684063019,0));
#4136=DIRECTION('',(0.7055827141267452,0.7086275703961396,0));
#4137=DIRECTION('',(-0.630607497435115,-0.7761019161029185,0));
#4138=FACE_SURFACE('',(#4143),#4139,.T.);
#4139=PLANE('',#4140);
#4140=AXIS2_PLACEMENT_3D('',#242,#4141,#4142);
#4141=DIRECTION('',(0,0,-1));
#4142=DIRECTION('',(0.8351667267297855,0.5499968532305032,0));
#4143=FACE_BOUND('',#4144,.T.);
#4144=EDGE_LOOP('',(#4145,#4146,#4147));
#4145=ORIENTED_EDGE('',*,*,#4148,.T.);
#4146=ORIENTED_EDGE('',*,*,#4149,.T.);
#4147=ORIENTED_EDGE('',*,*,#4150,.T.);
#4148=EDGE_CURVE('',#243,#251,#4151,.F.);
#4149=EDGE_CURVE('',#251,#259,#4152,.T.);
#4150=EDGE_CURVE('',#259,#243,#4153,.T.);
#4151=LINE('',#242,#4154);
#4152=LINE('',#250,#4155);
#4153=LINE('',#258,#4156);
#4154=VECTOR('',#4157,1.0);
#4155=VECTOR('',#4158,1.0);
#4156=VECTOR('',#4159,1.0);
#4157=DIRECTION('',(0.8351667267297855,0.5499968532305032,0));
#4158=DIRECTION('',(0.9312441353305877,0.3643958841869457,0));
#4159=DIRECTION('',(-0.8878489043272398,-0.4601351139447191,0));
#4160=FACE_SURFACE('',(#4165),#4161,.T.);
#4161=PLANE('',#4162);
#4162=AXIS2_PLACEMENT_3D('',#258,#4163,#4164);
#4163=DIRECTION('',(0,0,-1));
#4164=DIRECTION('',(0.9871532097459643,0.15977653297102232,0));
#4165=FACE_BOUND('',#4166,.T.);
#4166=EDGE_LOOP('',(#4167,#4168,#4169));
#4167=ORIENTED_EDGE('',*,*,#4170,.T.);
#4168=ORIENTED_EDGE('',*,*,#4171,.T.);
#4169=ORIENTED_EDGE('',*,*,#4172,.T.);
#4170=EDGE_CURVE('',#259,#267,#4173,.F.);
#4171=EDGE_CURVE('',#267,#275,#4174,.T.);
#4172=EDGE_CURVE('',#275,#259,#4175,.T.);
#4173=LINE('',#258,#4176);
#4174=LINE('',#266,#4177);
#4175=LINE('',#274,#4178);
#4176=VECTOR('',#4179,1.0);
#4177=VECTOR('',#4180,1.0);
#4178=VECTOR('',#4181,1.0);
#4179=DIRECTION('',(0.9871532097459643,0.15977653297102232,0));
#4180=DIRECTION('',(0.998567570036493,-0.05350521536648402,0));
#4181=DIRECTION('',(-0.9985675982275289,-0.053504689234724026,0));
#4182=FACE_SURFACE('',(#4187),#4183,.T.);
#4183=PLANE('',#4184);
#4184=AXIS2_PLACEMENT_3D('',#274,#4185,#4186);
#4185=DIRECTION('',(0,0,-1));
#4186=DIRECTION('',(0.9645602785928298,-0.26386259484990016,0));
#4187=FACE_BOUND('',#4188,.T.);
#4188=EDGE_LOOP('',(#4189,#4190,#4191));
#4189=ORIENTED_EDGE('',*,*,#4192,.T.);
#4190=ORIENTED_EDGE('',*,*,#4193,.T.);
#4191=ORIENTED_EDGE('',*,*,#4194,.T.);
#4192=EDGE_CURVE('',#275,#283,#4195,.F.);
#4193=EDGE_CURVE('',#283,#291,#4196,.T.);
#4194=EDGE_CURVE('',#291,#275,#4197,.T.);
#4195=LINE('',#274,#4198);
#4196=LINE('',#282,#4199);
#4197=LINE('',#290,#4200);
#4198=VECTOR('',#4201,1.0);
#4199=VECTOR('',#4202,1.0);
#4200=VECTOR('',#4203,1.0);
#4201=DIRECTION('',(0.9645602785928298,-0.26386259484990016,0));
#4202=DIRECTION('',(0.8878492821047006,-0.46013438500743237,0));
#4203=DIRECTION('',(-0.9312443412908062,0.36439535783795646,0));
#4204=FACE_SURFACE('',(#4209),#4205,.T.);
#4205=PLANE('',#4206);
#4206=AXIS2_PLACEMENT_3D('',#290,#4207,#4208);
#4207=DIRECTION('',(0,0,-1));
#4208=DIRECTION('',(0.7740934896749616,-0.6330712987040559,0));
#4209=FACE_BOUND('',#4210,.T.);
#4210=EDGE_LOOP('',(#4211,#4212,#4213));
#4211=ORIENTED_EDGE('',*,*,#4214,.T.);
#4212=ORIENTED_EDGE('',*,*,#4215,.T.);
#4213=ORIENTED_EDGE('',*,*,#4216,.T.);
#4214=EDGE_CURVE('',#291,#299,#4217,.F.);
#4215=EDGE_CURVE('',#299,#307,#4218,.T.);
#4216=EDGE_CURVE('',#307,#291,#4219,.T.);
#4217=LINE('',#290,#4220);
#4218=LINE('',#298,#4221);
#4219=LINE('',#306,#4222);
#4220=VECTOR('',#4223,1.0);
#4221=VECTOR('',#4224,1.0);
#4222=VECTOR('',#4225,1.0);
#4223=DIRECTION('',(0.7740934896749616,-0.6330712987040559,0));
#4224=DIRECTION('',(0.6306067544764407,-0.7761025197798872,0));
#4225=DIRECTION('',(-0.7055821844849501,0.7086280977617565,0));
#4226=FACE_SURFACE('',(#4231),#4227,.T.);
#4227=PLANE('',#4228);
#4228=AXIS2_PLACEMENT_3D('',#306,#4229,#4230);
#4229=DIRECTION('',(0,0,-1));
#4230=DIRECTION('',(0.46507199589616777,-0.8852728611186242,0));
#4231=FACE_BOUND('',#4232,.T.);
#4232=EDGE_LOOP('',(#4233,#4234,#4235));
#4233=ORIENTED_EDGE('',*,*,#4236,.T.);
#4234=ORIENTED_EDGE('',*,*,#4237,.T.);
#4235=ORIENTED_EDGE('',*,*,#4238,.T.);
#4236=EDGE_CURVE('',#307,#315,#4239,.F.);
#4237=EDGE_CURVE('',#315,#323,#4240,.T.);
#4238=EDGE_CURVE('',#323,#307,#4241,.T.);
#4239=LINE('',#306,#4242);
#4240=LINE('',#314,#4243);
#4241=LINE('',#322,#4244);
#4242=VECTOR('',#4245,1.0);
#4243=VECTOR('',#4246,1.0);
#4244=VECTOR('',#4247,1.0);
#4245=DIRECTION('',(0.46507199589616777,-0.8852728611186242,0));
#4246=DIRECTION('',(0.2846745522452755,-0.9586242221558727,0));
#4247=DIRECTION('',(-0.37631276494127774,0.9264926890927152,0));
#4248=FACE_SURFACE('',(#4253),#4249,.T.);
#4249=PLANE('',#4250);
#4250=AXIS2_PLACEMENT_3D('',#322,#4251,#4252);
#4251=DIRECTION('',(0,0,-1));
#4252=DIRECTION('',(0.018047412732328058,-0.9998371321838718,0));
#4253=FACE_BOUND('',#4254,.T.);
#4254=EDGE_LOOP('',(#4255,#4256,#4257));
#4255=ORIENTED_EDGE('',*,*,#4258,.T.);
#4256=ORIENTED_EDGE('',*,*,#4259,.T.);
#4257=ORIENTED_EDGE('',*,*,#4260,.T.);
#4258=EDGE_CURVE('',#323,#331,#4261,.F.);
#4259=EDGE_CURVE('',#331,#339,#4262,.T.);
#4260=EDGE_CURVE('',#339,#323,#4263,.T.);
#4261=LINE('',#322,#4264);
#4262=LINE('',#330,#4265);
#4263=LINE('',#338,#4266);
#4264=VECTOR('',#4267,1.0);
#4265=VECTOR('',#4268,1.0);
#4266=VECTOR('',#4269,1.0);
#4267=DIRECTION('',(0.018047412732328058,-0.9998371321838718,0));
#4268=DIRECTION('',(-0.0958052279802141,-0.9954000996040031,0));
#4269=DIRECTION('',(0,1,0));
#4270=FACE_SURFACE('',(#4275),#4271,.T.);
#4271=PLANE('',#4272);
#4272=AXIS2_PLACEMENT_3D('',#338,#4273,#4274);
#4273=DIRECTION('',(0,0,-1));
#4274=DIRECTION('',(-0.2846745522452755,-0.9586242221558727,0));
#4275=FACE_BOUND('',#4276,.T.);
#4276=EDGE_LOOP('',(#4277,#4278,#4279));
#4277=ORIENTED_EDGE('',*,*,#4280,.T.);
#4278=ORIENTED_EDGE('',*,*,#4281,.T.);
#4279=ORIENTED_EDGE('',*,*,#4282,.T.);
#4280=EDGE_CURVE('',#339,#163,#4283,.F.);
#4281=EDGE_CURVE('',#163,#179,#4284,.T.);
#4282=EDGE_CURVE('',#179,#339,#4285,.T.);
#4283=LINE('',#338,#4286);
#4284=LINE('',#162,#4287);
#4285=LINE('',#178,#4288);
#4286=VECTOR('',#4289,1.0);
#4287=VECTOR('',#4290,1.0);
#4288=VECTOR('',#4291,1.0);
#4289=DIRECTION('',(-0.2846745522452755,-0.9586242221558727,0));
#4290=DIRECTION('',(-0.5501285665002498,-0.8350799724100563,0));
#4291=DIRECTION('',(0.4650714908196742,0.8852731264568952,0));
#4292=FACE_SURFACE('',(#4297),#4293,.T.);
#4293=PLANE('',#4294);
#4294=AXIS2_PLACEMENT_3D('',#178,#4295,#4296);
#4295=DIRECTION('',(0,0,-1));
#4296=DIRECTION('',(-0.8351670482806042,-0.5499963649573176,0));
#4297=FACE_BOUND('',#4298,.T.);
#4298=EDGE_LOOP('',(#4299,#4300,#4301));
#4299=ORIENTED_EDGE('',*,*,#4302,.T.);
#4300=ORIENTED_EDGE('',*,*,#4303,.T.);
#4301=ORIENTED_EDGE('',*,*,#4304,.T.);
#4302=EDGE_CURVE('',#179,#195,#4305,.F.);
#4303=EDGE_CURVE('',#195,#37,#4306,.T.);
#4304=EDGE_CURVE('',#37,#179,#4307,.T.);
#4305=LINE('',#178,#4308);
#4306=LINE('',#194,#4309);
#4307=LINE('',#36,#4310);
#4308=VECTOR('',#4311,1.0);
#4309=VECTOR('',#4312,1.0);
#4310=VECTOR('',#4313,1.0);
#4311=DIRECTION('',(-0.8351670482806042,-0.5499963649573176,0));
#4312=DIRECTION('',(-0.987153184426458,-0.15977668940337722,0));
#4313=DIRECTION('',(0.9312443079639553,0.3643954430076399,0));
#4314=FACE_SURFACE('',(#4319),#4315,.T.);
#4315=PLANE('',#4316);
#4316=AXIS2_PLACEMENT_3D('',#36,#4317,#4318);
#4317=DIRECTION('',(0,0,-1));
#4318=DIRECTION('',(-0.9645603412368148,0.26386236585219786,0));
#4319=FACE_BOUND('',#4320,.T.);
#4320=EDGE_LOOP('',(#4321,#4322,#4323));
#4321=ORIENTED_EDGE('',*,*,#4324,.T.);
#4322=ORIENTED_EDGE('',*,*,#4325,.T.);
#4323=ORIENTED_EDGE('',*,*,#4326,.T.);
#4324=EDGE_CURVE('',#37,#73,#4327,.F.);
#4325=EDGE_CURVE('',#73,#105,#4328,.T.);
#4326=EDGE_CURVE('',#105,#37,#4329,.T.);
#4327=LINE('',#36,#4330);
#4328=LINE('',#72,#4331);
#4329=LINE('',#104,#4332);
#4330=VECTOR('',#4333,1.0);
#4331=VECTOR('',#4334,1.0);
#4332=VECTOR('',#4335,1.0);
#4333=DIRECTION('',(-0.9645603412368148,0.26386236585219786,0));
#4334=DIRECTION('',(-0.7740932809567745,0.6330715539159661,0));
#4335=DIRECTION('',(0.8878491103043802,-0.4601347165034612,0));
#4336=FACE_SURFACE('',(#4341),#4337,.T.);
#4337=PLANE('',#4338);
#4338=AXIS2_PLACEMENT_3D('',#104,#4339,#4340);
#4339=DIRECTION('',(0,0,-1));
#4340=DIRECTION('',(-0.46507156461753824,0.8852730876877456,0));
#4341=FACE_BOUND('',#4342,.T.);
#4342=EDGE_LOOP('',(#4343,#4344,#4345));
#4343=ORIENTED_EDGE('',*,*,#4346,.T.);
#4344=ORIENTED_EDGE('',*,*,#4347,.T.);
#4345=ORIENTED_EDGE('',*,*,#4348,.T.);
#4346=EDGE_CURVE('',#105,#135,#4349,.F.);
#4347=EDGE_CURVE('',#135,#211,#4350,.T.);
#4348=EDGE_CURVE('',#211,#105,#4351,.T.);
#4349=LINE('',#104,#4352);
#4350=LINE('',#134,#4353);
#4351=LINE('',#210,#4354);
#4352=VECTOR('',#4355,1.0);
#4353=VECTOR('',#4356,1.0);
#4354=VECTOR('',#4357,1.0);
#4355=DIRECTION('',(-0.46507156461753824,0.8852730876877456,0));
#4356=DIRECTION('',(-0.030278947238691758,0.9995414875602296,0));
#4357=DIRECTION('',(0.1362738987988759,-0.9906711989889248,0));
#4358=FACE_SURFACE('',(#4363),#4359,.T.);
#4359=PLANE('',#4360);
#4360=AXIS2_PLACEMENT_3D('',#210,#4361,#4362);
#4361=DIRECTION('',(0,0,-1));
#4362=DIRECTION('',(0.2846748542224947,0.9586241324801924,0));
#4363=FACE_BOUND('',#4364,.T.);
#4364=EDGE_LOOP('',(#4365,#4366,#4367));
#4365=ORIENTED_EDGE('',*,*,#4368,.T.);
#4366=ORIENTED_EDGE('',*,*,#4369,.T.);
#4367=ORIENTED_EDGE('',*,*,#4370,.T.);
#4368=EDGE_CURVE('',#211,#227,#4371,.F.);
#4369=EDGE_CURVE('',#227,#243,#4372,.T.);
#4370=EDGE_CURVE('',#243,#211,#4373,.T.);
#4371=LINE('',#210,#4374);
#4372=LINE('',#226,#4375);
#4373=LINE('',#242,#4376);
#4374=VECTOR('',#4377,1.0);
#4375=VECTOR('',#4378,1.0);
#4376=VECTOR('',#4379,1.0);
#4377=DIRECTION('',(0.2846748542224947,0.9586241324801924,0));
#4378=DIRECTION('',(0.630607497435115,0.7761019161029185,0));
#4379=DIRECTION('',(-0.4650716627790049,-0.8852730361193497,0));
#4380=FACE_SURFACE('',(#4385),#4381,.T.);
#4381=PLANE('',#4382);
#4382=AXIS2_PLACEMENT_3D('',#242,#4383,#4384);
#4383=DIRECTION('',(0,0,-1));
#4384=DIRECTION('',(0.8878489043272398,0.4601351139447191,0));
#4385=FACE_BOUND('',#4386,.T.);
#4386=EDGE_LOOP('',(#4387,#4388,#4389));
#4387=ORIENTED_EDGE('',*,*,#4390,.T.);
#4388=ORIENTED_EDGE('',*,*,#4391,.T.);
#4389=ORIENTED_EDGE('',*,*,#4392,.T.);
#4390=EDGE_CURVE('',#243,#259,#4393,.F.);
#4391=EDGE_CURVE('',#259,#275,#4394,.T.);
#4392=EDGE_CURVE('',#275,#243,#4395,.T.);
#4393=LINE('',#242,#4396);
#4394=LINE('',#258,#4397);
#4395=LINE('',#274,#4398);
#4396=VECTOR('',#4399,1.0);
#4397=VECTOR('',#4400,1.0);
#4398=VECTOR('',#4401,1.0);
#4399=DIRECTION('',(0.8878489043272398,0.4601351139447191,0));
#4400=DIRECTION('',(0.9985675982275289,0.053504689234724026,0));
#4401=DIRECTION('',(-0.9645602850589176,-0.2638625712128564,0));
#4402=FACE_SURFACE('',(#4407),#4403,.T.);
#4403=PLANE('',#4404);
#4404=AXIS2_PLACEMENT_3D('',#274,#4405,#4406);
#4405=DIRECTION('',(0,0,-1));
#4406=DIRECTION('',(0.9312443412908062,-0.36439535783795646,0));
#4407=FACE_BOUND('',#4408,.T.);
#4408=EDGE_LOOP('',(#4409,#4410,#4411));
#4409=ORIENTED_EDGE('',*,*,#4412,.T.);
#4410=ORIENTED_EDGE('',*,*,#4413,.T.);
#4411=ORIENTED_EDGE('',*,*,#4414,.T.);
#4412=EDGE_CURVE('',#275,#291,#4415,.F.);
#4413=EDGE_CURVE('',#291,#307,#4416,.T.);
#4414=EDGE_CURVE('',#307,#275,#4417,.T.);
#4415=LINE('',#274,#4418);
#4416=LINE('',#290,#4419);
#4417=LINE('',#306,#4420);
#4418=VECTOR('',#4421,1.0);
#4419=VECTOR('',#4422,1.0);
#4420=VECTOR('',#4423,1.0);
#4421=DIRECTION('',(0.9312443412908062,-0.36439535783795646,0));
#4422=DIRECTION('',(0.7055821844849501,-0.7086280977617565,0));
#4423=DIRECTION('',(-0.8351669828011233,0.549996464387607,0));
#4424=FACE_SURFACE('',(#4429),#4425,.T.);
#4425=PLANE('',#4426);
#4426=AXIS2_PLACEMENT_3D('',#306,#4427,#4428);
#4427=DIRECTION('',(0,0,-1));
#4428=DIRECTION('',(0.37631276494127774,-0.9264926890927152,0));
#4429=FACE_BOUND('',#4430,.T.);
#4430=EDGE_LOOP('',(#4431,#4432,#4433));
#4431=ORIENTED_EDGE('',*,*,#4434,.T.);
#4432=ORIENTED_EDGE('',*,*,#4435,.T.);
#4433=ORIENTED_EDGE('',*,*,#4436,.T.);
#4434=EDGE_CURVE('',#307,#323,#4437,.F.);
#4435=EDGE_CURVE('',#323,#339,#4438,.T.);
#4436=EDGE_CURVE('',#339,#307,#4439,.T.);
#4437=LINE('',#306,#4440);
#4438=LINE('',#322,#4441);
#4439=LINE('',#338,#4442);
#4440=VECTOR('',#4443,1.0);
#4441=VECTOR('',#4444,1.0);
#4442=VECTOR('',#4445,1.0);
#4443=DIRECTION('',(0.37631276494127774,-0.9264926890927152,0));
#4444=DIRECTION('',(0,-1,0));
#4445=DIRECTION('',(-0.09099117204123175,0.9958516991051242,0));
#4446=FACE_SURFACE('',(#4451),#4447,.T.);
#4447=PLANE('',#4448);
#4448=AXIS2_PLACEMENT_3D('',#338,#4449,#4450);
#4449=DIRECTION('',(0,0,-1));
#4450=DIRECTION('',(-0.4650714908196742,-0.8852731264568952,0));
#4451=FACE_BOUND('',#4452,.T.);
#4452=EDGE_LOOP('',(#4453,#4454,#4455));
#4453=ORIENTED_EDGE('',*,*,#4456,.T.);
#4454=ORIENTED_EDGE('',*,*,#4457,.T.);
#4455=ORIENTED_EDGE('',*,*,#4458,.T.);
#4456=EDGE_CURVE('',#339,#179,#4459,.F.);
#4457=EDGE_CURVE('',#179,#37,#4460,.T.);
#4458=EDGE_CURVE('',#37,#339,#4461,.T.);
#4459=LINE('',#338,#4462);
#4460=LINE('',#178,#4463);
#4461=LINE('',#36,#4464);
#4462=VECTOR('',#4465,1.0);
#4463=VECTOR('',#4466,1.0);
#4464=VECTOR('',#4467,1.0);
#4465=DIRECTION('',(-0.4650714908196742,-0.8852731264568952,0));
#4466=DIRECTION('',(-0.9312443079639553,-0.3643954430076399,0));
#4467=DIRECTION('',(0.7740934569148533,0.6330713387617639,0));
#4468=FACE_SURFACE('',(#4473),#4469,.T.);
#4469=PLANE('',#4470);
#4470=AXIS2_PLACEMENT_3D('',#36,#4471,#4472);
#4471=DIRECTION('',(0,0,-1));
#4472=DIRECTION('',(-0.8878491103043802,0.4601347165034612,0));
#4473=FACE_BOUND('',#4474,.T.);
#4474=EDGE_LOOP('',(#4475,#4476,#4477));
#4475=ORIENTED_EDGE('',*,*,#4478,.T.);
#4476=ORIENTED_EDGE('',*,*,#4479,.T.);
#4477=ORIENTED_EDGE('',*,*,#4480,.T.);
#4478=EDGE_CURVE('',#37,#105,#4481,.F.);
#4479=EDGE_CURVE('',#105,#211,#4482,.T.);
#4480=EDGE_CURVE('',#211,#37,#4483,.T.);
#4481=LINE('',#36,#4484);
#4482=LINE('',#104,#4485);
#4483=LINE('',#210,#4486);
#4484=VECTOR('',#4487,1.0);
#4485=VECTOR('',#4488,1.0);
#4486=VECTOR('',#4489,1.0);
#4487=DIRECTION('',(-0.8878491103043802,0.4601347165034612,0));
#4488=DIRECTION('',(-0.1362738987988759,0.9906711989889248,0));
#4489=DIRECTION('',(0.4127885359610038,-0.9108268905665725,0));
#4490=FACE_SURFACE('',(#4495),#4491,.T.);
#4491=PLANE('',#4492);
#4492=AXIS2_PLACEMENT_3D('',#210,#4493,#4494);
#4493=DIRECTION('',(0,0,-1));
#4494=DIRECTION('',(0.4650716627790049,0.8852730361193497,0));
#4495=FACE_BOUND('',#4496,.T.);
#4496=EDGE_LOOP('',(#4497,#4498,#4499));
#4497=ORIENTED_EDGE('',*,*,#4500,.T.);
#4498=ORIENTED_EDGE('',*,*,#4501,.T.);
#4499=ORIENTED_EDGE('',*,*,#4502,.T.);
#4500=EDGE_CURVE('',#211,#243,#4503,.F.);
#4501=EDGE_CURVE('',#243,#275,#4504,.T.);
#4502=EDGE_CURVE('',#275,#211,#4505,.T.);
#4503=LINE('',#210,#4506);
#4504=LINE('',#242,#4507);
#4505=LINE('',#274,#4508);
#4506=VECTOR('',#4509,1.0);
#4507=VECTOR('',#4510,1.0);
#4508=VECTOR('',#4511,1.0);
#4509=DIRECTION('',(0.4650716627790049,0.8852730361193497,0));
#4510=DIRECTION('',(0.9645602850589176,0.2638625712128564,0));
#4511=DIRECTION('',(-0.774093482680782,-0.6330713072562504,0));
#4512=FACE_SURFACE('',(#4517),#4513,.T.);
#4513=PLANE('',#4514);
#4514=AXIS2_PLACEMENT_3D('',#274,#4515,#4516);
#4515=DIRECTION('',(0,0,-1));
#4516=DIRECTION('',(0.8351669828011233,-0.549996464387607,0));
#4517=FACE_BOUND('',#4518,.T.);
#4518=EDGE_LOOP('',(#4519,#4520,#4521));
#4519=ORIENTED_EDGE('',*,*,#4522,.T.);
#4520=ORIENTED_EDGE('',*,*,#4523,.T.);
#4521=ORIENTED_EDGE('',*,*,#4524,.T.);
#4522=EDGE_CURVE('',#275,#307,#4525,.F.);
#4523=EDGE_CURVE('',#307,#339,#4526,.T.);
#4524=EDGE_CURVE('',#339,#275,#4527,.T.);
#4525=LINE('',#274,#4528);
#4526=LINE('',#306,#4529);
#4527=LINE('',#338,#4530);
#4528=VECTOR('',#4531,1.0);
#4529=VECTOR('',#4532,1.0);
#4530=VECTOR('',#4533,1.0);
#4531=DIRECTION('',(0.8351669828011233,-0.549996464387607,0));
#4532=DIRECTION('',(0.09099117204123175,-0.9958516991051242,0));
#4533=DIRECTION('',(-0.35533314384809217,0.9347397268133151,0));
#4534=FACE_SURFACE('',(#4539),#4535,.T.);
#4535=PLANE('',#4536);
#4536=AXIS2_PLACEMENT_3D('',#338,#4537,#4538);
#4537=DIRECTION('',(-0,0,-1));
#4538=DIRECTION('',(-0.7740934569148533,-0.6330713387617639,0));
#4539=FACE_BOUND('',#4540,.T.);
#4540=EDGE_LOOP('',(#4541,#4542,#4543));
#4541=ORIENTED_EDGE('',*,*,#4544,.T.);
#4542=ORIENTED_EDGE('',*,*,#4545,.T.);
#4543=ORIENTED_EDGE('',*,*,#4546,.T.);
#4544=EDGE_CURVE('',#339,#37,#4547,.F.);
#4545=EDGE_CURVE('',#37,#211,#4548,.T.);
#4546=EDGE_CURVE('',#211,#339,#4549,.T.);
#4547=LINE('',#338,#4550);
#4548=LINE('',#36,#4551);
#4549=LINE('',#210,#4552);
#4550=VECTOR('',#4553,1.0);
#4551=VECTOR('',#4554,1.0);
#4552=VECTOR('',#4555,1.0);
#4553=DIRECTION('',(-0.7740934569148533,-0.6330713387617639,0));
#4554=DIRECTION('',(-0.4127885359610038,0.9108268905665725,0));
#4555=DIRECTION('',(0.8466583007144042,-0.532136938984128,0));
#4556=FACE_SURFACE('',(#4561),#4557,.T.);
#4557=PLANE('',#4558);
#4558=AXIS2_PLACEMENT_3D('',#210,#4559,#4560);
#4559=DIRECTION('',(0,0,-1));
#4560=DIRECTION('',(0.774093482680782,0.6330713072562504,0));
#4561=FACE_BOUND('',#4562,.T.);
#4562=EDGE_LOOP('',(#4563,#4564,#4565));
#4563=ORIENTED_EDGE('',*,*,#4566,.T.);
#4564=ORIENTED_EDGE('',*,*,#4567,.T.);
#4565=ORIENTED_EDGE('',*,*,#4568,.T.);
#4566=EDGE_CURVE('',#211,#275,#4569,.F.);
#4567=EDGE_CURVE('',#275,#339,#4570,.T.);
#4568=EDGE_CURVE('',#339,#211,#4571,.T.);
#4569=LINE('',#210,#4572);
#4570=LINE('',#274,#4573);
#4571=LINE('',#338,#4574);
#4572=VECTOR('',#4575,1.0);
#4573=VECTOR('',#4576,1.0);
#4574=VECTOR('',#4577,1.0);
#4575=DIRECTION('',(0.774093482680782,0.6330713072562504,0));
#4576=DIRECTION('',(0.35533314384809217,-0.9347397268133151,0));
#4577=DIRECTION('',(-0.8466583007144042,0.532136938984128,0));
#4578=FACE_SURFACE('',(#4583),#4579,.T.);
#4579=PLANE('',#4580);
#4580=AXIS2_PLACEMENT_3D('',#346,#4581,#4582);
#4581=DIRECTION('',(0,0,1));
#4582=DIRECTION('',(-0.07189214952336327,-0.9974124116116214,0));
#4583=FACE_BOUND('',#4584,.T.);
#4584=EDGE_LOOP('',(#4585,#4586,#4587));
#4585=ORIENTED_EDGE('',*,*,#4588,.T.);
#4586=ORIENTED_EDGE('',*,*,#4589,.T.);
#4587=ORIENTED_EDGE('',*,*,#4590,.T.);
#4588=EDGE_CURVE('',#347,#349,#4591,.F.);
#4589=EDGE_CURVE('',#349,#161,#4592,.T.);
#4590=EDGE_CURVE('',#161,#347,#4593,.T.);
#4591=LINE('',#346,#4594);
#4592=LINE('',#348,#4595);
#4593=LINE('',#160,#4596);
#4594=VECTOR('',#4597,1.0);
#4595=VECTOR('',#4598,1.0);
#4596=VECTOR('',#4599,1.0);
#4597=DIRECTION('',(-0.07189214952336327,-0.9974124116116214,0));
#4598=DIRECTION('',(-0.0013164714305638153,-0.9999991334511108,0));
#4599=DIRECTION('',(0.00498958450976155,0.999987551945733,0));
#4600=FACE_SURFACE('',(#4605),#4601,.T.);
#4601=PLANE('',#4602);
#4602=AXIS2_PLACEMENT_3D('',#160,#4603,#4604);
#4603=DIRECTION('',(0,0,1));
#4604=DIRECTION('',(0.023976234179429817,-0.9997125287774347,0));
#4605=FACE_BOUND('',#4606,.T.);
#4606=EDGE_LOOP('',(#4607,#4608,#4609));
#4607=ORIENTED_EDGE('',*,*,#4610,.T.);
#4608=ORIENTED_EDGE('',*,*,#4611,.T.);
#4609=ORIENTED_EDGE('',*,*,#4612,.T.);
#4610=EDGE_CURVE('',#161,#157,#4613,.F.);
#4611=EDGE_CURVE('',#157,#153,#4614,.T.);
#4612=EDGE_CURVE('',#153,#161,#4615,.T.);
#4613=LINE('',#160,#4616);
#4614=LINE('',#156,#4617);
#4615=LINE('',#152,#4618);
#4616=VECTOR('',#4619,1.0);
#4617=VECTOR('',#4620,1.0);
#4618=VECTOR('',#4621,1.0);
#4619=DIRECTION('',(0.023976234179429817,-0.9997125287774347,0));
#4620=DIRECTION('',(0.07189234273413782,-0.9974123976852288,0));
#4621=DIRECTION('',(-0.0479448638971862,0.9988499837442458,0));
#4622=FACE_SURFACE('',(#4627),#4623,.T.);
#4623=PLANE('',#4624);
#4624=AXIS2_PLACEMENT_3D('',#152,#4625,#4626);
#4625=DIRECTION('',(0,0,1));
#4626=DIRECTION('',(0.11967683784611255,-0.9928129000386504,0));
#4627=FACE_BOUND('',#4628,.T.);
#4628=EDGE_LOOP('',(#4629,#4630,#4631));
#4629=ORIENTED_EDGE('',*,*,#4632,.T.);
#4630=ORIENTED_EDGE('',*,*,#4633,.T.);
#4631=ORIENTED_EDGE('',*,*,#4634,.T.);
#4632=EDGE_CURVE('',#153,#149,#4635,.F.);
#4633=EDGE_CURVE('',#149,#145,#4636,.T.);
#4634=EDGE_CURVE('',#145,#153,#4637,.T.);
#4635=LINE('',#152,#4638);
#4636=LINE('',#148,#4639);
#4637=LINE('',#144,#4640);
#4638=VECTOR('',#4641,1.0);
#4639=VECTOR('',#4642,1.0);
#4640=VECTOR('',#4643,1.0);
#4641=DIRECTION('',(0.11967683784611255,-0.9928129000386504,0));
#4642=DIRECTION('',(0.1672518101387791,-0.9859142112807289,0));
#4643=DIRECTION('',(-0.14349636661054785,0.9896508438684681,0));
#4644=FACE_SURFACE('',(#4649),#4645,.T.);
#4645=PLANE('',#4646);
#4646=AXIS2_PLACEMENT_3D('',#144,#4647,#4648);
#4647=DIRECTION('',(0,0,1));
#4648=DIRECTION('',(0.2145224699482685,-0.9767190537136532,0));
#4649=FACE_BOUND('',#4650,.T.);
#4650=EDGE_LOOP('',(#4651,#4652,#4653));
#4651=ORIENTED_EDGE('',*,*,#4654,.T.);
#4652=ORIENTED_EDGE('',*,*,#4655,.T.);
#4653=ORIENTED_EDGE('',*,*,#4656,.T.);
#4654=EDGE_CURVE('',#145,#141,#4657,.F.);
#4655=EDGE_CURVE('',#141,#137,#4658,.T.);
#4656=EDGE_CURVE('',#137,#145,#4659,.T.);
#4657=LINE('',#144,#4660);
#4658=LINE('',#140,#4661);
#4659=LINE('',#136,#4662);
#4660=VECTOR('',#4663,1.0);
#4661=VECTOR('',#4664,1.0);
#4662=VECTOR('',#4665,1.0);
#4663=DIRECTION('',(0.2145224699482685,-0.9767190537136532,0));
#4664=DIRECTION('',(0.261407637158107,-0.9652284948318793,0));
#4665=DIRECTION('',(-0.23801928866312774,0.9712604276013198,0));
#4666=FACE_SURFACE('',(#4671),#4667,.T.);
#4667=PLANE('',#4668);
#4668=AXIS2_PLACEMENT_3D('',#136,#4669,#4670);
#4669=DIRECTION('',(0,0,1));
#4670=DIRECTION('',(0.3078099011771154,-0.9514478780980777,0));
#4671=FACE_BOUND('',#4672,.T.);
#4672=EDGE_LOOP('',(#4673,#4674,#4675));
#4673=ORIENTED_EDGE('',*,*,#4676,.T.);
#4674=ORIENTED_EDGE('',*,*,#4677,.T.);
#4675=ORIENTED_EDGE('',*,*,#4678,.T.);
#4676=EDGE_CURVE('',#137,#133,#4679,.F.);
#4677=EDGE_CURVE('',#133,#129,#4680,.T.);
#4678=EDGE_CURVE('',#129,#137,#4681,.T.);
#4679=LINE('',#136,#4682);
#4680=LINE('',#132,#4683);
#4681=LINE('',#128,#4684);
#4682=VECTOR('',#4685,1.0);
#4683=VECTOR('',#4686,1.0);
#4684=VECTOR('',#4687,1.0);
#4685=DIRECTION('',(0.3078099011771154,-0.9514478780980777,0));
#4686=DIRECTION('',(0.3536408045293794,-0.935381302663151,0));
#4687=DIRECTION('',(-0.3308029282431988,0.9436998583584323,0));
#4688=FACE_SURFACE('',(#4693),#4689,.T.);
#4689=PLANE('',#4690);
#4690=AXIS2_PLACEMENT_3D('',#128,#4691,#4692);
#4691=DIRECTION('',(0,0,1));
#4692=DIRECTION('',(0.39880510225811827,-0.9170357083630342,0));
#4693=FACE_BOUND('',#4694,.T.);
#4694=EDGE_LOOP('',(#4695,#4696,#4697));
#4695=ORIENTED_EDGE('',*,*,#4698,.T.);
#4696=ORIENTED_EDGE('',*,*,#4699,.T.);
#4697=ORIENTED_EDGE('',*,*,#4700,.T.);
#4698=EDGE_CURVE('',#129,#125,#4701,.F.);
#4699=EDGE_CURVE('',#125,#121,#4702,.T.);
#4700=EDGE_CURVE('',#121,#129,#4703,.T.);
#4701=LINE('',#128,#4704);
#4702=LINE('',#124,#4705);
#4703=LINE('',#120,#4706);
#4704=VECTOR('',#4707,1.0);
#4705=VECTOR('',#4708,1.0);
#4706=VECTOR('',#4709,1.0);
#4707=DIRECTION('',(0.39880510225811827,-0.9170357083630342,0));
#4708=DIRECTION('',(0.4431960872009697,-0.8964246919232818,0));
#4709=DIRECTION('',(-0.42110306852253326,0.9070127924571443,0));
#4710=FACE_SURFACE('',(#4715),#4711,.T.);
#4711=PLANE('',#4712);
#4712=AXIS2_PLACEMENT_3D('',#120,#4713,#4714);
#4713=DIRECTION('',(0,0,1));
#4714=DIRECTION('',(0.4867144223119224,-0.8735611433171532,0));
#4715=FACE_BOUND('',#4716,.T.);
#4716=EDGE_LOOP('',(#4717,#4718,#4719));
#4717=ORIENTED_EDGE('',*,*,#4720,.T.);
#4718=ORIENTED_EDGE('',*,*,#4721,.T.);
#4719=ORIENTED_EDGE('',*,*,#4722,.T.);
#4720=EDGE_CURVE('',#121,#117,#4723,.F.);
#4721=EDGE_CURVE('',#117,#111,#4724,.T.);
#4722=EDGE_CURVE('',#111,#121,#4725,.T.);
#4723=LINE('',#120,#4726);
#4724=LINE('',#116,#4727);
#4725=LINE('',#110,#4728);
#4726=VECTOR('',#4729,1.0);
#4727=VECTOR('',#4730,1.0);
#4728=VECTOR('',#4731,1.0);
#4729=DIRECTION('',(0.4867144223119224,-0.8735611433171532,0));
#4730=DIRECTION('',(0.52925881613373,-0.8484604325156964,0));
#4731=DIRECTION('',(-0.5081156678433866,0.8612888412675909,0));
#4732=FACE_SURFACE('',(#4737),#4733,.T.);
#4733=PLANE('',#4734);
#4734=AXIS2_PLACEMENT_3D('',#110,#4735,#4736);
#4735=DIRECTION('',(0,0,1));
#4736=DIRECTION('',(0.570714065322051,-0.821148863266325,0));
#4737=FACE_BOUND('',#4738,.T.);
#4738=EDGE_LOOP('',(#4739,#4740,#4741));
#4739=ORIENTED_EDGE('',*,*,#4742,.T.);
#4740=ORIENTED_EDGE('',*,*,#4743,.T.);
#4741=ORIENTED_EDGE('',*,*,#4744,.T.);
#4742=EDGE_CURVE('',#111,#107,#4745,.F.);
#4743=EDGE_CURVE('',#107,#103,#4746,.T.);
#4744=EDGE_CURVE('',#103,#111,#4747,.T.);
#4745=LINE('',#110,#4748);
#4746=LINE('',#106,#4749);
#4747=LINE('',#102,#4750);
#4748=VECTOR('',#4751,1.0);
#4749=VECTOR('',#4752,1.0);
#4750=VECTOR('',#4753,1.0);
#4751=DIRECTION('',(0.570714065322051,-0.821148863266325,0));
#4752=DIRECTION('',(0.6109672478061521,-0.7916558735386077,0));
#4753=DIRECTION('',(-0.590997890155489,0.8066731022116461,0));
#4754=FACE_SURFACE('',(#4759),#4755,.T.);
#4755=PLANE('',#4756);
#4756=AXIS2_PLACEMENT_3D('',#102,#4757,#4758);
#4757=DIRECTION('',(0,0,1));
#4758=DIRECTION('',(0.6499033566909894,-0.7600168596562741,0));
#4759=FACE_BOUND('',#4760,.T.);
#4760=EDGE_LOOP('',(#4761,#4762,#4763));
#4761=ORIENTED_EDGE('',*,*,#4764,.T.);
#4762=ORIENTED_EDGE('',*,*,#4765,.T.);
#4763=ORIENTED_EDGE('',*,*,#4766,.T.);
#4764=EDGE_CURVE('',#103,#99,#4767,.F.);
#4765=EDGE_CURVE('',#99,#95,#4768,.T.);
#4766=EDGE_CURVE('',#95,#103,#4769,.T.);
#4767=LINE('',#102,#4770);
#4768=LINE('',#98,#4771);
#4769=LINE('',#94,#4772);
#4770=VECTOR('',#4773,1.0);
#4771=VECTOR('',#4774,1.0);
#4772=VECTOR('',#4775,1.0);
#4773=DIRECTION('',(0.6499033566909894,-0.7600168596562741,0));
#4774=DIRECTION('',(0.6874065595587365,-0.7262728288154673,0));
#4775=DIRECTION('',(-0.6688418054928561,0.743404761368298,0));
#4776=FACE_SURFACE('',(#4781),#4777,.T.);
#4777=PLANE('',#4778);
#4778=AXIS2_PLACEMENT_3D('',#94,#4779,#4780);
#4779=DIRECTION('',(0,0,1));
#4780=DIRECTION('',(0.723352625772138,-0.690478804011067,0));
#4781=FACE_BOUND('',#4782,.T.);
#4782=EDGE_LOOP('',(#4783,#4784,#4785));
#4783=ORIENTED_EDGE('',*,*,#4786,.T.);
#4784=ORIENTED_EDGE('',*,*,#4787,.T.);
#4785=ORIENTED_EDGE('',*,*,#4788,.T.);
#4786=EDGE_CURVE('',#95,#91,#4789,.F.);
#4787=EDGE_CURVE('',#91,#87,#4790,.T.);
#4788=EDGE_CURVE('',#87,#95,#4791,.T.);
#4789=LINE('',#94,#4792);
#4790=LINE('',#90,#4793);
#4791=LINE('',#86,#4794);
#4792=VECTOR('',#4795,1.0);
#4793=VECTOR('',#4796,1.0);
#4794=VECTOR('',#4797,1.0);
#4795=DIRECTION('',(0.723352625772138,-0.690478804011067,0));
#4796=DIRECTION('',(0.7576265960558329,-0.6526882417730933,0));
#4797=DIRECTION('',(-0.7407068558331156,0.6718283662676204,0));
#4798=FACE_SURFACE('',(#4803),#4799,.T.);
#4799=PLANE('',#4800);
#4800=AXIS2_PLACEMENT_3D('',#86,#4801,#4802);
#4801=DIRECTION('',(0,0,1));
#4802=DIRECTION('',(0.7900975554189533,-0.6129811195469187,0));
#4803=FACE_BOUND('',#4804,.T.);
#4804=EDGE_LOOP('',(#4805,#4806,#4807));
#4805=ORIENTED_EDGE('',*,*,#4808,.T.);
#4806=ORIENTED_EDGE('',*,*,#4809,.T.);
#4807=ORIENTED_EDGE('',*,*,#4810,.T.);
#4808=EDGE_CURVE('',#87,#83,#4811,.F.);
#4809=EDGE_CURVE('',#83,#79,#4812,.T.);
#4810=EDGE_CURVE('',#79,#87,#4813,.T.);
#4811=LINE('',#86,#4814);
#4812=LINE('',#82,#4815);
#4813=LINE('',#78,#4816);
#4814=VECTOR('',#4817,1.0);
#4815=VECTOR('',#4818,1.0);
#4816=VECTOR('',#4819,1.0);
#4817=DIRECTION('',(0.7900975554189533,-0.6129811195469187,0));
#4818=DIRECTION('',(0.820648070439693,-0.5714339371122515,0));
#4819=DIRECTION('',(-0.8056203510195045,0.5924321480331821,0));
#4820=FACE_SURFACE('',(#4825),#4821,.T.);
#4821=PLANE('',#4822);
#4822=AXIS2_PLACEMENT_3D('',#78,#4823,#4824);
#4823=DIRECTION('',(0,0,1));
#4824=DIRECTION('',(0.8491603128662988,-0.5281351749815661,0));
#4825=FACE_BOUND('',#4826,.T.);
#4826=EDGE_LOOP('',(#4827,#4828,#4829));
#4827=ORIENTED_EDGE('',*,*,#4830,.T.);
#4828=ORIENTED_EDGE('',*,*,#4831,.T.);
#4829=ORIENTED_EDGE('',*,*,#4832,.T.);
#4830=EDGE_CURVE('',#79,#75,#4833,.F.);
#4831=EDGE_CURVE('',#75,#71,#4834,.T.);
#4832=EDGE_CURVE('',#71,#79,#4835,.T.);
#4833=LINE('',#78,#4836);
#4834=LINE('',#74,#4837);
#4835=LINE('',#70,#4838);
#4836=VECTOR('',#4839,1.0);
#4837=VECTOR('',#4840,1.0);
#4838=VECTOR('',#4841,1.0);
#4839=DIRECTION('',(0.8491603128662988,-0.5281351749815661,0));
#4840=DIRECTION('',(0.8755156555569943,-0.4831897524519808,0));
#4841=DIRECTION('',(-0.8626147170178045,0.5058614928854471,0));
#4842=FACE_SURFACE('',(#4847),#4843,.T.);
#4843=PLANE('',#4844);
#4844=AXIS2_PLACEMENT_3D('',#70,#4845,#4846);
#4845=DIRECTION('',(0,0,1));
#4846=DIRECTION('',(0.8996024844335764,-0.43670970907564755,0));
#4847=FACE_BOUND('',#4848,.T.);
#4848=EDGE_LOOP('',(#4849,#4850,#4851));
#4849=ORIENTED_EDGE('',*,*,#4852,.T.);
#4850=ORIENTED_EDGE('',*,*,#4853,.T.);
#4851=ORIENTED_EDGE('',*,*,#4854,.T.);
#4852=EDGE_CURVE('',#71,#67,#4855,.F.);
#4853=EDGE_CURVE('',#67,#63,#4856,.T.);
#4854=EDGE_CURVE('',#63,#71,#4857,.T.);
#4855=LINE('',#70,#4858);
#4856=LINE('',#66,#4859);
#4857=LINE('',#62,#4860);
#4858=VECTOR('',#4861,1.0);
#4859=VECTOR('',#4862,1.0);
#4860=VECTOR('',#4863,1.0);
#4861=DIRECTION('',(0.8996024844335764,-0.43670970907564755,0));
#4862=DIRECTION('',(0.9213112786248321,-0.3888258323191463,0));
#4863=DIRECTION('',(-0.910760234886592,0.4129355815975655,0));
#4864=FACE_SURFACE('',(#4869),#4865,.T.);
#4865=PLANE('',#4866);
#4866=AXIS2_PLACEMENT_3D('',#62,#4867,#4868);
#4867=DIRECTION('',(0,0,1));
#4868=DIRECTION('',(0.9405464692458151,-0.3396650396923874,0));
#4869=FACE_BOUND('',#4870,.T.);
#4870=EDGE_LOOP('',(#4871,#4872,#4873));
#4871=ORIENTED_EDGE('',*,*,#4874,.T.);
#4872=ORIENTED_EDGE('',*,*,#4875,.T.);
#4873=ORIENTED_EDGE('',*,*,#4876,.T.);
#4874=EDGE_CURVE('',#63,#59,#4877,.F.);
#4875=EDGE_CURVE('',#59,#55,#4878,.T.);
#4876=EDGE_CURVE('',#55,#63,#4879,.T.);
#4877=LINE('',#62,#4880);
#4878=LINE('',#58,#4881);
#4879=LINE('',#54,#4882);
#4880=VECTOR('',#4883,1.0);
#4881=VECTOR('',#4884,1.0);
#4882=VECTOR('',#4885,1.0);
#4883=DIRECTION('',(0.9405464692458151,-0.3396650396923874,0));
#4884=DIRECTION('',(0.9572139675651015,-0.2893810987232525,0));
#4885=DIRECTION('',(-0.9492062985571564,0.3146544180198689,0));
#4886=FACE_SURFACE('',(#4891),#4887,.T.);
#4887=PLANE('',#4888);
#4888=AXIS2_PLACEMENT_3D('',#54,#4889,#4890);
#4889=DIRECTION('',(0,0,1));
#4890=DIRECTION('',(0.9712353990242973,-0.23812139694305898,0));
#4891=FACE_BOUND('',#4892,.T.);
#4892=EDGE_LOOP('',(#4893,#4894,#4895));
#4893=ORIENTED_EDGE('',*,*,#4896,.T.);
#4894=ORIENTED_EDGE('',*,*,#4897,.T.);
#4895=ORIENTED_EDGE('',*,*,#4898,.T.);
#4896=EDGE_CURVE('',#55,#51,#4899,.F.);
#4897=EDGE_CURVE('',#51,#47,#4900,.T.);
#4898=EDGE_CURVE('',#47,#55,#4901,.T.);
#4899=LINE('',#54,#4902);
#4900=LINE('',#50,#4903);
#4901=LINE('',#46,#4904);
#4902=VECTOR('',#4905,1.0);
#4903=VECTOR('',#4906,1.0);
#4904=VECTOR('',#4907,1.0);
#4905=DIRECTION('',(0.9712353990242973,-0.23812139694305898,0));
#4906=DIRECTION('',(0.9825385059231457,-0.186059357137212,0));
#4907=DIRECTION('',(-0.9772304446411171,0.21218072029881643,0));
#4908=FACE_SURFACE('',(#4913),#4909,.T.);
#4909=PLANE('',#4910);
#4910=AXIS2_PLACEMENT_3D('',#46,#4911,#4912);
#4911=DIRECTION('',(0,0,1));
#4912=DIRECTION('',(0.991067942244907,-0.13335791635461922,0));
#4913=FACE_BOUND('',#4914,.T.);
#4914=EDGE_LOOP('',(#4915,#4916,#4917));
#4915=ORIENTED_EDGE('',*,*,#4918,.T.);
#4916=ORIENTED_EDGE('',*,*,#4919,.T.);
#4917=ORIENTED_EDGE('',*,*,#4920,.T.);
#4918=EDGE_CURVE('',#47,#43,#4921,.F.);
#4919=EDGE_CURVE('',#43,#35,#4922,.T.);
#4920=EDGE_CURVE('',#35,#47,#4923,.T.);
#4921=LINE('',#46,#4924);
#4922=LINE('',#42,#4925);
#4923=LINE('',#34,#4926);
#4924=VECTOR('',#4927,1.0);
#4925=VECTOR('',#4928,1.0);
#4926=VECTOR('',#4929,1.0);
#4927=DIRECTION('',(0.991067942244907,-0.13335791635461922,0));
#4928=DIRECTION('',(0.9967788677411841,-0.08019905750445544,0));
#4929=DIRECTION('',(-0.9942778888078592,0.10682452821232785,0));
#4930=FACE_SURFACE('',(#4935),#4931,.T.);
#4931=PLANE('',#4932);
#4932=AXIS2_PLACEMENT_3D('',#34,#4933,#4934);
#4933=DIRECTION('',(-0,0,1));
#4934=DIRECTION('',(0.9996418175847414,-0.026762595835880157,0));
#4935=FACE_BOUND('',#4936,.T.);
#4936=EDGE_LOOP('',(#4937,#4938,#4939));
#4937=ORIENTED_EDGE('',*,*,#4940,.T.);
#4938=ORIENTED_EDGE('',*,*,#4941,.T.);
#4939=ORIENTED_EDGE('',*,*,#4942,.T.);
#4940=EDGE_CURVE('',#35,#41,#4943,.F.);
#4941=EDGE_CURVE('',#41,#351,#4944,.T.);
#4942=EDGE_CURVE('',#351,#35,#4945,.T.);
#4943=LINE('',#34,#4946);
#4944=LINE('',#40,#4947);
#4945=LINE('',#350,#4948);
#4946=VECTOR('',#4949,1.0);
#4947=VECTOR('',#4950,1.0);
#4948=VECTOR('',#4951,1.0);
#4949=DIRECTION('',(0.9996418175847414,-0.026762595835880157,0));
#4950=DIRECTION('',(0.9996418235283867,0.026762373826734378,0));
#4951=DIRECTION('',(-1,0,0));
#4952=FACE_SURFACE('',(#4957),#4953,.T.);
#4953=PLANE('',#4954);
#4954=AXIS2_PLACEMENT_3D('',#350,#4955,#4956);
#4955=DIRECTION('',(0,0,1));
#4956=DIRECTION('',(0.9967788662162823,0.08019907645716914,0));
#4957=FACE_BOUND('',#4958,.T.);
#4958=EDGE_LOOP('',(#4959,#4960,#4961));
#4959=ORIENTED_EDGE('',*,*,#4962,.T.);
#4960=ORIENTED_EDGE('',*,*,#4963,.T.);
#4961=ORIENTED_EDGE('',*,*,#4964,.T.);
#4962=EDGE_CURVE('',#351,#353,#4965,.F.);
#4963=EDGE_CURVE('',#353,#355,#4966,.T.);
#4964=EDGE_CURVE('',#355,#351,#4967,.T.);
#4965=LINE('',#350,#4968);
#4966=LINE('',#352,#4969);
#4967=LINE('',#354,#4970);
#4968=VECTOR('',#4971,1.0);
#4969=VECTOR('',#4972,1.0);
#4970=VECTOR('',#4973,1.0);
#4971=DIRECTION('',(0.9967788662162823,0.08019907645716914,0));
#4972=DIRECTION('',(0.991067942244907,0.13335791635461922,0));
#4973=DIRECTION('',(-0.9942778874550332,-0.10682454080386461,0));
#4974=FACE_SURFACE('',(#4979),#4975,.T.);
#4975=PLANE('',#4976);
#4976=AXIS2_PLACEMENT_3D('',#354,#4977,#4978);
#4977=DIRECTION('',(0,0,1));
#4978=DIRECTION('',(0.9825385141184902,0.18605931385939659,0));
#4979=FACE_BOUND('',#4980,.T.);
#4980=EDGE_LOOP('',(#4981,#4982,#4983));
#4981=ORIENTED_EDGE('',*,*,#4984,.T.);
#4982=ORIENTED_EDGE('',*,*,#4985,.T.);
#4983=ORIENTED_EDGE('',*,*,#4986,.T.);
#4984=EDGE_CURVE('',#355,#357,#4987,.F.);
#4985=EDGE_CURVE('',#357,#359,#4988,.T.);
#4986=EDGE_CURVE('',#359,#355,#4989,.T.);
#4987=LINE('',#354,#4990);
#4988=LINE('',#356,#4991);
#4989=LINE('',#358,#4992);
#4990=VECTOR('',#4993,1.0);
#4991=VECTOR('',#4994,1.0);
#4992=VECTOR('',#4995,1.0);
#4993=DIRECTION('',(0.9825385141184902,0.18605931385939659,0));
#4994=DIRECTION('',(0.9712353722085942,0.23812150631732826,0));
#4995=DIRECTION('',(-0.9772304393133018,-0.21218074483687585,0));
#4996=FACE_SURFACE('',(#5001),#4997,.T.);
#4997=PLANE('',#4998);
#4998=AXIS2_PLACEMENT_3D('',#358,#4999,#5000);
#4999=DIRECTION('',(0,0,1));
#5000=DIRECTION('',(0.9572140862068702,0.28938070628006024,0));
#5001=FACE_BOUND('',#5002,.T.);
#5002=EDGE_LOOP('',(#5003,#5004,#5005));
#5003=ORIENTED_EDGE('',*,*,#5006,.T.);
#5004=ORIENTED_EDGE('',*,*,#5007,.T.);
#5005=ORIENTED_EDGE('',*,*,#5008,.T.);
#5006=EDGE_CURVE('',#359,#361,#5009,.F.);
#5007=EDGE_CURVE('',#361,#363,#5010,.T.);
#5008=EDGE_CURVE('',#363,#359,#5011,.T.);
#5009=LINE('',#358,#5012);
#5010=LINE('',#360,#5013);
#5011=LINE('',#362,#5014);
#5012=VECTOR('',#5015,1.0);
#5013=VECTOR('',#5016,1.0);
#5014=VECTOR('',#5017,1.0);
#5015=DIRECTION('',(0.9572140862068702,0.28938070628006024,0));
#5016=DIRECTION('',(0.9405464148513113,0.3396651903129682,0));
#5017=DIRECTION('',(-0.9492063452913333,-0.3146542770385779,0));
#5018=FACE_SURFACE('',(#5023),#5019,.T.);
#5019=PLANE('',#5020);
#5020=AXIS2_PLACEMENT_3D('',#362,#5021,#5022);
#5021=DIRECTION('',(0,0,1));
#5022=DIRECTION('',(0.9213113497694436,0.388825663744056,0));
#5023=FACE_BOUND('',#5024,.T.);
#5024=EDGE_LOOP('',(#5025,#5026,#5027));
#5025=ORIENTED_EDGE('',*,*,#5028,.T.);
#5026=ORIENTED_EDGE('',*,*,#5029,.T.);
#5027=ORIENTED_EDGE('',*,*,#5030,.T.);
#5028=EDGE_CURVE('',#363,#365,#5031,.F.);
#5029=EDGE_CURVE('',#365,#367,#5032,.T.);
#5030=EDGE_CURVE('',#367,#363,#5033,.T.);
#5031=LINE('',#362,#5034);
#5032=LINE('',#364,#5035);
#5033=LINE('',#366,#5036);
#5034=VECTOR('',#5037,1.0);
#5035=VECTOR('',#5038,1.0);
#5036=VECTOR('',#5039,1.0);
#5037=DIRECTION('',(0.9213113497694436,0.388825663744056,0));
#5038=DIRECTION('',(0.8996021261986764,0.436710447022762,0));
#5039=DIRECTION('',(-0.9107601146095469,-0.4129358468774598,0));
#5040=FACE_SURFACE('',(#5045),#5041,.T.);
#5041=PLANE('',#5042);
#5042=AXIS2_PLACEMENT_3D('',#366,#5043,#5044);
#5043=DIRECTION('',(0,0,1));
#5044=DIRECTION('',(0.875515874331942,0.4831893560425094,0));
#5045=FACE_BOUND('',#5046,.T.);
#5046=EDGE_LOOP('',(#5047,#5048,#5049));
#5047=ORIENTED_EDGE('',*,*,#5050,.T.);
#5048=ORIENTED_EDGE('',*,*,#5051,.T.);
#5049=ORIENTED_EDGE('',*,*,#5052,.T.);
#5050=EDGE_CURVE('',#367,#369,#5053,.F.);
#5051=EDGE_CURVE('',#369,#371,#5054,.T.);
#5052=EDGE_CURVE('',#371,#367,#5055,.T.);
#5053=LINE('',#366,#5056);
#5054=LINE('',#368,#5057);
#5055=LINE('',#370,#5058);
#5056=VECTOR('',#5059,1.0);
#5057=VECTOR('',#5060,1.0);
#5058=VECTOR('',#5061,1.0);
#5059=DIRECTION('',(0.875515874331942,0.4831893560425094,0));
#5060=DIRECTION('',(0.8491600521329554,0.528135594200539,0));
#5061=DIRECTION('',(-0.8626147170178045,-0.5058614928854471,0));
#5062=FACE_SURFACE('',(#5067),#5063,.T.);
#5063=PLANE('',#5064);
#5064=AXIS2_PLACEMENT_3D('',#370,#5065,#5066);
#5065=DIRECTION('',(0,0,1));
#5066=DIRECTION('',(0.820648374896993,0.571433499874591,0));
#5067=FACE_BOUND('',#5068,.T.);
#5068=EDGE_LOOP('',(#5069,#5070,#5071));
#5069=ORIENTED_EDGE('',*,*,#5072,.T.);
#5070=ORIENTED_EDGE('',*,*,#5073,.T.);
#5071=ORIENTED_EDGE('',*,*,#5074,.T.);
#5072=EDGE_CURVE('',#371,#373,#5075,.F.);
#5073=EDGE_CURVE('',#373,#375,#5076,.T.);
#5074=EDGE_CURVE('',#375,#371,#5077,.T.);
#5075=LINE('',#370,#5078);
#5076=LINE('',#372,#5079);
#5077=LINE('',#374,#5080);
#5078=VECTOR('',#5081,1.0);
#5079=VECTOR('',#5082,1.0);
#5080=VECTOR('',#5083,1.0);
#5081=DIRECTION('',(0.820648374896993,0.571433499874591,0));
#5082=DIRECTION('',(0.7900972060101864,0.6129815699145423,0));
#5083=DIRECTION('',(-0.8056203510195045,-0.5924321480331821,0));
#5084=FACE_SURFACE('',(#5089),#5085,.T.);
#5085=PLANE('',#5086);
#5086=AXIS2_PLACEMENT_3D('',#374,#5087,#5088);
#5087=DIRECTION('',(0,0,1));
#5088=DIRECTION('',(0.7576265960558329,0.6526882417730933,0));
#5089=FACE_BOUND('',#5090,.T.);
#5090=EDGE_LOOP('',(#5091,#5092,#5093));
#5091=ORIENTED_EDGE('',*,*,#5094,.T.);
#5092=ORIENTED_EDGE('',*,*,#5095,.T.);
#5093=ORIENTED_EDGE('',*,*,#5096,.T.);
#5094=EDGE_CURVE('',#375,#377,#5097,.F.);
#5095=EDGE_CURVE('',#377,#379,#5098,.T.);
#5096=EDGE_CURVE('',#379,#375,#5099,.T.);
#5097=LINE('',#374,#5100);
#5098=LINE('',#376,#5101);
#5099=LINE('',#378,#5102);
#5100=VECTOR('',#5103,1.0);
#5101=VECTOR('',#5104,1.0);
#5102=VECTOR('',#5105,1.0);
#5103=DIRECTION('',(0.7576265960558329,0.6526882417730933,0));
#5104=DIRECTION('',(0.7233530666796607,0.6904783421115613,0));
#5105=DIRECTION('',(-0.7407070648962294,-0.6718281357704611,0));
#5106=FACE_SURFACE('',(#5111),#5107,.T.);
#5107=PLANE('',#5108);
#5108=AXIS2_PLACEMENT_3D('',#378,#5109,#5110);
#5109=DIRECTION('',(0,0,1));
#5110=DIRECTION('',(0.6874055866602747,0.726273749648329,0));
#5111=FACE_BOUND('',#5112,.T.);
#5112=EDGE_LOOP('',(#5113,#5114,#5115));
#5113=ORIENTED_EDGE('',*,*,#5116,.T.);
#5114=ORIENTED_EDGE('',*,*,#5117,.T.);
#5115=ORIENTED_EDGE('',*,*,#5118,.T.);
#5116=EDGE_CURVE('',#379,#381,#5119,.F.);
#5117=EDGE_CURVE('',#381,#383,#5120,.T.);
#5118=EDGE_CURVE('',#383,#379,#5121,.T.);
#5119=LINE('',#378,#5122);
#5120=LINE('',#380,#5123);
#5121=LINE('',#382,#5124);
#5122=VECTOR('',#5125,1.0);
#5123=VECTOR('',#5126,1.0);
#5124=VECTOR('',#5127,1.0);
#5125=DIRECTION('',(0.6874055866602747,0.726273749648329,0));
#5126=DIRECTION('',(0.6499044191437734,0.7600159511335237,0));
#5127=DIRECTION('',(-0.6688418054928561,-0.743404761368298,0));
#5128=FACE_SURFACE('',(#5133),#5129,.T.);
#5129=PLANE('',#5130);
#5130=AXIS2_PLACEMENT_3D('',#382,#5131,#5132);
#5131=DIRECTION('',(0,0,1));
#5132=DIRECTION('',(0.6109666729986885,0.7916563171508921,0));
#5133=FACE_BOUND('',#5134,.T.);
#5134=EDGE_LOOP('',(#5135,#5136,#5137));
#5135=ORIENTED_EDGE('',*,*,#5138,.T.);
#5136=ORIENTED_EDGE('',*,*,#5139,.T.);
#5137=ORIENTED_EDGE('',*,*,#5140,.T.);
#5138=EDGE_CURVE('',#383,#385,#5141,.F.);
#5139=EDGE_CURVE('',#385,#387,#5142,.T.);
#5140=EDGE_CURVE('',#387,#383,#5143,.T.);
#5141=LINE('',#382,#5144);
#5142=LINE('',#384,#5145);
#5143=LINE('',#386,#5146);
#5144=VECTOR('',#5147,1.0);
#5145=VECTOR('',#5148,1.0);
#5146=VECTOR('',#5149,1.0);
#5147=DIRECTION('',(0.6109666729986885,0.7916563171508921,0));
#5148=DIRECTION('',(0.5707134485301346,0.821149291948085,0));
#5149=DIRECTION('',(-0.5909972939414546,-0.8066735390192725,0));
#5150=FACE_SURFACE('',(#5155),#5151,.T.);
#5151=PLANE('',#5152);
#5152=AXIS2_PLACEMENT_3D('',#386,#5153,#5154);
#5153=DIRECTION('',(0,0,1));
#5154=DIRECTION('',(0.52925881613373,0.8484604325156964,0));
#5155=FACE_BOUND('',#5156,.T.);
#5156=EDGE_LOOP('',(#5157,#5158,#5159));
#5157=ORIENTED_EDGE('',*,*,#5160,.T.);
#5158=ORIENTED_EDGE('',*,*,#5161,.T.);
#5159=ORIENTED_EDGE('',*,*,#5162,.T.);
#5160=EDGE_CURVE('',#387,#389,#5163,.F.);
#5161=EDGE_CURVE('',#389,#391,#5164,.T.);
#5162=EDGE_CURVE('',#391,#387,#5165,.T.);
#5163=LINE('',#386,#5166);
#5164=LINE('',#388,#5167);
#5165=LINE('',#390,#5168);
#5166=VECTOR('',#5169,1.0);
#5167=VECTOR('',#5170,1.0);
#5168=VECTOR('',#5171,1.0);
#5169=DIRECTION('',(0.52925881613373,0.8484604325156964,0));
#5170=DIRECTION('',(0.4867172005462636,0.8735595953868334,0));
#5171=DIRECTION('',(-0.5081170202663209,-0.8612880434068936,0));
#5172=FACE_SURFACE('',(#5177),#5173,.T.);
#5173=PLANE('',#5174);
#5174=AXIS2_PLACEMENT_3D('',#390,#5175,#5176);
#5175=DIRECTION('',(0,0,1));
#5176=DIRECTION('',(0.44319462776716145,0.8964254134719337,0));
#5177=FACE_BOUND('',#5178,.T.);
#5178=EDGE_LOOP('',(#5179,#5180,#5181));
#5179=ORIENTED_EDGE('',*,*,#5182,.T.);
#5180=ORIENTED_EDGE('',*,*,#5183,.T.);
#5181=ORIENTED_EDGE('',*,*,#5184,.T.);
#5182=EDGE_CURVE('',#391,#393,#5185,.F.);
#5183=EDGE_CURVE('',#393,#395,#5186,.T.);
#5184=EDGE_CURVE('',#395,#391,#5187,.T.);
#5185=LINE('',#390,#5188);
#5186=LINE('',#392,#5189);
#5187=LINE('',#394,#5190);
#5188=VECTOR('',#5191,1.0);
#5189=VECTOR('',#5192,1.0);
#5190=VECTOR('',#5193,1.0);
#5191=DIRECTION('',(0.44319462776716145,0.8964254134719337,0));
#5192=DIRECTION('',(0.3988035781899116,0.917036371155977,0));
#5193=DIRECTION('',(-0.4211015755528111,-0.9070134856036818,0));
#5194=FACE_SURFACE('',(#5199),#5195,.T.);
#5195=PLANE('',#5196);
#5196=AXIS2_PLACEMENT_3D('',#394,#5197,#5198);
#5197=DIRECTION('',(0,0,1));
#5198=DIRECTION('',(0.35364238711022095,0.9353807043332595,0));
#5199=FACE_BOUND('',#5200,.T.);
#5200=EDGE_LOOP('',(#5201,#5202,#5203));
#5201=ORIENTED_EDGE('',*,*,#5204,.T.);
#5202=ORIENTED_EDGE('',*,*,#5205,.T.);
#5203=ORIENTED_EDGE('',*,*,#5206,.T.);
#5204=EDGE_CURVE('',#395,#397,#5207,.F.);
#5205=EDGE_CURVE('',#397,#399,#5208,.T.);
#5206=EDGE_CURVE('',#399,#395,#5209,.T.);
#5207=LINE('',#394,#5210);
#5208=LINE('',#396,#5211);
#5209=LINE('',#398,#5212);
#5210=VECTOR('',#5213,1.0);
#5211=VECTOR('',#5214,1.0);
#5212=VECTOR('',#5215,1.0);
#5213=DIRECTION('',(0.35364238711022095,0.9353807043332595,0));
#5214=DIRECTION('',(0.30781153574032016,0.9514473492869615,0));
#5215=DIRECTION('',(-0.3308045381688432,-0.9436992940163188,0));
#5216=FACE_SURFACE('',(#5221),#5217,.T.);
#5217=PLANE('',#5218);
#5218=AXIS2_PLACEMENT_3D('',#398,#5219,#5220);
#5219=DIRECTION('',(0,0,1));
#5220=DIRECTION('',(0.26140595745776146,0.9652289497345129,0));
#5221=FACE_BOUND('',#5222,.T.);
#5222=EDGE_LOOP('',(#5223,#5224,#5225));
#5223=ORIENTED_EDGE('',*,*,#5226,.T.);
#5224=ORIENTED_EDGE('',*,*,#5227,.T.);
#5225=ORIENTED_EDGE('',*,*,#5228,.T.);
#5226=EDGE_CURVE('',#399,#401,#5229,.F.);
#5227=EDGE_CURVE('',#401,#403,#5230,.T.);
#5228=EDGE_CURVE('',#403,#399,#5231,.T.);
#5229=LINE('',#398,#5232);
#5230=LINE('',#400,#5233);
#5231=LINE('',#402,#5234);
#5232=VECTOR('',#5235,1.0);
#5233=VECTOR('',#5236,1.0);
#5234=VECTOR('',#5237,1.0);
#5235=DIRECTION('',(0.26140595745776146,0.9652289497345129,0));
#5236=DIRECTION('',(0.2145224699482685,0.9767190537136532,0));
#5237=DIRECTION('',(-0.23801843858396005,-0.971260635923259,0));
#5238=FACE_SURFACE('',(#5243),#5239,.T.);
#5239=PLANE('',#5240);
#5240=AXIS2_PLACEMENT_3D('',#402,#5241,#5242);
#5241=DIRECTION('',(0,0,1));
#5242=DIRECTION('',(0.1672518101387791,0.9859142112807289,0));
#5243=FACE_BOUND('',#5244,.T.);
#5244=EDGE_LOOP('',(#5245,#5246,#5247));
#5245=ORIENTED_EDGE('',*,*,#5248,.T.);
#5246=ORIENTED_EDGE('',*,*,#5249,.T.);
#5247=ORIENTED_EDGE('',*,*,#5250,.T.);
#5248=EDGE_CURVE('',#403,#405,#5251,.F.);
#5249=EDGE_CURVE('',#405,#407,#5252,.T.);
#5250=EDGE_CURVE('',#407,#403,#5253,.T.);
#5251=LINE('',#402,#5254);
#5252=LINE('',#404,#5255);
#5253=LINE('',#406,#5256);
#5254=VECTOR('',#5257,1.0);
#5255=VECTOR('',#5258,1.0);
#5256=VECTOR('',#5259,1.0);
#5257=DIRECTION('',(0.1672518101387791,0.9859142112807289,0));
#5258=DIRECTION('',(0.11967683784611255,0.9928129000386504,0));
#5259=DIRECTION('',(-0.14349636661054785,-0.9896508438684681,0));
#5260=FACE_SURFACE('',(#5265),#5261,.T.);
#5261=PLANE('',#5262);
#5262=AXIS2_PLACEMENT_3D('',#406,#5263,#5264);
#5263=DIRECTION('',(0,0,1));
#5264=DIRECTION('',(0.07189055569749868,0.997412526491173,0));
#5265=FACE_BOUND('',#5266,.T.);
#5266=EDGE_LOOP('',(#5267,#5268,#5269));
#5267=ORIENTED_EDGE('',*,*,#5270,.T.);
#5268=ORIENTED_EDGE('',*,*,#5271,.T.);
#5269=ORIENTED_EDGE('',*,*,#5272,.T.);
#5270=EDGE_CURVE('',#407,#409,#5273,.F.);
#5271=EDGE_CURVE('',#409,#411,#5274,.T.);
#5272=EDGE_CURVE('',#411,#407,#5275,.T.);
#5273=LINE('',#406,#5276);
#5274=LINE('',#408,#5277);
#5275=LINE('',#410,#5278);
#5276=VECTOR('',#5279,1.0);
#5277=VECTOR('',#5280,1.0);
#5278=VECTOR('',#5281,1.0);
#5279=DIRECTION('',(0.07189055569749868,0.997412526491173,0));
#5280=DIRECTION('',(0.023976234179429817,0.9997125287774347,0));
#5281=DIRECTION('',(-0.047943967663966205,-0.9988500267630954,0));
#5282=FACE_SURFACE('',(#5287),#5283,.T.);
#5283=PLANE('',#5284);
#5284=AXIS2_PLACEMENT_3D('',#410,#5285,#5286);
#5285=DIRECTION('',(0,0,1));
#5286=DIRECTION('',(-0.0013164714305638153,0.9999991334511108,0));
#5287=FACE_BOUND('',#5288,.T.);
#5288=EDGE_LOOP('',(#5289,#5290,#5291));
#5289=ORIENTED_EDGE('',*,*,#5292,.T.);
#5290=ORIENTED_EDGE('',*,*,#5293,.T.);
#5291=ORIENTED_EDGE('',*,*,#5294,.T.);
#5292=EDGE_CURVE('',#411,#413,#5295,.F.);
#5293=EDGE_CURVE('',#413,#415,#5296,.T.);
#5294=EDGE_CURVE('',#415,#411,#5297,.T.);
#5295=LINE('',#410,#5298);
#5296=LINE('',#412,#5299);
#5297=LINE('',#414,#5300);
#5298=VECTOR('',#5301,1.0);
#5299=VECTOR('',#5302,1.0);
#5300=VECTOR('',#5303,1.0);
#5301=DIRECTION('',(-0.0013164714305638153,0.9999991334511108,0));
#5302=DIRECTION('',(-0.07189036249147687,0.9974125404168748,0));
#5303=DIRECTION('',(0.004989491026908932,-0.9999875524121751,0));
#5304=FACE_SURFACE('',(#5309),#5305,.T.);
#5305=PLANE('',#5306);
#5306=AXIS2_PLACEMENT_3D('',#414,#5307,#5308);
#5307=DIRECTION('',(0,0,1));
#5308=DIRECTION('',(-0.11967694461925896,0.9928128871678685,0));
#5309=FACE_BOUND('',#5310,.T.);
#5310=EDGE_LOOP('',(#5311,#5312,#5313));
#5311=ORIENTED_EDGE('',*,*,#5314,.T.);
#5312=ORIENTED_EDGE('',*,*,#5315,.T.);
#5313=ORIENTED_EDGE('',*,*,#5316,.T.);
#5314=EDGE_CURVE('',#415,#417,#5317,.F.);
#5315=EDGE_CURVE('',#417,#419,#5318,.T.);
#5316=EDGE_CURVE('',#419,#415,#5319,.T.);
#5317=LINE('',#414,#5320);
#5318=LINE('',#416,#5321);
#5319=LINE('',#418,#5322);
#5320=VECTOR('',#5323,1.0);
#5321=VECTOR('',#5324,1.0);
#5322=VECTOR('',#5325,1.0);
#5323=DIRECTION('',(-0.11967694461925896,0.9928128871678685,0));
#5324=DIRECTION('',(-0.16725151354152518,0.9859142615958393,0));
#5325=DIRECTION('',(0.14349630275859093,-0.989650853126806,0));
#5326=FACE_SURFACE('',(#5331),#5327,.T.);
#5327=PLANE('',#5328);
#5328=AXIS2_PLACEMENT_3D('',#418,#5329,#5330);
#5329=DIRECTION('',(0,0,1));
#5330=DIRECTION('',(-0.2145224699482685,0.9767190537136532,0));
#5331=FACE_BOUND('',#5332,.T.);
#5332=EDGE_LOOP('',(#5333,#5334,#5335));
#5333=ORIENTED_EDGE('',*,*,#5336,.T.);
#5334=ORIENTED_EDGE('',*,*,#5337,.T.);
#5335=ORIENTED_EDGE('',*,*,#5338,.T.);
#5336=EDGE_CURVE('',#419,#421,#5339,.F.);
#5337=EDGE_CURVE('',#421,#423,#5340,.T.);
#5338=EDGE_CURVE('',#423,#419,#5341,.T.);
#5339=LINE('',#418,#5342);
#5340=LINE('',#420,#5343);
#5341=LINE('',#422,#5344);
#5342=VECTOR('',#5345,1.0);
#5343=VECTOR('',#5346,1.0);
#5344=VECTOR('',#5347,1.0);
#5345=DIRECTION('',(-0.2145224699482685,0.9767190537136532,0));
#5346=DIRECTION('',(-0.26140686726358475,0.9652287033379388,0));
#5347=DIRECTION('',(0.23801885522789132,-0.9712605338198418,0));
#5348=FACE_SURFACE('',(#5353),#5349,.T.);
#5349=PLANE('',#5350);
#5350=AXIS2_PLACEMENT_3D('',#422,#5351,#5352);
#5351=DIRECTION('',(0,0,1));
#5352=DIRECTION('',(-0.30781153574032016,0.9514473492869615,0));
#5353=FACE_BOUND('',#5354,.T.);
#5354=EDGE_LOOP('',(#5355,#5356,#5357));
#5355=ORIENTED_EDGE('',*,*,#5358,.T.);
#5356=ORIENTED_EDGE('',*,*,#5359,.T.);
#5357=ORIENTED_EDGE('',*,*,#5360,.T.);
#5358=EDGE_CURVE('',#423,#425,#5361,.F.);
#5359=EDGE_CURVE('',#425,#427,#5362,.T.);
#5360=EDGE_CURVE('',#427,#423,#5363,.T.);
#5361=LINE('',#422,#5364);
#5362=LINE('',#424,#5365);
#5363=LINE('',#426,#5366);
#5364=VECTOR('',#5367,1.0);
#5365=VECTOR('',#5368,1.0);
#5366=VECTOR('',#5369,1.0);
#5367=DIRECTION('',(-0.30781153574032016,0.9514473492869615,0));
#5368=DIRECTION('',(-0.35364119045228576,0.9353811567566935,0));
#5369=DIRECTION('',(0.3308039738265975,-0.9436994918407723,0));
#5370=FACE_SURFACE('',(#5375),#5371,.T.);
#5371=PLANE('',#5372);
#5372=AXIS2_PLACEMENT_3D('',#426,#5373,#5374);
#5373=DIRECTION('',(0,0,1));
#5374=DIRECTION('',(-0.3988035781899116,0.917036371155977,0));
#5375=FACE_BOUND('',#5376,.T.);
#5376=EDGE_LOOP('',(#5377,#5378,#5379));
#5377=ORIENTED_EDGE('',*,*,#5380,.T.);
#5378=ORIENTED_EDGE('',*,*,#5381,.T.);
#5379=ORIENTED_EDGE('',*,*,#5382,.T.);
#5380=EDGE_CURVE('',#427,#429,#5383,.F.);
#5381=EDGE_CURVE('',#429,#431,#5384,.T.);
#5382=EDGE_CURVE('',#431,#427,#5385,.T.);
#5383=LINE('',#426,#5386);
#5384=LINE('',#428,#5387);
#5385=LINE('',#430,#5388);
#5386=VECTOR('',#5389,1.0);
#5387=VECTOR('',#5390,1.0);
#5388=VECTOR('',#5391,1.0);
#5389=DIRECTION('',(-0.3988035781899116,0.917036371155977,0));
#5390=DIRECTION('',(-0.44319462776716145,0.8964254134719337,0));
#5391=DIRECTION('',(0.4211015755528111,-0.9070134856036818,0));
#5392=FACE_SURFACE('',(#5397),#5393,.T.);
#5393=PLANE('',#5394);
#5394=AXIS2_PLACEMENT_3D('',#430,#5395,#5396);
#5395=DIRECTION('',(0,0,1));
#5396=DIRECTION('',(-0.4867172005462636,0.8735595953868334,0));
#5397=FACE_BOUND('',#5398,.T.);
#5398=EDGE_LOOP('',(#5399,#5400,#5401));
#5399=ORIENTED_EDGE('',*,*,#5402,.T.);
#5400=ORIENTED_EDGE('',*,*,#5403,.T.);
#5401=ORIENTED_EDGE('',*,*,#5404,.T.);
#5402=EDGE_CURVE('',#431,#433,#5405,.F.);
#5403=EDGE_CURVE('',#433,#435,#5406,.T.);
#5404=EDGE_CURVE('',#435,#431,#5407,.T.);
#5405=LINE('',#430,#5408);
#5406=LINE('',#432,#5409);
#5407=LINE('',#434,#5410);
#5408=VECTOR('',#5411,1.0);
#5409=VECTOR('',#5412,1.0);
#5410=VECTOR('',#5413,1.0);
#5411=DIRECTION('',(-0.4867172005462636,0.8735595953868334,0));
#5412=DIRECTION('',(-0.5292604550017216,0.8484594102085088,0));
#5413=DIRECTION('',(0.5081178181283756,-0.8612875727075476,0));
#5414=FACE_SURFACE('',(#5419),#5415,.T.);
#5415=PLANE('',#5416);
#5416=AXIS2_PLACEMENT_3D('',#434,#5417,#5418);
#5417=DIRECTION('',(0,0,1));
#5418=DIRECTION('',(-0.5707125911676072,0.8211498878297163,0));
#5419=FACE_BOUND('',#5420,.T.);
#5420=EDGE_LOOP('',(#5421,#5422,#5423));
#5421=ORIENTED_EDGE('',*,*,#5424,.T.);
#5422=ORIENTED_EDGE('',*,*,#5425,.T.);
#5423=ORIENTED_EDGE('',*,*,#5426,.T.);
#5424=EDGE_CURVE('',#435,#437,#5427,.F.);
#5425=EDGE_CURVE('',#437,#439,#5428,.T.);
#5426=EDGE_CURVE('',#439,#435,#5429,.T.);
#5427=LINE('',#434,#5430);
#5428=LINE('',#436,#5431);
#5429=LINE('',#438,#5432);
#5430=VECTOR('',#5433,1.0);
#5431=VECTOR('',#5434,1.0);
#5432=VECTOR('',#5435,1.0);
#5433=DIRECTION('',(-0.5707125911676072,0.8211498878297163,0));
#5434=DIRECTION('',(-0.6109657857749444,0.7916570018716469,0));
#5435=DIRECTION('',(0.5909964203271139,-0.806674179059016,0));
#5436=FACE_SURFACE('',(#5441),#5437,.T.);
#5437=PLANE('',#5438);
#5438=AXIS2_PLACEMENT_3D('',#438,#5439,#5440);
#5439=DIRECTION('',(0,0,1));
#5440=DIRECTION('',(-0.649905327666986,0.760015174236717,0));
#5441=FACE_BOUND('',#5442,.T.);
#5442=EDGE_LOOP('',(#5443,#5444,#5445));
#5443=ORIENTED_EDGE('',*,*,#5446,.T.);
#5444=ORIENTED_EDGE('',*,*,#5447,.T.);
#5445=ORIENTED_EDGE('',*,*,#5448,.T.);
#5446=EDGE_CURVE('',#439,#441,#5449,.F.);
#5447=EDGE_CURVE('',#441,#443,#5450,.T.);
#5448=EDGE_CURVE('',#443,#439,#5451,.T.);
#5449=LINE('',#438,#5452);
#5450=LINE('',#440,#5453);
#5451=LINE('',#442,#5454);
#5452=VECTOR('',#5455,1.0);
#5453=VECTOR('',#5456,1.0);
#5454=VECTOR('',#5457,1.0);
#5455=DIRECTION('',(-0.649905327666986,0.760015174236717,0));
#5456=DIRECTION('',(-0.6874046658275782,0.7262746211994989,0));
#5457=DIRECTION('',(0.6688418054928561,-0.743404761368298,0));
#5458=FACE_SURFACE('',(#5463),#5459,.T.);
#5459=PLANE('',#5460);
#5460=AXIS2_PLACEMENT_3D('',#442,#5461,#5462);
#5461=DIRECTION('',(0,0,1));
#5462=DIRECTION('',(-0.7233549142791398,0.6904764065398746,0));
#5463=FACE_BOUND('',#5464,.T.);
#5464=EDGE_LOOP('',(#5465,#5466,#5467));
#5465=ORIENTED_EDGE('',*,*,#5468,.T.);
#5466=ORIENTED_EDGE('',*,*,#5469,.T.);
#5467=ORIENTED_EDGE('',*,*,#5470,.T.);
#5468=EDGE_CURVE('',#443,#445,#5471,.F.);
#5469=EDGE_CURVE('',#445,#447,#5472,.T.);
#5470=EDGE_CURVE('',#447,#443,#5473,.T.);
#5471=LINE('',#442,#5474);
#5472=LINE('',#444,#5475);
#5473=LINE('',#446,#5476);
#5474=VECTOR('',#5477,1.0);
#5475=VECTOR('',#5478,1.0);
#5476=VECTOR('',#5479,1.0);
#5477=DIRECTION('',(-0.7233549142791398,0.6904764065398746,0));
#5478=DIRECTION('',(-0.7576265960558329,0.6526882417730933,0));
#5479=DIRECTION('',(0.7407079868851312,-0.6718271192535893,0));
#5480=FACE_SURFACE('',(#5485),#5481,.T.);
#5481=PLANE('',#5482);
#5482=AXIS2_PLACEMENT_3D('',#446,#5483,#5484);
#5483=DIRECTION('',(0,0,1));
#5484=DIRECTION('',(-0.7900963052746505,0.6129827309079321,0));
#5485=FACE_BOUND('',#5486,.T.);
#5486=EDGE_LOOP('',(#5487,#5488,#5489));
#5487=ORIENTED_EDGE('',*,*,#5490,.T.);
#5488=ORIENTED_EDGE('',*,*,#5491,.T.);
#5489=ORIENTED_EDGE('',*,*,#5492,.T.);
#5490=EDGE_CURVE('',#447,#449,#5493,.F.);
#5491=EDGE_CURVE('',#449,#451,#5494,.T.);
#5492=EDGE_CURVE('',#451,#447,#5495,.T.);
#5493=LINE('',#446,#5496);
#5494=LINE('',#448,#5497);
#5495=LINE('',#450,#5498);
#5496=VECTOR('',#5499,1.0);
#5497=VECTOR('',#5500,1.0);
#5498=VECTOR('',#5501,1.0);
#5499=DIRECTION('',(-0.7900963052746505,0.6129827309079321,0));
#5500=DIRECTION('',(-0.82064750042215,0.5714347557253387,0));
#5501=DIRECTION('',(0.8056194619002368,-0.5924333571023606,0));
#5502=FACE_SURFACE('',(#5507),#5503,.T.);
#5503=PLANE('',#5504);
#5504=AXIS2_PLACEMENT_3D('',#450,#5505,#5506);
#5505=DIRECTION('',(0,0,1));
#5506=DIRECTION('',(-0.8491617290089515,0.5281328980346973,0));
#5507=FACE_BOUND('',#5508,.T.);
#5508=EDGE_LOOP('',(#5509,#5510,#5511));
#5509=ORIENTED_EDGE('',*,*,#5512,.T.);
#5510=ORIENTED_EDGE('',*,*,#5513,.T.);
#5511=ORIENTED_EDGE('',*,*,#5514,.T.);
#5512=EDGE_CURVE('',#451,#453,#5515,.F.);
#5513=EDGE_CURVE('',#453,#455,#5516,.T.);
#5514=EDGE_CURVE('',#455,#451,#5517,.T.);
#5515=LINE('',#450,#5518);
#5516=LINE('',#452,#5519);
#5517=LINE('',#454,#5520);
#5518=VECTOR('',#5521,1.0);
#5519=VECTOR('',#5522,1.0);
#5520=VECTOR('',#5523,1.0);
#5521=DIRECTION('',(-0.8491617290089515,0.5281328980346973,0));
#5522=DIRECTION('',(-0.8755150815130902,0.48319079258935305,0));
#5523=DIRECTION('',(0.8626151255532784,-0.505860796234203,0));
#5524=FACE_SURFACE('',(#5529),#5525,.T.);
#5525=PLANE('',#5526);
#5526=AXIS2_PLACEMENT_3D('',#454,#5527,#5528);
#5527=DIRECTION('',(0,0,1));
#5528=DIRECTION('',(-0.8996036020923893,0.4367074067409414,0));
#5529=FACE_BOUND('',#5530,.T.);
#5530=EDGE_LOOP('',(#5531,#5532,#5533));
#5531=ORIENTED_EDGE('',*,*,#5534,.T.);
#5532=ORIENTED_EDGE('',*,*,#5535,.T.);
#5533=ORIENTED_EDGE('',*,*,#5536,.T.);
#5534=EDGE_CURVE('',#455,#457,#5537,.F.);
#5535=EDGE_CURVE('',#457,#459,#5538,.T.);
#5536=EDGE_CURVE('',#459,#455,#5539,.T.);
#5537=LINE('',#454,#5540);
#5538=LINE('',#456,#5541);
#5539=LINE('',#458,#5542);
#5540=VECTOR('',#5543,1.0);
#5541=VECTOR('',#5544,1.0);
#5542=VECTOR('',#5545,1.0);
#5543=DIRECTION('',(-0.8996036020923893,0.4367074067409414,0));
#5544=DIRECTION('',(-0.9213100011656866,0.38882885920682697,0));
#5545=DIRECTION('',(0.9107601146095469,-0.4129358468774598,0));
#5546=FACE_SURFACE('',(#5551),#5547,.T.);
#5547=PLANE('',#5548);
#5548=AXIS2_PLACEMENT_3D('',#458,#5549,#5550);
#5549=DIRECTION('',(0,0,1));
#5550=DIRECTION('',(-0.9405464148513113,0.3396651903129682,0));
#5551=FACE_BOUND('',#5552,.T.);
#5552=EDGE_LOOP('',(#5553,#5554,#5555));
#5553=ORIENTED_EDGE('',*,*,#5556,.T.);
#5554=ORIENTED_EDGE('',*,*,#5557,.T.);
#5555=ORIENTED_EDGE('',*,*,#5558,.T.);
#5556=EDGE_CURVE('',#459,#461,#5559,.F.);
#5557=EDGE_CURVE('',#461,#463,#5560,.T.);
#5558=EDGE_CURVE('',#463,#459,#5561,.T.);
#5559=LINE('',#458,#5562);
#5560=LINE('',#460,#5563);
#5561=LINE('',#462,#5564);
#5562=VECTOR('',#5565,1.0);
#5563=VECTOR('',#5566,1.0);
#5564=VECTOR('',#5567,1.0);
#5565=DIRECTION('',(-0.9405464148513113,0.3396651903129682,0));
#5566=DIRECTION('',(-0.9572135629486788,0.289382437108916,0));
#5567=DIRECTION('',(0.9492060633285734,-0.3146551276243124,0));
#5568=FACE_SURFACE('',(#5573),#5569,.T.);
#5569=PLANE('',#5570);
#5570=AXIS2_PLACEMENT_3D('',#462,#5571,#5572);
#5571=DIRECTION('',(0,0,1));
#5572=DIRECTION('',(-0.971235809704424,0.2381197218791248,0));
#5573=FACE_BOUND('',#5574,.T.);
#5574=EDGE_LOOP('',(#5575,#5576,#5577));
#5575=ORIENTED_EDGE('',*,*,#5578,.T.);
#5576=ORIENTED_EDGE('',*,*,#5579,.T.);
#5577=ORIENTED_EDGE('',*,*,#5580,.T.);
#5578=EDGE_CURVE('',#463,#465,#5581,.F.);
#5579=EDGE_CURVE('',#465,#467,#5582,.T.);
#5580=EDGE_CURVE('',#467,#463,#5583,.T.);
#5581=LINE('',#462,#5584);
#5582=LINE('',#464,#5585);
#5583=LINE('',#466,#5586);
#5584=VECTOR('',#5587,1.0);
#5585=VECTOR('',#5588,1.0);
#5586=VECTOR('',#5589,1.0);
#5587=DIRECTION('',(-0.971235809704424,0.2381197218791248,0));
#5588=DIRECTION('',(-0.9825385141184902,0.18605931385939659,0));
#5589=DIRECTION('',(0.9772306356174202,-0.2121798407266178,0));
#5590=FACE_SURFACE('',(#5595),#5591,.T.);
#5591=PLANE('',#5592);
#5592=AXIS2_PLACEMENT_3D('',#466,#5593,#5594);
#5593=DIRECTION('',(0,0,1));
#5594=DIRECTION('',(-0.9910681927724548,0.13335605451099752,0));
#5595=FACE_BOUND('',#5596,.T.);
#5596=EDGE_LOOP('',(#5597,#5598,#5599));
#5597=ORIENTED_EDGE('',*,*,#5600,.T.);
#5598=ORIENTED_EDGE('',*,*,#5601,.T.);
#5599=ORIENTED_EDGE('',*,*,#5602,.T.);
#5600=EDGE_CURVE('',#467,#469,#5603,.F.);
#5601=EDGE_CURVE('',#469,#471,#5604,.T.);
#5602=EDGE_CURVE('',#471,#467,#5605,.T.);
#5603=LINE('',#466,#5606);
#5604=LINE('',#468,#5607);
#5605=LINE('',#470,#5608);
#5606=VECTOR('',#5609,1.0);
#5607=VECTOR('',#5610,1.0);
#5608=VECTOR('',#5611,1.0);
#5609=DIRECTION('',(-0.9910681927724548,0.13335605451099752,0));
#5610=DIRECTION('',(-0.9967785629657584,0.08020284541035745,0));
#5611=DIRECTION('',(0.9942777867222954,-0.10682547837764919,0));
#5612=FACE_SURFACE('',(#5617),#5613,.T.);
#5613=PLANE('',#5614);
#5614=AXIS2_PLACEMENT_3D('',#470,#5615,#5616);
#5615=DIRECTION('',(0,0,1));
#5616=DIRECTION('',(-0.9996419251815694,0.026758576555673947,0));
#5617=FACE_BOUND('',#5618,.T.);
#5618=EDGE_LOOP('',(#5619,#5620,#5621));
#5619=ORIENTED_EDGE('',*,*,#5622,.T.);
#5620=ORIENTED_EDGE('',*,*,#5623,.T.);
#5621=ORIENTED_EDGE('',*,*,#5624,.T.);
#5622=EDGE_CURVE('',#471,#473,#5625,.F.);
#5623=EDGE_CURVE('',#473,#475,#5626,.T.);
#5624=EDGE_CURVE('',#475,#471,#5627,.T.);
#5625=LINE('',#470,#5628);
#5626=LINE('',#472,#5629);
#5627=LINE('',#474,#5630);
#5628=VECTOR('',#5631,1.0);
#5629=VECTOR('',#5632,1.0);
#5630=VECTOR('',#5633,1.0);
#5631=DIRECTION('',(-0.9996419251815694,0.026758576555673947,0));
#5632=DIRECTION('',(-0.9996419189440057,-0.026758809576396595,0));
#5633=DIRECTION('',(1,0,0));
#5634=FACE_SURFACE('',(#5639),#5635,.T.);
#5635=PLANE('',#5636);
#5636=AXIS2_PLACEMENT_3D('',#474,#5637,#5638);
#5637=DIRECTION('',(0,0,1));
#5638=DIRECTION('',(-0.996778564490803,-0.08020282645676458,0));
#5639=FACE_BOUND('',#5640,.T.);
#5640=EDGE_LOOP('',(#5641,#5642,#5643));
#5641=ORIENTED_EDGE('',*,*,#5644,.T.);
#5642=ORIENTED_EDGE('',*,*,#5645,.T.);
#5643=ORIENTED_EDGE('',*,*,#5646,.T.);
#5644=EDGE_CURVE('',#475,#477,#5647,.F.);
#5645=EDGE_CURVE('',#477,#479,#5648,.T.);
#5646=EDGE_CURVE('',#479,#475,#5649,.T.);
#5647=LINE('',#474,#5650);
#5648=LINE('',#476,#5651);
#5649=LINE('',#478,#5652);
#5650=VECTOR('',#5653,1.0);
#5651=VECTOR('',#5654,1.0);
#5652=VECTOR('',#5655,1.0);
#5653=DIRECTION('',(-0.996778564490803,-0.08020282645676458,0));
#5654=DIRECTION('',(-0.9910681927724548,-0.13335605451099752,0));
#5655=DIRECTION('',(0.9942777880751452,0.10682546578600449,0));
#5656=FACE_SURFACE('',(#5661),#5657,.T.);
#5657=PLANE('',#5658);
#5658=AXIS2_PLACEMENT_3D('',#478,#5659,#5660);
#5659=DIRECTION('',(0,0,1));
#5660=DIRECTION('',(-0.9825385059231457,-0.186059357137212,0));
#5661=FACE_BOUND('',#5662,.T.);
#5662=EDGE_LOOP('',(#5663,#5664,#5665));
#5663=ORIENTED_EDGE('',*,*,#5666,.T.);
#5664=ORIENTED_EDGE('',*,*,#5667,.T.);
#5665=ORIENTED_EDGE('',*,*,#5668,.T.);
#5666=EDGE_CURVE('',#479,#481,#5669,.F.);
#5667=EDGE_CURVE('',#481,#483,#5670,.T.);
#5668=EDGE_CURVE('',#483,#479,#5671,.T.);
#5669=LINE('',#478,#5672);
#5670=LINE('',#480,#5673);
#5671=LINE('',#482,#5674);
#5672=VECTOR('',#5675,1.0);
#5673=VECTOR('',#5676,1.0);
#5674=VECTOR('',#5677,1.0);
#5675=DIRECTION('',(-0.9825385059231457,-0.186059357137212,0));
#5676=DIRECTION('',(-0.9712358365197374,-0.23811961250557664,0));
#5677=DIRECTION('',(0.9772306409451913,0.21217981618865311,0));
#5678=FACE_SURFACE('',(#5683),#5679,.T.);
#5679=PLANE('',#5680);
#5680=AXIS2_PLACEMENT_3D('',#482,#5681,#5682);
#5681=DIRECTION('',(0,0,1));
#5682=DIRECTION('',(-0.9572134443055558,-0.2893828295540265,0));
#5683=FACE_BOUND('',#5684,.T.);
#5684=EDGE_LOOP('',(#5685,#5686,#5687));
#5685=ORIENTED_EDGE('',*,*,#5688,.T.);
#5686=ORIENTED_EDGE('',*,*,#5689,.T.);
#5687=ORIENTED_EDGE('',*,*,#5690,.T.);
#5688=EDGE_CURVE('',#483,#485,#5691,.F.);
#5689=EDGE_CURVE('',#485,#487,#5692,.T.);
#5690=EDGE_CURVE('',#487,#483,#5693,.T.);
#5691=LINE('',#482,#5694);
#5692=LINE('',#484,#5695);
#5693=LINE('',#486,#5696);
#5694=VECTOR('',#5697,1.0);
#5695=VECTOR('',#5698,1.0);
#5696=VECTOR('',#5699,1.0);
#5697=DIRECTION('',(-0.9572134443055558,-0.2893828295540265,0));
#5698=DIRECTION('',(-0.9405464692458151,-0.3396650396923874,0));
#5699=DIRECTION('',(0.9492060165941577,0.3146552686059007,0));
#5700=FACE_SURFACE('',(#5705),#5701,.T.);
#5701=PLANE('',#5702);
#5702=AXIS2_PLACEMENT_3D('',#486,#5703,#5704);
#5703=DIRECTION('',(0,0,1));
#5704=DIRECTION('',(-0.9213099300200099,-0.3888290277828091,0));
#5705=FACE_BOUND('',#5706,.T.);
#5706=EDGE_LOOP('',(#5707,#5708,#5709));
#5707=ORIENTED_EDGE('',*,*,#5710,.T.);
#5708=ORIENTED_EDGE('',*,*,#5711,.T.);
#5709=ORIENTED_EDGE('',*,*,#5712,.T.);
#5710=EDGE_CURVE('',#487,#489,#5713,.F.);
#5711=EDGE_CURVE('',#489,#491,#5714,.T.);
#5712=EDGE_CURVE('',#491,#487,#5715,.T.);
#5713=LINE('',#486,#5716);
#5714=LINE('',#488,#5717);
#5715=LINE('',#490,#5718);
#5716=VECTOR('',#5719,1.0);
#5717=VECTOR('',#5720,1.0);
#5718=VECTOR('',#5721,1.0);
#5719=DIRECTION('',(-0.9213099300200099,-0.3888290277828091,0));
#5720=DIRECTION('',(-0.8996039603228893,-0.436706668796543,0));
#5721=DIRECTION('',(0.910760234886592,0.4129355815975655,0));
#5722=FACE_SURFACE('',(#5727),#5723,.T.);
#5723=PLANE('',#5724);
#5724=AXIS2_PLACEMENT_3D('',#490,#5725,#5726);
#5725=DIRECTION('',(0,0,1));
#5726=DIRECTION('',(-0.8755148627370396,-0.483191188999285,0));
#5727=FACE_BOUND('',#5728,.T.);
#5728=EDGE_LOOP('',(#5729,#5730,#5731));
#5729=ORIENTED_EDGE('',*,*,#5732,.T.);
#5730=ORIENTED_EDGE('',*,*,#5733,.T.);
#5731=ORIENTED_EDGE('',*,*,#5734,.T.);
#5732=EDGE_CURVE('',#491,#493,#5735,.F.);
#5733=EDGE_CURVE('',#493,#495,#5736,.T.);
#5734=EDGE_CURVE('',#495,#491,#5737,.T.);
#5735=LINE('',#490,#5738);
#5736=LINE('',#492,#5739);
#5737=LINE('',#494,#5740);
#5738=VECTOR('',#5741,1.0);
#5739=VECTOR('',#5742,1.0);
#5740=VECTOR('',#5743,1.0);
#5741=DIRECTION('',(-0.8755148627370396,-0.483191188999285,0));
#5742=DIRECTION('',(-0.8491619897401477,-0.528132478816209,0));
#5743=DIRECTION('',(0.8626151255532784,0.505860796234203,0));
#5744=FACE_SURFACE('',(#5749),#5745,.T.);
#5745=PLANE('',#5746);
#5746=AXIS2_PLACEMENT_3D('',#494,#5747,#5748);
#5747=DIRECTION('',(0,0,1));
#5748=DIRECTION('',(-0.8206471959638361,-0.5714351929630284,0));
#5749=FACE_BOUND('',#5750,.T.);
#5750=EDGE_LOOP('',(#5751,#5752,#5753));
#5751=ORIENTED_EDGE('',*,*,#5754,.T.);
#5752=ORIENTED_EDGE('',*,*,#5755,.T.);
#5753=ORIENTED_EDGE('',*,*,#5756,.T.);
#5754=EDGE_CURVE('',#495,#497,#5757,.F.);
#5755=EDGE_CURVE('',#497,#499,#5758,.T.);
#5756=EDGE_CURVE('',#499,#495,#5759,.T.);
#5757=LINE('',#494,#5760);
#5758=LINE('',#496,#5761);
#5759=LINE('',#498,#5762);
#5760=VECTOR('',#5763,1.0);
#5761=VECTOR('',#5764,1.0);
#5762=VECTOR('',#5765,1.0);
#5763=DIRECTION('',(-0.8206471959638361,-0.5714351929630284,0));
#5764=DIRECTION('',(-0.7900966546843426,-0.6129822805404824,0));
#5765=DIRECTION('',(0.8056194619002368,0.5924333571023606,0));
#5766=FACE_SURFACE('',(#5771),#5767,.T.);
#5767=PLANE('',#5768);
#5768=AXIS2_PLACEMENT_3D('',#498,#5769,#5770);
#5769=DIRECTION('',(0,0,1));
#5770=DIRECTION('',(-0.7576265960558329,-0.6526882417730933,0));
#5771=FACE_BOUND('',#5772,.T.);
#5772=EDGE_LOOP('',(#5773,#5774,#5775));
#5773=ORIENTED_EDGE('',*,*,#5776,.T.);
#5774=ORIENTED_EDGE('',*,*,#5777,.T.);
#5775=ORIENTED_EDGE('',*,*,#5778,.T.);
#5776=EDGE_CURVE('',#499,#501,#5779,.F.);
#5777=EDGE_CURVE('',#501,#503,#5780,.T.);
#5778=EDGE_CURVE('',#503,#499,#5781,.T.);
#5779=LINE('',#498,#5782);
#5780=LINE('',#500,#5783);
#5781=LINE('',#502,#5784);
#5782=VECTOR('',#5785,1.0);
#5783=VECTOR('',#5786,1.0);
#5784=VECTOR('',#5787,1.0);
#5785=DIRECTION('',(-0.7576265960558329,-0.6526882417730933,0));
#5786=DIRECTION('',(-0.7233544733729629,-0.6904768684404451,0));
#5787=DIRECTION('',(0.7407077778223898,0.6718273497509738,0));
#5788=FACE_SURFACE('',(#5793),#5789,.T.);
#5789=PLANE('',#5790);
#5790=AXIS2_PLACEMENT_3D('',#502,#5791,#5792);
#5791=DIRECTION('',(0,0,1));
#5792=DIRECTION('',(-0.6874056387270719,-0.7262737003679993,0));
#5793=FACE_BOUND('',#5794,.T.);
#5794=EDGE_LOOP('',(#5795,#5796,#5797));
#5795=ORIENTED_EDGE('',*,*,#5798,.T.);
#5796=ORIENTED_EDGE('',*,*,#5799,.T.);
#5797=ORIENTED_EDGE('',*,*,#5800,.T.);
#5798=EDGE_CURVE('',#503,#505,#5801,.F.);
#5799=EDGE_CURVE('',#505,#507,#5802,.T.);
#5800=EDGE_CURVE('',#507,#503,#5803,.T.);
#5801=LINE('',#502,#5804);
#5802=LINE('',#504,#5805);
#5803=LINE('',#506,#5806);
#5804=VECTOR('',#5807,1.0);
#5805=VECTOR('',#5808,1.0);
#5806=VECTOR('',#5809,1.0);
#5807=DIRECTION('',(-0.6874056387270719,-0.7262737003679993,0));
#5808=DIRECTION('',(-0.6499042652148891,-0.760016082761079,0));
#5809=DIRECTION('',(0.6688418054928561,0.743404761368298,0));
#5810=FACE_SURFACE('',(#5815),#5811,.T.);
#5811=PLANE('',#5812);
#5812=AXIS2_PLACEMENT_3D('',#506,#5813,#5814);
#5813=DIRECTION('',(0,0,1));
#5814=DIRECTION('',(-0.6109663605825678,-0.7916565582602673,0));
#5815=FACE_BOUND('',#5816,.T.);
#5816=EDGE_LOOP('',(#5817,#5818,#5819));
#5817=ORIENTED_EDGE('',*,*,#5820,.T.);
#5818=ORIENTED_EDGE('',*,*,#5821,.T.);
#5819=ORIENTED_EDGE('',*,*,#5822,.T.);
#5820=EDGE_CURVE('',#507,#509,#5823,.F.);
#5821=EDGE_CURVE('',#509,#511,#5824,.T.);
#5822=EDGE_CURVE('',#511,#507,#5825,.T.);
#5823=LINE('',#506,#5826);
#5824=LINE('',#508,#5827);
#5825=LINE('',#510,#5828);
#5826=VECTOR('',#5829,1.0);
#5827=VECTOR('',#5830,1.0);
#5828=VECTOR('',#5831,1.0);
#5829=DIRECTION('',(-0.6109663605825678,-0.7916565582602673,0));
#5830=DIRECTION('',(-0.5707132079594922,-0.8211494591489332,0));
#5831=DIRECTION('',(0.5909970165412128,0.8066737422523341,0));
#5832=FACE_SURFACE('',(#5837),#5833,.T.);
#5833=PLANE('',#5834);
#5834=AXIS2_PLACEMENT_3D('',#510,#5835,#5836);
#5835=DIRECTION('',(0,0,1));
#5836=DIRECTION('',(-0.5292604550017216,-0.8484594102085088,0));
#5837=FACE_BOUND('',#5838,.T.);
#5838=EDGE_LOOP('',(#5839,#5840,#5841));
#5839=ORIENTED_EDGE('',*,*,#5842,.T.);
#5840=ORIENTED_EDGE('',*,*,#5843,.T.);
#5841=ORIENTED_EDGE('',*,*,#5844,.T.);
#5842=EDGE_CURVE('',#511,#513,#5845,.F.);
#5843=EDGE_CURVE('',#513,#515,#5846,.T.);
#5844=EDGE_CURVE('',#515,#511,#5847,.T.);
#5845=LINE('',#510,#5848);
#5846=LINE('',#512,#5849);
#5847=LINE('',#514,#5850);
#5848=VECTOR('',#5851,1.0);
#5849=VECTOR('',#5852,1.0);
#5850=VECTOR('',#5853,1.0);
#5851=DIRECTION('',(-0.5292604550017216,-0.8484594102085088,0));
#5852=DIRECTION('',(-0.4867144223119224,-0.8735611433171532,0));
#5853=DIRECTION('',(0.5081164657047958,0.8612883705703144,0));
#5854=FACE_SURFACE('',(#5859),#5855,.T.);
#5855=PLANE('',#5856);
#5856=AXIS2_PLACEMENT_3D('',#514,#5857,#5858);
#5857=DIRECTION('',(0,0,1));
#5858=DIRECTION('',(-0.4431960872009697,-0.8964246919232818,0));
#5859=FACE_BOUND('',#5860,.T.);
#5860=EDGE_LOOP('',(#5861,#5862,#5863));
#5861=ORIENTED_EDGE('',*,*,#5864,.T.);
#5862=ORIENTED_EDGE('',*,*,#5865,.T.);
#5863=ORIENTED_EDGE('',*,*,#5866,.T.);
#5864=EDGE_CURVE('',#515,#517,#5867,.F.);
#5865=EDGE_CURVE('',#517,#519,#5868,.T.);
#5866=EDGE_CURVE('',#519,#515,#5869,.T.);
#5867=LINE('',#514,#5870);
#5868=LINE('',#516,#5871);
#5869=LINE('',#518,#5872);
#5870=VECTOR('',#5873,1.0);
#5871=VECTOR('',#5874,1.0);
#5872=VECTOR('',#5875,1.0);
#5873=DIRECTION('',(-0.4431960872009697,-0.8964246919232818,0));
#5874=DIRECTION('',(-0.39880510225811827,-0.9170357083630342,0));
#5875=DIRECTION('',(0.42110306852253326,0.9070127924571443,0));
#5876=FACE_SURFACE('',(#5881),#5877,.T.);
#5877=PLANE('',#5878);
#5878=AXIS2_PLACEMENT_3D('',#518,#5879,#5880);
#5879=DIRECTION('',(0,0,1));
#5880=DIRECTION('',(-0.35363960787526844,-0.9353817550828252,0));
#5881=FACE_BOUND('',#5882,.T.);
#5882=EDGE_LOOP('',(#5883,#5884,#5885));
#5883=ORIENTED_EDGE('',*,*,#5886,.T.);
#5884=ORIENTED_EDGE('',*,*,#5887,.T.);
#5885=ORIENTED_EDGE('',*,*,#5888,.T.);
#5886=EDGE_CURVE('',#519,#521,#5889,.F.);
#5887=EDGE_CURVE('',#521,#523,#5890,.T.);
#5888=EDGE_CURVE('',#523,#519,#5891,.T.);
#5889=LINE('',#518,#5892);
#5890=LINE('',#520,#5893);
#5891=LINE('',#522,#5894);
#5892=VECTOR('',#5895,1.0);
#5893=VECTOR('',#5896,1.0);
#5894=VECTOR('',#5897,1.0);
#5895=DIRECTION('',(-0.35363960787526844,-0.9353817550828252,0));
#5896=DIRECTION('',(-0.3078099011771154,-0.9514478780980777,0));
#5897=DIRECTION('',(0.3308023639030246,0.9437000561810786,0));
#5898=FACE_SURFACE('',(#5903),#5899,.T.);
#5899=PLANE('',#5900);
#5900=AXIS2_PLACEMENT_3D('',#522,#5901,#5902);
#5901=DIRECTION('',(0,0,1));
#5902=DIRECTION('',(-0.2614085469689188,-0.9652282484322549,0));
#5903=FACE_BOUND('',#5904,.T.);
#5904=EDGE_LOOP('',(#5905,#5906,#5907));
#5905=ORIENTED_EDGE('',*,*,#5908,.T.);
#5906=ORIENTED_EDGE('',*,*,#5909,.T.);
#5907=ORIENTED_EDGE('',*,*,#5910,.T.);
#5908=EDGE_CURVE('',#523,#525,#5911,.F.);
#5909=EDGE_CURVE('',#525,#527,#5912,.T.);
#5910=EDGE_CURVE('',#527,#523,#5913,.T.);
#5911=LINE('',#522,#5914);
#5912=LINE('',#524,#5915);
#5913=LINE('',#526,#5916);
#5914=VECTOR('',#5917,1.0);
#5915=VECTOR('',#5918,1.0);
#5916=VECTOR('',#5919,1.0);
#5917=DIRECTION('',(-0.2614085469689188,-0.9652282484322549,0));
#5918=DIRECTION('',(-0.2145224699482685,-0.9767190537136532,0));
#5919=DIRECTION('',(0.23801970530836833,0.9712603254971952,0));
#5920=FACE_SURFACE('',(#5925),#5921,.T.);
#5921=PLANE('',#5922);
#5922=AXIS2_PLACEMENT_3D('',#526,#5923,#5924);
#5923=DIRECTION('',(0,0,1));
#5924=DIRECTION('',(-0.16725151354152518,-0.9859142615958393,0));
#5925=FACE_BOUND('',#5926,.T.);
#5926=EDGE_LOOP('',(#5927,#5928,#5929));
#5927=ORIENTED_EDGE('',*,*,#5930,.T.);
#5928=ORIENTED_EDGE('',*,*,#5931,.T.);
#5929=ORIENTED_EDGE('',*,*,#5932,.T.);
#5930=EDGE_CURVE('',#527,#529,#5933,.F.);
#5931=EDGE_CURVE('',#529,#347,#5934,.T.);
#5932=EDGE_CURVE('',#347,#527,#5935,.T.);
#5933=LINE('',#526,#5936);
#5934=LINE('',#528,#5937);
#5935=LINE('',#346,#5938);
#5936=VECTOR('',#5939,1.0);
#5937=VECTOR('',#5940,1.0);
#5938=VECTOR('',#5941,1.0);
#5939=DIRECTION('',(-0.16725151354152518,-0.9859142615958393,0));
#5940=DIRECTION('',(-0.11967694461925896,-0.9928128871678685,0));
#5941=DIRECTION('',(0.14349630275859093,0.989650853126806,0));
#5942=FACE_SURFACE('',(#5947),#5943,.T.);
#5943=PLANE('',#5944);
#5944=AXIS2_PLACEMENT_3D('',#346,#5945,#5946);
#5945=DIRECTION('',(0,0,1));
#5946=DIRECTION('',(-0.00498958450976155,-0.999987551945733,0));
#5947=FACE_BOUND('',#5948,.T.);
#5948=EDGE_LOOP('',(#5949,#5950,#5951));
#5949=ORIENTED_EDGE('',*,*,#5952,.T.);
#5950=ORIENTED_EDGE('',*,*,#5953,.T.);
#5951=ORIENTED_EDGE('',*,*,#5954,.T.);
#5952=EDGE_CURVE('',#347,#161,#5955,.F.);
#5953=EDGE_CURVE('',#161,#153,#5956,.T.);
#5954=EDGE_CURVE('',#153,#347,#5957,.T.);
#5955=LINE('',#346,#5958);
#5956=LINE('',#160,#5959);
#5957=LINE('',#152,#5960);
#5958=VECTOR('',#5961,1.0);
#5959=VECTOR('',#5962,1.0);
#5960=VECTOR('',#5963,1.0);
#5961=DIRECTION('',(-0.00498958450976155,-0.999987551945733,0));
#5962=DIRECTION('',(0.0479448638971862,-0.9988499837442458,0));
#5963=DIRECTION('',(0,1,0));
#5964=FACE_SURFACE('',(#5969),#5965,.T.);
#5965=PLANE('',#5966);
#5966=AXIS2_PLACEMENT_3D('',#152,#5967,#5968);
#5967=DIRECTION('',(0,0,1));
#5968=DIRECTION('',(0.14349636661054785,-0.9896508438684681,0));
#5969=FACE_BOUND('',#5970,.T.);
#5970=EDGE_LOOP('',(#5971,#5972,#5973));
#5971=ORIENTED_EDGE('',*,*,#5974,.T.);
#5972=ORIENTED_EDGE('',*,*,#5975,.T.);
#5973=ORIENTED_EDGE('',*,*,#5976,.T.);
#5974=EDGE_CURVE('',#153,#145,#5977,.F.);
#5975=EDGE_CURVE('',#145,#137,#5978,.T.);
#5976=EDGE_CURVE('',#137,#153,#5979,.T.);
#5977=LINE('',#152,#5980);
#5978=LINE('',#144,#5981);
#5979=LINE('',#136,#5982);
#5980=VECTOR('',#5983,1.0);
#5981=VECTOR('',#5984,1.0);
#5982=VECTOR('',#5985,1.0);
#5983=DIRECTION('',(0.14349636661054785,-0.9896508438684681,0));
#5984=DIRECTION('',(0.23801928866312774,-0.9712604276013198,0));
#5985=DIRECTION('',(-0.19092994638794172,0.9816036652194702,0));
#5986=FACE_SURFACE('',(#5991),#5987,.T.);
#5987=PLANE('',#5988);
#5988=AXIS2_PLACEMENT_3D('',#136,#5989,#5990);
#5989=DIRECTION('',(0,0,1));
#5990=DIRECTION('',(0.3308029282431988,-0.9436998583584323,0));
#5991=FACE_BOUND('',#5992,.T.);
#5992=EDGE_LOOP('',(#5993,#5994,#5995));
#5993=ORIENTED_EDGE('',*,*,#5996,.T.);
#5994=ORIENTED_EDGE('',*,*,#5997,.T.);
#5995=ORIENTED_EDGE('',*,*,#5998,.T.);
#5996=EDGE_CURVE('',#137,#129,#5999,.F.);
#5997=EDGE_CURVE('',#129,#121,#6000,.T.);
#5998=EDGE_CURVE('',#121,#137,#6001,.T.);
#5999=LINE('',#136,#6002);
#6000=LINE('',#128,#6003);
#6001=LINE('',#120,#6004);
#6002=VECTOR('',#6005,1.0);
#6003=VECTOR('',#6006,1.0);
#6004=VECTOR('',#6007,1.0);
#6005=DIRECTION('',(0.3308029282431988,-0.9436998583584323,0));
#6006=DIRECTION('',(0.42110306852253326,-0.9070127924571443,0));
#6007=DIRECTION('',(-0.37631253538038206,0.9264927823332401,0));
#6008=FACE_SURFACE('',(#6013),#6009,.T.);
#6009=PLANE('',#6010);
#6010=AXIS2_PLACEMENT_3D('',#120,#6011,#6012);
#6011=DIRECTION('',(0,0,1));
#6012=DIRECTION('',(0.5081156678433866,-0.8612888412675909,0));
#6013=FACE_BOUND('',#6014,.T.);
#6014=EDGE_LOOP('',(#6015,#6016,#6017));
#6015=ORIENTED_EDGE('',*,*,#6018,.T.);
#6016=ORIENTED_EDGE('',*,*,#6019,.T.);
#6017=ORIENTED_EDGE('',*,*,#6020,.T.);
#6018=EDGE_CURVE('',#121,#111,#6021,.F.);
#6019=EDGE_CURVE('',#111,#103,#6022,.T.);
#6020=EDGE_CURVE('',#103,#121,#6023,.T.);
#6021=LINE('',#120,#6024);
#6022=LINE('',#110,#6025);
#6023=LINE('',#102,#6026);
#6024=VECTOR('',#6027,1.0);
#6025=VECTOR('',#6028,1.0);
#6026=VECTOR('',#6029,1.0);
#6027=DIRECTION('',(0.5081156678433866,-0.8612888412675909,0));
#6028=DIRECTION('',(0.590997890155489,-0.8066731022116461,0));
#6029=DIRECTION('',(-0.5501287243750445,0.8350798684063019,0));
#6030=FACE_SURFACE('',(#6035),#6031,.T.);
#6031=PLANE('',#6032);
#6032=AXIS2_PLACEMENT_3D('',#102,#6033,#6034);
#6033=DIRECTION('',(0,0,1));
#6034=DIRECTION('',(0.6688418054928561,-0.743404761368298,0));
#6035=FACE_BOUND('',#6036,.T.);
#6036=EDGE_LOOP('',(#6037,#6038,#6039));
#6037=ORIENTED_EDGE('',*,*,#6040,.T.);
#6038=ORIENTED_EDGE('',*,*,#6041,.T.);
#6039=ORIENTED_EDGE('',*,*,#6042,.T.);
#6040=EDGE_CURVE('',#103,#95,#6043,.F.);
#6041=EDGE_CURVE('',#95,#87,#6044,.T.);
#6042=EDGE_CURVE('',#87,#103,#6045,.T.);
#6043=LINE('',#102,#6046);
#6044=LINE('',#94,#6047);
#6045=LINE('',#86,#6048);
#6046=VECTOR('',#6049,1.0);
#6047=VECTOR('',#6050,1.0);
#6048=VECTOR('',#6051,1.0);
#6049=DIRECTION('',(0.6688418054928561,-0.743404761368298,0));
#6050=DIRECTION('',(0.7407068558331156,-0.6718283662676204,0));
#6051=DIRECTION('',(-0.7055822516330817,0.7086280309022432,0));
#6052=FACE_SURFACE('',(#6057),#6053,.T.);
#6053=PLANE('',#6054);
#6054=AXIS2_PLACEMENT_3D('',#86,#6055,#6056);
#6055=DIRECTION('',(0,0,1));
#6056=DIRECTION('',(0.8056203510195045,-0.5924321480331821,0));
#6057=FACE_BOUND('',#6058,.T.);
#6058=EDGE_LOOP('',(#6059,#6060,#6061));
#6059=ORIENTED_EDGE('',*,*,#6062,.T.);
#6060=ORIENTED_EDGE('',*,*,#6063,.T.);
#6061=ORIENTED_EDGE('',*,*,#6064,.T.);
#6062=EDGE_CURVE('',#87,#79,#6065,.F.);
#6063=EDGE_CURVE('',#79,#71,#6066,.T.);
#6064=EDGE_CURVE('',#71,#87,#6067,.T.);
#6065=LINE('',#86,#6068);
#6066=LINE('',#78,#6069);
#6067=LINE('',#70,#6070);
#6068=VECTOR('',#6071,1.0);
#6069=VECTOR('',#6072,1.0);
#6070=VECTOR('',#6073,1.0);
#6071=DIRECTION('',(0.8056203510195045,-0.5924321480331821,0));
#6072=DIRECTION('',(0.8626147170178045,-0.5058614928854471,0));
#6073=DIRECTION('',(-0.8351669414915776,0.5499965271159482,0));
#6074=FACE_SURFACE('',(#6079),#6075,.T.);
#6075=PLANE('',#6076);
#6076=AXIS2_PLACEMENT_3D('',#70,#6077,#6078);
#6077=DIRECTION('',(0,0,1));
#6078=DIRECTION('',(0.910760234886592,-0.4129355815975655,0));
#6079=FACE_BOUND('',#6080,.T.);
#6080=EDGE_LOOP('',(#6081,#6082,#6083));
#6081=ORIENTED_EDGE('',*,*,#6084,.T.);
#6082=ORIENTED_EDGE('',*,*,#6085,.T.);
#6083=ORIENTED_EDGE('',*,*,#6086,.T.);
#6084=EDGE_CURVE('',#71,#63,#6087,.F.);
#6085=EDGE_CURVE('',#63,#55,#6088,.T.);
#6086=EDGE_CURVE('',#55,#71,#6089,.T.);
#6087=LINE('',#70,#6090);
#6088=LINE('',#62,#6091);
#6089=LINE('',#54,#6092);
#6090=VECTOR('',#6093,1.0);
#6091=VECTOR('',#6094,1.0);
#6092=VECTOR('',#6095,1.0);
#6093=DIRECTION('',(0.910760234886592,-0.4129355815975655,0));
#6094=DIRECTION('',(0.9492062985571564,-0.3146544180198689,0));
#6095=DIRECTION('',(-0.9312442954294644,0.3643954750406219,0));
#6096=FACE_SURFACE('',(#6101),#6097,.T.);
#6097=PLANE('',#6098);
#6098=AXIS2_PLACEMENT_3D('',#54,#6099,#6100);
#6099=DIRECTION('',(0,0,1));
#6100=DIRECTION('',(0.9772304446411171,-0.21218072029881643,0));
#6101=FACE_BOUND('',#6102,.T.);
#6102=EDGE_LOOP('',(#6103,#6104,#6105));
#6103=ORIENTED_EDGE('',*,*,#6106,.T.);
#6104=ORIENTED_EDGE('',*,*,#6107,.T.);
#6105=ORIENTED_EDGE('',*,*,#6108,.T.);
#6106=EDGE_CURVE('',#55,#47,#6109,.F.);
#6107=EDGE_CURVE('',#47,#35,#6110,.T.);
#6108=EDGE_CURVE('',#35,#55,#6111,.T.);
#6109=LINE('',#54,#6112);
#6110=LINE('',#46,#6113);
#6111=LINE('',#34,#6114);
#6112=VECTOR('',#6115,1.0);
#6113=VECTOR('',#6116,1.0);
#6114=VECTOR('',#6117,1.0);
#6115=DIRECTION('',(0.9772304446411171,-0.21218072029881643,0));
#6116=DIRECTION('',(0.9942778888078592,-0.10682452821232785,0));
#6117=DIRECTION('',(-0.9871532097459643,0.15977653297102232,0));
#6118=FACE_SURFACE('',(#6123),#6119,.T.);
#6119=PLANE('',#6120);
#6120=AXIS2_PLACEMENT_3D('',#34,#6121,#6122);
#6121=DIRECTION('',(0,0,1));
#6122=DIRECTION('',(1,0,0));
#6123=FACE_BOUND('',#6124,.T.);
#6124=EDGE_LOOP('',(#6125,#6126,#6127));
#6125=ORIENTED_EDGE('',*,*,#6128,.T.);
#6126=ORIENTED_EDGE('',*,*,#6129,.T.);
#6127=ORIENTED_EDGE('',*,*,#6130,.T.);
#6128=EDGE_CURVE('',#35,#351,#6131,.F.);
#6129=EDGE_CURVE('',#351,#355,#6132,.T.);
#6130=EDGE_CURVE('',#355,#35,#6133,.T.);
#6131=LINE('',#34,#6134);
#6132=LINE('',#350,#6135);
#6133=LINE('',#354,#6136);
#6134=VECTOR('',#6137,1.0);
#6135=VECTOR('',#6138,1.0);
#6136=VECTOR('',#6139,1.0);
#6137=DIRECTION('',(1,0,0));
#6138=DIRECTION('',(0.9942778874550332,0.10682454080386461,0));
#6139=DIRECTION('',(-0.9985675954159804,-0.0535047417071307,0));
#6140=FACE_SURFACE('',(#6145),#6141,.T.);
#6141=PLANE('',#6142);
#6142=AXIS2_PLACEMENT_3D('',#354,#6143,#6144);
#6143=DIRECTION('',(0,0,1));
#6144=DIRECTION('',(0.9772304393133018,0.21218074483687585,0));
#6145=FACE_BOUND('',#6146,.T.);
#6146=EDGE_LOOP('',(#6147,#6148,#6149));
#6147=ORIENTED_EDGE('',*,*,#6150,.T.);
#6148=ORIENTED_EDGE('',*,*,#6151,.T.);
#6149=ORIENTED_EDGE('',*,*,#6152,.T.);
#6150=EDGE_CURVE('',#355,#359,#6153,.F.);
#6151=EDGE_CURVE('',#359,#363,#6154,.T.);
#6152=EDGE_CURVE('',#363,#355,#6155,.T.);
#6153=LINE('',#354,#6156);
#6154=LINE('',#358,#6157);
#6155=LINE('',#362,#6158);
#6156=VECTOR('',#6159,1.0);
#6157=VECTOR('',#6160,1.0);
#6158=VECTOR('',#6161,1.0);
#6159=DIRECTION('',(0.9772304393133018,0.21218074483687585,0));
#6160=DIRECTION('',(0.9492063452913333,0.3146542770385779,0));
#6161=DIRECTION('',(-0.9645602785928298,-0.26386259484990016,0));
#6162=FACE_SURFACE('',(#6167),#6163,.T.);
#6163=PLANE('',#6164);
#6164=AXIS2_PLACEMENT_3D('',#362,#6165,#6166);
#6165=DIRECTION('',(0,0,1));
#6166=DIRECTION('',(0.9107601146095469,0.4129358468774598,0));
#6167=FACE_BOUND('',#6168,.T.);
#6168=EDGE_LOOP('',(#6169,#6170,#6171));
#6169=ORIENTED_EDGE('',*,*,#6172,.T.);
#6170=ORIENTED_EDGE('',*,*,#6173,.T.);
#6171=ORIENTED_EDGE('',*,*,#6174,.T.);
#6172=EDGE_CURVE('',#363,#367,#6175,.F.);
#6173=EDGE_CURVE('',#367,#371,#6176,.T.);
#6174=EDGE_CURVE('',#371,#363,#6177,.T.);
#6175=LINE('',#362,#6178);
#6176=LINE('',#366,#6179);
#6177=LINE('',#370,#6180);
#6178=VECTOR('',#6181,1.0);
#6179=VECTOR('',#6182,1.0);
#6180=VECTOR('',#6183,1.0);
#6181=DIRECTION('',(0.9107601146095469,0.4129358468774598,0));
#6182=DIRECTION('',(0.8626147170178045,0.5058614928854471,0));
#6183=DIRECTION('',(-0.887849090168243,-0.46013475535697473,0));
#6184=FACE_SURFACE('',(#6189),#6185,.T.);
#6185=PLANE('',#6186);
#6186=AXIS2_PLACEMENT_3D('',#370,#6187,#6188);
#6187=DIRECTION('',(0,0,1));
#6188=DIRECTION('',(0.8056203510195045,0.5924321480331821,0));
#6189=FACE_BOUND('',#6190,.T.);
#6190=EDGE_LOOP('',(#6191,#6192,#6193));
#6191=ORIENTED_EDGE('',*,*,#6194,.T.);
#6192=ORIENTED_EDGE('',*,*,#6195,.T.);
#6193=ORIENTED_EDGE('',*,*,#6196,.T.);
#6194=EDGE_CURVE('',#371,#375,#6197,.F.);
#6195=EDGE_CURVE('',#375,#379,#6198,.T.);
#6196=EDGE_CURVE('',#379,#371,#6199,.T.);
#6197=LINE('',#370,#6200);
#6198=LINE('',#374,#6201);
#6199=LINE('',#378,#6202);
#6200=VECTOR('',#6203,1.0);
#6201=VECTOR('',#6204,1.0);
#6202=VECTOR('',#6205,1.0);
#6203=DIRECTION('',(0.8056203510195045,0.5924321480331821,0));
#6204=DIRECTION('',(0.7407070648962294,0.6718281357704611,0));
#6205=DIRECTION('',(-0.7740934896749616,-0.6330712987040559,0));
#6206=FACE_SURFACE('',(#6211),#6207,.T.);
#6207=PLANE('',#6208);
#6208=AXIS2_PLACEMENT_3D('',#378,#6209,#6210);
#6209=DIRECTION('',(0,0,1));
#6210=DIRECTION('',(0.6688418054928561,0.743404761368298,0));
#6211=FACE_BOUND('',#6212,.T.);
#6212=EDGE_LOOP('',(#6213,#6214,#6215));
#6213=ORIENTED_EDGE('',*,*,#6216,.T.);
#6214=ORIENTED_EDGE('',*,*,#6217,.T.);
#6215=ORIENTED_EDGE('',*,*,#6218,.T.);
#6216=EDGE_CURVE('',#379,#383,#6219,.F.);
#6217=EDGE_CURVE('',#383,#387,#6220,.T.);
#6218=EDGE_CURVE('',#387,#379,#6221,.T.);
#6219=LINE('',#378,#6222);
#6220=LINE('',#382,#6223);
#6221=LINE('',#386,#6224);
#6222=VECTOR('',#6225,1.0);
#6223=VECTOR('',#6226,1.0);
#6224=VECTOR('',#6227,1.0);
#6225=DIRECTION('',(0.6688418054928561,0.743404761368298,0));
#6226=DIRECTION('',(0.5909972939414546,0.8066735390192725,0));
#6227=DIRECTION('',(-0.6306072046843098,-0.7761021539721695,0));
#6228=FACE_SURFACE('',(#6233),#6229,.T.);
#6229=PLANE('',#6230);
#6230=AXIS2_PLACEMENT_3D('',#386,#6231,#6232);
#6231=DIRECTION('',(0,0,1));
#6232=DIRECTION('',(0.5081170202663209,0.8612880434068936,0));
#6233=FACE_BOUND('',#6234,.T.);
#6234=EDGE_LOOP('',(#6235,#6236,#6237));
#6235=ORIENTED_EDGE('',*,*,#6238,.T.);
#6236=ORIENTED_EDGE('',*,*,#6239,.T.);
#6237=ORIENTED_EDGE('',*,*,#6240,.T.);
#6238=EDGE_CURVE('',#387,#391,#6241,.F.);
#6239=EDGE_CURVE('',#391,#395,#6242,.T.);
#6240=EDGE_CURVE('',#395,#387,#6243,.T.);
#6241=LINE('',#386,#6244);
#6242=LINE('',#390,#6245);
#6243=LINE('',#394,#6246);
#6244=VECTOR('',#6247,1.0);
#6245=VECTOR('',#6248,1.0);
#6246=VECTOR('',#6249,1.0);
#6247=DIRECTION('',(0.5081170202663209,0.8612880434068936,0));
#6248=DIRECTION('',(0.4211015755528111,0.9070134856036818,0));
#6249=DIRECTION('',(-0.46507162100001964,-0.8852730580676305,0));
#6250=FACE_SURFACE('',(#6255),#6251,.T.);
#6251=PLANE('',#6252);
#6252=AXIS2_PLACEMENT_3D('',#394,#6253,#6254);
#6253=DIRECTION('',(0,0,1));
#6254=DIRECTION('',(0.3308045381688432,0.9436992940163188,0));
#6255=FACE_BOUND('',#6256,.T.);
#6256=EDGE_LOOP('',(#6257,#6258,#6259));
#6257=ORIENTED_EDGE('',*,*,#6260,.T.);
#6258=ORIENTED_EDGE('',*,*,#6261,.T.);
#6259=ORIENTED_EDGE('',*,*,#6262,.T.);
#6260=EDGE_CURVE('',#395,#399,#6263,.F.);
#6261=EDGE_CURVE('',#399,#403,#6264,.T.);
#6262=EDGE_CURVE('',#403,#395,#6265,.T.);
#6263=LINE('',#394,#6266);
#6264=LINE('',#398,#6267);
#6265=LINE('',#402,#6268);
#6266=VECTOR('',#6269,1.0);
#6267=VECTOR('',#6270,1.0);
#6268=VECTOR('',#6271,1.0);
#6269=DIRECTION('',(0.3308045381688432,0.9436992940163188,0));
#6270=DIRECTION('',(0.23801843858396005,0.971260635923259,0));
#6271=DIRECTION('',(-0.2846745522452755,-0.9586242221558727,0));
#6272=FACE_SURFACE('',(#6277),#6273,.T.);
#6273=PLANE('',#6274);
#6274=AXIS2_PLACEMENT_3D('',#402,#6275,#6276);
#6275=DIRECTION('',(0,0,1));
#6276=DIRECTION('',(0.14349636661054785,0.9896508438684681,0));
#6277=FACE_BOUND('',#6278,.T.);
#6278=EDGE_LOOP('',(#6279,#6280,#6281));
#6279=ORIENTED_EDGE('',*,*,#6282,.T.);
#6280=ORIENTED_EDGE('',*,*,#6283,.T.);
#6281=ORIENTED_EDGE('',*,*,#6284,.T.);
#6282=EDGE_CURVE('',#403,#407,#6285,.F.);
#6283=EDGE_CURVE('',#407,#411,#6286,.T.);
#6284=EDGE_CURVE('',#411,#403,#6287,.T.);
#6285=LINE('',#402,#6288);
#6286=LINE('',#406,#6289);
#6287=LINE('',#410,#6290);
#6288=VECTOR('',#6291,1.0);
#6289=VECTOR('',#6292,1.0);
#6290=VECTOR('',#6293,1.0);
#6291=DIRECTION('',(0.14349636661054785,0.9896508438684681,0));
#6292=DIRECTION('',(0.047943967663966205,0.9988500267630954,0));
#6293=DIRECTION('',(-0.0958052279802141,-0.9954000996040031,0));
#6294=FACE_SURFACE('',(#6299),#6295,.T.);
#6295=PLANE('',#6296);
#6296=AXIS2_PLACEMENT_3D('',#410,#6297,#6298);
#6297=DIRECTION('',(0,0,1));
#6298=DIRECTION('',(-0.004989491026908932,0.9999875524121751,0));
#6299=FACE_BOUND('',#6300,.T.);
#6300=EDGE_LOOP('',(#6301,#6302,#6303));
#6301=ORIENTED_EDGE('',*,*,#6304,.T.);
#6302=ORIENTED_EDGE('',*,*,#6305,.T.);
#6303=ORIENTED_EDGE('',*,*,#6306,.T.);
#6304=EDGE_CURVE('',#411,#415,#6307,.F.);
#6305=EDGE_CURVE('',#415,#419,#6308,.T.);
#6306=EDGE_CURVE('',#419,#411,#6309,.T.);
#6307=LINE('',#410,#6310);
#6308=LINE('',#414,#6311);
#6309=LINE('',#418,#6312);
#6310=VECTOR('',#6313,1.0);
#6311=VECTOR('',#6314,1.0);
#6312=VECTOR('',#6315,1.0);
#6313=DIRECTION('',(-0.004989491026908932,0.9999875524121751,0));
#6314=DIRECTION('',(-0.14349630275859093,0.989650853126806,0));
#6315=DIRECTION('',(0.018047412732328058,-0.9998371321838718,0));
#6316=FACE_SURFACE('',(#6321),#6317,.T.);
#6317=PLANE('',#6318);
#6318=AXIS2_PLACEMENT_3D('',#418,#6319,#6320);
#6319=DIRECTION('',(0,0,1));
#6320=DIRECTION('',(-0.23801885522789132,0.9712605338198418,0));
#6321=FACE_BOUND('',#6322,.T.);
#6322=EDGE_LOOP('',(#6323,#6324,#6325));
#6323=ORIENTED_EDGE('',*,*,#6326,.T.);
#6324=ORIENTED_EDGE('',*,*,#6327,.T.);
#6325=ORIENTED_EDGE('',*,*,#6328,.T.);
#6326=EDGE_CURVE('',#419,#423,#6329,.F.);
#6327=EDGE_CURVE('',#423,#427,#6330,.T.);
#6328=EDGE_CURVE('',#427,#419,#6331,.T.);
#6329=LINE('',#418,#6332);
#6330=LINE('',#422,#6333);
#6331=LINE('',#426,#6334);
#6332=VECTOR('',#6335,1.0);
#6333=VECTOR('',#6336,1.0);
#6334=VECTOR('',#6337,1.0);
#6335=DIRECTION('',(-0.23801885522789132,0.9712605338198418,0));
#6336=DIRECTION('',(-0.3308039738265975,0.9436994918407723,0));
#6337=DIRECTION('',(0.2846745522452755,-0.9586242221558727,0));
#6338=FACE_SURFACE('',(#6343),#6339,.T.);
#6339=PLANE('',#6340);
#6340=AXIS2_PLACEMENT_3D('',#426,#6341,#6342);
#6341=DIRECTION('',(0,0,1));
#6342=DIRECTION('',(-0.4211015755528111,0.9070134856036818,0));
#6343=FACE_BOUND('',#6344,.T.);
#6344=EDGE_LOOP('',(#6345,#6346,#6347));
#6345=ORIENTED_EDGE('',*,*,#6348,.T.);
#6346=ORIENTED_EDGE('',*,*,#6349,.T.);
#6347=ORIENTED_EDGE('',*,*,#6350,.T.);
#6348=EDGE_CURVE('',#427,#431,#6351,.F.);
#6349=EDGE_CURVE('',#431,#435,#6352,.T.);
#6350=EDGE_CURVE('',#435,#427,#6353,.T.);
#6351=LINE('',#426,#6354);
#6352=LINE('',#430,#6355);
#6353=LINE('',#434,#6356);
#6354=VECTOR('',#6357,1.0);
#6355=VECTOR('',#6358,1.0);
#6356=VECTOR('',#6359,1.0);
#6357=DIRECTION('',(-0.4211015755528111,0.9070134856036818,0));
#6358=DIRECTION('',(-0.5081178181283756,0.8612875727075476,0));
#6359=DIRECTION('',(0.46507199589616777,-0.8852728611186242,0));
#6360=FACE_SURFACE('',(#6365),#6361,.T.);
#6361=PLANE('',#6362);
#6362=AXIS2_PLACEMENT_3D('',#434,#6363,#6364);
#6363=DIRECTION('',(0,0,1));
#6364=DIRECTION('',(-0.5909964203271139,0.806674179059016,0));
#6365=FACE_BOUND('',#6366,.T.);
#6366=EDGE_LOOP('',(#6367,#6368,#6369));
#6367=ORIENTED_EDGE('',*,*,#6370,.T.);
#6368=ORIENTED_EDGE('',*,*,#6371,.T.);
#6369=ORIENTED_EDGE('',*,*,#6372,.T.);
#6370=EDGE_CURVE('',#435,#439,#6373,.F.);
#6371=EDGE_CURVE('',#439,#443,#6374,.T.);
#6372=EDGE_CURVE('',#443,#435,#6375,.T.);
#6373=LINE('',#434,#6376);
#6374=LINE('',#438,#6377);
#6375=LINE('',#442,#6378);
#6376=VECTOR('',#6379,1.0);
#6377=VECTOR('',#6380,1.0);
#6378=VECTOR('',#6381,1.0);
#6379=DIRECTION('',(-0.5909964203271139,0.806674179059016,0));
#6380=DIRECTION('',(-0.6688418054928561,0.743404761368298,0));
#6381=DIRECTION('',(0.6306067544764407,-0.7761025197798872,0));
#6382=FACE_SURFACE('',(#6387),#6383,.T.);
#6383=PLANE('',#6384);
#6384=AXIS2_PLACEMENT_3D('',#442,#6385,#6386);
#6385=DIRECTION('',(0,0,1));
#6386=DIRECTION('',(-0.7407079868851312,0.6718271192535893,0));
#6387=FACE_BOUND('',#6388,.T.);
#6388=EDGE_LOOP('',(#6389,#6390,#6391));
#6389=ORIENTED_EDGE('',*,*,#6392,.T.);
#6390=ORIENTED_EDGE('',*,*,#6393,.T.);
#6391=ORIENTED_EDGE('',*,*,#6394,.T.);
#6392=EDGE_CURVE('',#443,#447,#6395,.F.);
#6393=EDGE_CURVE('',#447,#451,#6396,.T.);
#6394=EDGE_CURVE('',#451,#443,#6397,.T.);
#6395=LINE('',#442,#6398);
#6396=LINE('',#446,#6399);
#6397=LINE('',#450,#6400);
#6398=VECTOR('',#6401,1.0);
#6399=VECTOR('',#6402,1.0);
#6400=VECTOR('',#6403,1.0);
#6401=DIRECTION('',(-0.7407079868851312,0.6718271192535893,0));
#6402=DIRECTION('',(-0.8056194619002368,0.5924333571023606,0));
#6403=DIRECTION('',(0.7740934896749616,-0.6330712987040559,0));
#6404=FACE_SURFACE('',(#6409),#6405,.T.);
#6405=PLANE('',#6406);
#6406=AXIS2_PLACEMENT_3D('',#450,#6407,#6408);
#6407=DIRECTION('',(0,0,1));
#6408=DIRECTION('',(-0.8626151255532784,0.505860796234203,0));
#6409=FACE_BOUND('',#6410,.T.);
#6410=EDGE_LOOP('',(#6411,#6412,#6413));
#6411=ORIENTED_EDGE('',*,*,#6414,.T.);
#6412=ORIENTED_EDGE('',*,*,#6415,.T.);
#6413=ORIENTED_EDGE('',*,*,#6416,.T.);
#6414=EDGE_CURVE('',#451,#455,#6417,.F.);
#6415=EDGE_CURVE('',#455,#459,#6418,.T.);
#6416=EDGE_CURVE('',#459,#451,#6419,.T.);
#6417=LINE('',#450,#6420);
#6418=LINE('',#454,#6421);
#6419=LINE('',#458,#6422);
#6420=VECTOR('',#6423,1.0);
#6421=VECTOR('',#6424,1.0);
#6422=VECTOR('',#6425,1.0);
#6423=DIRECTION('',(-0.8626151255532784,0.505860796234203,0));
#6424=DIRECTION('',(-0.9107601146095469,0.4129358468774598,0));
#6425=DIRECTION('',(0.8878492821047006,-0.46013438500743237,0));
#6426=FACE_SURFACE('',(#6431),#6427,.T.);
#6427=PLANE('',#6428);
#6428=AXIS2_PLACEMENT_3D('',#458,#6429,#6430);
#6429=DIRECTION('',(0,0,1));
#6430=DIRECTION('',(-0.9492060633285734,0.3146551276243124,0));
#6431=FACE_BOUND('',#6432,.T.);
#6432=EDGE_LOOP('',(#6433,#6434,#6435));
#6433=ORIENTED_EDGE('',*,*,#6436,.T.);
#6434=ORIENTED_EDGE('',*,*,#6437,.T.);
#6435=ORIENTED_EDGE('',*,*,#6438,.T.);
#6436=EDGE_CURVE('',#459,#463,#6439,.F.);
#6437=EDGE_CURVE('',#463,#467,#6440,.T.);
#6438=EDGE_CURVE('',#467,#459,#6441,.T.);
#6439=LINE('',#458,#6442);
#6440=LINE('',#462,#6443);
#6441=LINE('',#466,#6444);
#6442=VECTOR('',#6445,1.0);
#6443=VECTOR('',#6446,1.0);
#6444=VECTOR('',#6447,1.0);
#6445=DIRECTION('',(-0.9492060633285734,0.3146551276243124,0));
#6446=DIRECTION('',(-0.9772306356174202,0.2121798407266178,0));
#6447=DIRECTION('',(0.9645602785928298,-0.26386259484990016,0));
#6448=FACE_SURFACE('',(#6453),#6449,.T.);
#6449=PLANE('',#6450);
#6450=AXIS2_PLACEMENT_3D('',#466,#6451,#6452);
#6451=DIRECTION('',(0,0,1));
#6452=DIRECTION('',(-0.9942777867222954,0.10682547837764919,0));
#6453=FACE_BOUND('',#6454,.T.);
#6454=EDGE_LOOP('',(#6455,#6456,#6457));
#6455=ORIENTED_EDGE('',*,*,#6458,.T.);
#6456=ORIENTED_EDGE('',*,*,#6459,.T.);
#6457=ORIENTED_EDGE('',*,*,#6460,.T.);
#6458=EDGE_CURVE('',#467,#471,#6461,.F.);
#6459=EDGE_CURVE('',#471,#475,#6462,.T.);
#6460=EDGE_CURVE('',#475,#467,#6463,.T.);
#6461=LINE('',#466,#6464);
#6462=LINE('',#470,#6465);
#6463=LINE('',#474,#6466);
#6464=VECTOR('',#6467,1.0);
#6465=VECTOR('',#6468,1.0);
#6466=VECTOR('',#6469,1.0);
#6467=DIRECTION('',(-0.9942777867222954,0.10682547837764919,0));
#6468=DIRECTION('',(-1,0,0));
#6469=DIRECTION('',(0.998567570036493,-0.05350521536648402,0));
#6470=FACE_SURFACE('',(#6475),#6471,.T.);
#6471=PLANE('',#6472);
#6472=AXIS2_PLACEMENT_3D('',#474,#6473,#6474);
#6473=DIRECTION('',(0,0,1));
#6474=DIRECTION('',(-0.9942777880751452,-0.10682546578600449,0));
#6475=FACE_BOUND('',#6476,.T.);
#6476=EDGE_LOOP('',(#6477,#6478,#6479));
#6477=ORIENTED_EDGE('',*,*,#6480,.T.);
#6478=ORIENTED_EDGE('',*,*,#6481,.T.);
#6479=ORIENTED_EDGE('',*,*,#6482,.T.);
#6480=EDGE_CURVE('',#475,#479,#6483,.F.);
#6481=EDGE_CURVE('',#479,#483,#6484,.T.);
#6482=EDGE_CURVE('',#483,#475,#6485,.T.);
#6483=LINE('',#474,#6486);
#6484=LINE('',#478,#6487);
#6485=LINE('',#482,#6488);
#6486=VECTOR('',#6489,1.0);
#6487=VECTOR('',#6490,1.0);
#6488=VECTOR('',#6491,1.0);
#6489=DIRECTION('',(-0.9942777880751452,-0.10682546578600449,0));
#6490=DIRECTION('',(-0.9772306409451913,-0.21217981618865311,0));
#6491=DIRECTION('',(0.9871532097459643,0.15977653297102232,0));
#6492=FACE_SURFACE('',(#6497),#6493,.T.);
#6493=PLANE('',#6494);
#6494=AXIS2_PLACEMENT_3D('',#482,#6495,#6496);
#6495=DIRECTION('',(0,0,1));
#6496=DIRECTION('',(-0.9492060165941577,-0.3146552686059007,0));
#6497=FACE_BOUND('',#6498,.T.);
#6498=EDGE_LOOP('',(#6499,#6500,#6501));
#6499=ORIENTED_EDGE('',*,*,#6502,.T.);
#6500=ORIENTED_EDGE('',*,*,#6503,.T.);
#6501=ORIENTED_EDGE('',*,*,#6504,.T.);
#6502=EDGE_CURVE('',#483,#487,#6505,.F.);
#6503=EDGE_CURVE('',#487,#491,#6506,.T.);
#6504=EDGE_CURVE('',#491,#483,#6507,.T.);
#6505=LINE('',#482,#6508);
#6506=LINE('',#486,#6509);
#6507=LINE('',#490,#6510);
#6508=VECTOR('',#6511,1.0);
#6509=VECTOR('',#6512,1.0);
#6510=VECTOR('',#6513,1.0);
#6511=DIRECTION('',(-0.9492060165941577,-0.3146552686059007,0));
#6512=DIRECTION('',(-0.910760234886592,-0.4129355815975655,0));
#6513=DIRECTION('',(0.9312441353305877,0.3643958841869457,0));
#6514=FACE_SURFACE('',(#6519),#6515,.T.);
#6515=PLANE('',#6516);
#6516=AXIS2_PLACEMENT_3D('',#490,#6517,#6518);
#6517=DIRECTION('',(0,0,1));
#6518=DIRECTION('',(-0.8626151255532784,-0.505860796234203,0));
#6519=FACE_BOUND('',#6520,.T.);
#6520=EDGE_LOOP('',(#6521,#6522,#6523));
#6521=ORIENTED_EDGE('',*,*,#6524,.T.);
#6522=ORIENTED_EDGE('',*,*,#6525,.T.);
#6523=ORIENTED_EDGE('',*,*,#6526,.T.);
#6524=EDGE_CURVE('',#491,#495,#6527,.F.);
#6525=EDGE_CURVE('',#495,#499,#6528,.T.);
#6526=EDGE_CURVE('',#499,#491,#6529,.T.);
#6527=LINE('',#490,#6530);
#6528=LINE('',#494,#6531);
#6529=LINE('',#498,#6532);
#6530=VECTOR('',#6533,1.0);
#6531=VECTOR('',#6534,1.0);
#6532=VECTOR('',#6535,1.0);
#6533=DIRECTION('',(-0.8626151255532784,-0.505860796234203,0));
#6534=DIRECTION('',(-0.8056194619002368,-0.5924333571023606,0));
#6535=DIRECTION('',(0.8351667267297855,0.5499968532305032,0));
#6536=FACE_SURFACE('',(#6541),#6537,.T.);
#6537=PLANE('',#6538);
#6538=AXIS2_PLACEMENT_3D('',#498,#6539,#6540);
#6539=DIRECTION('',(0,0,1));
#6540=DIRECTION('',(-0.7407077778223898,-0.6718273497509738,0));
#6541=FACE_BOUND('',#6542,.T.);
#6542=EDGE_LOOP('',(#6543,#6544,#6545));
#6543=ORIENTED_EDGE('',*,*,#6546,.T.);
#6544=ORIENTED_EDGE('',*,*,#6547,.T.);
#6545=ORIENTED_EDGE('',*,*,#6548,.T.);
#6546=EDGE_CURVE('',#499,#503,#6549,.F.);
#6547=EDGE_CURVE('',#503,#507,#6550,.T.);
#6548=EDGE_CURVE('',#507,#499,#6551,.T.);
#6549=LINE('',#498,#6552);
#6550=LINE('',#502,#6553);
#6551=LINE('',#506,#6554);
#6552=VECTOR('',#6555,1.0);
#6553=VECTOR('',#6556,1.0);
#6554=VECTOR('',#6557,1.0);
#6555=DIRECTION('',(-0.7407077778223898,-0.6718273497509738,0));
#6556=DIRECTION('',(-0.6688418054928561,-0.743404761368298,0));
#6557=DIRECTION('',(0.7055827141267452,0.7086275703961396,0));
#6558=FACE_SURFACE('',(#6563),#6559,.T.);
#6559=PLANE('',#6560);
#6560=AXIS2_PLACEMENT_3D('',#506,#6561,#6562);
#6561=DIRECTION('',(0,0,1));
#6562=DIRECTION('',(-0.5909970165412128,-0.8066737422523341,0));
#6563=FACE_BOUND('',#6564,.T.);
#6564=EDGE_LOOP('',(#6565,#6566,#6567));
#6565=ORIENTED_EDGE('',*,*,#6568,.T.);
#6566=ORIENTED_EDGE('',*,*,#6569,.T.);
#6567=ORIENTED_EDGE('',*,*,#6570,.T.);
#6568=EDGE_CURVE('',#507,#511,#6571,.F.);
#6569=EDGE_CURVE('',#511,#515,#6572,.T.);
#6570=EDGE_CURVE('',#515,#507,#6573,.T.);
#6571=LINE('',#506,#6574);
#6572=LINE('',#510,#6575);
#6573=LINE('',#514,#6576);
#6574=VECTOR('',#6577,1.0);
#6575=VECTOR('',#6578,1.0);
#6576=VECTOR('',#6579,1.0);
#6577=DIRECTION('',(-0.5909970165412128,-0.8066737422523341,0));
#6578=DIRECTION('',(-0.5081164657047958,-0.8612883705703144,0));
#6579=DIRECTION('',(0.5501287243750445,0.8350798684063019,0));
#6580=FACE_SURFACE('',(#6585),#6581,.T.);
#6581=PLANE('',#6582);
#6582=AXIS2_PLACEMENT_3D('',#514,#6583,#6584);
#6583=DIRECTION('',(0,0,1));
#6584=DIRECTION('',(-0.42110306852253326,-0.9070127924571443,0));
#6585=FACE_BOUND('',#6586,.T.);
#6586=EDGE_LOOP('',(#6587,#6588,#6589));
#6587=ORIENTED_EDGE('',*,*,#6590,.T.);
#6588=ORIENTED_EDGE('',*,*,#6591,.T.);
#6589=ORIENTED_EDGE('',*,*,#6592,.T.);
#6590=EDGE_CURVE('',#515,#519,#6593,.F.);
#6591=EDGE_CURVE('',#519,#523,#6594,.T.);
#6592=EDGE_CURVE('',#523,#515,#6595,.T.);
#6593=LINE('',#514,#6596);
#6594=LINE('',#518,#6597);
#6595=LINE('',#522,#6598);
#6596=VECTOR('',#6599,1.0);
#6597=VECTOR('',#6600,1.0);
#6598=VECTOR('',#6601,1.0);
#6599=DIRECTION('',(-0.42110306852253326,-0.9070127924571443,0));
#6600=DIRECTION('',(-0.3308023639030246,-0.9437000561810786,0));
#6601=DIRECTION('',(0.376312219256745,0.9264929107327609,0));
#6602=FACE_SURFACE('',(#6607),#6603,.T.);
#6603=PLANE('',#6604);
#6604=AXIS2_PLACEMENT_3D('',#522,#6605,#6606);
#6605=DIRECTION('',(0,0,1));
#6606=DIRECTION('',(-0.23801970530836833,-0.9712603254971952,0));
#6607=FACE_BOUND('',#6608,.T.);
#6608=EDGE_LOOP('',(#6609,#6610,#6611));
#6609=ORIENTED_EDGE('',*,*,#6612,.T.);
#6610=ORIENTED_EDGE('',*,*,#6613,.T.);
#6611=ORIENTED_EDGE('',*,*,#6614,.T.);
#6612=EDGE_CURVE('',#523,#527,#6615,.F.);
#6613=EDGE_CURVE('',#527,#347,#6616,.T.);
#6614=EDGE_CURVE('',#347,#523,#6617,.T.);
#6615=LINE('',#522,#6618);
#6616=LINE('',#526,#6619);
#6617=LINE('',#346,#6620);
#6618=VECTOR('',#6621,1.0);
#6619=VECTOR('',#6622,1.0);
#6620=VECTOR('',#6623,1.0);
#6621=DIRECTION('',(-0.23801970530836833,-0.9712603254971952,0));
#6622=DIRECTION('',(-0.14349630275859093,-0.989650853126806,0));
#6623=DIRECTION('',(0.19093007306856027,0.9816036405790446,0));
#6624=FACE_SURFACE('',(#6629),#6625,.T.);
#6625=PLANE('',#6626);
#6626=AXIS2_PLACEMENT_3D('',#346,#6627,#6628);
#6627=DIRECTION('',(0,0,1));
#6628=DIRECTION('',(0,-1,0));
#6629=FACE_BOUND('',#6630,.T.);
#6630=EDGE_LOOP('',(#6631,#6632,#6633));
#6631=ORIENTED_EDGE('',*,*,#6634,.T.);
#6632=ORIENTED_EDGE('',*,*,#6635,.T.);
#6633=ORIENTED_EDGE('',*,*,#6636,.T.);
#6634=EDGE_CURVE('',#347,#153,#6637,.F.);
#6635=EDGE_CURVE('',#153,#137,#6638,.T.);
#6636=EDGE_CURVE('',#137,#347,#6639,.T.);
#6637=LINE('',#346,#6640);
#6638=LINE('',#152,#6641);
#6639=LINE('',#136,#6642);
#6640=VECTOR('',#6643,1.0);
#6641=VECTOR('',#6644,1.0);
#6642=VECTOR('',#6645,1.0);
#6643=DIRECTION('',(0,-1,0));
#6644=DIRECTION('',(0.19092994638794172,-0.9816036652194702,0));
#6645=DIRECTION('',(-0.030278947238691758,0.9995414875602296,0));
#6646=FACE_SURFACE('',(#6651),#6647,.T.);
#6647=PLANE('',#6648);
#6648=AXIS2_PLACEMENT_3D('',#136,#6649,#6650);
#6649=DIRECTION('',(0,0,1));
#6650=DIRECTION('',(0.37631253538038206,-0.9264927823332401,0));
#6651=FACE_BOUND('',#6652,.T.);
#6652=EDGE_LOOP('',(#6653,#6654,#6655));
#6653=ORIENTED_EDGE('',*,*,#6656,.T.);
#6654=ORIENTED_EDGE('',*,*,#6657,.T.);
#6655=ORIENTED_EDGE('',*,*,#6658,.T.);
#6656=EDGE_CURVE('',#137,#121,#6659,.F.);
#6657=EDGE_CURVE('',#121,#103,#6660,.T.);
#6658=EDGE_CURVE('',#103,#137,#6661,.T.);
#6659=LINE('',#136,#6662);
#6660=LINE('',#120,#6663);
#6661=LINE('',#102,#6664);
#6662=VECTOR('',#6665,1.0);
#6663=VECTOR('',#6666,1.0);
#6664=VECTOR('',#6667,1.0);
#6665=DIRECTION('',(0.37631253538038206,-0.9264927823332401,0));
#6666=DIRECTION('',(0.5501287243750445,-0.8350798684063019,0));
#6667=DIRECTION('',(-0.46507156461753824,0.8852730876877456,0));
#6668=FACE_SURFACE('',(#6673),#6669,.T.);
#6669=PLANE('',#6670);
#6670=AXIS2_PLACEMENT_3D('',#102,#6671,#6672);
#6671=DIRECTION('',(0,0,1));
#6672=DIRECTION('',(0.7055822516330817,-0.7086280309022432,0));
#6673=FACE_BOUND('',#6674,.T.);
#6674=EDGE_LOOP('',(#6675,#6676,#6677));
#6675=ORIENTED_EDGE('',*,*,#6678,.T.);
#6676=ORIENTED_EDGE('',*,*,#6679,.T.);
#6677=ORIENTED_EDGE('',*,*,#6680,.T.);
#6678=EDGE_CURVE('',#103,#87,#6681,.F.);
#6679=EDGE_CURVE('',#87,#71,#6682,.T.);
#6680=EDGE_CURVE('',#71,#103,#6683,.T.);
#6681=LINE('',#102,#6684);
#6682=LINE('',#86,#6685);
#6683=LINE('',#70,#6686);
#6684=VECTOR('',#6687,1.0);
#6685=VECTOR('',#6688,1.0);
#6686=VECTOR('',#6689,1.0);
#6687=DIRECTION('',(0.7055822516330817,-0.7086280309022432,0));
#6688=DIRECTION('',(0.8351669414915776,-0.5499965271159482,0));
#6689=DIRECTION('',(-0.7740932809567745,0.6330715539159661,0));
#6690=FACE_SURFACE('',(#6695),#6691,.T.);
#6691=PLANE('',#6692);
#6692=AXIS2_PLACEMENT_3D('',#70,#6693,#6694);
#6693=DIRECTION('',(0,0,1));
#6694=DIRECTION('',(0.9312442954294644,-0.3643954750406219,0));
#6695=FACE_BOUND('',#6696,.T.);
#6696=EDGE_LOOP('',(#6697,#6698,#6699));
#6697=ORIENTED_EDGE('',*,*,#6700,.T.);
#6698=ORIENTED_EDGE('',*,*,#6701,.T.);
#6699=ORIENTED_EDGE('',*,*,#6702,.T.);
#6700=EDGE_CURVE('',#71,#55,#6703,.F.);
#6701=EDGE_CURVE('',#55,#35,#6704,.T.);
#6702=EDGE_CURVE('',#35,#71,#6705,.T.);
#6703=LINE('',#70,#6706);
#6704=LINE('',#54,#6707);
#6705=LINE('',#34,#6708);
#6706=VECTOR('',#6709,1.0);
#6707=VECTOR('',#6710,1.0);
#6708=VECTOR('',#6711,1.0);
#6709=DIRECTION('',(0.9312442954294644,-0.3643954750406219,0));
#6710=DIRECTION('',(0.9871532097459643,-0.15977653297102232,0));
#6711=DIRECTION('',(-0.9645603412368148,0.26386236585219786,0));
#6712=FACE_SURFACE('',(#6717),#6713,.T.);
#6713=PLANE('',#6714);
#6714=AXIS2_PLACEMENT_3D('',#34,#6715,#6716);
#6715=DIRECTION('',(0,0,1));
#6716=DIRECTION('',(0.9985675954159804,0.0535047417071307,0));
#6717=FACE_BOUND('',#6718,.T.);
#6718=EDGE_LOOP('',(#6719,#6720,#6721));
#6719=ORIENTED_EDGE('',*,*,#6722,.T.);
#6720=ORIENTED_EDGE('',*,*,#6723,.T.);
#6721=ORIENTED_EDGE('',*,*,#6724,.T.);
#6722=EDGE_CURVE('',#35,#355,#6725,.F.);
#6723=EDGE_CURVE('',#355,#363,#6726,.T.);
#6724=EDGE_CURVE('',#363,#35,#6727,.T.);
#6725=LINE('',#34,#6728);
#6726=LINE('',#354,#6729);
#6727=LINE('',#362,#6730);
#6728=VECTOR('',#6731,1.0);
#6729=VECTOR('',#6732,1.0);
#6730=VECTOR('',#6733,1.0);
#6731=DIRECTION('',(0.9985675954159804,0.0535047417071307,0));
#6732=DIRECTION('',(0.9645602785928298,0.26386259484990016,0));
#6733=DIRECTION('',(-0.987153184426458,-0.15977668940337722,0));
#6734=FACE_SURFACE('',(#6739),#6735,.T.);
#6735=PLANE('',#6736);
#6736=AXIS2_PLACEMENT_3D('',#362,#6737,#6738);
#6737=DIRECTION('',(0,0,1));
#6738=DIRECTION('',(0.887849090168243,0.46013475535697473,0));
#6739=FACE_BOUND('',#6740,.T.);
#6740=EDGE_LOOP('',(#6741,#6742,#6743));
#6741=ORIENTED_EDGE('',*,*,#6744,.T.);
#6742=ORIENTED_EDGE('',*,*,#6745,.T.);
#6743=ORIENTED_EDGE('',*,*,#6746,.T.);
#6744=EDGE_CURVE('',#363,#371,#6747,.F.);
#6745=EDGE_CURVE('',#371,#379,#6748,.T.);
#6746=EDGE_CURVE('',#379,#363,#6749,.T.);
#6747=LINE('',#362,#6750);
#6748=LINE('',#370,#6751);
#6749=LINE('',#378,#6752);
#6750=VECTOR('',#6753,1.0);
#6751=VECTOR('',#6754,1.0);
#6752=VECTOR('',#6755,1.0);
#6753=DIRECTION('',(0.887849090168243,0.46013475535697473,0));
#6754=DIRECTION('',(0.7740934896749616,0.6330712987040559,0));
#6755=DIRECTION('',(-0.8351670482806042,-0.5499963649573176,0));
#6756=FACE_SURFACE('',(#6761),#6757,.T.);
#6757=PLANE('',#6758);
#6758=AXIS2_PLACEMENT_3D('',#378,#6759,#6760);
#6759=DIRECTION('',(0,0,1));
#6760=DIRECTION('',(0.6306072046843098,0.7761021539721695,0));
#6761=FACE_BOUND('',#6762,.T.);
#6762=EDGE_LOOP('',(#6763,#6764,#6765));
#6763=ORIENTED_EDGE('',*,*,#6766,.T.);
#6764=ORIENTED_EDGE('',*,*,#6767,.T.);
#6765=ORIENTED_EDGE('',*,*,#6768,.T.);
#6766=EDGE_CURVE('',#379,#387,#6769,.F.);
#6767=EDGE_CURVE('',#387,#395,#6770,.T.);
#6768=EDGE_CURVE('',#395,#379,#6771,.T.);
#6769=LINE('',#378,#6772);
#6770=LINE('',#386,#6773);
#6771=LINE('',#394,#6774);
#6772=VECTOR('',#6775,1.0);
#6773=VECTOR('',#6776,1.0);
#6774=VECTOR('',#6777,1.0);
#6775=DIRECTION('',(0.6306072046843098,0.7761021539721695,0));
#6776=DIRECTION('',(0.46507162100001964,0.8852730580676305,0));
#6777=DIRECTION('',(-0.5501285665002498,-0.8350799724100563,0));
#6778=FACE_SURFACE('',(#6783),#6779,.T.);
#6779=PLANE('',#6780);
#6780=AXIS2_PLACEMENT_3D('',#394,#6781,#6782);
#6781=DIRECTION('',(0,0,1));
#6782=DIRECTION('',(0.2846745522452755,0.9586242221558727,0));
#6783=FACE_BOUND('',#6784,.T.);
#6784=EDGE_LOOP('',(#6785,#6786,#6787));
#6785=ORIENTED_EDGE('',*,*,#6788,.T.);
#6786=ORIENTED_EDGE('',*,*,#6789,.T.);
#6787=ORIENTED_EDGE('',*,*,#6790,.T.);
#6788=EDGE_CURVE('',#395,#403,#6791,.F.);
#6789=EDGE_CURVE('',#403,#411,#6792,.T.);
#6790=EDGE_CURVE('',#411,#395,#6793,.T.);
#6791=LINE('',#394,#6794);
#6792=LINE('',#402,#6795);
#6793=LINE('',#410,#6796);
#6794=VECTOR('',#6797,1.0);
#6795=VECTOR('',#6798,1.0);
#6796=VECTOR('',#6799,1.0);
#6797=DIRECTION('',(0.2846745522452755,0.9586242221558727,0));
#6798=DIRECTION('',(0.0958052279802141,0.9954000996040031,0));
#6799=DIRECTION('',(-0.1909293208087724,-0.9816037868995315,0));
#6800=FACE_SURFACE('',(#6805),#6801,.T.);
#6801=PLANE('',#6802);
#6802=AXIS2_PLACEMENT_3D('',#410,#6803,#6804);
#6803=DIRECTION('',(0,0,1));
#6804=DIRECTION('',(-0.018047412732328058,0.9998371321838718,0));
#6805=FACE_BOUND('',#6806,.T.);
#6806=EDGE_LOOP('',(#6807,#6808,#6809));
#6807=ORIENTED_EDGE('',*,*,#6810,.T.);
#6808=ORIENTED_EDGE('',*,*,#6811,.T.);
#6809=ORIENTED_EDGE('',*,*,#6812,.T.);
#6810=EDGE_CURVE('',#411,#419,#6813,.F.);
#6811=EDGE_CURVE('',#419,#427,#6814,.T.);
#6812=EDGE_CURVE('',#427,#411,#6815,.T.);
#6813=LINE('',#410,#6816);
#6814=LINE('',#418,#6817);
#6815=LINE('',#426,#6818);
#6816=VECTOR('',#6819,1.0);
#6817=VECTOR('',#6820,1.0);
#6818=VECTOR('',#6821,1.0);
#6819=DIRECTION('',(-0.018047412732328058,0.9998371321838718,0));
#6820=DIRECTION('',(-0.2846745522452755,0.9586242221558727,0));
#6821=DIRECTION('',(0.06045772905053439,-0.9981707584366777,0));
#6822=FACE_SURFACE('',(#6827),#6823,.T.);
#6823=PLANE('',#6824);
#6824=AXIS2_PLACEMENT_3D('',#426,#6825,#6826);
#6825=DIRECTION('',(0,0,1));
#6826=DIRECTION('',(-0.46507199589616777,0.8852728611186242,0));
#6827=FACE_BOUND('',#6828,.T.);
#6828=EDGE_LOOP('',(#6829,#6830,#6831));
#6829=ORIENTED_EDGE('',*,*,#6832,.T.);
#6830=ORIENTED_EDGE('',*,*,#6833,.T.);
#6831=ORIENTED_EDGE('',*,*,#6834,.T.);
#6832=EDGE_CURVE('',#427,#435,#6835,.F.);
#6833=EDGE_CURVE('',#435,#443,#6836,.T.);
#6834=EDGE_CURVE('',#443,#427,#6837,.T.);
#6835=LINE('',#426,#6838);
#6836=LINE('',#434,#6839);
#6837=LINE('',#442,#6840);
#6838=VECTOR('',#6841,1.0);
#6839=VECTOR('',#6842,1.0);
#6840=VECTOR('',#6843,1.0);
#6841=DIRECTION('',(-0.46507199589616777,0.8852728611186242,0));
#6842=DIRECTION('',(-0.6306067544764407,0.7761025197798872,0));
#6843=DIRECTION('',(0.5501285665002498,-0.8350799724100563,0));
#6844=FACE_SURFACE('',(#6849),#6845,.T.);
#6845=PLANE('',#6846);
#6846=AXIS2_PLACEMENT_3D('',#442,#6847,#6848);
#6847=DIRECTION('',(0,0,1));
#6848=DIRECTION('',(-0.7740934896749616,0.6330712987040559,0));
#6849=FACE_BOUND('',#6850,.T.);
#6850=EDGE_LOOP('',(#6851,#6852,#6853));
#6851=ORIENTED_EDGE('',*,*,#6854,.T.);
#6852=ORIENTED_EDGE('',*,*,#6855,.T.);
#6853=ORIENTED_EDGE('',*,*,#6856,.T.);
#6854=EDGE_CURVE('',#443,#451,#6857,.F.);
#6855=EDGE_CURVE('',#451,#459,#6858,.T.);
#6856=EDGE_CURVE('',#459,#443,#6859,.T.);
#6857=LINE('',#442,#6860);
#6858=LINE('',#450,#6861);
#6859=LINE('',#458,#6862);
#6860=VECTOR('',#6863,1.0);
#6861=VECTOR('',#6864,1.0);
#6862=VECTOR('',#6865,1.0);
#6863=DIRECTION('',(-0.7740934896749616,0.6330712987040559,0));
#6864=DIRECTION('',(-0.8878492821047006,0.46013438500743237,0));
#6865=DIRECTION('',(0.8351671562152249,-0.5499962010590381,0));
#6866=FACE_SURFACE('',(#6871),#6867,.T.);
#6867=PLANE('',#6868);
#6868=AXIS2_PLACEMENT_3D('',#458,#6869,#6870);
#6869=DIRECTION('',(0,0,1));
#6870=DIRECTION('',(-0.9645602785928298,0.26386259484990016,0));
#6871=FACE_BOUND('',#6872,.T.);
#6872=EDGE_LOOP('',(#6873,#6874,#6875));
#6873=ORIENTED_EDGE('',*,*,#6876,.T.);
#6874=ORIENTED_EDGE('',*,*,#6877,.T.);
#6875=ORIENTED_EDGE('',*,*,#6878,.T.);
#6876=EDGE_CURVE('',#459,#467,#6879,.F.);
#6877=EDGE_CURVE('',#467,#475,#6880,.T.);
#6878=EDGE_CURVE('',#475,#459,#6881,.T.);
#6879=LINE('',#458,#6882);
#6880=LINE('',#466,#6883);
#6881=LINE('',#474,#6884);
#6882=VECTOR('',#6885,1.0);
#6883=VECTOR('',#6886,1.0);
#6884=VECTOR('',#6887,1.0);
#6885=DIRECTION('',(-0.9645602785928298,0.26386259484990016,0));
#6886=DIRECTION('',(-0.998567570036493,0.05350521536648402,0));
#6887=DIRECTION('',(0.987153146816752,-0.1597769217683952,0));
#6888=FACE_SURFACE('',(#6893),#6889,.T.);
#6889=PLANE('',#6890);
#6890=AXIS2_PLACEMENT_3D('',#474,#6891,#6892);
#6891=DIRECTION('',(0,0,1));
#6892=DIRECTION('',(-0.9871532097459643,-0.15977653297102232,0));
#6893=FACE_BOUND('',#6894,.T.);
#6894=EDGE_LOOP('',(#6895,#6896,#6897));
#6895=ORIENTED_EDGE('',*,*,#6898,.T.);
#6896=ORIENTED_EDGE('',*,*,#6899,.T.);
#6897=ORIENTED_EDGE('',*,*,#6900,.T.);
#6898=EDGE_CURVE('',#475,#483,#6901,.F.);
#6899=EDGE_CURVE('',#483,#491,#6902,.T.);
#6900=EDGE_CURVE('',#491,#475,#6903,.T.);
#6901=LINE('',#474,#6904);
#6902=LINE('',#482,#6905);
#6903=LINE('',#490,#6906);
#6904=VECTOR('',#6907,1.0);
#6905=VECTOR('',#6908,1.0);
#6906=VECTOR('',#6909,1.0);
#6907=DIRECTION('',(-0.9871532097459643,-0.15977653297102232,0));
#6908=DIRECTION('',(-0.9312441353305877,-0.3643958841869457,0));
#6909=DIRECTION('',(0.9645602806879069,0.263862587191262,0));
#6910=FACE_SURFACE('',(#6915),#6911,.T.);
#6911=PLANE('',#6912);
#6912=AXIS2_PLACEMENT_3D('',#490,#6913,#6914);
#6913=DIRECTION('',(0,0,1));
#6914=DIRECTION('',(-0.8351667267297855,-0.5499968532305032,0));
#6915=FACE_BOUND('',#6916,.T.);
#6916=EDGE_LOOP('',(#6917,#6918,#6919));
#6917=ORIENTED_EDGE('',*,*,#6920,.T.);
#6918=ORIENTED_EDGE('',*,*,#6921,.T.);
#6919=ORIENTED_EDGE('',*,*,#6922,.T.);
#6920=EDGE_CURVE('',#491,#499,#6923,.F.);
#6921=EDGE_CURVE('',#499,#507,#6924,.T.);
#6922=EDGE_CURVE('',#507,#491,#6925,.T.);
#6923=LINE('',#490,#6926);
#6924=LINE('',#498,#6927);
#6925=LINE('',#506,#6928);
#6926=VECTOR('',#6929,1.0);
#6927=VECTOR('',#6930,1.0);
#6928=VECTOR('',#6931,1.0);
#6929=DIRECTION('',(-0.8351667267297855,-0.5499968532305032,0));
#6930=DIRECTION('',(-0.7055827141267452,-0.7086275703961396,0));
#6931=DIRECTION('',(0.7740933954991182,0.6330714138583781,0));
#6932=FACE_SURFACE('',(#6937),#6933,.T.);
#6933=PLANE('',#6934);
#6934=AXIS2_PLACEMENT_3D('',#506,#6935,#6936);
#6935=DIRECTION('',(0,0,1));
#6936=DIRECTION('',(-0.5501287243750445,-0.8350798684063019,0));
#6937=FACE_BOUND('',#6938,.T.);
#6938=EDGE_LOOP('',(#6939,#6940,#6941));
#6939=ORIENTED_EDGE('',*,*,#6942,.T.);
#6940=ORIENTED_EDGE('',*,*,#6943,.T.);
#6941=ORIENTED_EDGE('',*,*,#6944,.T.);
#6942=EDGE_CURVE('',#507,#515,#6945,.F.);
#6943=EDGE_CURVE('',#515,#523,#6946,.T.);
#6944=EDGE_CURVE('',#523,#507,#6947,.T.);
#6945=LINE('',#506,#6948);
#6946=LINE('',#514,#6949);
#6947=LINE('',#522,#6950);
#6948=VECTOR('',#6951,1.0);
#6949=VECTOR('',#6952,1.0);
#6950=VECTOR('',#6953,1.0);
#6951=DIRECTION('',(-0.5501287243750445,-0.8350798684063019,0));
#6952=DIRECTION('',(-0.376312219256745,-0.9264929107327609,0));
#6953=DIRECTION('',(0.465071376202905,0.8852731866699319,0));
#6954=FACE_SURFACE('',(#6959),#6955,.T.);
#6955=PLANE('',#6956);
#6956=AXIS2_PLACEMENT_3D('',#522,#6957,#6958);
#6957=DIRECTION('',(0,0,1));
#6958=DIRECTION('',(-0.19093007306856027,-0.9816036405790446,0));
#6959=FACE_BOUND('',#6960,.T.);
#6960=EDGE_LOOP('',(#6961,#6962,#6963));
#6961=ORIENTED_EDGE('',*,*,#6964,.T.);
#6962=ORIENTED_EDGE('',*,*,#6965,.T.);
#6963=ORIENTED_EDGE('',*,*,#6966,.T.);
#6964=EDGE_CURVE('',#523,#347,#6967,.F.);
#6965=EDGE_CURVE('',#347,#137,#6968,.T.);
#6966=EDGE_CURVE('',#137,#523,#6969,.T.);
#6967=LINE('',#522,#6970);
#6968=LINE('',#346,#6971);
#6969=LINE('',#136,#6972);
#6970=VECTOR('',#6973,1.0);
#6971=VECTOR('',#6974,1.0);
#6972=VECTOR('',#6975,1.0);
#6973=DIRECTION('',(-0.19093007306856027,-0.9816036405790446,0));
#6974=DIRECTION('',(0.030278947238691758,-0.9995414875602296,0));
#6975=DIRECTION('',(0,1,0));
#6976=FACE_SURFACE('',(#6981),#6977,.T.);
#6977=PLANE('',#6978);
#6978=AXIS2_PLACEMENT_3D('',#136,#6979,#6980);
#6979=DIRECTION('',(0,0,1));
#6980=DIRECTION('',(0.46507156461753824,-0.8852730876877456,0));
#6981=FACE_BOUND('',#6982,.T.);
#6982=EDGE_LOOP('',(#6983,#6984,#6985));
#6983=ORIENTED_EDGE('',*,*,#6986,.T.);
#6984=ORIENTED_EDGE('',*,*,#6987,.T.);
#6985=ORIENTED_EDGE('',*,*,#6988,.T.);
#6986=EDGE_CURVE('',#137,#103,#6989,.F.);
#6987=EDGE_CURVE('',#103,#71,#6990,.T.);
#6988=EDGE_CURVE('',#71,#137,#6991,.T.);
#6989=LINE('',#136,#6992);
#6990=LINE('',#102,#6993);
#6991=LINE('',#70,#6994);
#6992=VECTOR('',#6995,1.0);
#6993=VECTOR('',#6996,1.0);
#6994=VECTOR('',#6997,1.0);
#6995=DIRECTION('',(0.46507156461753824,-0.8852730876877456,0));
#6996=DIRECTION('',(0.7740932809567745,-0.6330715539159661,0));
#6997=DIRECTION('',(-0.6306071996650422,0.776102158050481,0));
#6998=FACE_SURFACE('',(#7003),#6999,.T.);
#6999=PLANE('',#7000);
#7000=AXIS2_PLACEMENT_3D('',#70,#7001,#7002);
#7001=DIRECTION('',(0,0,1));
#7002=DIRECTION('',(0.9645603412368148,-0.26386236585219786,0));
#7003=FACE_BOUND('',#7004,.T.);
#7004=EDGE_LOOP('',(#7005,#7006,#7007));
#7005=ORIENTED_EDGE('',*,*,#7008,.T.);
#7006=ORIENTED_EDGE('',*,*,#7009,.T.);
#7007=ORIENTED_EDGE('',*,*,#7010,.T.);
#7008=EDGE_CURVE('',#71,#35,#7011,.F.);
#7009=EDGE_CURVE('',#35,#363,#7012,.T.);
#7010=EDGE_CURVE('',#363,#71,#7013,.T.);
#7011=LINE('',#70,#7014);
#7012=LINE('',#34,#7015);
#7013=LINE('',#362,#7016);
#7014=VECTOR('',#7017,1.0);
#7015=VECTOR('',#7018,1.0);
#7016=VECTOR('',#7019,1.0);
#7017=DIRECTION('',(0.9645603412368148,-0.26386236585219786,0));
#7018=DIRECTION('',(0.987153184426458,0.15977668940337722,0));
#7019=DIRECTION('',(-0.9985675889845133,0.0535048617385014,0));
#7020=FACE_SURFACE('',(#7025),#7021,.T.);
#7021=PLANE('',#7022);
#7022=AXIS2_PLACEMENT_3D('',#362,#7023,#7024);
#7023=DIRECTION('',(0,0,1));
#7024=DIRECTION('',(0.8351670482806042,0.5499963649573176,0));
#7025=FACE_BOUND('',#7026,.T.);
#7026=EDGE_LOOP('',(#7027,#7028,#7029));
#7027=ORIENTED_EDGE('',*,*,#7030,.T.);
#7028=ORIENTED_EDGE('',*,*,#7031,.T.);
#7029=ORIENTED_EDGE('',*,*,#7032,.T.);
#7030=EDGE_CURVE('',#363,#379,#7033,.F.);
#7031=EDGE_CURVE('',#379,#395,#7034,.T.);
#7032=EDGE_CURVE('',#395,#363,#7035,.T.);
#7033=LINE('',#362,#7036);
#7034=LINE('',#378,#7037);
#7035=LINE('',#394,#7038);
#7036=VECTOR('',#7039,1.0);
#7037=VECTOR('',#7040,1.0);
#7038=VECTOR('',#7041,1.0);
#7039=DIRECTION('',(0.8351670482806042,0.5499963649573176,0));
#7040=DIRECTION('',(0.5501285665002498,0.8350799724100563,0));
#7041=DIRECTION('',(-0.705582408189303,-0.7086278750188872,0));
#7042=FACE_SURFACE('',(#7047),#7043,.T.);
#7043=PLANE('',#7044);
#7044=AXIS2_PLACEMENT_3D('',#394,#7045,#7046);
#7045=DIRECTION('',(0,0,1));
#7046=DIRECTION('',(0.1909293208087724,0.9816037868995315,0));
#7047=FACE_BOUND('',#7048,.T.);
#7048=EDGE_LOOP('',(#7049,#7050,#7051));
#7049=ORIENTED_EDGE('',*,*,#7052,.T.);
#7050=ORIENTED_EDGE('',*,*,#7053,.T.);
#7051=ORIENTED_EDGE('',*,*,#7054,.T.);
#7052=EDGE_CURVE('',#395,#411,#7055,.F.);
#7053=EDGE_CURVE('',#411,#427,#7056,.T.);
#7054=EDGE_CURVE('',#427,#395,#7057,.T.);
#7055=LINE('',#394,#7058);
#7056=LINE('',#410,#7059);
#7057=LINE('',#426,#7060);
#7058=VECTOR('',#7061,1.0);
#7059=VECTOR('',#7062,1.0);
#7060=VECTOR('',#7063,1.0);
#7061=DIRECTION('',(0.1909293208087724,0.9816037868995315,0));
#7062=DIRECTION('',(-0.06045772905053439,0.9981707584366777,0));
#7063=DIRECTION('',(0,-1,0));
#7064=FACE_SURFACE('',(#7069),#7065,.T.);
#7065=PLANE('',#7066);
#7066=AXIS2_PLACEMENT_3D('',#426,#7067,#7068);
#7067=DIRECTION('',(0,0,1));
#7068=DIRECTION('',(-0.5501285665002498,0.8350799724100563,0));
#7069=FACE_BOUND('',#7070,.T.);
#7070=EDGE_LOOP('',(#7071,#7072,#7073));
#7071=ORIENTED_EDGE('',*,*,#7074,.T.);
#7072=ORIENTED_EDGE('',*,*,#7075,.T.);
#7073=ORIENTED_EDGE('',*,*,#7076,.T.);
#7074=EDGE_CURVE('',#427,#443,#7077,.F.);
#7075=EDGE_CURVE('',#443,#459,#7078,.T.);
#7076=EDGE_CURVE('',#459,#427,#7079,.T.);
#7077=LINE('',#426,#7080);
#7078=LINE('',#442,#7081);
#7079=LINE('',#458,#7082);
#7080=VECTOR('',#7083,1.0);
#7081=VECTOR('',#7084,1.0);
#7082=VECTOR('',#7085,1.0);
#7083=DIRECTION('',(-0.5501285665002498,0.8350799724100563,0));
#7084=DIRECTION('',(-0.8351671562152249,0.5499962010590381,0));
#7085=DIRECTION('',(0.7055824675135273,-0.7086278159496155,0));
#7086=FACE_SURFACE('',(#7091),#7087,.T.);
#7087=PLANE('',#7088);
#7088=AXIS2_PLACEMENT_3D('',#458,#7089,#7090);
#7089=DIRECTION('',(0,0,1));
#7090=DIRECTION('',(-0.987153146816752,0.1597769217683952,0));
#7091=FACE_BOUND('',#7092,.T.);
#7092=EDGE_LOOP('',(#7093,#7094,#7095));
#7093=ORIENTED_EDGE('',*,*,#7096,.T.);
#7094=ORIENTED_EDGE('',*,*,#7097,.T.);
#7095=ORIENTED_EDGE('',*,*,#7098,.T.);
#7096=EDGE_CURVE('',#459,#475,#7099,.F.);
#7097=EDGE_CURVE('',#475,#491,#7100,.T.);
#7098=EDGE_CURVE('',#491,#459,#7101,.T.);
#7099=LINE('',#458,#7102);
#7100=LINE('',#474,#7103);
#7101=LINE('',#490,#7104);
#7102=VECTOR('',#7105,1.0);
#7103=VECTOR('',#7106,1.0);
#7104=VECTOR('',#7107,1.0);
#7105=DIRECTION('',(-0.987153146816752,0.1597769217683952,0));
#7106=DIRECTION('',(-0.9645602806879069,-0.263862587191262,0));
#7107=DIRECTION('',(0.9985675889845133,0.0535048617385014,0));
#7108=FACE_SURFACE('',(#7113),#7109,.T.);
#7109=PLANE('',#7110);
#7110=AXIS2_PLACEMENT_3D('',#490,#7111,#7112);
#7111=DIRECTION('',(0,0,1));
#7112=DIRECTION('',(-0.7740933954991182,-0.6330714138583781,0));
#7113=FACE_BOUND('',#7114,.T.);
#7114=EDGE_LOOP('',(#7115,#7116,#7117));
#7115=ORIENTED_EDGE('',*,*,#7118,.T.);
#7116=ORIENTED_EDGE('',*,*,#7119,.T.);
#7117=ORIENTED_EDGE('',*,*,#7120,.T.);
#7118=EDGE_CURVE('',#491,#507,#7121,.F.);
#7119=EDGE_CURVE('',#507,#523,#7122,.T.);
#7120=EDGE_CURVE('',#523,#491,#7123,.T.);
#7121=LINE('',#490,#7124);
#7122=LINE('',#506,#7125);
#7123=LINE('',#522,#7126);
#7124=VECTOR('',#7127,1.0);
#7125=VECTOR('',#7128,1.0);
#7126=VECTOR('',#7129,1.0);
#7127=DIRECTION('',(-0.7740933954991182,-0.6330714138583781,0));
#7128=DIRECTION('',(-0.465071376202905,-0.8852731866699319,0));
#7129=DIRECTION('',(0.6306071419166913,0.7761022049728129,0));
#7130=FACE_SURFACE('',(#7135),#7131,.T.);
#7131=PLANE('',#7132);
#7132=AXIS2_PLACEMENT_3D('',#522,#7133,#7134);
#7133=DIRECTION('',(0,0,1));
#7134=DIRECTION('',(0,-1,0));
#7135=FACE_BOUND('',#7136,.T.);
#7136=EDGE_LOOP('',(#7137,#7138,#7139));
#7137=ORIENTED_EDGE('',*,*,#7140,.T.);
#7138=ORIENTED_EDGE('',*,*,#7141,.T.);
#7139=ORIENTED_EDGE('',*,*,#7142,.T.);
#7140=EDGE_CURVE('',#523,#137,#7143,.F.);
#7141=EDGE_CURVE('',#137,#71,#7144,.T.);
#7142=EDGE_CURVE('',#71,#523,#7145,.T.);
#7143=LINE('',#522,#7146);
#7144=LINE('',#136,#7147);
#7145=LINE('',#70,#7148);
#7146=VECTOR('',#7149,1.0);
#7147=VECTOR('',#7150,1.0);
#7148=VECTOR('',#7151,1.0);
#7149=DIRECTION('',(0,-1,0));
#7150=DIRECTION('',(0.6306071996650422,-0.776102158050481,0));
#7151=DIRECTION('',(-0.22876043817180336,0.9734827486542555,0));
#7152=FACE_SURFACE('',(#7157),#7153,.T.);
#7153=PLANE('',#7154);
#7154=AXIS2_PLACEMENT_3D('',#70,#7155,#7156);
#7155=DIRECTION('',(-0,0,1));
#7156=DIRECTION('',(0.9985675889845133,-0.0535048617385014,0));
#7157=FACE_BOUND('',#7158,.T.);
#7158=EDGE_LOOP('',(#7159,#7160,#7161));
#7159=ORIENTED_EDGE('',*,*,#7162,.T.);
#7160=ORIENTED_EDGE('',*,*,#7163,.T.);
#7161=ORIENTED_EDGE('',*,*,#7164,.T.);
#7162=EDGE_CURVE('',#71,#363,#7165,.F.);
#7163=EDGE_CURVE('',#363,#395,#7166,.T.);
#7164=EDGE_CURVE('',#395,#71,#7167,.T.);
#7165=LINE('',#70,#7168);
#7166=LINE('',#362,#7169);
#7167=LINE('',#394,#7170);
#7168=VECTOR('',#7171,1.0);
#7169=VECTOR('',#7172,1.0);
#7170=VECTOR('',#7173,1.0);
#7171=DIRECTION('',(0.9985675889845133,-0.0535048617385014,0));
#7172=DIRECTION('',(0.705582408189303,0.7086278750188872,0));
#7173=DIRECTION('',(-0.9312443172804699,-0.3643954191984741,0));
#7174=FACE_SURFACE('',(#7179),#7175,.T.);
#7175=PLANE('',#7176);
#7176=AXIS2_PLACEMENT_3D('',#394,#7177,#7178);
#7177=DIRECTION('',(0,-0,1));
#7178=DIRECTION('',(0,1,0));
#7179=FACE_BOUND('',#7180,.T.);
#7180=EDGE_LOOP('',(#7181,#7182,#7183));
#7181=ORIENTED_EDGE('',*,*,#7184,.T.);
#7182=ORIENTED_EDGE('',*,*,#7185,.T.);
#7183=ORIENTED_EDGE('',*,*,#7186,.T.);
#7184=EDGE_CURVE('',#395,#427,#7187,.F.);
#7185=EDGE_CURVE('',#427,#459,#7188,.T.);
#7186=EDGE_CURVE('',#459,#395,#7189,.T.);
#7187=LINE('',#394,#7190);
#7188=LINE('',#426,#7191);
#7189=LINE('',#458,#7192);
#7190=VECTOR('',#7193,1.0);
#7191=VECTOR('',#7194,1.0);
#7192=VECTOR('',#7195,1.0);
#7193=DIRECTION('',(0,1,0));
#7194=DIRECTION('',(-0.7055824675135273,0.7086278159496155,0));
#7195=DIRECTION('',(0.23839405909648909,-0.9711685088528663,0));
#7196=FACE_SURFACE('',(#7201),#7197,.T.);
#7197=PLANE('',#7198);
#7198=AXIS2_PLACEMENT_3D('',#458,#7199,#7200);
#7199=DIRECTION('',(0,0,1));
#7200=DIRECTION('',(-0.9985675889845133,-0.0535048617385014,0));
#7201=FACE_BOUND('',#7202,.T.);
#7202=EDGE_LOOP('',(#7203,#7204,#7205));
#7203=ORIENTED_EDGE('',*,*,#7206,.T.);
#7204=ORIENTED_EDGE('',*,*,#7207,.T.);
#7205=ORIENTED_EDGE('',*,*,#7208,.T.);
#7206=EDGE_CURVE('',#459,#491,#7209,.F.);
#7207=EDGE_CURVE('',#491,#523,#7210,.T.);
#7208=EDGE_CURVE('',#523,#459,#7211,.T.);
#7209=LINE('',#458,#7212);
#7210=LINE('',#490,#7213);
#7211=LINE('',#522,#7214);
#7212=VECTOR('',#7215,1.0);
#7213=VECTOR('',#7216,1.0);
#7214=VECTOR('',#7217,1.0);
#7215=DIRECTION('',(-0.9985675889845133,-0.0535048617385014,0));
#7216=DIRECTION('',(-0.6306071419166913,-0.7761022049728129,0));
#7217=DIRECTION('',(0.8878491523745989,0.46013463532721194,0));
#7218=FACE_SURFACE('',(#7223),#7219,.T.);
#7219=PLANE('',#7220);
#7220=AXIS2_PLACEMENT_3D('',#522,#7221,#7222);
#7221=DIRECTION('',(0,0,1));
#7222=DIRECTION('',(0.22876043817180336,-0.9734827486542555,0));
#7223=FACE_BOUND('',#7224,.T.);
#7224=EDGE_LOOP('',(#7225,#7226,#7227));
#7225=ORIENTED_EDGE('',*,*,#7228,.T.);
#7226=ORIENTED_EDGE('',*,*,#7229,.T.);
#7227=ORIENTED_EDGE('',*,*,#7230,.T.);
#7228=EDGE_CURVE('',#523,#71,#7231,.F.);
#7229=EDGE_CURVE('',#71,#395,#7232,.T.);
#7230=EDGE_CURVE('',#395,#523,#7233,.T.);
#7231=LINE('',#522,#7234);
#7232=LINE('',#70,#7235);
#7233=LINE('',#394,#7236);
#7234=VECTOR('',#7237,1.0);
#7235=VECTOR('',#7238,1.0);
#7236=VECTOR('',#7239,1.0);
#7237=DIRECTION('',(0.22876043817180336,-0.9734827486542555,0));
#7238=DIRECTION('',(0.9312443172804699,0.3643954191984741,0));
#7239=DIRECTION('',(-0.7495243002928432,0.6619768298592661,0));
#7240=FACE_SURFACE('',(#7245),#7241,.T.);
#7241=PLANE('',#7242);
#7242=AXIS2_PLACEMENT_3D('',#394,#7243,#7244);
#7243=DIRECTION('',(0,0,1));
#7244=DIRECTION('',(-0.23839405909648909,0.9711685088528663,0));
#7245=FACE_BOUND('',#7246,.T.);
#7246=EDGE_LOOP('',(#7247,#7248,#7249));
#7247=ORIENTED_EDGE('',*,*,#7250,.T.);
#7248=ORIENTED_EDGE('',*,*,#7251,.T.);
#7249=ORIENTED_EDGE('',*,*,#7252,.T.);
#7250=EDGE_CURVE('',#395,#459,#7253,.F.);
#7251=EDGE_CURVE('',#459,#523,#7254,.T.);
#7252=EDGE_CURVE('',#523,#395,#7255,.T.);
#7253=LINE('',#394,#7256);
#7254=LINE('',#458,#7257);
#7255=LINE('',#522,#7258);
#7256=VECTOR('',#7259,1.0);
#7257=VECTOR('',#7260,1.0);
#7258=VECTOR('',#7261,1.0);
#7259=DIRECTION('',(-0.23839405909648909,0.9711685088528663,0));
#7260=DIRECTION('',(-0.8878491523745989,-0.46013463532721194,0));
#7261=DIRECTION('',(0.7495243002928432,-0.6619768298592661,0));
#7262=FACE_SURFACE('',(#7267),#7263,.T.);
#7263=PLANE('',#7264);
#7264=AXIS2_PLACEMENT_3D('',#210,#7265,#7266);
#7265=DIRECTION('',(-0.9974124116116213,0.07189214952336327,0));
#7266=DIRECTION('',(-0.07189214952336327,-0.9974124116116214,0));
#7267=FACE_BOUND('',#7268,.T.);
#7268=EDGE_LOOP('',(#7269,#7270,#7271));
#7269=ORIENTED_EDGE('',*,*,#7272,.T.);
#7270=ORIENTED_EDGE('',*,*,#7273,.T.);
#7271=ORIENTED_EDGE('',*,*,#7274,.T.);
#7272=EDGE_CURVE('',#211,#209,#7275,.F.);
#7273=EDGE_CURVE('',#209,#349,#7276,.T.);
#7274=EDGE_CURVE('',#349,#211,#7277,.T.);
#7275=LINE('',#210,#7278);
#7276=LINE('',#208,#7279);
#7277=LINE('',#348,#7280);
#7278=VECTOR('',#7281,1.0);
#7279=VECTOR('',#7282,1.0);
#7280=VECTOR('',#7283,1.0);
#7281=DIRECTION('',(-0.07189214952336327,-0.9974124116116214,0));
#7282=DIRECTION('',(0,0,1));
#7283=DIRECTION('',(0.03175691912052136,0.44058698335429325,-0.897148041399376));
#7284=FACE_SURFACE('',(#7289),#7285,.T.);
#7285=PLANE('',#7286);
#7286=AXIS2_PLACEMENT_3D('',#210,#7287,#7288);
#7287=DIRECTION('',(-0.9974124116116213,0.07189214952336327,0));
#7288=DIRECTION('',(-0.03175691912052136,-0.44058698335429325,0.897148041399376));
#7289=FACE_BOUND('',#7290,.T.);
#7290=EDGE_LOOP('',(#7291,#7292,#7293));
#7291=ORIENTED_EDGE('',*,*,#7294,.T.);
#7292=ORIENTED_EDGE('',*,*,#7295,.T.);
#7293=ORIENTED_EDGE('',*,*,#7296,.T.);
#7294=EDGE_CURVE('',#211,#349,#7297,.F.);
#7295=EDGE_CURVE('',#349,#347,#7298,.T.);
#7296=EDGE_CURVE('',#347,#211,#7299,.T.);
#7297=LINE('',#210,#7300);
#7298=LINE('',#348,#7301);
#7299=LINE('',#346,#7302);
#7300=VECTOR('',#7303,1.0);
#7301=VECTOR('',#7304,1.0);
#7302=VECTOR('',#7305,1.0);
#7303=DIRECTION('',(-0.03175691912052136,-0.44058698335429325,0.897148041399376));
#7304=DIRECTION('',(0.07189214952336327,0.9974124116116214,0));
#7305=DIRECTION('',(0,0,-1));
#7306=FACE_SURFACE('',(#7311),#7307,.T.);
#7307=PLANE('',#7308);
#7308=AXIS2_PLACEMENT_3D('',#212,#7309,#7310);
#7309=DIRECTION('',(-0.9928128871678684,0.11967694461925894,0));
#7310=DIRECTION('',(-0.11967694461925896,-0.9928128871678685,0));
#7311=FACE_BOUND('',#7312,.T.);
#7312=EDGE_LOOP('',(#7313,#7314,#7315));
#7313=ORIENTED_EDGE('',*,*,#7316,.T.);
#7314=ORIENTED_EDGE('',*,*,#7317,.T.);
#7315=ORIENTED_EDGE('',*,*,#7318,.T.);
#7316=EDGE_CURVE('',#213,#211,#7319,.F.);
#7317=EDGE_CURVE('',#211,#347,#7320,.T.);
#7318=EDGE_CURVE('',#347,#213,#7321,.T.);
#7319=LINE('',#212,#7322);
#7320=LINE('',#210,#7323);
#7321=LINE('',#346,#7324);
#7322=VECTOR('',#7325,1.0);
#7323=VECTOR('',#7326,1.0);
#7324=VECTOR('',#7327,1.0);
#7325=DIRECTION('',(-0.11967694461925896,-0.9928128871678685,0));
#7326=DIRECTION('',(0,0,1));
#7327=DIRECTION('',(0.05284218471030608,0.4383668227276441,-0.8972414570486096));
#7328=FACE_SURFACE('',(#7333),#7329,.T.);
#7329=PLANE('',#7330);
#7330=AXIS2_PLACEMENT_3D('',#212,#7331,#7332);
#7331=DIRECTION('',(-0.9928128871678684,0.11967694461925894,0));
#7332=DIRECTION('',(-0.05284218471030608,-0.4383668227276441,0.8972414570486096));
#7333=FACE_BOUND('',#7334,.T.);
#7334=EDGE_LOOP('',(#7335,#7336,#7337));
#7335=ORIENTED_EDGE('',*,*,#7338,.T.);
#7336=ORIENTED_EDGE('',*,*,#7339,.T.);
#7337=ORIENTED_EDGE('',*,*,#7340,.T.);
#7338=EDGE_CURVE('',#213,#347,#7341,.F.);
#7339=EDGE_CURVE('',#347,#529,#7342,.T.);
#7340=EDGE_CURVE('',#529,#213,#7343,.T.);
#7341=LINE('',#212,#7344);
#7342=LINE('',#346,#7345);
#7343=LINE('',#528,#7346);
#7344=VECTOR('',#7347,1.0);
#7345=VECTOR('',#7348,1.0);
#7346=VECTOR('',#7349,1.0);
#7347=DIRECTION('',(-0.05284218471030608,-0.4383668227276441,0.8972414570486096));
#7348=DIRECTION('',(0.11967694461925896,0.9928128871678685,0));
#7349=DIRECTION('',(0,0,-1));
#7350=FACE_SURFACE('',(#7355),#7351,.T.);
#7351=PLANE('',#7352);
#7352=AXIS2_PLACEMENT_3D('',#214,#7353,#7354);
#7353=DIRECTION('',(-0.9859142615958394,0.1672515135415252,0));
#7354=DIRECTION('',(-0.16725151354152518,-0.9859142615958393,0));
#7355=FACE_BOUND('',#7356,.T.);
#7356=EDGE_LOOP('',(#7357,#7358,#7359));
#7357=ORIENTED_EDGE('',*,*,#7360,.T.);
#7358=ORIENTED_EDGE('',*,*,#7361,.T.);
#7359=ORIENTED_EDGE('',*,*,#7362,.T.);
#7360=EDGE_CURVE('',#215,#213,#7363,.F.);
#7361=EDGE_CURVE('',#213,#529,#7364,.T.);
#7362=EDGE_CURVE('',#529,#215,#7365,.T.);
#7363=LINE('',#214,#7366);
#7364=LINE('',#212,#7367);
#7365=LINE('',#528,#7368);
#7366=VECTOR('',#7369,1.0);
#7367=VECTOR('',#7370,1.0);
#7368=VECTOR('',#7371,1.0);
#7369=DIRECTION('',(-0.16725151354152518,-0.9859142615958393,0));
#7370=DIRECTION('',(0,0,1));
#7371=DIRECTION('',(0.07380137394727278,0.43504435660558943,-0.8973793874327199));
#7372=FACE_SURFACE('',(#7377),#7373,.T.);
#7373=PLANE('',#7374);
#7374=AXIS2_PLACEMENT_3D('',#214,#7375,#7376);
#7375=DIRECTION('',(-0.9859142615958394,0.1672515135415252,0));
#7376=DIRECTION('',(-0.07380137394727278,-0.43504435660558943,0.8973793874327199));
#7377=FACE_BOUND('',#7378,.T.);
#7378=EDGE_LOOP('',(#7379,#7380,#7381));
#7379=ORIENTED_EDGE('',*,*,#7382,.T.);
#7380=ORIENTED_EDGE('',*,*,#7383,.T.);
#7381=ORIENTED_EDGE('',*,*,#7384,.T.);
#7382=EDGE_CURVE('',#215,#529,#7385,.F.);
#7383=EDGE_CURVE('',#529,#527,#7386,.T.);
#7384=EDGE_CURVE('',#527,#215,#7387,.T.);
#7385=LINE('',#214,#7388);
#7386=LINE('',#528,#7389);
#7387=LINE('',#526,#7390);
#7388=VECTOR('',#7391,1.0);
#7389=VECTOR('',#7392,1.0);
#7390=VECTOR('',#7393,1.0);
#7391=DIRECTION('',(-0.07380137394727278,-0.43504435660558943,0.8973793874327199));
#7392=DIRECTION('',(0.16725151354152518,0.9859142615958393,0));
#7393=DIRECTION('',(0,0,-1));
#7394=FACE_SURFACE('',(#7399),#7395,.T.);
#7395=PLANE('',#7396);
#7396=AXIS2_PLACEMENT_3D('',#216,#7397,#7398);
#7397=DIRECTION('',(-0.9767190537136532,0.2145224699482685,0));
#7398=DIRECTION('',(-0.2145224699482685,-0.9767190537136532,0));
#7399=FACE_BOUND('',#7400,.T.);
#7400=EDGE_LOOP('',(#7401,#7402,#7403));
#7401=ORIENTED_EDGE('',*,*,#7404,.T.);
#7402=ORIENTED_EDGE('',*,*,#7405,.T.);
#7403=ORIENTED_EDGE('',*,*,#7406,.T.);
#7404=EDGE_CURVE('',#217,#215,#7407,.F.);
#7405=EDGE_CURVE('',#215,#527,#7408,.T.);
#7406=EDGE_CURVE('',#527,#217,#7409,.T.);
#7407=LINE('',#216,#7410);
#7408=LINE('',#214,#7411);
#7409=LINE('',#526,#7412);
#7410=VECTOR('',#7413,1.0);
#7411=VECTOR('',#7414,1.0);
#7412=VECTOR('',#7415,1.0);
#7413=DIRECTION('',(-0.2145224699482685,-0.9767190537136532,0));
#7414=DIRECTION('',(0,0,1));
#7415=DIRECTION('',(0.09458040989781316,0.4306238338460224,-0.897562064587912));
#7416=FACE_SURFACE('',(#7421),#7417,.T.);
#7417=PLANE('',#7418);
#7418=AXIS2_PLACEMENT_3D('',#216,#7419,#7420);
#7419=DIRECTION('',(-0.9767190537136532,0.2145224699482685,0));
#7420=DIRECTION('',(-0.09458040989781316,-0.4306238338460224,0.897562064587912));
#7421=FACE_BOUND('',#7422,.T.);
#7422=EDGE_LOOP('',(#7423,#7424,#7425));
#7423=ORIENTED_EDGE('',*,*,#7426,.T.);
#7424=ORIENTED_EDGE('',*,*,#7427,.T.);
#7425=ORIENTED_EDGE('',*,*,#7428,.T.);
#7426=EDGE_CURVE('',#217,#527,#7429,.F.);
#7427=EDGE_CURVE('',#527,#525,#7430,.T.);
#7428=EDGE_CURVE('',#525,#217,#7431,.T.);
#7429=LINE('',#216,#7432);
#7430=LINE('',#526,#7433);
#7431=LINE('',#524,#7434);
#7432=VECTOR('',#7435,1.0);
#7433=VECTOR('',#7436,1.0);
#7434=VECTOR('',#7437,1.0);
#7435=DIRECTION('',(-0.09458040989781316,-0.4306238338460224,0.897562064587912));
#7436=DIRECTION('',(0.2145224699482685,0.9767190537136532,0));
#7437=DIRECTION('',(0,0,-1));
#7438=FACE_SURFACE('',(#7443),#7439,.T.);
#7439=PLANE('',#7440);
#7440=AXIS2_PLACEMENT_3D('',#218,#7441,#7442);
#7441=DIRECTION('',(-0.9652282484322549,0.2614085469689188,0));
#7442=DIRECTION('',(-0.2614085469689188,-0.9652282484322549,0));
#7443=FACE_BOUND('',#7444,.T.);
#7444=EDGE_LOOP('',(#7445,#7446,#7447));
#7445=ORIENTED_EDGE('',*,*,#7448,.T.);
#7446=ORIENTED_EDGE('',*,*,#7449,.T.);
#7447=ORIENTED_EDGE('',*,*,#7450,.T.);
#7448=EDGE_CURVE('',#219,#217,#7451,.F.);
#7449=EDGE_CURVE('',#217,#525,#7452,.T.);
#7450=EDGE_CURVE('',#525,#219,#7453,.T.);
#7451=LINE('',#218,#7454);
#7452=LINE('',#216,#7455);
#7453=LINE('',#524,#7456);
#7454=VECTOR('',#7457,1.0);
#7455=VECTOR('',#7458,1.0);
#7456=VECTOR('',#7459,1.0);
#7457=DIRECTION('',(-0.2614085469689188,-0.9652282484322549,0));
#7458=DIRECTION('',(0,0,1));
#7459=DIRECTION('',(0.11513197651989801,0.42511477655723984,-0.8977873104111629));
#7460=FACE_SURFACE('',(#7465),#7461,.T.);
#7461=PLANE('',#7462);
#7462=AXIS2_PLACEMENT_3D('',#218,#7463,#7464);
#7463=DIRECTION('',(-0.9652282484322549,0.2614085469689188,0));
#7464=DIRECTION('',(-0.11513197651989801,-0.42511477655723984,0.8977873104111629));
#7465=FACE_BOUND('',#7466,.T.);
#7466=EDGE_LOOP('',(#7467,#7468,#7469));
#7467=ORIENTED_EDGE('',*,*,#7470,.T.);
#7468=ORIENTED_EDGE('',*,*,#7471,.T.);
#7469=ORIENTED_EDGE('',*,*,#7472,.T.);
#7470=EDGE_CURVE('',#219,#525,#7473,.F.);
#7471=EDGE_CURVE('',#525,#523,#7474,.T.);
#7472=EDGE_CURVE('',#523,#219,#7475,.T.);
#7473=LINE('',#218,#7476);
#7474=LINE('',#524,#7477);
#7475=LINE('',#522,#7478);
#7476=VECTOR('',#7479,1.0);
#7477=VECTOR('',#7480,1.0);
#7478=VECTOR('',#7481,1.0);
#7479=DIRECTION('',(-0.11513197651989801,-0.42511477655723984,0.8977873104111629));
#7480=DIRECTION('',(0.2614085469689188,0.9652282484322549,0));
#7481=DIRECTION('',(0,0,-1));
#7482=FACE_SURFACE('',(#7487),#7483,.T.);
#7483=PLANE('',#7484);
#7484=AXIS2_PLACEMENT_3D('',#220,#7485,#7486);
#7485=DIRECTION('',(-0.9514478780980776,0.3078099011771153,0));
#7486=DIRECTION('',(-0.3078099011771154,-0.9514478780980777,0));
#7487=FACE_BOUND('',#7488,.T.);
#7488=EDGE_LOOP('',(#7489,#7490,#7491));
#7489=ORIENTED_EDGE('',*,*,#7492,.T.);
#7490=ORIENTED_EDGE('',*,*,#7493,.T.);
#7491=ORIENTED_EDGE('',*,*,#7494,.T.);
#7492=EDGE_CURVE('',#221,#219,#7495,.F.);
#7493=EDGE_CURVE('',#219,#523,#7496,.T.);
#7494=EDGE_CURVE('',#523,#221,#7497,.T.);
#7495=LINE('',#220,#7498);
#7496=LINE('',#218,#7499);
#7497=LINE('',#522,#7500);
#7498=VECTOR('',#7501,1.0);
#7499=VECTOR('',#7502,1.0);
#7500=VECTOR('',#7503,1.0);
#7501=DIRECTION('',(-0.3078099011771154,-0.9514478780980777,0));
#7502=DIRECTION('',(0,0,1));
#7503=DIRECTION('',(0.13540265257725234,0.4185328866641926,-0.8980514152628357));
#7504=FACE_SURFACE('',(#7509),#7505,.T.);
#7505=PLANE('',#7506);
#7506=AXIS2_PLACEMENT_3D('',#220,#7507,#7508);
#7507=DIRECTION('',(-0.9514478780980776,0.3078099011771153,0));
#7508=DIRECTION('',(-0.13540265257725234,-0.4185328866641926,0.8980514152628357));
#7509=FACE_BOUND('',#7510,.T.);
#7510=EDGE_LOOP('',(#7511,#7512,#7513));
#7511=ORIENTED_EDGE('',*,*,#7514,.T.);
#7512=ORIENTED_EDGE('',*,*,#7515,.T.);
#7513=ORIENTED_EDGE('',*,*,#7516,.T.);
#7514=EDGE_CURVE('',#221,#523,#7517,.F.);
#7515=EDGE_CURVE('',#523,#521,#7518,.T.);
#7516=EDGE_CURVE('',#521,#221,#7519,.T.);
#7517=LINE('',#220,#7520);
#7518=LINE('',#522,#7521);
#7519=LINE('',#520,#7522);
#7520=VECTOR('',#7523,1.0);
#7521=VECTOR('',#7524,1.0);
#7522=VECTOR('',#7525,1.0);
#7523=DIRECTION('',(-0.13540265257725234,-0.4185328866641926,0.8980514152628357));
#7524=DIRECTION('',(0.3078099011771154,0.9514478780980777,0));
#7525=DIRECTION('',(0,0,-1));
#7526=FACE_SURFACE('',(#7531),#7527,.T.);
#7527=PLANE('',#7528);
#7528=AXIS2_PLACEMENT_3D('',#222,#7529,#7530);
#7529=DIRECTION('',(-0.9353817550828252,0.35363960787526844,0));
#7530=DIRECTION('',(-0.35363960787526844,-0.9353817550828252,0));
#7531=FACE_BOUND('',#7532,.T.);
#7532=EDGE_LOOP('',(#7533,#7534,#7535));
#7533=ORIENTED_EDGE('',*,*,#7536,.T.);
#7534=ORIENTED_EDGE('',*,*,#7537,.T.);
#7535=ORIENTED_EDGE('',*,*,#7538,.T.);
#7536=EDGE_CURVE('',#223,#221,#7539,.F.);
#7537=EDGE_CURVE('',#221,#521,#7540,.T.);
#7538=EDGE_CURVE('',#521,#223,#7541,.T.);
#7539=LINE('',#222,#7542);
#7540=LINE('',#220,#7543);
#7541=LINE('',#520,#7544);
#7542=VECTOR('',#7545,1.0);
#7543=VECTOR('',#7546,1.0);
#7544=VECTOR('',#7547,1.0);
#7545=DIRECTION('',(-0.35363960787526844,-0.9353817550828252,0));
#7546=DIRECTION('',(0,0,1));
#7547=DIRECTION('',(0.1553445605118513,0.410888555518918,-0.8983533060344113));
#7548=FACE_SURFACE('',(#7553),#7549,.T.);
#7549=PLANE('',#7550);
#7550=AXIS2_PLACEMENT_3D('',#222,#7551,#7552);
#7551=DIRECTION('',(-0.9353817550828252,0.35363960787526844,0));
#7552=DIRECTION('',(-0.1553445605118513,-0.410888555518918,0.8983533060344113));
#7553=FACE_BOUND('',#7554,.T.);
#7554=EDGE_LOOP('',(#7555,#7556,#7557));
#7555=ORIENTED_EDGE('',*,*,#7558,.T.);
#7556=ORIENTED_EDGE('',*,*,#7559,.T.);
#7557=ORIENTED_EDGE('',*,*,#7560,.T.);
#7558=EDGE_CURVE('',#223,#521,#7561,.F.);
#7559=EDGE_CURVE('',#521,#519,#7562,.T.);
#7560=EDGE_CURVE('',#519,#223,#7563,.T.);
#7561=LINE('',#222,#7564);
#7562=LINE('',#520,#7565);
#7563=LINE('',#518,#7566);
#7564=VECTOR('',#7567,1.0);
#7565=VECTOR('',#7568,1.0);
#7566=VECTOR('',#7569,1.0);
#7567=DIRECTION('',(-0.1553445605118513,-0.410888555518918,0.8983533060344113));
#7568=DIRECTION('',(0.35363960787526844,0.9353817550828252,0));
#7569=DIRECTION('',(0,0,-1));
#7570=FACE_SURFACE('',(#7575),#7571,.T.);
#7571=PLANE('',#7572);
#7572=AXIS2_PLACEMENT_3D('',#224,#7573,#7574);
#7573=DIRECTION('',(-0.917035708363034,0.3988051022581182,0));
#7574=DIRECTION('',(-0.39880510225811827,-0.9170357083630342,0));
#7575=FACE_BOUND('',#7576,.T.);
#7576=EDGE_LOOP('',(#7577,#7578,#7579));
#7577=ORIENTED_EDGE('',*,*,#7580,.T.);
#7578=ORIENTED_EDGE('',*,*,#7581,.T.);
#7579=ORIENTED_EDGE('',*,*,#7582,.T.);
#7580=EDGE_CURVE('',#225,#223,#7583,.F.);
#7581=EDGE_CURVE('',#223,#519,#7584,.T.);
#7582=EDGE_CURVE('',#519,#225,#7585,.T.);
#7583=LINE('',#224,#7586);
#7584=LINE('',#222,#7587);
#7585=LINE('',#518,#7588);
#7586=VECTOR('',#7589,1.0);
#7587=VECTOR('',#7590,1.0);
#7588=VECTOR('',#7591,1.0);
#7589=DIRECTION('',(-0.39880510225811827,-0.9170357083630342,0));
#7590=DIRECTION('',(0,0,1));
#7591=DIRECTION('',(0.17490994189055478,0.4021981202174474,-0.8986897041367473));
#7592=FACE_SURFACE('',(#7597),#7593,.T.);
#7593=PLANE('',#7594);
#7594=AXIS2_PLACEMENT_3D('',#224,#7595,#7596);
#7595=DIRECTION('',(-0.917035708363034,0.3988051022581182,0));
#7596=DIRECTION('',(-0.17490994189055478,-0.4021981202174474,0.8986897041367473));
#7597=FACE_BOUND('',#7598,.T.);
#7598=EDGE_LOOP('',(#7599,#7600,#7601));
#7599=ORIENTED_EDGE('',*,*,#7602,.T.);
#7600=ORIENTED_EDGE('',*,*,#7603,.T.);
#7601=ORIENTED_EDGE('',*,*,#7604,.T.);
#7602=EDGE_CURVE('',#225,#519,#7605,.F.);
#7603=EDGE_CURVE('',#519,#517,#7606,.T.);
#7604=EDGE_CURVE('',#517,#225,#7607,.T.);
#7605=LINE('',#224,#7608);
#7606=LINE('',#518,#7609);
#7607=LINE('',#516,#7610);
#7608=VECTOR('',#7611,1.0);
#7609=VECTOR('',#7612,1.0);
#7610=VECTOR('',#7613,1.0);
#7611=DIRECTION('',(-0.17490994189055478,-0.4021981202174474,0.8986897041367473));
#7612=DIRECTION('',(0.39880510225811827,0.9170357083630342,0));
#7613=DIRECTION('',(0,0,-1));
#7614=FACE_SURFACE('',(#7619),#7615,.T.);
#7615=PLANE('',#7616);
#7616=AXIS2_PLACEMENT_3D('',#226,#7617,#7618);
#7617=DIRECTION('',(-0.8964246919232817,0.4431960872009696,0));
#7618=DIRECTION('',(-0.4431960872009697,-0.8964246919232818,0));
#7619=FACE_BOUND('',#7620,.T.);
#7620=EDGE_LOOP('',(#7621,#7622,#7623));
#7621=ORIENTED_EDGE('',*,*,#7624,.T.);
#7622=ORIENTED_EDGE('',*,*,#7625,.T.);
#7623=ORIENTED_EDGE('',*,*,#7626,.T.);
#7624=EDGE_CURVE('',#227,#225,#7627,.F.);
#7625=EDGE_CURVE('',#225,#517,#7628,.T.);
#7626=EDGE_CURVE('',#517,#227,#7629,.T.);
#7627=LINE('',#226,#7630);
#7628=LINE('',#224,#7631);
#7629=LINE('',#516,#7632);
#7630=VECTOR('',#7633,1.0);
#7631=VECTOR('',#7634,1.0);
#7632=VECTOR('',#7635,1.0);
#7633=DIRECTION('',(-0.4431960872009697,-0.8964246919232818,0));
#7634=DIRECTION('',(0,0,1));
#7635=DIRECTION('',(0.1940450096121729,0.3924825669364839,-0.8990572667497663));
#7636=FACE_SURFACE('',(#7641),#7637,.T.);
#7637=PLANE('',#7638);
#7638=AXIS2_PLACEMENT_3D('',#226,#7639,#7640);
#7639=DIRECTION('',(-0.8964246919232817,0.4431960872009696,0));
#7640=DIRECTION('',(-0.1940450096121729,-0.3924825669364839,0.8990572667497663));
#7641=FACE_BOUND('',#7642,.T.);
#7642=EDGE_LOOP('',(#7643,#7644,#7645));
#7643=ORIENTED_EDGE('',*,*,#7646,.T.);
#7644=ORIENTED_EDGE('',*,*,#7647,.T.);
#7645=ORIENTED_EDGE('',*,*,#7648,.T.);
#7646=EDGE_CURVE('',#227,#517,#7649,.F.);
#7647=EDGE_CURVE('',#517,#515,#7650,.T.);
#7648=EDGE_CURVE('',#515,#227,#7651,.T.);
#7649=LINE('',#226,#7652);
#7650=LINE('',#516,#7653);
#7651=LINE('',#514,#7654);
#7652=VECTOR('',#7655,1.0);
#7653=VECTOR('',#7656,1.0);
#7654=VECTOR('',#7657,1.0);
#7655=DIRECTION('',(-0.1940450096121729,-0.3924825669364839,0.8990572667497663));
#7656=DIRECTION('',(0.4431960872009697,0.8964246919232818,0));
#7657=DIRECTION('',(0,0,-1));
#7658=FACE_SURFACE('',(#7663),#7659,.T.);
#7659=PLANE('',#7660);
#7660=AXIS2_PLACEMENT_3D('',#228,#7661,#7662);
#7661=DIRECTION('',(-0.873561143317153,0.4867144223119223,0));
#7662=DIRECTION('',(-0.4867144223119224,-0.8735611433171532,0));
#7663=FACE_BOUND('',#7664,.T.);
#7664=EDGE_LOOP('',(#7665,#7666,#7667));
#7665=ORIENTED_EDGE('',*,*,#7668,.T.);
#7666=ORIENTED_EDGE('',*,*,#7669,.T.);
#7667=ORIENTED_EDGE('',*,*,#7670,.T.);
#7668=EDGE_CURVE('',#229,#227,#7671,.F.);
#7669=EDGE_CURVE('',#227,#515,#7672,.T.);
#7670=EDGE_CURVE('',#515,#229,#7673,.T.);
#7671=LINE('',#228,#7674);
#7672=LINE('',#226,#7675);
#7673=LINE('',#514,#7676);
#7674=VECTOR('',#7677,1.0);
#7675=VECTOR('',#7678,1.0);
#7676=VECTOR('',#7679,1.0);
#7677=DIRECTION('',(-0.4867144223119224,-0.8735611433171532,0));
#7678=DIRECTION('',(0,0,1));
#7679=DIRECTION('',(0.2127033904665816,0.38176271021683744,-0.8994523337964696));
#7680=FACE_SURFACE('',(#7685),#7681,.T.);
#7681=PLANE('',#7682);
#7682=AXIS2_PLACEMENT_3D('',#228,#7683,#7684);
#7683=DIRECTION('',(-0.873561143317153,0.4867144223119223,0));
#7684=DIRECTION('',(-0.2127033904665816,-0.38176271021683744,0.8994523337964696));
#7685=FACE_BOUND('',#7686,.T.);
#7686=EDGE_LOOP('',(#7687,#7688,#7689));
#7687=ORIENTED_EDGE('',*,*,#7690,.T.);
#7688=ORIENTED_EDGE('',*,*,#7691,.T.);
#7689=ORIENTED_EDGE('',*,*,#7692,.T.);
#7690=EDGE_CURVE('',#229,#515,#7693,.F.);
#7691=EDGE_CURVE('',#515,#513,#7694,.T.);
#7692=EDGE_CURVE('',#513,#229,#7695,.T.);
#7693=LINE('',#228,#7696);
#7694=LINE('',#514,#7697);
#7695=LINE('',#512,#7698);
#7696=VECTOR('',#7699,1.0);
#7697=VECTOR('',#7700,1.0);
#7698=VECTOR('',#7701,1.0);
#7699=DIRECTION('',(-0.2127033904665816,-0.38176271021683744,0.8994523337964696));
#7700=DIRECTION('',(0.4867144223119224,0.8735611433171532,0));
#7701=DIRECTION('',(0,0,-1));
#7702=FACE_SURFACE('',(#7707),#7703,.T.);
#7703=PLANE('',#7704);
#7704=AXIS2_PLACEMENT_3D('',#230,#7705,#7706);
#7705=DIRECTION('',(-0.8484594102085088,0.5292604550017216,0));
#7706=DIRECTION('',(-0.5292604550017216,-0.8484594102085088,0));
#7707=FACE_BOUND('',#7708,.T.);
#7708=EDGE_LOOP('',(#7709,#7710,#7711));
#7709=ORIENTED_EDGE('',*,*,#7712,.T.);
#7710=ORIENTED_EDGE('',*,*,#7713,.T.);
#7711=ORIENTED_EDGE('',*,*,#7714,.T.);
#7712=EDGE_CURVE('',#231,#229,#7715,.F.);
#7713=EDGE_CURVE('',#229,#513,#7716,.T.);
#7714=EDGE_CURVE('',#513,#231,#7717,.T.);
#7715=LINE('',#230,#7718);
#7716=LINE('',#228,#7719);
#7717=LINE('',#512,#7720);
#7718=VECTOR('',#7721,1.0);
#7719=VECTOR('',#7722,1.0);
#7720=VECTOR('',#7723,1.0);
#7721=DIRECTION('',(-0.5292604550017216,-0.8484594102085088,0));
#7722=DIRECTION('',(0,0,1));
#7723=DIRECTION('',(0.23083984617514003,0.3700602187211306,-0.8998713241002331));
#7724=FACE_SURFACE('',(#7729),#7725,.T.);
#7725=PLANE('',#7726);
#7726=AXIS2_PLACEMENT_3D('',#230,#7727,#7728);
#7727=DIRECTION('',(-0.8484594102085088,0.5292604550017216,0));
#7728=DIRECTION('',(-0.23083984617514003,-0.3700602187211306,0.8998713241002331));
#7729=FACE_BOUND('',#7730,.T.);
#7730=EDGE_LOOP('',(#7731,#7732,#7733));
#7731=ORIENTED_EDGE('',*,*,#7734,.T.);
#7732=ORIENTED_EDGE('',*,*,#7735,.T.);
#7733=ORIENTED_EDGE('',*,*,#7736,.T.);
#7734=EDGE_CURVE('',#231,#513,#7737,.F.);
#7735=EDGE_CURVE('',#513,#511,#7738,.T.);
#7736=EDGE_CURVE('',#511,#231,#7739,.T.);
#7737=LINE('',#230,#7740);
#7738=LINE('',#512,#7741);
#7739=LINE('',#510,#7742);
#7740=VECTOR('',#7743,1.0);
#7741=VECTOR('',#7744,1.0);
#7742=VECTOR('',#7745,1.0);
#7743=DIRECTION('',(-0.23083984617514003,-0.3700602187211306,0.8998713241002331));
#7744=DIRECTION('',(0.5292604550017216,0.8484594102085088,0));
#7745=DIRECTION('',(0,0,-1));
#7746=FACE_SURFACE('',(#7751),#7747,.T.);
#7747=PLANE('',#7748);
#7748=AXIS2_PLACEMENT_3D('',#232,#7749,#7750);
#7749=DIRECTION('',(-0.8211494591489332,0.5707132079594921,0));
#7750=DIRECTION('',(-0.5707132079594922,-0.8211494591489332,0));
#7751=FACE_BOUND('',#7752,.T.);
#7752=EDGE_LOOP('',(#7753,#7754,#7755));
#7753=ORIENTED_EDGE('',*,*,#7756,.T.);
#7754=ORIENTED_EDGE('',*,*,#7757,.T.);
#7755=ORIENTED_EDGE('',*,*,#7758,.T.);
#7756=EDGE_CURVE('',#233,#231,#7759,.F.);
#7757=EDGE_CURVE('',#231,#511,#7760,.T.);
#7758=EDGE_CURVE('',#511,#233,#7761,.T.);
#7759=LINE('',#232,#7762);
#7760=LINE('',#230,#7763);
#7761=LINE('',#510,#7764);
#7762=VECTOR('',#7765,1.0);
#7763=VECTOR('',#7766,1.0);
#7764=VECTOR('',#7767,1.0);
#7765=DIRECTION('',(-0.5707132079594922,-0.8211494591489332,0));
#7766=DIRECTION('',(0,0,1));
#7767=DIRECTION('',(0.24840510061821164,0.35740843417970913,-0.9003077902384631));
#7768=FACE_SURFACE('',(#7773),#7769,.T.);
#7769=PLANE('',#7770);
#7770=AXIS2_PLACEMENT_3D('',#232,#7771,#7772);
#7771=DIRECTION('',(-0.8211494591489332,0.5707132079594921,0));
#7772=DIRECTION('',(-0.24840510061821164,-0.35740843417970913,0.9003077902384631));
#7773=FACE_BOUND('',#7774,.T.);
#7774=EDGE_LOOP('',(#7775,#7776,#7777));
#7775=ORIENTED_EDGE('',*,*,#7778,.T.);
#7776=ORIENTED_EDGE('',*,*,#7779,.T.);
#7777=ORIENTED_EDGE('',*,*,#7780,.T.);
#7778=EDGE_CURVE('',#233,#511,#7781,.F.);
#7779=EDGE_CURVE('',#511,#509,#7782,.T.);
#7780=EDGE_CURVE('',#509,#233,#7783,.T.);
#7781=LINE('',#232,#7784);
#7782=LINE('',#510,#7785);
#7783=LINE('',#508,#7786);
#7784=VECTOR('',#7787,1.0);
#7785=VECTOR('',#7788,1.0);
#7786=VECTOR('',#7789,1.0);
#7787=DIRECTION('',(-0.24840510061821164,-0.35740843417970913,0.9003077902384631));
#7788=DIRECTION('',(0.5707132079594922,0.8211494591489332,0));
#7789=DIRECTION('',(0,0,-1));
#7790=FACE_SURFACE('',(#7795),#7791,.T.);
#7791=PLANE('',#7792);
#7792=AXIS2_PLACEMENT_3D('',#234,#7793,#7794);
#7793=DIRECTION('',(-0.791656558260267,0.6109663605825677,0));
#7794=DIRECTION('',(-0.6109663605825678,-0.7916565582602673,0));
#7795=FACE_BOUND('',#7796,.T.);
#7796=EDGE_LOOP('',(#7797,#7798,#7799));
#7797=ORIENTED_EDGE('',*,*,#7800,.T.);
#7798=ORIENTED_EDGE('',*,*,#7801,.T.);
#7799=ORIENTED_EDGE('',*,*,#7802,.T.);
#7800=EDGE_CURVE('',#235,#233,#7803,.F.);
#7801=EDGE_CURVE('',#233,#509,#7804,.T.);
#7802=EDGE_CURVE('',#509,#235,#7805,.T.);
#7803=LINE('',#234,#7806);
#7804=LINE('',#232,#7807);
#7805=LINE('',#508,#7808);
#7806=VECTOR('',#7809,1.0);
#7807=VECTOR('',#7810,1.0);
#7808=VECTOR('',#7811,1.0);
#7809=DIRECTION('',(-0.6109663605825678,-0.7916565582602673,0));
#7810=DIRECTION('',(0,0,1));
#7811=DIRECTION('',(0.26535270389090776,0.34382941818110563,-0.900760386413072));
#7812=FACE_SURFACE('',(#7817),#7813,.T.);
#7813=PLANE('',#7814);
#7814=AXIS2_PLACEMENT_3D('',#234,#7815,#7816);
#7815=DIRECTION('',(-0.791656558260267,0.6109663605825677,0));
#7816=DIRECTION('',(-0.26535270389090776,-0.34382941818110563,0.900760386413072));
#7817=FACE_BOUND('',#7818,.T.);
#7818=EDGE_LOOP('',(#7819,#7820,#7821));
#7819=ORIENTED_EDGE('',*,*,#7822,.T.);
#7820=ORIENTED_EDGE('',*,*,#7823,.T.);
#7821=ORIENTED_EDGE('',*,*,#7824,.T.);
#7822=EDGE_CURVE('',#235,#509,#7825,.F.);
#7823=EDGE_CURVE('',#509,#507,#7826,.T.);
#7824=EDGE_CURVE('',#507,#235,#7827,.T.);
#7825=LINE('',#234,#7828);
#7826=LINE('',#508,#7829);
#7827=LINE('',#506,#7830);
#7828=VECTOR('',#7831,1.0);
#7829=VECTOR('',#7832,1.0);
#7830=VECTOR('',#7833,1.0);
#7831=DIRECTION('',(-0.26535270389090776,-0.34382941818110563,0.900760386413072));
#7832=DIRECTION('',(0.6109663605825678,0.7916565582602673,0));
#7833=DIRECTION('',(0,0,-1));
#7834=FACE_SURFACE('',(#7839),#7835,.T.);
#7835=PLANE('',#7836);
#7836=AXIS2_PLACEMENT_3D('',#236,#7837,#7838);
#7837=DIRECTION('',(-0.760016082761079,0.649904265214889,0));
#7838=DIRECTION('',(-0.6499042652148891,-0.760016082761079,0));
#7839=FACE_BOUND('',#7840,.T.);
#7840=EDGE_LOOP('',(#7841,#7842,#7843));
#7841=ORIENTED_EDGE('',*,*,#7844,.T.);
#7842=ORIENTED_EDGE('',*,*,#7845,.T.);
#7843=ORIENTED_EDGE('',*,*,#7846,.T.);
#7844=EDGE_CURVE('',#237,#235,#7847,.F.);
#7845=EDGE_CURVE('',#235,#507,#7848,.T.);
#7846=EDGE_CURVE('',#507,#237,#7849,.T.);
#7847=LINE('',#236,#7850);
#7848=LINE('',#234,#7851);
#7849=LINE('',#506,#7852);
#7850=VECTOR('',#7853,1.0);
#7851=VECTOR('',#7854,1.0);
#7852=VECTOR('',#7855,1.0);
#7853=DIRECTION('',(-0.6499042652148891,-0.760016082761079,0));
#7854=DIRECTION('',(0,0,1));
#7855=DIRECTION('',(0.2816389951724231,0.3293564565127701,-0.9012235022188555));
#7856=FACE_SURFACE('',(#7861),#7857,.T.);
#7857=PLANE('',#7858);
#7858=AXIS2_PLACEMENT_3D('',#236,#7859,#7860);
#7859=DIRECTION('',(-0.760016082761079,0.649904265214889,0));
#7860=DIRECTION('',(-0.2816389951724231,-0.3293564565127701,0.9012235022188555));
#7861=FACE_BOUND('',#7862,.T.);
#7862=EDGE_LOOP('',(#7863,#7864,#7865));
#7863=ORIENTED_EDGE('',*,*,#7866,.T.);
#7864=ORIENTED_EDGE('',*,*,#7867,.T.);
#7865=ORIENTED_EDGE('',*,*,#7868,.T.);
#7866=EDGE_CURVE('',#237,#507,#7869,.F.);
#7867=EDGE_CURVE('',#507,#505,#7870,.T.);
#7868=EDGE_CURVE('',#505,#237,#7871,.T.);
#7869=LINE('',#236,#7872);
#7870=LINE('',#506,#7873);
#7871=LINE('',#504,#7874);
#7872=VECTOR('',#7875,1.0);
#7873=VECTOR('',#7876,1.0);
#7874=VECTOR('',#7877,1.0);
#7875=DIRECTION('',(-0.2816389951724231,-0.3293564565127701,0.9012235022188555));
#7876=DIRECTION('',(0.6499042652148891,0.760016082761079,0));
#7877=DIRECTION('',(0,0,-1));
#7878=FACE_SURFACE('',(#7883),#7879,.T.);
#7879=PLANE('',#7880);
#7880=AXIS2_PLACEMENT_3D('',#238,#7881,#7882);
#7881=DIRECTION('',(-0.7262737003679993,0.6874056387270719,0));
#7882=DIRECTION('',(-0.6874056387270719,-0.7262737003679993,0));
#7883=FACE_BOUND('',#7884,.T.);
#7884=EDGE_LOOP('',(#7885,#7886,#7887));
#7885=ORIENTED_EDGE('',*,*,#7888,.T.);
#7886=ORIENTED_EDGE('',*,*,#7889,.T.);
#7887=ORIENTED_EDGE('',*,*,#7890,.T.);
#7888=EDGE_CURVE('',#239,#237,#7891,.F.);
#7889=EDGE_CURVE('',#237,#505,#7892,.T.);
#7890=EDGE_CURVE('',#505,#239,#7893,.T.);
#7891=LINE('',#238,#7894);
#7892=LINE('',#236,#7895);
#7893=LINE('',#504,#7896);
#7894=VECTOR('',#7897,1.0);
#7895=VECTOR('',#7898,1.0);
#7896=VECTOR('',#7899,1.0);
#7897=DIRECTION('',(-0.6874056387270719,-0.7262737003679993,0));
#7898=DIRECTION('',(0,0,1));
#7899=DIRECTION('',(0.29722118347013965,0.31402699743101925,-0.9016909742151511));
#7900=FACE_SURFACE('',(#7905),#7901,.T.);
#7901=PLANE('',#7902);
#7902=AXIS2_PLACEMENT_3D('',#238,#7903,#7904);
#7903=DIRECTION('',(-0.7262737003679993,0.6874056387270719,0));
#7904=DIRECTION('',(-0.29722118347013965,-0.31402699743101925,0.9016909742151511));
#7905=FACE_BOUND('',#7906,.T.);
#7906=EDGE_LOOP('',(#7907,#7908,#7909));
#7907=ORIENTED_EDGE('',*,*,#7910,.T.);
#7908=ORIENTED_EDGE('',*,*,#7911,.T.);
#7909=ORIENTED_EDGE('',*,*,#7912,.T.);
#7910=EDGE_CURVE('',#239,#505,#7913,.F.);
#7911=EDGE_CURVE('',#505,#503,#7914,.T.);
#7912=EDGE_CURVE('',#503,#239,#7915,.T.);
#7913=LINE('',#238,#7916);
#7914=LINE('',#504,#7917);
#7915=LINE('',#502,#7918);
#7916=VECTOR('',#7919,1.0);
#7917=VECTOR('',#7920,1.0);
#7918=VECTOR('',#7921,1.0);
#7919=DIRECTION('',(-0.29722118347013965,-0.31402699743101925,0.9016909742151511));
#7920=DIRECTION('',(0.6874056387270719,0.7262737003679993,0));
#7921=DIRECTION('',(0,0,-1));
#7922=FACE_SURFACE('',(#7927),#7923,.T.);
#7923=PLANE('',#7924);
#7924=AXIS2_PLACEMENT_3D('',#240,#7925,#7926);
#7925=DIRECTION('',(-0.690476868440445,0.7233544733729628,0));
#7926=DIRECTION('',(-0.7233544733729629,-0.6904768684404451,0));
#7927=FACE_BOUND('',#7928,.T.);
#7928=EDGE_LOOP('',(#7929,#7930,#7931));
#7929=ORIENTED_EDGE('',*,*,#7932,.T.);
#7930=ORIENTED_EDGE('',*,*,#7933,.T.);
#7931=ORIENTED_EDGE('',*,*,#7934,.T.);
#7932=EDGE_CURVE('',#241,#239,#7935,.F.);
#7933=EDGE_CURVE('',#239,#503,#7936,.T.);
#7934=EDGE_CURVE('',#503,#241,#7937,.T.);
#7935=LINE('',#240,#7938);
#7936=LINE('',#238,#7939);
#7937=LINE('',#502,#7940);
#7938=VECTOR('',#7941,1.0);
#7939=VECTOR('',#7942,1.0);
#7940=VECTOR('',#7943,1.0);
#7941=DIRECTION('',(-0.7233544733729629,-0.6904768684404451,0));
#7942=DIRECTION('',(0,0,1));
#7943=DIRECTION('',(0.31205565109835715,0.2978722281827136,-0.9021604105119253));
#7944=FACE_SURFACE('',(#7949),#7945,.T.);
#7945=PLANE('',#7946);
#7946=AXIS2_PLACEMENT_3D('',#240,#7947,#7948);
#7947=DIRECTION('',(-0.690476868440445,0.7233544733729628,0));
#7948=DIRECTION('',(-0.31205565109835715,-0.2978722281827136,0.9021604105119253));
#7949=FACE_BOUND('',#7950,.T.);
#7950=EDGE_LOOP('',(#7951,#7952,#7953));
#7951=ORIENTED_EDGE('',*,*,#7954,.T.);
#7952=ORIENTED_EDGE('',*,*,#7955,.T.);
#7953=ORIENTED_EDGE('',*,*,#7956,.T.);
#7954=EDGE_CURVE('',#241,#503,#7957,.F.);
#7955=EDGE_CURVE('',#503,#501,#7958,.T.);
#7956=EDGE_CURVE('',#501,#241,#7959,.T.);
#7957=LINE('',#240,#7960);
#7958=LINE('',#502,#7961);
#7959=LINE('',#500,#7962);
#7960=VECTOR('',#7963,1.0);
#7961=VECTOR('',#7964,1.0);
#7962=VECTOR('',#7965,1.0);
#7963=DIRECTION('',(-0.31205565109835715,-0.2978722281827136,0.9021604105119253));
#7964=DIRECTION('',(0.7233544733729629,0.6904768684404451,0));
#7965=DIRECTION('',(0,0,-1));
#7966=FACE_SURFACE('',(#7971),#7967,.T.);
#7967=PLANE('',#7968);
#7968=AXIS2_PLACEMENT_3D('',#242,#7969,#7970);
#7969=DIRECTION('',(-0.6526882417730931,0.7576265960558328,0));
#7970=DIRECTION('',(-0.7576265960558329,-0.6526882417730933,0));
#7971=FACE_BOUND('',#7972,.T.);
#7972=EDGE_LOOP('',(#7973,#7974,#7975));
#7973=ORIENTED_EDGE('',*,*,#7976,.T.);
#7974=ORIENTED_EDGE('',*,*,#7977,.T.);
#7975=ORIENTED_EDGE('',*,*,#7978,.T.);
#7976=EDGE_CURVE('',#243,#241,#7979,.F.);
#7977=EDGE_CURVE('',#241,#501,#7980,.T.);
#7978=EDGE_CURVE('',#501,#243,#7981,.T.);
#7979=LINE('',#242,#7982);
#7980=LINE('',#240,#7983);
#7981=LINE('',#500,#7984);
#7982=VECTOR('',#7985,1.0);
#7983=VECTOR('',#7986,1.0);
#7984=VECTOR('',#7987,1.0);
#7985=DIRECTION('',(-0.7576265960558329,-0.6526882417730933,0));
#7986=DIRECTION('',(0,0,1));
#7987=DIRECTION('',(0.3261033604851509,0.2809350016213857,-0.9026251288016991));
#7988=FACE_SURFACE('',(#7993),#7989,.T.);
#7989=PLANE('',#7990);
#7990=AXIS2_PLACEMENT_3D('',#242,#7991,#7992);
#7991=DIRECTION('',(-0.6526882417730931,0.7576265960558328,0));
#7992=DIRECTION('',(-0.3261033604851509,-0.2809350016213857,0.9026251288016991));
#7993=FACE_BOUND('',#7994,.T.);
#7994=EDGE_LOOP('',(#7995,#7996,#7997));
#7995=ORIENTED_EDGE('',*,*,#7998,.T.);
#7996=ORIENTED_EDGE('',*,*,#7999,.T.);
#7997=ORIENTED_EDGE('',*,*,#8000,.T.);
#7998=EDGE_CURVE('',#243,#501,#8001,.F.);
#7999=EDGE_CURVE('',#501,#499,#8002,.T.);
#8000=EDGE_CURVE('',#499,#243,#8003,.T.);
#8001=LINE('',#242,#8004);
#8002=LINE('',#500,#8005);
#8003=LINE('',#498,#8006);
#8004=VECTOR('',#8007,1.0);
#8005=VECTOR('',#8008,1.0);
#8006=VECTOR('',#8009,1.0);
#8007=DIRECTION('',(-0.3261033604851509,-0.2809350016213857,0.9026251288016991));
#8008=DIRECTION('',(0.7576265960558329,0.6526882417730933,0));
#8009=DIRECTION('',(0,0,-1));
#8010=FACE_SURFACE('',(#8015),#8011,.T.);
#8011=PLANE('',#8012);
#8012=AXIS2_PLACEMENT_3D('',#244,#8013,#8014);
#8013=DIRECTION('',(-0.6129822805404824,0.7900966546843428,0));
#8014=DIRECTION('',(-0.7900966546843426,-0.6129822805404824,0));
#8015=FACE_BOUND('',#8016,.T.);
#8016=EDGE_LOOP('',(#8017,#8018,#8019));
#8017=ORIENTED_EDGE('',*,*,#8020,.T.);
#8018=ORIENTED_EDGE('',*,*,#8021,.T.);
#8019=ORIENTED_EDGE('',*,*,#8022,.T.);
#8020=EDGE_CURVE('',#245,#243,#8023,.F.);
#8021=EDGE_CURVE('',#243,#499,#8024,.T.);
#8022=EDGE_CURVE('',#499,#245,#8025,.T.);
#8023=LINE('',#244,#8026);
#8024=LINE('',#242,#8027);
#8025=LINE('',#498,#8028);
#8026=VECTOR('',#8029,1.0);
#8027=VECTOR('',#8030,1.0);
#8028=VECTOR('',#8031,1.0);
#8029=DIRECTION('',(-0.7900966546843426,-0.6129822805404824,0));
#8030=DIRECTION('',(0,0,1));
#8031=DIRECTION('',(0.3393233021173575,0.263257881601238,-0.9030808293918109));
#8032=FACE_SURFACE('',(#8037),#8033,.T.);
#8033=PLANE('',#8034);
#8034=AXIS2_PLACEMENT_3D('',#244,#8035,#8036);
#8035=DIRECTION('',(-0.6129822805404824,0.7900966546843428,0));
#8036=DIRECTION('',(-0.3393233021173575,-0.263257881601238,0.9030808293918109));
#8037=FACE_BOUND('',#8038,.T.);
#8038=EDGE_LOOP('',(#8039,#8040,#8041));
#8039=ORIENTED_EDGE('',*,*,#8042,.T.);
#8040=ORIENTED_EDGE('',*,*,#8043,.T.);
#8041=ORIENTED_EDGE('',*,*,#8044,.T.);
#8042=EDGE_CURVE('',#245,#499,#8045,.F.);
#8043=EDGE_CURVE('',#499,#497,#8046,.T.);
#8044=EDGE_CURVE('',#497,#245,#8047,.T.);
#8045=LINE('',#244,#8048);
#8046=LINE('',#498,#8049);
#8047=LINE('',#496,#8050);
#8048=VECTOR('',#8051,1.0);
#8049=VECTOR('',#8052,1.0);
#8050=VECTOR('',#8053,1.0);
#8051=DIRECTION('',(-0.3393233021173575,-0.263257881601238,0.9030808293918109));
#8052=DIRECTION('',(0.7900966546843426,0.6129822805404824,0));
#8053=DIRECTION('',(0,0,-1));
#8054=FACE_SURFACE('',(#8059),#8055,.T.);
#8055=PLANE('',#8056);
#8056=AXIS2_PLACEMENT_3D('',#246,#8057,#8058);
#8057=DIRECTION('',(-0.5714351929630282,0.820647195963836,0));
#8058=DIRECTION('',(-0.8206471959638361,-0.5714351929630284,0));
#8059=FACE_BOUND('',#8060,.T.);
#8060=EDGE_LOOP('',(#8061,#8062,#8063));
#8061=ORIENTED_EDGE('',*,*,#8064,.T.);
#8062=ORIENTED_EDGE('',*,*,#8065,.T.);
#8063=ORIENTED_EDGE('',*,*,#8066,.T.);
#8064=EDGE_CURVE('',#247,#245,#8067,.F.);
#8065=EDGE_CURVE('',#245,#497,#8068,.T.);
#8066=EDGE_CURVE('',#497,#247,#8069,.T.);
#8067=LINE('',#246,#8070);
#8068=LINE('',#244,#8071);
#8069=LINE('',#496,#8072);
#8070=VECTOR('',#8073,1.0);
#8071=VECTOR('',#8074,1.0);
#8072=VECTOR('',#8075,1.0);
#8073=DIRECTION('',(-0.8206471959638361,-0.5714351929630284,0));
#8074=DIRECTION('',(0,0,1));
#8075=DIRECTION('',(0.3516793913204463,0.244882309753454,-0.903523248229006));
#8076=FACE_SURFACE('',(#8081),#8077,.T.);
#8077=PLANE('',#8078);
#8078=AXIS2_PLACEMENT_3D('',#246,#8079,#8080);
#8079=DIRECTION('',(-0.5714351929630282,0.820647195963836,0));
#8080=DIRECTION('',(-0.3516793913204463,-0.244882309753454,0.903523248229006));
#8081=FACE_BOUND('',#8082,.T.);
#8082=EDGE_LOOP('',(#8083,#8084,#8085));
#8083=ORIENTED_EDGE('',*,*,#8086,.T.);
#8084=ORIENTED_EDGE('',*,*,#8087,.T.);
#8085=ORIENTED_EDGE('',*,*,#8088,.T.);
#8086=EDGE_CURVE('',#247,#497,#8089,.F.);
#8087=EDGE_CURVE('',#497,#495,#8090,.T.);
#8088=EDGE_CURVE('',#495,#247,#8091,.T.);
#8089=LINE('',#246,#8092);
#8090=LINE('',#496,#8093);
#8091=LINE('',#494,#8094);
#8092=VECTOR('',#8095,1.0);
#8093=VECTOR('',#8096,1.0);
#8094=VECTOR('',#8097,1.0);
#8095=DIRECTION('',(-0.3516793913204463,-0.244882309753454,0.903523248229006));
#8096=DIRECTION('',(0.8206471959638361,0.5714351929630284,0));
#8097=DIRECTION('',(0,0,-1));
#8098=FACE_SURFACE('',(#8103),#8099,.T.);
#8099=PLANE('',#8100);
#8100=AXIS2_PLACEMENT_3D('',#248,#8101,#8102);
#8101=DIRECTION('',(-0.528132478816209,0.8491619897401478,0));
#8102=DIRECTION('',(-0.8491619897401477,-0.528132478816209,0));
#8103=FACE_BOUND('',#8104,.T.);
#8104=EDGE_LOOP('',(#8105,#8106,#8107));
#8105=ORIENTED_EDGE('',*,*,#8108,.T.);
#8106=ORIENTED_EDGE('',*,*,#8109,.T.);
#8107=ORIENTED_EDGE('',*,*,#8110,.T.);
#8108=EDGE_CURVE('',#249,#247,#8111,.F.);
#8109=EDGE_CURVE('',#247,#495,#8112,.T.);
#8110=EDGE_CURVE('',#495,#249,#8113,.T.);
#8111=LINE('',#248,#8114);
#8112=LINE('',#246,#8115);
#8113=LINE('',#494,#8116);
#8114=VECTOR('',#8117,1.0);
#8115=VECTOR('',#8118,1.0);
#8116=VECTOR('',#8119,1.0);
#8117=DIRECTION('',(-0.8491619897401477,-0.528132478816209,0));
#8118=DIRECTION('',(0,0,1));
#8119=DIRECTION('',(0.363138646033957,0.22585244700197177,-0.9039474519792874));
#8120=FACE_SURFACE('',(#8125),#8121,.T.);
#8121=PLANE('',#8122);
#8122=AXIS2_PLACEMENT_3D('',#248,#8123,#8124);
#8123=DIRECTION('',(-0.528132478816209,0.8491619897401478,0));
#8124=DIRECTION('',(-0.363138646033957,-0.22585244700197177,0.9039474519792874));
#8125=FACE_BOUND('',#8126,.T.);
#8126=EDGE_LOOP('',(#8127,#8128,#8129));
#8127=ORIENTED_EDGE('',*,*,#8130,.T.);
#8128=ORIENTED_EDGE('',*,*,#8131,.T.);
#8129=ORIENTED_EDGE('',*,*,#8132,.T.);
#8130=EDGE_CURVE('',#249,#495,#8133,.F.);
#8131=EDGE_CURVE('',#495,#493,#8134,.T.);
#8132=EDGE_CURVE('',#493,#249,#8135,.T.);
#8133=LINE('',#248,#8136);
#8134=LINE('',#494,#8137);
#8135=LINE('',#492,#8138);
#8136=VECTOR('',#8139,1.0);
#8137=VECTOR('',#8140,1.0);
#8138=VECTOR('',#8141,1.0);
#8139=DIRECTION('',(-0.363138646033957,-0.22585244700197177,0.9039474519792874));
#8140=DIRECTION('',(0.8491619897401477,0.528132478816209,0));
#8141=DIRECTION('',(0,0,-1));
#8142=FACE_SURFACE('',(#8147),#8143,.T.);
#8143=PLANE('',#8144);
#8144=AXIS2_PLACEMENT_3D('',#250,#8145,#8146);
#8145=DIRECTION('',(-0.483191188999285,0.8755148627370396,0));
#8146=DIRECTION('',(-0.8755148627370396,-0.483191188999285,0));
#8147=FACE_BOUND('',#8148,.T.);
#8148=EDGE_LOOP('',(#8149,#8150,#8151));
#8149=ORIENTED_EDGE('',*,*,#8152,.T.);
#8150=ORIENTED_EDGE('',*,*,#8153,.T.);
#8151=ORIENTED_EDGE('',*,*,#8154,.T.);
#8152=EDGE_CURVE('',#251,#249,#8155,.F.);
#8153=EDGE_CURVE('',#249,#493,#8156,.T.);
#8154=EDGE_CURVE('',#493,#251,#8157,.T.);
#8155=LINE('',#250,#8158);
#8156=LINE('',#248,#8159);
#8157=LINE('',#492,#8160);
#8158=VECTOR('',#8161,1.0);
#8159=VECTOR('',#8162,1.0);
#8160=VECTOR('',#8163,1.0);
#8161=DIRECTION('',(-0.8755148627370396,-0.483191188999285,0));
#8162=DIRECTION('',(0,0,1));
#8163=DIRECTION('',(0.37366509705261114,0.20622343516584365,-0.9043485445518569));
#8164=FACE_SURFACE('',(#8169),#8165,.T.);
#8165=PLANE('',#8166);
#8166=AXIS2_PLACEMENT_3D('',#250,#8167,#8168);
#8167=DIRECTION('',(-0.483191188999285,0.8755148627370396,0));
#8168=DIRECTION('',(-0.37366509705261114,-0.20622343516584365,0.9043485445518569));
#8169=FACE_BOUND('',#8170,.T.);
#8170=EDGE_LOOP('',(#8171,#8172,#8173));
#8171=ORIENTED_EDGE('',*,*,#8174,.T.);
#8172=ORIENTED_EDGE('',*,*,#8175,.T.);
#8173=ORIENTED_EDGE('',*,*,#8176,.T.);
#8174=EDGE_CURVE('',#251,#493,#8177,.F.);
#8175=EDGE_CURVE('',#493,#491,#8178,.T.);
#8176=EDGE_CURVE('',#491,#251,#8179,.T.);
#8177=LINE('',#250,#8180);
#8178=LINE('',#492,#8181);
#8179=LINE('',#490,#8182);
#8180=VECTOR('',#8183,1.0);
#8181=VECTOR('',#8184,1.0);
#8182=VECTOR('',#8185,1.0);
#8183=DIRECTION('',(-0.37366509705261114,-0.20622343516584365,0.9043485445518569));
#8184=DIRECTION('',(0.8755148627370396,0.483191188999285,0));
#8185=DIRECTION('',(0,0,-1));
#8186=FACE_SURFACE('',(#8191),#8187,.T.);
#8187=PLANE('',#8188);
#8188=AXIS2_PLACEMENT_3D('',#252,#8189,#8190);
#8189=DIRECTION('',(-0.4367066687965431,0.8996039603228893,0));
#8190=DIRECTION('',(-0.8996039603228893,-0.436706668796543,0));
#8191=FACE_BOUND('',#8192,.T.);
#8192=EDGE_LOOP('',(#8193,#8194,#8195));
#8193=ORIENTED_EDGE('',*,*,#8196,.T.);
#8194=ORIENTED_EDGE('',*,*,#8197,.T.);
#8195=ORIENTED_EDGE('',*,*,#8198,.T.);
#8196=EDGE_CURVE('',#253,#251,#8199,.F.);
#8197=EDGE_CURVE('',#251,#491,#8200,.T.);
#8198=EDGE_CURVE('',#491,#253,#8201,.T.);
#8199=LINE('',#252,#8202);
#8200=LINE('',#250,#8203);
#8201=LINE('',#490,#8204);
#8202=VECTOR('',#8205,1.0);
#8203=VECTOR('',#8206,1.0);
#8204=VECTOR('',#8207,1.0);
#8205=DIRECTION('',(-0.8996039603228893,-0.436706668796543,0));
#8206=DIRECTION('',(0,0,1));
#8207=DIRECTION('',(0.3832311147731874,0.18603695725362857,-0.9047232522741481));
#8208=FACE_SURFACE('',(#8213),#8209,.T.);
#8209=PLANE('',#8210);
#8210=AXIS2_PLACEMENT_3D('',#252,#8211,#8212);
#8211=DIRECTION('',(-0.4367066687965431,0.8996039603228893,0));
#8212=DIRECTION('',(-0.3832311147731874,-0.18603695725362857,0.9047232522741481));
#8213=FACE_BOUND('',#8214,.T.);
#8214=EDGE_LOOP('',(#8215,#8216,#8217));
#8215=ORIENTED_EDGE('',*,*,#8218,.T.);
#8216=ORIENTED_EDGE('',*,*,#8219,.T.);
#8217=ORIENTED_EDGE('',*,*,#8220,.T.);
#8218=EDGE_CURVE('',#253,#491,#8221,.F.);
#8219=EDGE_CURVE('',#491,#489,#8222,.T.);
#8220=EDGE_CURVE('',#489,#253,#8223,.T.);
#8221=LINE('',#252,#8224);
#8222=LINE('',#490,#8225);
#8223=LINE('',#488,#8226);
#8224=VECTOR('',#8227,1.0);
#8225=VECTOR('',#8228,1.0);
#8226=VECTOR('',#8229,1.0);
#8227=DIRECTION('',(-0.3832311147731874,-0.18603695725362857,0.9047232522741481));
#8228=DIRECTION('',(0.8996039603228893,0.436706668796543,0));
#8229=DIRECTION('',(0,0,-1));
#8230=FACE_SURFACE('',(#8235),#8231,.T.);
#8231=PLANE('',#8232);
#8232=AXIS2_PLACEMENT_3D('',#254,#8233,#8234);
#8233=DIRECTION('',(-0.3888290277828091,0.9213099300200098,0));
#8234=DIRECTION('',(-0.9213099300200099,-0.3888290277828091,0));
#8235=FACE_BOUND('',#8236,.T.);
#8236=EDGE_LOOP('',(#8237,#8238,#8239));
#8237=ORIENTED_EDGE('',*,*,#8240,.T.);
#8238=ORIENTED_EDGE('',*,*,#8241,.T.);
#8239=ORIENTED_EDGE('',*,*,#8242,.T.);
#8240=EDGE_CURVE('',#255,#253,#8243,.F.);
#8241=EDGE_CURVE('',#253,#489,#8244,.T.);
#8242=EDGE_CURVE('',#489,#255,#8245,.T.);
#8243=LINE('',#254,#8246);
#8244=LINE('',#252,#8247);
#8245=LINE('',#488,#8248);
#8246=VECTOR('',#8249,1.0);
#8247=VECTOR('',#8250,1.0);
#8248=VECTOR('',#8251,1.0);
#8249=DIRECTION('',(-0.9213099300200099,-0.3888290277828091,0));
#8250=DIRECTION('',(0,0,1));
#8251=DIRECTION('',(0.3918053190871053,0.1653572552913477,-0.9050666108400881));
#8252=FACE_SURFACE('',(#8257),#8253,.T.);
#8253=PLANE('',#8254);
#8254=AXIS2_PLACEMENT_3D('',#254,#8255,#8256);
#8255=DIRECTION('',(-0.3888290277828091,0.9213099300200098,0));
#8256=DIRECTION('',(-0.3918053190871053,-0.1653572552913477,0.9050666108400881));
#8257=FACE_BOUND('',#8258,.T.);
#8258=EDGE_LOOP('',(#8259,#8260,#8261));
#8259=ORIENTED_EDGE('',*,*,#8262,.T.);
#8260=ORIENTED_EDGE('',*,*,#8263,.T.);
#8261=ORIENTED_EDGE('',*,*,#8264,.T.);
#8262=EDGE_CURVE('',#255,#489,#8265,.F.);
#8263=EDGE_CURVE('',#489,#487,#8266,.T.);
#8264=EDGE_CURVE('',#487,#255,#8267,.T.);
#8265=LINE('',#254,#8268);
#8266=LINE('',#488,#8269);
#8267=LINE('',#486,#8270);
#8268=VECTOR('',#8271,1.0);
#8269=VECTOR('',#8272,1.0);
#8270=VECTOR('',#8273,1.0);
#8271=DIRECTION('',(-0.3918053190871053,-0.1653572552913477,0.9050666108400881));
#8272=DIRECTION('',(0.9213099300200099,0.3888290277828091,0));
#8273=DIRECTION('',(0,0,-1));
#8274=FACE_SURFACE('',(#8279),#8275,.T.);
#8275=PLANE('',#8276);
#8276=AXIS2_PLACEMENT_3D('',#256,#8277,#8278);
#8277=DIRECTION('',(-0.33966503969238737,0.940546469245815,0));
#8278=DIRECTION('',(-0.9405464692458151,-0.3396650396923874,0));
#8279=FACE_BOUND('',#8280,.T.);
#8280=EDGE_LOOP('',(#8281,#8282,#8283));
#8281=ORIENTED_EDGE('',*,*,#8284,.T.);
#8282=ORIENTED_EDGE('',*,*,#8285,.T.);
#8283=ORIENTED_EDGE('',*,*,#8286,.T.);
#8284=EDGE_CURVE('',#257,#255,#8287,.F.);
#8285=EDGE_CURVE('',#255,#487,#8288,.T.);
#8286=EDGE_CURVE('',#487,#257,#8289,.T.);
#8287=LINE('',#256,#8290);
#8288=LINE('',#254,#8291);
#8289=LINE('',#486,#8292);
#8290=VECTOR('',#8293,1.0);
#8291=VECTOR('',#8294,1.0);
#8292=VECTOR('',#8295,1.0);
#8293=DIRECTION('',(-0.9405464692458151,-0.3396650396923874,0));
#8294=DIRECTION('',(0,0,1));
#8295=DIRECTION('',(0.399366469213561,0.14422554552355668,-0.9053758420050352));
#8296=FACE_SURFACE('',(#8301),#8297,.T.);
#8297=PLANE('',#8298);
#8298=AXIS2_PLACEMENT_3D('',#256,#8299,#8300);
#8299=DIRECTION('',(-0.33966503969238737,0.940546469245815,0));
#8300=DIRECTION('',(-0.399366469213561,-0.14422554552355668,0.9053758420050352));
#8301=FACE_BOUND('',#8302,.T.);
#8302=EDGE_LOOP('',(#8303,#8304,#8305));
#8303=ORIENTED_EDGE('',*,*,#8306,.T.);
#8304=ORIENTED_EDGE('',*,*,#8307,.T.);
#8305=ORIENTED_EDGE('',*,*,#8308,.T.);
#8306=EDGE_CURVE('',#257,#487,#8309,.F.);
#8307=EDGE_CURVE('',#487,#485,#8310,.T.);
#8308=EDGE_CURVE('',#485,#257,#8311,.T.);
#8309=LINE('',#256,#8312);
#8310=LINE('',#486,#8313);
#8311=LINE('',#484,#8314);
#8312=VECTOR('',#8315,1.0);
#8313=VECTOR('',#8316,1.0);
#8314=VECTOR('',#8317,1.0);
#8315=DIRECTION('',(-0.399366469213561,-0.14422554552355668,0.9053758420050352));
#8316=DIRECTION('',(0.9405464692458151,0.3396650396923874,0));
#8317=DIRECTION('',(0,0,-1));
#8318=FACE_SURFACE('',(#8323),#8319,.T.);
#8319=PLANE('',#8320);
#8320=AXIS2_PLACEMENT_3D('',#258,#8321,#8322);
#8321=DIRECTION('',(-0.2893828295540265,0.9572134443055557,0));
#8322=DIRECTION('',(-0.9572134443055558,-0.2893828295540265,0));
#8323=FACE_BOUND('',#8324,.T.);
#8324=EDGE_LOOP('',(#8325,#8326,#8327));
#8325=ORIENTED_EDGE('',*,*,#8328,.T.);
#8326=ORIENTED_EDGE('',*,*,#8329,.T.);
#8327=ORIENTED_EDGE('',*,*,#8330,.T.);
#8328=EDGE_CURVE('',#259,#257,#8331,.F.);
#8329=EDGE_CURVE('',#257,#485,#8332,.T.);
#8330=EDGE_CURVE('',#485,#259,#8333,.T.);
#8331=LINE('',#258,#8334);
#8332=LINE('',#256,#8335);
#8333=LINE('',#484,#8336);
#8334=VECTOR('',#8337,1.0);
#8335=VECTOR('',#8338,1.0);
#8336=VECTOR('',#8339,1.0);
#8337=DIRECTION('',(-0.9572134443055558,-0.2893828295540265,0));
#8338=DIRECTION('',(0,0,1));
#8339=DIRECTION('',(0.40588852485533333,0.12270739666779297,-0.9056475032780548));
#8340=FACE_SURFACE('',(#8345),#8341,.T.);
#8341=PLANE('',#8342);
#8342=AXIS2_PLACEMENT_3D('',#258,#8343,#8344);
#8343=DIRECTION('',(-0.2893828295540265,0.9572134443055557,0));
#8344=DIRECTION('',(-0.40588852485533333,-0.12270739666779297,0.9056475032780548));
#8345=FACE_BOUND('',#8346,.T.);
#8346=EDGE_LOOP('',(#8347,#8348,#8349));
#8347=ORIENTED_EDGE('',*,*,#8350,.T.);
#8348=ORIENTED_EDGE('',*,*,#8351,.T.);
#8349=ORIENTED_EDGE('',*,*,#8352,.T.);
#8350=EDGE_CURVE('',#259,#485,#8353,.F.);
#8351=EDGE_CURVE('',#485,#483,#8354,.T.);
#8352=EDGE_CURVE('',#483,#259,#8355,.T.);
#8353=LINE('',#258,#8356);
#8354=LINE('',#484,#8357);
#8355=LINE('',#482,#8358);
#8356=VECTOR('',#8359,1.0);
#8357=VECTOR('',#8360,1.0);
#8358=VECTOR('',#8361,1.0);
#8359=DIRECTION('',(-0.40588852485533333,-0.12270739666779297,0.9056475032780548));
#8360=DIRECTION('',(0.9572134443055558,0.2893828295540265,0));
#8361=DIRECTION('',(0,0,-1));
#8362=FACE_SURFACE('',(#8367),#8363,.T.);
#8363=PLANE('',#8364);
#8364=AXIS2_PLACEMENT_3D('',#260,#8365,#8366);
#8365=DIRECTION('',(-0.23811961250557664,0.9712358365197374,0));
#8366=DIRECTION('',(-0.9712358365197374,-0.23811961250557664,0));
#8367=FACE_BOUND('',#8368,.T.);
#8368=EDGE_LOOP('',(#8369,#8370,#8371));
#8369=ORIENTED_EDGE('',*,*,#8372,.T.);
#8370=ORIENTED_EDGE('',*,*,#8373,.T.);
#8371=ORIENTED_EDGE('',*,*,#8374,.T.);
#8372=EDGE_CURVE('',#261,#259,#8375,.F.);
#8373=EDGE_CURVE('',#259,#483,#8376,.T.);
#8374=EDGE_CURVE('',#483,#261,#8377,.T.);
#8375=LINE('',#260,#8378);
#8376=LINE('',#258,#8379);
#8377=LINE('',#482,#8380);
#8378=VECTOR('',#8381,1.0);
#8379=VECTOR('',#8382,1.0);
#8380=VECTOR('',#8383,1.0);
#8381=DIRECTION('',(-0.9712358365197374,-0.23811961250557664,0));
#8382=DIRECTION('',(0,0,1));
#8383=DIRECTION('',(0.4113558445662835,0.10085284194312888,-0.9058780676300503));
#8384=FACE_SURFACE('',(#8389),#8385,.T.);
#8385=PLANE('',#8386);
#8386=AXIS2_PLACEMENT_3D('',#260,#8387,#8388);
#8387=DIRECTION('',(-0.23811961250557664,0.9712358365197374,0));
#8388=DIRECTION('',(-0.4113558445662835,-0.10085284194312888,0.9058780676300503));
#8389=FACE_BOUND('',#8390,.T.);
#8390=EDGE_LOOP('',(#8391,#8392,#8393));
#8391=ORIENTED_EDGE('',*,*,#8394,.T.);
#8392=ORIENTED_EDGE('',*,*,#8395,.T.);
#8393=ORIENTED_EDGE('',*,*,#8396,.T.);
#8394=EDGE_CURVE('',#261,#483,#8397,.F.);
#8395=EDGE_CURVE('',#483,#481,#8398,.T.);
#8396=EDGE_CURVE('',#481,#261,#8399,.T.);
#8397=LINE('',#260,#8400);
#8398=LINE('',#482,#8401);
#8399=LINE('',#480,#8402);
#8400=VECTOR('',#8403,1.0);
#8401=VECTOR('',#8404,1.0);
#8402=VECTOR('',#8405,1.0);
#8403=DIRECTION('',(-0.4113558445662835,-0.10085284194312888,0.9058780676300503));
#8404=DIRECTION('',(0.9712358365197374,0.23811961250557664,0));
#8405=DIRECTION('',(0,0,-1));
#8406=FACE_SURFACE('',(#8411),#8407,.T.);
#8407=PLANE('',#8408);
#8408=AXIS2_PLACEMENT_3D('',#262,#8409,#8410);
#8409=DIRECTION('',(-0.18605935713721197,0.9825385059231457,0));
#8410=DIRECTION('',(-0.9825385059231457,-0.186059357137212,0));
#8411=FACE_BOUND('',#8412,.T.);
#8412=EDGE_LOOP('',(#8413,#8414,#8415));
#8413=ORIENTED_EDGE('',*,*,#8416,.T.);
#8414=ORIENTED_EDGE('',*,*,#8417,.T.);
#8415=ORIENTED_EDGE('',*,*,#8418,.T.);
#8416=EDGE_CURVE('',#263,#261,#8419,.F.);
#8417=EDGE_CURVE('',#261,#481,#8420,.T.);
#8418=EDGE_CURVE('',#481,#263,#8421,.T.);
#8419=LINE('',#262,#8422);
#8420=LINE('',#260,#8423);
#8421=LINE('',#480,#8424);
#8422=VECTOR('',#8425,1.0);
#8423=VECTOR('',#8426,1.0);
#8424=VECTOR('',#8427,1.0);
#8425=DIRECTION('',(-0.9825385059231457,-0.186059357137212,0));
#8426=DIRECTION('',(0,0,1));
#8427=DIRECTION('',(0.4157482665728257,0.0787285737333747,-0.9060657760447633));
#8428=FACE_SURFACE('',(#8433),#8429,.T.);
#8429=PLANE('',#8430);
#8430=AXIS2_PLACEMENT_3D('',#262,#8431,#8432);
#8431=DIRECTION('',(-0.18605935713721197,0.9825385059231457,0));
#8432=DIRECTION('',(-0.4157482665728257,-0.0787285737333747,0.9060657760447633));
#8433=FACE_BOUND('',#8434,.T.);
#8434=EDGE_LOOP('',(#8435,#8436,#8437));
#8435=ORIENTED_EDGE('',*,*,#8438,.T.);
#8436=ORIENTED_EDGE('',*,*,#8439,.T.);
#8437=ORIENTED_EDGE('',*,*,#8440,.T.);
#8438=EDGE_CURVE('',#263,#481,#8441,.F.);
#8439=EDGE_CURVE('',#481,#479,#8442,.T.);
#8440=EDGE_CURVE('',#479,#263,#8443,.T.);
#8441=LINE('',#262,#8444);
#8442=LINE('',#480,#8445);
#8443=LINE('',#478,#8446);
#8444=VECTOR('',#8447,1.0);
#8445=VECTOR('',#8448,1.0);
#8446=VECTOR('',#8449,1.0);
#8447=DIRECTION('',(-0.4157482665728257,-0.0787285737333747,0.9060657760447633));
#8448=DIRECTION('',(0.9825385059231457,0.186059357137212,0));
#8449=DIRECTION('',(0,0,-1));
#8450=FACE_SURFACE('',(#8455),#8451,.T.);
#8451=PLANE('',#8452);
#8452=AXIS2_PLACEMENT_3D('',#264,#8453,#8454);
#8453=DIRECTION('',(-0.13335605451099752,0.9910681927724548,0));
#8454=DIRECTION('',(-0.9910681927724548,-0.13335605451099752,0));
#8455=FACE_BOUND('',#8456,.T.);
#8456=EDGE_LOOP('',(#8457,#8458,#8459));
#8457=ORIENTED_EDGE('',*,*,#8460,.T.);
#8458=ORIENTED_EDGE('',*,*,#8461,.T.);
#8459=ORIENTED_EDGE('',*,*,#8462,.T.);
#8460=EDGE_CURVE('',#265,#263,#8463,.F.);
#8461=EDGE_CURVE('',#263,#479,#8464,.T.);
#8462=EDGE_CURVE('',#479,#265,#8465,.T.);
#8463=LINE('',#264,#8466);
#8464=LINE('',#262,#8467);
#8465=LINE('',#478,#8468);
#8466=VECTOR('',#8469,1.0);
#8467=VECTOR('',#8470,1.0);
#8468=VECTOR('',#8471,1.0);
#8469=DIRECTION('',(-0.9910681927724548,-0.13335605451099752,0));
#8470=DIRECTION('',(0,0,1));
#8471=DIRECTION('',(0.41905475911122014,0.05638712825885174,-0.906208364910056));
#8472=FACE_SURFACE('',(#8477),#8473,.T.);
#8473=PLANE('',#8474);
#8474=AXIS2_PLACEMENT_3D('',#264,#8475,#8476);
#8475=DIRECTION('',(-0.13335605451099752,0.9910681927724548,0));
#8476=DIRECTION('',(-0.41905475911122014,-0.05638712825885174,0.906208364910056));
#8477=FACE_BOUND('',#8478,.T.);
#8478=EDGE_LOOP('',(#8479,#8480,#8481));
#8479=ORIENTED_EDGE('',*,*,#8482,.T.);
#8480=ORIENTED_EDGE('',*,*,#8483,.T.);
#8481=ORIENTED_EDGE('',*,*,#8484,.T.);
#8482=EDGE_CURVE('',#265,#479,#8485,.F.);
#8483=EDGE_CURVE('',#479,#477,#8486,.T.);
#8484=EDGE_CURVE('',#477,#265,#8487,.T.);
#8485=LINE('',#264,#8488);
#8486=LINE('',#478,#8489);
#8487=LINE('',#476,#8490);
#8488=VECTOR('',#8491,1.0);
#8489=VECTOR('',#8492,1.0);
#8490=VECTOR('',#8493,1.0);
#8491=DIRECTION('',(-0.41905475911122014,-0.05638712825885174,0.906208364910056));
#8492=DIRECTION('',(0.9910681927724548,0.13335605451099752,0));
#8493=DIRECTION('',(0,0,-1));
#8494=FACE_SURFACE('',(#8499),#8495,.T.);
#8495=PLANE('',#8496);
#8496=AXIS2_PLACEMENT_3D('',#266,#8497,#8498);
#8497=DIRECTION('',(-0.08020282645676459,0.9967785644908032,0));
#8498=DIRECTION('',(-0.996778564490803,-0.08020282645676458,0));
#8499=FACE_BOUND('',#8500,.T.);
#8500=EDGE_LOOP('',(#8501,#8502,#8503));
#8501=ORIENTED_EDGE('',*,*,#8504,.T.);
#8502=ORIENTED_EDGE('',*,*,#8505,.T.);
#8503=ORIENTED_EDGE('',*,*,#8506,.T.);
#8504=EDGE_CURVE('',#267,#265,#8507,.F.);
#8505=EDGE_CURVE('',#265,#477,#8508,.T.);
#8506=EDGE_CURVE('',#477,#267,#8509,.T.);
#8507=LINE('',#266,#8510);
#8508=LINE('',#264,#8511);
#8509=LINE('',#476,#8512);
#8510=VECTOR('',#8513,1.0);
#8511=VECTOR('',#8514,1.0);
#8512=VECTOR('',#8515,1.0);
#8513=DIRECTION('',(-0.996778564490803,-0.08020282645676458,0));
#8514=DIRECTION('',(0,0,1));
#8515=DIRECTION('',(0.42126466884383673,0.033895810294544484,-0.9063041171860409));
#8516=FACE_SURFACE('',(#8521),#8517,.T.);
#8517=PLANE('',#8518);
#8518=AXIS2_PLACEMENT_3D('',#266,#8519,#8520);
#8519=DIRECTION('',(-0.08020282645676459,0.9967785644908032,0));
#8520=DIRECTION('',(-0.42126466884383673,-0.033895810294544484,0.9063041171860409));
#8521=FACE_BOUND('',#8522,.T.);
#8522=EDGE_LOOP('',(#8523,#8524,#8525));
#8523=ORIENTED_EDGE('',*,*,#8526,.T.);
#8524=ORIENTED_EDGE('',*,*,#8527,.T.);
#8525=ORIENTED_EDGE('',*,*,#8528,.T.);
#8526=EDGE_CURVE('',#267,#477,#8529,.F.);
#8527=EDGE_CURVE('',#477,#475,#8530,.T.);
#8528=EDGE_CURVE('',#475,#267,#8531,.T.);
#8529=LINE('',#266,#8532);
#8530=LINE('',#476,#8533);
#8531=LINE('',#474,#8534);
#8532=VECTOR('',#8535,1.0);
#8533=VECTOR('',#8536,1.0);
#8534=VECTOR('',#8537,1.0);
#8535=DIRECTION('',(-0.42126466884383673,-0.033895810294544484,0.9063041171860409));
#8536=DIRECTION('',(0.996778564490803,0.08020282645676458,0));
#8537=DIRECTION('',(0,0,-1));
#8538=FACE_SURFACE('',(#8543),#8539,.T.);
#8539=PLANE('',#8540);
#8540=AXIS2_PLACEMENT_3D('',#268,#8541,#8542);
#8541=DIRECTION('',(-0.02675880769799768,0.9996419189942874,0));
#8542=DIRECTION('',(-0.9996419189942874,-0.026758807697997676,0));
#8543=FACE_BOUND('',#8544,.T.);
#8544=EDGE_LOOP('',(#8545,#8546,#8547));
#8545=ORIENTED_EDGE('',*,*,#8548,.T.);
#8546=ORIENTED_EDGE('',*,*,#8549,.T.);
#8547=ORIENTED_EDGE('',*,*,#8550,.T.);
#8548=EDGE_CURVE('',#269,#267,#8551,.F.);
#8549=EDGE_CURVE('',#267,#475,#8552,.T.);
#8550=EDGE_CURVE('',#475,#269,#8553,.T.);
#8551=LINE('',#268,#8554);
#8552=LINE('',#266,#8555);
#8553=LINE('',#474,#8556);
#8554=VECTOR('',#8557,1.0);
#8555=VECTOR('',#8558,1.0);
#8556=VECTOR('',#8559,1.0);
#8557=DIRECTION('',(-0.9996419189942874,-0.026758807697997676,0));
#8558=DIRECTION('',(0,0,1));
#8559=DIRECTION('',(0.42236981899168324,0.011306161285440377,-0.9063530806048603));
#8560=FACE_SURFACE('',(#8565),#8561,.T.);
#8561=PLANE('',#8562);
#8562=AXIS2_PLACEMENT_3D('',#268,#8563,#8564);
#8563=DIRECTION('',(-0.0267588095763966,0.9996419189440057,-8.759803679367958E-10));
#8564=DIRECTION('',(-0.42236981899168324,-0.011306161285440377,0.9063530806048603));
#8565=FACE_BOUND('',#8566,.T.);
#8566=EDGE_LOOP('',(#8567,#8568,#8569));
#8567=ORIENTED_EDGE('',*,*,#8570,.T.);
#8568=ORIENTED_EDGE('',*,*,#8571,.T.);
#8569=ORIENTED_EDGE('',*,*,#8572,.T.);
#8570=EDGE_CURVE('',#269,#475,#8573,.F.);
#8571=EDGE_CURVE('',#475,#473,#8574,.T.);
#8572=EDGE_CURVE('',#473,#269,#8575,.T.);
#8573=LINE('',#268,#8576);
#8574=LINE('',#474,#8577);
#8575=LINE('',#472,#8578);
#8576=VECTOR('',#8579,1.0);
#8577=VECTOR('',#8580,1.0);
#8578=VECTOR('',#8581,1.0);
#8579=DIRECTION('',(-0.42236981899168324,-0.011306161285440377,0.9063530806048603));
#8580=DIRECTION('',(0.9996419189440057,0.026758809576396595,0));
#8581=DIRECTION('',(3.273614864801309E-08,0,-0.9999999999999993));
#8582=FACE_SURFACE('',(#8587),#8583,.T.);
#8583=PLANE('',#8584);
#8584=AXIS2_PLACEMENT_3D('',#472,#8585,#8586);
#8585=DIRECTION('',(0.026758576555673947,0.9996419251815692,0));
#8586=DIRECTION('',(0.9996419251815694,-0.026758576555673947,0));
#8587=FACE_BOUND('',#8588,.T.);
#8588=EDGE_LOOP('',(#8589,#8590,#8591));
#8589=ORIENTED_EDGE('',*,*,#8592,.T.);
#8590=ORIENTED_EDGE('',*,*,#8593,.T.);
#8591=ORIENTED_EDGE('',*,*,#8594,.T.);
#8592=EDGE_CURVE('',#473,#471,#8595,.F.);
#8593=EDGE_CURVE('',#471,#271,#8596,.T.);
#8594=EDGE_CURVE('',#271,#473,#8597,.T.);
#8595=LINE('',#472,#8598);
#8596=LINE('',#470,#8599);
#8597=LINE('',#270,#8600);
#8598=VECTOR('',#8601,1.0);
#8599=VECTOR('',#8602,1.0);
#8600=VECTOR('',#8603,1.0);
#8601=DIRECTION('',(0.9996419251815694,-0.026758576555673947,0));
#8602=DIRECTION('',(0,0,-1));
#8603=DIRECTION('',(-0.42237281871933097,0.011306143850143302,0.9063516829125035));
#8604=FACE_SURFACE('',(#8609),#8605,.T.);
#8605=PLANE('',#8606);
#8606=AXIS2_PLACEMENT_3D('',#472,#8607,#8608);
#8607=DIRECTION('',(0.026758578434040423,0.9996419251312887,8.759728012262652E-10));
#8608=DIRECTION('',(0.42237281871933097,-0.011306143850143302,-0.9063516829125035));
#8609=FACE_BOUND('',#8610,.T.);
#8610=EDGE_LOOP('',(#8611,#8612,#8613));
#8611=ORIENTED_EDGE('',*,*,#8614,.T.);
#8612=ORIENTED_EDGE('',*,*,#8615,.T.);
#8613=ORIENTED_EDGE('',*,*,#8616,.T.);
#8614=EDGE_CURVE('',#473,#271,#8617,.F.);
#8615=EDGE_CURVE('',#271,#269,#8618,.T.);
#8616=EDGE_CURVE('',#269,#473,#8619,.T.);
#8617=LINE('',#472,#8620);
#8618=LINE('',#270,#8621);
#8619=LINE('',#268,#8622);
#8620=VECTOR('',#8623,1.0);
#8621=VECTOR('',#8624,1.0);
#8622=VECTOR('',#8625,1.0);
#8623=DIRECTION('',(0.42237281871933097,-0.011306143850143302,-0.9063516829125035));
#8624=DIRECTION('',(-0.9996419251312888,0.026758578434040423,0));
#8625=DIRECTION('',(-3.273614864801309E-08,0,0.9999999999999993));
#8626=FACE_SURFACE('',(#8631),#8627,.T.);
#8627=PLANE('',#8628);
#8628=AXIS2_PLACEMENT_3D('',#272,#8629,#8630);
#8629=DIRECTION('',(0.08020284541035745,0.9967785629657585,0));
#8630=DIRECTION('',(-0.9967785629657584,0.08020284541035745,0));
#8631=FACE_BOUND('',#8632,.T.);
#8632=EDGE_LOOP('',(#8633,#8634,#8635));
#8633=ORIENTED_EDGE('',*,*,#8636,.T.);
#8634=ORIENTED_EDGE('',*,*,#8637,.T.);
#8635=ORIENTED_EDGE('',*,*,#8638,.T.);
#8636=EDGE_CURVE('',#273,#271,#8639,.F.);
#8637=EDGE_CURVE('',#271,#471,#8640,.T.);
#8638=EDGE_CURVE('',#471,#273,#8641,.T.);
#8639=LINE('',#272,#8642);
#8640=LINE('',#270,#8643);
#8641=LINE('',#470,#8644);
#8642=VECTOR('',#8645,1.0);
#8643=VECTOR('',#8646,1.0);
#8644=VECTOR('',#8647,1.0);
#8645=DIRECTION('',(-0.9967785629657584,0.08020284541035745,0));
#8646=DIRECTION('',(0,0,1));
#8647=DIRECTION('',(0.4212645864272903,-0.03389581172528364,-0.9063041554410574));
#8648=FACE_SURFACE('',(#8653),#8649,.T.);
#8649=PLANE('',#8650);
#8650=AXIS2_PLACEMENT_3D('',#272,#8651,#8652);
#8651=DIRECTION('',(0.08020284541035745,0.9967785629657585,-0));
#8652=DIRECTION('',(-0.4212645864272903,0.03389581172528364,0.9063041554410574));
#8653=FACE_BOUND('',#8654,.T.);
#8654=EDGE_LOOP('',(#8655,#8656,#8657));
#8655=ORIENTED_EDGE('',*,*,#8658,.T.);
#8656=ORIENTED_EDGE('',*,*,#8659,.T.);
#8657=ORIENTED_EDGE('',*,*,#8660,.T.);
#8658=EDGE_CURVE('',#273,#471,#8661,.F.);
#8659=EDGE_CURVE('',#471,#469,#8662,.T.);
#8660=EDGE_CURVE('',#469,#273,#8663,.T.);
#8661=LINE('',#272,#8664);
#8662=LINE('',#470,#8665);
#8663=LINE('',#468,#8666);
#8664=VECTOR('',#8667,1.0);
#8665=VECTOR('',#8668,1.0);
#8666=VECTOR('',#8669,1.0);
#8667=DIRECTION('',(-0.4212645864272903,0.03389581172528364,0.9063041554410574));
#8668=DIRECTION('',(0.9967785629657584,-0.08020284541035745,0));
#8669=DIRECTION('',(0,0,-1));
#8670=FACE_SURFACE('',(#8675),#8671,.T.);
#8671=PLANE('',#8672);
#8672=AXIS2_PLACEMENT_3D('',#274,#8673,#8674);
#8673=DIRECTION('',(0.13335605451099752,0.9910681927724548,0));
#8674=DIRECTION('',(-0.9910681927724548,0.13335605451099752,0));
#8675=FACE_BOUND('',#8676,.T.);
#8676=EDGE_LOOP('',(#8677,#8678,#8679));
#8677=ORIENTED_EDGE('',*,*,#8680,.T.);
#8678=ORIENTED_EDGE('',*,*,#8681,.T.);
#8679=ORIENTED_EDGE('',*,*,#8682,.T.);
#8680=EDGE_CURVE('',#275,#273,#8683,.F.);
#8681=EDGE_CURVE('',#273,#469,#8684,.T.);
#8682=EDGE_CURVE('',#469,#275,#8685,.T.);
#8683=LINE('',#274,#8686);
#8684=LINE('',#272,#8687);
#8685=LINE('',#468,#8688);
#8686=VECTOR('',#8689,1.0);
#8687=VECTOR('',#8690,1.0);
#8688=VECTOR('',#8691,1.0);
#8689=DIRECTION('',(-0.9910681927724548,0.13335605451099752,0));
#8690=DIRECTION('',(0,0,1));
#8691=DIRECTION('',(0.41905475911122014,-0.05638712825885174,-0.906208364910056));
#8692=FACE_SURFACE('',(#8697),#8693,.T.);
#8693=PLANE('',#8694);
#8694=AXIS2_PLACEMENT_3D('',#274,#8695,#8696);
#8695=DIRECTION('',(0.13335605451099752,0.9910681927724548,-0));
#8696=DIRECTION('',(-0.41905475911122014,0.05638712825885174,0.906208364910056));
#8697=FACE_BOUND('',#8698,.T.);
#8698=EDGE_LOOP('',(#8699,#8700,#8701));
#8699=ORIENTED_EDGE('',*,*,#8702,.T.);
#8700=ORIENTED_EDGE('',*,*,#8703,.T.);
#8701=ORIENTED_EDGE('',*,*,#8704,.T.);
#8702=EDGE_CURVE('',#275,#469,#8705,.F.);
#8703=EDGE_CURVE('',#469,#467,#8706,.T.);
#8704=EDGE_CURVE('',#467,#275,#8707,.T.);
#8705=LINE('',#274,#8708);
#8706=LINE('',#468,#8709);
#8707=LINE('',#466,#8710);
#8708=VECTOR('',#8711,1.0);
#8709=VECTOR('',#8712,1.0);
#8710=VECTOR('',#8713,1.0);
#8711=DIRECTION('',(-0.41905475911122014,0.05638712825885174,0.906208364910056));
#8712=DIRECTION('',(0.9910681927724548,-0.13335605451099752,0));
#8713=DIRECTION('',(0,0,-1));
#8714=FACE_SURFACE('',(#8719),#8715,.T.);
#8715=PLANE('',#8716);
#8716=AXIS2_PLACEMENT_3D('',#276,#8717,#8718);
#8717=DIRECTION('',(0.18605931385939653,0.98253851411849,0));
#8718=DIRECTION('',(-0.9825385141184902,0.18605931385939659,0));
#8719=FACE_BOUND('',#8720,.T.);
#8720=EDGE_LOOP('',(#8721,#8722,#8723));
#8721=ORIENTED_EDGE('',*,*,#8724,.T.);
#8722=ORIENTED_EDGE('',*,*,#8725,.T.);
#8723=ORIENTED_EDGE('',*,*,#8726,.T.);
#8724=EDGE_CURVE('',#277,#275,#8727,.F.);
#8725=EDGE_CURVE('',#275,#467,#8728,.T.);
#8726=EDGE_CURVE('',#467,#277,#8729,.T.);
#8727=LINE('',#276,#8730);
#8728=LINE('',#274,#8731);
#8729=LINE('',#466,#8732);
#8730=VECTOR('',#8733,1.0);
#8731=VECTOR('',#8734,1.0);
#8732=VECTOR('',#8735,1.0);
#8733=DIRECTION('',(-0.9825385141184902,0.18605931385939659,0));
#8734=DIRECTION('',(0,0,1));
#8735=DIRECTION('',(0.4157483494302107,-0.07872857045462656,-0.9060657383105414));
#8736=FACE_SURFACE('',(#8741),#8737,.T.);
#8737=PLANE('',#8738);
#8738=AXIS2_PLACEMENT_3D('',#276,#8739,#8740);
#8739=DIRECTION('',(0.18605931385939653,0.98253851411849,-0));
#8740=DIRECTION('',(-0.4157483494302107,0.07872857045462656,0.9060657383105414));
#8741=FACE_BOUND('',#8742,.T.);
#8742=EDGE_LOOP('',(#8743,#8744,#8745));
#8743=ORIENTED_EDGE('',*,*,#8746,.T.);
#8744=ORIENTED_EDGE('',*,*,#8747,.T.);
#8745=ORIENTED_EDGE('',*,*,#8748,.T.);
#8746=EDGE_CURVE('',#277,#467,#8749,.F.);
#8747=EDGE_CURVE('',#467,#465,#8750,.T.);
#8748=EDGE_CURVE('',#465,#277,#8751,.T.);
#8749=LINE('',#276,#8752);
#8750=LINE('',#466,#8753);
#8751=LINE('',#464,#8754);
#8752=VECTOR('',#8755,1.0);
#8753=VECTOR('',#8756,1.0);
#8754=VECTOR('',#8757,1.0);
#8755=DIRECTION('',(-0.4157483494302107,0.07872857045462656,0.9060657383105414));
#8756=DIRECTION('',(0.9825385141184902,-0.18605931385939659,0));
#8757=DIRECTION('',(0,0,-1));
#8758=FACE_SURFACE('',(#8763),#8759,.T.);
#8759=PLANE('',#8760);
#8760=AXIS2_PLACEMENT_3D('',#278,#8761,#8762);
#8761=DIRECTION('',(0.23811972187912483,0.9712358097044241,0));
#8762=DIRECTION('',(-0.971235809704424,0.2381197218791248,0));
#8763=FACE_BOUND('',#8764,.T.);
#8764=EDGE_LOOP('',(#8765,#8766,#8767));
#8765=ORIENTED_EDGE('',*,*,#8768,.T.);
#8766=ORIENTED_EDGE('',*,*,#8769,.T.);
#8767=ORIENTED_EDGE('',*,*,#8770,.T.);
#8768=EDGE_CURVE('',#279,#277,#8771,.F.);
#8769=EDGE_CURVE('',#277,#465,#8772,.T.);
#8770=EDGE_CURVE('',#465,#279,#8773,.T.);
#8771=LINE('',#278,#8774);
#8772=LINE('',#276,#8775);
#8773=LINE('',#464,#8776);
#8774=VECTOR('',#8777,1.0);
#8775=VECTOR('',#8778,1.0);
#8776=VECTOR('',#8779,1.0);
#8777=DIRECTION('',(-0.971235809704424,0.2381197218791248,0));
#8778=DIRECTION('',(0,0,1));
#8779=DIRECTION('',(0.4113556781581184,-0.10085285025293662,-0.9058781422702135));
#8780=FACE_SURFACE('',(#8785),#8781,.T.);
#8781=PLANE('',#8782);
#8782=AXIS2_PLACEMENT_3D('',#278,#8783,#8784);
#8783=DIRECTION('',(0.23811972187912483,0.9712358097044241,-0));
#8784=DIRECTION('',(-0.4113556781581184,0.10085285025293662,0.9058781422702135));
#8785=FACE_BOUND('',#8786,.T.);
#8786=EDGE_LOOP('',(#8787,#8788,#8789));
#8787=ORIENTED_EDGE('',*,*,#8790,.T.);
#8788=ORIENTED_EDGE('',*,*,#8791,.T.);
#8789=ORIENTED_EDGE('',*,*,#8792,.T.);
#8790=EDGE_CURVE('',#279,#465,#8793,.F.);
#8791=EDGE_CURVE('',#465,#463,#8794,.T.);
#8792=EDGE_CURVE('',#463,#279,#8795,.T.);
#8793=LINE('',#278,#8796);
#8794=LINE('',#464,#8797);
#8795=LINE('',#462,#8798);
#8796=VECTOR('',#8799,1.0);
#8797=VECTOR('',#8800,1.0);
#8798=VECTOR('',#8801,1.0);
#8799=DIRECTION('',(-0.4113556781581184,0.10085285025293662,0.9058781422702135));
#8800=DIRECTION('',(0.971235809704424,-0.2381197218791248,0));
#8801=DIRECTION('',(0,0,-1));
#8802=FACE_SURFACE('',(#8807),#8803,.T.);
#8803=PLANE('',#8804);
#8804=AXIS2_PLACEMENT_3D('',#280,#8805,#8806);
#8805=DIRECTION('',(0.289382437108916,0.9572135629486788,0));
#8806=DIRECTION('',(-0.9572135629486788,0.289382437108916,0));
#8807=FACE_BOUND('',#8808,.T.);
#8808=EDGE_LOOP('',(#8809,#8810,#8811));
#8809=ORIENTED_EDGE('',*,*,#8812,.T.);
#8810=ORIENTED_EDGE('',*,*,#8813,.T.);
#8811=ORIENTED_EDGE('',*,*,#8814,.T.);
#8812=EDGE_CURVE('',#281,#279,#8815,.F.);
#8813=EDGE_CURVE('',#279,#463,#8816,.T.);
#8814=EDGE_CURVE('',#463,#281,#8817,.T.);
#8815=LINE('',#280,#8818);
#8816=LINE('',#278,#8819);
#8817=LINE('',#462,#8820);
#8818=VECTOR('',#8821,1.0);
#8819=VECTOR('',#8822,1.0);
#8820=VECTOR('',#8823,1.0);
#8821=DIRECTION('',(-0.9572135629486788,0.289382437108916,0));
#8822=DIRECTION('',(0,0,1));
#8823=DIRECTION('',(0.40588902663676657,-0.12270736674696565,-0.9056472824460325));
#8824=FACE_SURFACE('',(#8829),#8825,.T.);
#8825=PLANE('',#8826);
#8826=AXIS2_PLACEMENT_3D('',#280,#8827,#8828);
#8827=DIRECTION('',(0.289382437108916,0.9572135629486788,-0));
#8828=DIRECTION('',(-0.40588902663676657,0.12270736674696565,0.9056472824460325));
#8829=FACE_BOUND('',#8830,.T.);
#8830=EDGE_LOOP('',(#8831,#8832,#8833));
#8831=ORIENTED_EDGE('',*,*,#8834,.T.);
#8832=ORIENTED_EDGE('',*,*,#8835,.T.);
#8833=ORIENTED_EDGE('',*,*,#8836,.T.);
#8834=EDGE_CURVE('',#281,#463,#8837,.F.);
#8835=EDGE_CURVE('',#463,#461,#8838,.T.);
#8836=EDGE_CURVE('',#461,#281,#8839,.T.);
#8837=LINE('',#280,#8840);
#8838=LINE('',#462,#8841);
#8839=LINE('',#460,#8842);
#8840=VECTOR('',#8843,1.0);
#8841=VECTOR('',#8844,1.0);
#8842=VECTOR('',#8845,1.0);
#8843=DIRECTION('',(-0.40588902663676657,0.12270736674696565,0.9056472824460325));
#8844=DIRECTION('',(0.9572135629486788,-0.289382437108916,0));
#8845=DIRECTION('',(0,0,-1));
#8846=FACE_SURFACE('',(#8851),#8847,.T.);
#8847=PLANE('',#8848);
#8848=AXIS2_PLACEMENT_3D('',#282,#8849,#8850);
#8849=DIRECTION('',(0.3396651903129682,0.9405464148513114,0));
#8850=DIRECTION('',(-0.9405464148513113,0.3396651903129682,0));
#8851=FACE_BOUND('',#8852,.T.);
#8852=EDGE_LOOP('',(#8853,#8854,#8855));
#8853=ORIENTED_EDGE('',*,*,#8856,.T.);
#8854=ORIENTED_EDGE('',*,*,#8857,.T.);
#8855=ORIENTED_EDGE('',*,*,#8858,.T.);
#8856=EDGE_CURVE('',#283,#281,#8859,.F.);
#8857=EDGE_CURVE('',#281,#461,#8860,.T.);
#8858=EDGE_CURVE('',#461,#283,#8861,.T.);
#8859=LINE('',#282,#8862);
#8860=LINE('',#280,#8863);
#8861=LINE('',#460,#8864);
#8862=VECTOR('',#8865,1.0);
#8863=VECTOR('',#8866,1.0);
#8864=VECTOR('',#8867,1.0);
#8865=DIRECTION('',(-0.9405464148513113,0.3396651903129682,0));
#8866=DIRECTION('',(0,0,1));
#8867=DIRECTION('',(0.39936630095178766,-0.14422555705432122,-0.905375914389408));
#8868=FACE_SURFACE('',(#8873),#8869,.T.);
#8869=PLANE('',#8870);
#8870=AXIS2_PLACEMENT_3D('',#282,#8871,#8872);
#8871=DIRECTION('',(0.3396651903129682,0.9405464148513114,-0));
#8872=DIRECTION('',(-0.39936630095178766,0.14422555705432122,0.905375914389408));
#8873=FACE_BOUND('',#8874,.T.);
#8874=EDGE_LOOP('',(#8875,#8876,#8877));
#8875=ORIENTED_EDGE('',*,*,#8878,.T.);
#8876=ORIENTED_EDGE('',*,*,#8879,.T.);
#8877=ORIENTED_EDGE('',*,*,#8880,.T.);
#8878=EDGE_CURVE('',#283,#461,#8881,.F.);
#8879=EDGE_CURVE('',#461,#459,#8882,.T.);
#8880=EDGE_CURVE('',#459,#283,#8883,.T.);
#8881=LINE('',#282,#8884);
#8882=LINE('',#460,#8885);
#8883=LINE('',#458,#8886);
#8884=VECTOR('',#8887,1.0);
#8885=VECTOR('',#8888,1.0);
#8886=VECTOR('',#8889,1.0);
#8887=DIRECTION('',(-0.39936630095178766,0.14422555705432122,0.905375914389408));
#8888=DIRECTION('',(0.9405464148513113,-0.3396651903129682,0));
#8889=DIRECTION('',(0,0,-1));
#8890=FACE_SURFACE('',(#8895),#8891,.T.);
#8891=PLANE('',#8892);
#8892=AXIS2_PLACEMENT_3D('',#284,#8893,#8894);
#8893=DIRECTION('',(0.38882885920682697,0.9213100011656867,0));
#8894=DIRECTION('',(-0.9213100011656866,0.38882885920682697,0));
#8895=FACE_BOUND('',#8896,.T.);
#8896=EDGE_LOOP('',(#8897,#8898,#8899));
#8897=ORIENTED_EDGE('',*,*,#8900,.T.);
#8898=ORIENTED_EDGE('',*,*,#8901,.T.);
#8899=ORIENTED_EDGE('',*,*,#8902,.T.);
#8900=EDGE_CURVE('',#285,#283,#8903,.F.);
#8901=EDGE_CURVE('',#283,#459,#8904,.T.);
#8902=EDGE_CURVE('',#459,#285,#8905,.T.);
#8903=LINE('',#284,#8906);
#8904=LINE('',#282,#8907);
#8905=LINE('',#458,#8908);
#8906=VECTOR('',#8909,1.0);
#8907=VECTOR('',#8910,1.0);
#8908=VECTOR('',#8911,1.0);
#8909=DIRECTION('',(-0.9213100011656866,0.38882885920682697,0));
#8910=DIRECTION('',(0,0,1));
#8911=DIRECTION('',(0.3918054884885355,-0.16535724232583615,-0.9050665398746407));
#8912=FACE_SURFACE('',(#8917),#8913,.T.);
#8913=PLANE('',#8914);
#8914=AXIS2_PLACEMENT_3D('',#284,#8915,#8916);
#8915=DIRECTION('',(0.38882885920682697,0.9213100011656867,-0));
#8916=DIRECTION('',(-0.3918054884885355,0.16535724232583615,0.9050665398746407));
#8917=FACE_BOUND('',#8918,.T.);
#8918=EDGE_LOOP('',(#8919,#8920,#8921));
#8919=ORIENTED_EDGE('',*,*,#8922,.T.);
#8920=ORIENTED_EDGE('',*,*,#8923,.T.);
#8921=ORIENTED_EDGE('',*,*,#8924,.T.);
#8922=EDGE_CURVE('',#285,#459,#8925,.F.);
#8923=EDGE_CURVE('',#459,#457,#8926,.T.);
#8924=EDGE_CURVE('',#457,#285,#8927,.T.);
#8925=LINE('',#284,#8928);
#8926=LINE('',#458,#8929);
#8927=LINE('',#456,#8930);
#8928=VECTOR('',#8931,1.0);
#8929=VECTOR('',#8932,1.0);
#8930=VECTOR('',#8933,1.0);
#8931=DIRECTION('',(-0.3918054884885355,0.16535724232583615,0.9050665398746407));
#8932=DIRECTION('',(0.9213100011656866,-0.38882885920682697,0));
#8933=DIRECTION('',(0,0,-1));
#8934=FACE_SURFACE('',(#8939),#8935,.T.);
#8935=PLANE('',#8936);
#8936=AXIS2_PLACEMENT_3D('',#286,#8937,#8938);
#8937=DIRECTION('',(0.43670740674094144,0.8996036020923894,0));
#8938=DIRECTION('',(-0.8996036020923893,0.4367074067409414,0));
#8939=FACE_BOUND('',#8940,.T.);
#8940=EDGE_LOOP('',(#8941,#8942,#8943));
#8941=ORIENTED_EDGE('',*,*,#8944,.T.);
#8942=ORIENTED_EDGE('',*,*,#8945,.T.);
#8943=ORIENTED_EDGE('',*,*,#8946,.T.);
#8944=EDGE_CURVE('',#287,#285,#8947,.F.);
#8945=EDGE_CURVE('',#285,#457,#8948,.T.);
#8946=EDGE_CURVE('',#457,#287,#8949,.T.);
#8947=LINE('',#286,#8950);
#8948=LINE('',#284,#8951);
#8949=LINE('',#456,#8952);
#8950=VECTOR('',#8953,1.0);
#8951=VECTOR('',#8954,1.0);
#8952=VECTOR('',#8955,1.0);
#8953=DIRECTION('',(-0.8996036020923893,0.4367074067409414,0));
#8954=DIRECTION('',(0,0,1));
#8955=DIRECTION('',(0.383230432106643,-0.18603701430301145,-0.9047235297131256));
#8956=FACE_SURFACE('',(#8961),#8957,.T.);
#8957=PLANE('',#8958);
#8958=AXIS2_PLACEMENT_3D('',#286,#8959,#8960);
#8959=DIRECTION('',(0.43670740674094144,0.8996036020923894,-0));
#8960=DIRECTION('',(-0.383230432106643,0.18603701430301145,0.9047235297131256));
#8961=FACE_BOUND('',#8962,.T.);
#8962=EDGE_LOOP('',(#8963,#8964,#8965));
#8963=ORIENTED_EDGE('',*,*,#8966,.T.);
#8964=ORIENTED_EDGE('',*,*,#8967,.T.);
#8965=ORIENTED_EDGE('',*,*,#8968,.T.);
#8966=EDGE_CURVE('',#287,#457,#8969,.F.);
#8967=EDGE_CURVE('',#457,#455,#8970,.T.);
#8968=EDGE_CURVE('',#455,#287,#8971,.T.);
#8969=LINE('',#286,#8972);
#8970=LINE('',#456,#8973);
#8971=LINE('',#454,#8974);
#8972=VECTOR('',#8975,1.0);
#8973=VECTOR('',#8976,1.0);
#8974=VECTOR('',#8977,1.0);
#8975=DIRECTION('',(-0.383230432106643,0.18603701430301145,0.9047235297131256));
#8976=DIRECTION('',(0.8996036020923893,-0.4367074067409414,0));
#8977=DIRECTION('',(0,0,-1));
#8978=FACE_SURFACE('',(#8983),#8979,.T.);
#8979=PLANE('',#8980);
#8980=AXIS2_PLACEMENT_3D('',#288,#8981,#8982);
#8981=DIRECTION('',(0.48319079258935294,0.87551508151309,0));
#8982=DIRECTION('',(-0.8755150815130902,0.48319079258935305,0));
#8983=FACE_BOUND('',#8984,.T.);
#8984=EDGE_LOOP('',(#8985,#8986,#8987));
#8985=ORIENTED_EDGE('',*,*,#8988,.T.);
#8986=ORIENTED_EDGE('',*,*,#8989,.T.);
#8987=ORIENTED_EDGE('',*,*,#8990,.T.);
#8988=EDGE_CURVE('',#289,#287,#8991,.F.);
#8989=EDGE_CURVE('',#287,#455,#8992,.T.);
#8990=EDGE_CURVE('',#455,#289,#8993,.T.);
#8991=LINE('',#288,#8994);
#8992=LINE('',#286,#8995);
#8993=LINE('',#454,#8996);
#8994=VECTOR('',#8997,1.0);
#8995=VECTOR('',#8998,1.0);
#8996=VECTOR('',#8999,1.0);
#8997=DIRECTION('',(-0.8755150815130902,0.48319079258935305,0));
#8998=DIRECTION('',(0,0,1));
#8999=DIRECTION('',(0.3736654411399482,-0.20622340434801786,-0.9043484094069065));
#9000=FACE_SURFACE('',(#9005),#9001,.T.);
#9001=PLANE('',#9002);
#9002=AXIS2_PLACEMENT_3D('',#288,#9003,#9004);
#9003=DIRECTION('',(0.48319079258935294,0.87551508151309,-0));
#9004=DIRECTION('',(-0.3736654411399482,0.20622340434801786,0.9043484094069065));
#9005=FACE_BOUND('',#9006,.T.);
#9006=EDGE_LOOP('',(#9007,#9008,#9009));
#9007=ORIENTED_EDGE('',*,*,#9010,.T.);
#9008=ORIENTED_EDGE('',*,*,#9011,.T.);
#9009=ORIENTED_EDGE('',*,*,#9012,.T.);
#9010=EDGE_CURVE('',#289,#455,#9013,.F.);
#9011=EDGE_CURVE('',#455,#453,#9014,.T.);
#9012=EDGE_CURVE('',#453,#289,#9015,.T.);
#9013=LINE('',#288,#9016);
#9014=LINE('',#454,#9017);
#9015=LINE('',#452,#9018);
#9016=VECTOR('',#9019,1.0);
#9017=VECTOR('',#9020,1.0);
#9018=VECTOR('',#9021,1.0);
#9019=DIRECTION('',(-0.3736654411399482,0.20622340434801786,0.9043484094069065));
#9020=DIRECTION('',(0.8755150815130902,-0.48319079258935305,0));
#9021=DIRECTION('',(0,0,-1));
#9022=FACE_SURFACE('',(#9027),#9023,.T.);
#9023=PLANE('',#9024);
#9024=AXIS2_PLACEMENT_3D('',#290,#9025,#9026);
#9025=DIRECTION('',(0.5281328980346972,0.8491617290089515,0));
#9026=DIRECTION('',(-0.8491617290089515,0.5281328980346973,0));
#9027=FACE_BOUND('',#9028,.T.);
#9028=EDGE_LOOP('',(#9029,#9030,#9031));
#9029=ORIENTED_EDGE('',*,*,#9032,.T.);
#9030=ORIENTED_EDGE('',*,*,#9033,.T.);
#9031=ORIENTED_EDGE('',*,*,#9034,.T.);
#9032=EDGE_CURVE('',#291,#289,#9035,.F.);
#9033=EDGE_CURVE('',#289,#453,#9036,.T.);
#9034=EDGE_CURVE('',#453,#291,#9037,.T.);
#9035=LINE('',#290,#9038);
#9036=LINE('',#288,#9039);
#9037=LINE('',#452,#9040);
#9038=VECTOR('',#9041,1.0);
#9039=VECTOR('',#9042,1.0);
#9040=VECTOR('',#9043,1.0);
#9041=DIRECTION('',(-0.8491617290089515,0.5281328980346973,0));
#9042=DIRECTION('',(0,0,1));
#9043=DIRECTION('',(0.3631382989986416,-0.22585247978777112,-0.9039475832005347));
#9044=FACE_SURFACE('',(#9049),#9045,.T.);
#9045=PLANE('',#9046);
#9046=AXIS2_PLACEMENT_3D('',#290,#9047,#9048);
#9047=DIRECTION('',(0.5281328980346972,0.8491617290089515,-0));
#9048=DIRECTION('',(-0.3631382989986416,0.22585247978777112,0.9039475832005347));
#9049=FACE_BOUND('',#9050,.T.);
#9050=EDGE_LOOP('',(#9051,#9052,#9053));
#9051=ORIENTED_EDGE('',*,*,#9054,.T.);
#9052=ORIENTED_EDGE('',*,*,#9055,.T.);
#9053=ORIENTED_EDGE('',*,*,#9056,.T.);
#9054=EDGE_CURVE('',#291,#453,#9057,.F.);
#9055=EDGE_CURVE('',#453,#451,#9058,.T.);
#9056=EDGE_CURVE('',#451,#291,#9059,.T.);
#9057=LINE('',#290,#9060);
#9058=LINE('',#452,#9061);
#9059=LINE('',#450,#9062);
#9060=VECTOR('',#9063,1.0);
#9061=VECTOR('',#9064,1.0);
#9062=VECTOR('',#9065,1.0);
#9063=DIRECTION('',(-0.3631382989986416,0.22585247978777112,0.9039475832005347));
#9064=DIRECTION('',(0.8491617290089515,-0.5281328980346973,0));
#9065=DIRECTION('',(0,0,-1));
#9066=FACE_SURFACE('',(#9071),#9067,.T.);
#9067=PLANE('',#9068);
#9068=AXIS2_PLACEMENT_3D('',#292,#9069,#9070);
#9069=DIRECTION('',(0.5714347557253386,0.8206475004221498,0));
#9070=DIRECTION('',(-0.82064750042215,0.5714347557253387,0));
#9071=FACE_BOUND('',#9072,.T.);
#9072=EDGE_LOOP('',(#9073,#9074,#9075));
#9073=ORIENTED_EDGE('',*,*,#9076,.T.);
#9074=ORIENTED_EDGE('',*,*,#9077,.T.);
#9075=ORIENTED_EDGE('',*,*,#9078,.T.);
#9076=EDGE_CURVE('',#293,#291,#9079,.F.);
#9077=EDGE_CURVE('',#291,#451,#9080,.T.);
#9078=EDGE_CURVE('',#451,#293,#9081,.T.);
#9079=LINE('',#292,#9082);
#9080=LINE('',#290,#9083);
#9081=LINE('',#450,#9084);
#9082=VECTOR('',#9085,1.0);
#9083=VECTOR('',#9086,1.0);
#9084=VECTOR('',#9087,1.0);
#9085=DIRECTION('',(-0.82064750042215,0.5714347557253387,0));
#9086=DIRECTION('',(0,0,1));
#9087=DIRECTION('',(0.35167974146568554,-0.2448822753430885,-0.9035231212677516));
#9088=FACE_SURFACE('',(#9093),#9089,.T.);
#9089=PLANE('',#9090);
#9090=AXIS2_PLACEMENT_3D('',#292,#9091,#9092);
#9091=DIRECTION('',(0.5714347557253386,0.8206475004221498,-0));
#9092=DIRECTION('',(-0.35167974146568554,0.2448822753430885,0.9035231212677516));
#9093=FACE_BOUND('',#9094,.T.);
#9094=EDGE_LOOP('',(#9095,#9096,#9097));
#9095=ORIENTED_EDGE('',*,*,#9098,.T.);
#9096=ORIENTED_EDGE('',*,*,#9099,.T.);
#9097=ORIENTED_EDGE('',*,*,#9100,.T.);
#9098=EDGE_CURVE('',#293,#451,#9101,.F.);
#9099=EDGE_CURVE('',#451,#449,#9102,.T.);
#9100=EDGE_CURVE('',#449,#293,#9103,.T.);
#9101=LINE('',#292,#9104);
#9102=LINE('',#450,#9105);
#9103=LINE('',#448,#9106);
#9104=VECTOR('',#9107,1.0);
#9105=VECTOR('',#9108,1.0);
#9106=VECTOR('',#9109,1.0);
#9107=DIRECTION('',(-0.35167974146568554,0.2448822753430885,0.9035231212677516));
#9108=DIRECTION('',(0.82064750042215,-0.5714347557253387,0));
#9109=DIRECTION('',(0,0,-1));
#9110=FACE_SURFACE('',(#9115),#9111,.T.);
#9111=PLANE('',#9112);
#9112=AXIS2_PLACEMENT_3D('',#294,#9113,#9114);
#9113=DIRECTION('',(0.6129827309079321,0.7900963052746506,0));
#9114=DIRECTION('',(-0.7900963052746505,0.6129827309079321,0));
#9115=FACE_BOUND('',#9116,.T.);
#9116=EDGE_LOOP('',(#9117,#9118,#9119));
#9117=ORIENTED_EDGE('',*,*,#9120,.T.);
#9118=ORIENTED_EDGE('',*,*,#9121,.T.);
#9119=ORIENTED_EDGE('',*,*,#9122,.T.);
#9120=EDGE_CURVE('',#295,#293,#9123,.F.);
#9121=EDGE_CURVE('',#293,#449,#9124,.T.);
#9122=EDGE_CURVE('',#449,#295,#9125,.T.);
#9123=LINE('',#294,#9126);
#9124=LINE('',#292,#9127);
#9125=LINE('',#448,#9128);
#9126=VECTOR('',#9129,1.0);
#9127=VECTOR('',#9130,1.0);
#9128=VECTOR('',#9131,1.0);
#9129=DIRECTION('',(-0.7900963052746505,0.6129827309079321,0));
#9130=DIRECTION('',(0,0,1));
#9131=DIRECTION('',(0.33932294873359353,-0.263257917276485,-0.9030809517723127));
#9132=FACE_SURFACE('',(#9137),#9133,.T.);
#9133=PLANE('',#9134);
#9134=AXIS2_PLACEMENT_3D('',#294,#9135,#9136);
#9135=DIRECTION('',(0.6129827309079321,0.7900963052746506,-0));
#9136=DIRECTION('',(-0.33932294873359353,0.263257917276485,0.9030809517723127));
#9137=FACE_BOUND('',#9138,.T.);
#9138=EDGE_LOOP('',(#9139,#9140,#9141));
#9139=ORIENTED_EDGE('',*,*,#9142,.T.);
#9140=ORIENTED_EDGE('',*,*,#9143,.T.);
#9141=ORIENTED_EDGE('',*,*,#9144,.T.);
#9142=EDGE_CURVE('',#295,#449,#9145,.F.);
#9143=EDGE_CURVE('',#449,#447,#9146,.T.);
#9144=EDGE_CURVE('',#447,#295,#9147,.T.);
#9145=LINE('',#294,#9148);
#9146=LINE('',#448,#9149);
#9147=LINE('',#446,#9150);
#9148=VECTOR('',#9151,1.0);
#9149=VECTOR('',#9152,1.0);
#9150=VECTOR('',#9153,1.0);
#9151=DIRECTION('',(-0.33932294873359353,0.263257917276485,0.9030809517723127));
#9152=DIRECTION('',(0.7900963052746505,-0.6129827309079321,0));
#9153=DIRECTION('',(0,0,-1));
#9154=FACE_SURFACE('',(#9159),#9155,.T.);
#9155=PLANE('',#9156);
#9156=AXIS2_PLACEMENT_3D('',#296,#9157,#9158);
#9157=DIRECTION('',(0.6526882417730931,0.7576265960558328,0));
#9158=DIRECTION('',(-0.7576265960558329,0.6526882417730933,0));
#9159=FACE_BOUND('',#9160,.T.);
#9160=EDGE_LOOP('',(#9161,#9162,#9163));
#9161=ORIENTED_EDGE('',*,*,#9164,.T.);
#9162=ORIENTED_EDGE('',*,*,#9165,.T.);
#9163=ORIENTED_EDGE('',*,*,#9166,.T.);
#9164=EDGE_CURVE('',#297,#295,#9167,.F.);
#9165=EDGE_CURVE('',#295,#447,#9168,.T.);
#9166=EDGE_CURVE('',#447,#297,#9169,.T.);
#9167=LINE('',#296,#9170);
#9168=LINE('',#294,#9171);
#9169=LINE('',#446,#9172);
#9170=VECTOR('',#9173,1.0);
#9171=VECTOR('',#9174,1.0);
#9172=VECTOR('',#9175,1.0);
#9173=DIRECTION('',(-0.7576265960558329,0.6526882417730933,0));
#9174=DIRECTION('',(0,0,1));
#9175=DIRECTION('',(0.3261033604851509,-0.2809350016213857,-0.9026251288016991));
#9176=FACE_SURFACE('',(#9181),#9177,.T.);
#9177=PLANE('',#9178);
#9178=AXIS2_PLACEMENT_3D('',#296,#9179,#9180);
#9179=DIRECTION('',(0.6526882417730931,0.7576265960558328,-0));
#9180=DIRECTION('',(-0.3261033604851509,0.2809350016213857,0.9026251288016991));
#9181=FACE_BOUND('',#9182,.T.);
#9182=EDGE_LOOP('',(#9183,#9184,#9185));
#9183=ORIENTED_EDGE('',*,*,#9186,.T.);
#9184=ORIENTED_EDGE('',*,*,#9187,.T.);
#9185=ORIENTED_EDGE('',*,*,#9188,.T.);
#9186=EDGE_CURVE('',#297,#447,#9189,.F.);
#9187=EDGE_CURVE('',#447,#445,#9190,.T.);
#9188=EDGE_CURVE('',#445,#297,#9191,.T.);
#9189=LINE('',#296,#9192);
#9190=LINE('',#446,#9193);
#9191=LINE('',#444,#9194);
#9192=VECTOR('',#9195,1.0);
#9193=VECTOR('',#9196,1.0);
#9194=VECTOR('',#9197,1.0);
#9195=DIRECTION('',(-0.3261033604851509,0.2809350016213857,0.9026251288016991));
#9196=DIRECTION('',(0.7576265960558329,-0.6526882417730933,0));
#9197=DIRECTION('',(0,0,-1));
#9198=FACE_SURFACE('',(#9203),#9199,.T.);
#9199=PLANE('',#9200);
#9200=AXIS2_PLACEMENT_3D('',#298,#9201,#9202);
#9201=DIRECTION('',(0.6904764065398747,0.7233549142791399,0));
#9202=DIRECTION('',(-0.7233549142791398,0.6904764065398746,0));
#9203=FACE_BOUND('',#9204,.T.);
#9204=EDGE_LOOP('',(#9205,#9206,#9207));
#9205=ORIENTED_EDGE('',*,*,#9208,.T.);
#9206=ORIENTED_EDGE('',*,*,#9209,.T.);
#9207=ORIENTED_EDGE('',*,*,#9210,.T.);
#9208=EDGE_CURVE('',#299,#297,#9211,.F.);
#9209=EDGE_CURVE('',#297,#445,#9212,.T.);
#9210=EDGE_CURVE('',#445,#299,#9213,.T.);
#9211=LINE('',#298,#9214);
#9212=LINE('',#296,#9215);
#9213=LINE('',#444,#9216);
#9214=VECTOR('',#9217,1.0);
#9215=VECTOR('',#9218,1.0);
#9216=VECTOR('',#9219,1.0);
#9217=DIRECTION('',(-0.7233549142791398,0.6904764065398746,0));
#9218=DIRECTION('',(0,0,1));
#9219=DIRECTION('',(0.3120560112079694,-0.2978721910982934,-0.9021602981949902));
#9220=FACE_SURFACE('',(#9225),#9221,.T.);
#9221=PLANE('',#9222);
#9222=AXIS2_PLACEMENT_3D('',#298,#9223,#9224);
#9223=DIRECTION('',(0.6904764065398747,0.7233549142791399,-0));
#9224=DIRECTION('',(-0.3120560112079694,0.2978721910982934,0.9021602981949902));
#9225=FACE_BOUND('',#9226,.T.);
#9226=EDGE_LOOP('',(#9227,#9228,#9229));
#9227=ORIENTED_EDGE('',*,*,#9230,.T.);
#9228=ORIENTED_EDGE('',*,*,#9231,.T.);
#9229=ORIENTED_EDGE('',*,*,#9232,.T.);
#9230=EDGE_CURVE('',#299,#445,#9233,.F.);
#9231=EDGE_CURVE('',#445,#443,#9234,.T.);
#9232=EDGE_CURVE('',#443,#299,#9235,.T.);
#9233=LINE('',#298,#9236);
#9234=LINE('',#444,#9237);
#9235=LINE('',#442,#9238);
#9236=VECTOR('',#9239,1.0);
#9237=VECTOR('',#9240,1.0);
#9238=VECTOR('',#9241,1.0);
#9239=DIRECTION('',(-0.3120560112079694,0.2978721910982934,0.9021602981949902));
#9240=DIRECTION('',(0.7233549142791398,-0.6904764065398746,0));
#9241=DIRECTION('',(0,0,-1));
#9242=FACE_SURFACE('',(#9247),#9243,.T.);
#9243=PLANE('',#9244);
#9244=AXIS2_PLACEMENT_3D('',#300,#9245,#9246);
#9245=DIRECTION('',(0.7262746211994988,0.6874046658275781,0));
#9246=DIRECTION('',(-0.6874046658275782,0.7262746211994989,0));
#9247=FACE_BOUND('',#9248,.T.);
#9248=EDGE_LOOP('',(#9249,#9250,#9251));
#9249=ORIENTED_EDGE('',*,*,#9252,.T.);
#9250=ORIENTED_EDGE('',*,*,#9253,.T.);
#9251=ORIENTED_EDGE('',*,*,#9254,.T.);
#9252=EDGE_CURVE('',#301,#299,#9255,.F.);
#9253=EDGE_CURVE('',#299,#443,#9256,.T.);
#9254=EDGE_CURVE('',#443,#301,#9257,.T.);
#9255=LINE('',#300,#9258);
#9256=LINE('',#298,#9259);
#9257=LINE('',#442,#9260);
#9258=VECTOR('',#9261,1.0);
#9259=VECTOR('',#9262,1.0);
#9260=VECTOR('',#9263,1.0);
#9261=DIRECTION('',(-0.6874046658275782,0.7262746211994989,0));
#9262=DIRECTION('',(0,0,1));
#9263=DIRECTION('',(0.2972204564172025,-0.31402707186641504,-0.9016911879474897));
#9264=FACE_SURFACE('',(#9269),#9265,.T.);
#9265=PLANE('',#9266);
#9266=AXIS2_PLACEMENT_3D('',#300,#9267,#9268);
#9267=DIRECTION('',(0.7262746211994988,0.6874046658275781,-0));
#9268=DIRECTION('',(-0.2972204564172025,0.31402707186641504,0.9016911879474897));
#9269=FACE_BOUND('',#9270,.T.);
#9270=EDGE_LOOP('',(#9271,#9272,#9273));
#9271=ORIENTED_EDGE('',*,*,#9274,.T.);
#9272=ORIENTED_EDGE('',*,*,#9275,.T.);
#9273=ORIENTED_EDGE('',*,*,#9276,.T.);
#9274=EDGE_CURVE('',#301,#443,#9277,.F.);
#9275=EDGE_CURVE('',#443,#441,#9278,.T.);
#9276=EDGE_CURVE('',#441,#301,#9279,.T.);
#9277=LINE('',#300,#9280);
#9278=LINE('',#442,#9281);
#9279=LINE('',#440,#9282);
#9280=VECTOR('',#9283,1.0);
#9281=VECTOR('',#9284,1.0);
#9282=VECTOR('',#9285,1.0);
#9283=DIRECTION('',(-0.2972204564172025,0.31402707186641504,0.9016911879474897));
#9284=DIRECTION('',(0.6874046658275782,-0.7262746211994989,0));
#9285=DIRECTION('',(0,0,-1));
#9286=FACE_SURFACE('',(#9291),#9287,.T.);
#9287=PLANE('',#9288);
#9288=AXIS2_PLACEMENT_3D('',#302,#9289,#9290);
#9289=DIRECTION('',(0.760015174236717,0.649905327666986,0));
#9290=DIRECTION('',(-0.649905327666986,0.760015174236717,0));
#9291=FACE_BOUND('',#9292,.T.);
#9292=EDGE_LOOP('',(#9293,#9294,#9295));
#9293=ORIENTED_EDGE('',*,*,#9296,.T.);
#9294=ORIENTED_EDGE('',*,*,#9297,.T.);
#9295=ORIENTED_EDGE('',*,*,#9298,.T.);
#9296=EDGE_CURVE('',#303,#301,#9299,.F.);
#9297=EDGE_CURVE('',#301,#441,#9300,.T.);
#9298=EDGE_CURVE('',#441,#303,#9301,.T.);
#9299=LINE('',#302,#9302);
#9300=LINE('',#300,#9303);
#9301=LINE('',#440,#9304);
#9302=VECTOR('',#9305,1.0);
#9303=VECTOR('',#9306,1.0);
#9304=VECTOR('',#9307,1.0);
#9305=DIRECTION('',(-0.649905327666986,0.760015174236717,0));
#9306=DIRECTION('',(0,0,1));
#9307=DIRECTION('',(0.28163972903761075,-0.32935638257481986,-0.9012232999012232));
#9308=FACE_SURFACE('',(#9313),#9309,.T.);
#9309=PLANE('',#9310);
#9310=AXIS2_PLACEMENT_3D('',#302,#9311,#9312);
#9311=DIRECTION('',(0.760015174236717,0.649905327666986,-0));
#9312=DIRECTION('',(-0.28163972903761075,0.32935638257481986,0.9012232999012232));
#9313=FACE_BOUND('',#9314,.T.);
#9314=EDGE_LOOP('',(#9315,#9316,#9317));
#9315=ORIENTED_EDGE('',*,*,#9318,.T.);
#9316=ORIENTED_EDGE('',*,*,#9319,.T.);
#9317=ORIENTED_EDGE('',*,*,#9320,.T.);
#9318=EDGE_CURVE('',#303,#441,#9321,.F.);
#9319=EDGE_CURVE('',#441,#439,#9322,.T.);
#9320=EDGE_CURVE('',#439,#303,#9323,.T.);
#9321=LINE('',#302,#9324);
#9322=LINE('',#440,#9325);
#9323=LINE('',#438,#9326);
#9324=VECTOR('',#9327,1.0);
#9325=VECTOR('',#9328,1.0);
#9326=VECTOR('',#9329,1.0);
#9327=DIRECTION('',(-0.28163972903761075,0.32935638257481986,0.9012232999012232));
#9328=DIRECTION('',(0.649905327666986,-0.760015174236717,0));
#9329=DIRECTION('',(0,0,-1));
#9330=FACE_SURFACE('',(#9335),#9331,.T.);
#9331=PLANE('',#9332);
#9332=AXIS2_PLACEMENT_3D('',#304,#9333,#9334);
#9333=DIRECTION('',(0.7916570018716469,0.6109657857749444,0));
#9334=DIRECTION('',(-0.6109657857749444,0.7916570018716469,0));
#9335=FACE_BOUND('',#9336,.T.);
#9336=EDGE_LOOP('',(#9337,#9338,#9339));
#9337=ORIENTED_EDGE('',*,*,#9340,.T.);
#9338=ORIENTED_EDGE('',*,*,#9341,.T.);
#9339=ORIENTED_EDGE('',*,*,#9342,.T.);
#9340=EDGE_CURVE('',#305,#303,#9343,.F.);
#9341=EDGE_CURVE('',#303,#439,#9344,.T.);
#9342=EDGE_CURVE('',#439,#305,#9345,.T.);
#9343=LINE('',#304,#9346);
#9344=LINE('',#302,#9347);
#9345=LINE('',#438,#9348);
#9346=VECTOR('',#9349,1.0);
#9347=VECTOR('',#9350,1.0);
#9348=VECTOR('',#9351,1.0);
#9349=DIRECTION('',(-0.6109657857749444,0.7916570018716469,0));
#9350=DIRECTION('',(0,0,1));
#9351=DIRECTION('',(0.2653523335980839,-0.34382945452412766,-0.9007604816241064));
#9352=FACE_SURFACE('',(#9357),#9353,.T.);
#9353=PLANE('',#9354);
#9354=AXIS2_PLACEMENT_3D('',#304,#9355,#9356);
#9355=DIRECTION('',(0.7916570018716469,0.6109657857749444,-0));
#9356=DIRECTION('',(-0.2653523335980839,0.34382945452412766,0.9007604816241064));
#9357=FACE_BOUND('',#9358,.T.);
#9358=EDGE_LOOP('',(#9359,#9360,#9361));
#9359=ORIENTED_EDGE('',*,*,#9362,.T.);
#9360=ORIENTED_EDGE('',*,*,#9363,.T.);
#9361=ORIENTED_EDGE('',*,*,#9364,.T.);
#9362=EDGE_CURVE('',#305,#439,#9365,.F.);
#9363=EDGE_CURVE('',#439,#437,#9366,.T.);
#9364=EDGE_CURVE('',#437,#305,#9367,.T.);
#9365=LINE('',#304,#9368);
#9366=LINE('',#438,#9369);
#9367=LINE('',#436,#9370);
#9368=VECTOR('',#9371,1.0);
#9369=VECTOR('',#9372,1.0);
#9370=VECTOR('',#9373,1.0);
#9371=DIRECTION('',(-0.2653523335980839,0.34382945452412766,0.9007604816241064));
#9372=DIRECTION('',(0.6109657857749444,-0.7916570018716469,0));
#9373=DIRECTION('',(0,0,-1));
#9374=FACE_SURFACE('',(#9379),#9375,.T.);
#9375=PLANE('',#9376);
#9376=AXIS2_PLACEMENT_3D('',#306,#9377,#9378);
#9377=DIRECTION('',(0.8211498878297163,0.5707125911676072,0));
#9378=DIRECTION('',(-0.5707125911676072,0.8211498878297163,0));
#9379=FACE_BOUND('',#9380,.T.);
#9380=EDGE_LOOP('',(#9381,#9382,#9383));
#9381=ORIENTED_EDGE('',*,*,#9384,.T.);
#9382=ORIENTED_EDGE('',*,*,#9385,.T.);
#9383=ORIENTED_EDGE('',*,*,#9386,.T.);
#9384=EDGE_CURVE('',#307,#305,#9387,.F.);
#9385=EDGE_CURVE('',#305,#437,#9388,.T.);
#9386=EDGE_CURVE('',#437,#307,#9389,.T.);
#9387=LINE('',#306,#9390);
#9388=LINE('',#304,#9391);
#9389=LINE('',#436,#9392);
#9390=VECTOR('',#9393,1.0);
#9391=VECTOR('',#9394,1.0);
#9392=VECTOR('',#9395,1.0);
#9393=DIRECTION('',(-0.5707125911676072,0.8211498878297163,0));
#9394=DIRECTION('',(0,0,1));
#9395=DIRECTION('',(0.2484047270448527,-0.35740846952743655,-0.9003078792789874));
#9396=FACE_SURFACE('',(#9401),#9397,.T.);
#9397=PLANE('',#9398);
#9398=AXIS2_PLACEMENT_3D('',#306,#9399,#9400);
#9399=DIRECTION('',(0.8211498878297163,0.5707125911676072,-0));
#9400=DIRECTION('',(-0.2484047270448527,0.35740846952743655,0.9003078792789874));
#9401=FACE_BOUND('',#9402,.T.);
#9402=EDGE_LOOP('',(#9403,#9404,#9405));
#9403=ORIENTED_EDGE('',*,*,#9406,.T.);
#9404=ORIENTED_EDGE('',*,*,#9407,.T.);
#9405=ORIENTED_EDGE('',*,*,#9408,.T.);
#9406=EDGE_CURVE('',#307,#437,#9409,.F.);
#9407=EDGE_CURVE('',#437,#435,#9410,.T.);
#9408=EDGE_CURVE('',#435,#307,#9411,.T.);
#9409=LINE('',#306,#9412);
#9410=LINE('',#436,#9413);
#9411=LINE('',#434,#9414);
#9412=VECTOR('',#9415,1.0);
#9413=VECTOR('',#9416,1.0);
#9414=VECTOR('',#9417,1.0);
#9415=DIRECTION('',(-0.2484047270448527,0.35740846952743655,0.9003078792789874));
#9416=DIRECTION('',(0.5707125911676072,-0.8211498878297163,0));
#9417=DIRECTION('',(0,0,-1));
#9418=FACE_SURFACE('',(#9423),#9419,.T.);
#9419=PLANE('',#9420);
#9420=AXIS2_PLACEMENT_3D('',#432,#9421,#9422);
#9421=DIRECTION('',(0.8484594102085088,0.5292604550017216,0));
#9422=DIRECTION('',(0,0,-1));
#9423=FACE_BOUND('',#9424,.T.);
#9424=EDGE_LOOP('',(#9425,#9426,#9427));
#9425=ORIENTED_EDGE('',*,*,#9428,.T.);
#9426=ORIENTED_EDGE('',*,*,#9429,.T.);
#9427=ORIENTED_EDGE('',*,*,#9430,.T.);
#9428=EDGE_CURVE('',#433,#309,#9431,.F.);
#9429=EDGE_CURVE('',#309,#307,#9432,.T.);
#9430=EDGE_CURVE('',#307,#433,#9433,.T.);
#9431=LINE('',#432,#9434);
#9432=LINE('',#308,#9435);
#9433=LINE('',#306,#9436);
#9434=VECTOR('',#9437,1.0);
#9435=VECTOR('',#9438,1.0);
#9436=VECTOR('',#9439,1.0);
#9437=DIRECTION('',(0,0,-1));
#9438=DIRECTION('',(-0.5292604550017216,0.8484594102085088,0));
#9439=DIRECTION('',(0.23083984617514003,-0.3700602187211306,0.8998713241002331));
#9440=FACE_SURFACE('',(#9445),#9441,.T.);
#9441=PLANE('',#9442);
#9442=AXIS2_PLACEMENT_3D('',#432,#9443,#9444);
#9443=DIRECTION('',(0.8484594102085088,0.5292604550017216,0));
#9444=DIRECTION('',(-0.23083984617514003,0.3700602187211306,-0.8998713241002331));
#9445=FACE_BOUND('',#9446,.T.);
#9446=EDGE_LOOP('',(#9447,#9448,#9449));
#9447=ORIENTED_EDGE('',*,*,#9450,.T.);
#9448=ORIENTED_EDGE('',*,*,#9451,.T.);
#9449=ORIENTED_EDGE('',*,*,#9452,.T.);
#9450=EDGE_CURVE('',#433,#307,#9453,.F.);
#9451=EDGE_CURVE('',#307,#435,#9454,.T.);
#9452=EDGE_CURVE('',#435,#433,#9455,.T.);
#9453=LINE('',#432,#9456);
#9454=LINE('',#306,#9457);
#9455=LINE('',#434,#9458);
#9456=VECTOR('',#9459,1.0);
#9457=VECTOR('',#9460,1.0);
#9458=VECTOR('',#9461,1.0);
#9459=DIRECTION('',(-0.23083984617514003,0.3700602187211306,-0.8998713241002331));
#9460=DIRECTION('',(0,0,1));
#9461=DIRECTION('',(0.5292604550017216,-0.8484594102085088,0));
#9462=FACE_SURFACE('',(#9467),#9463,.T.);
#9463=PLANE('',#9464);
#9464=AXIS2_PLACEMENT_3D('',#430,#9465,#9466);
#9465=DIRECTION('',(0.8735595953868334,0.4867172005462636,0));
#9466=DIRECTION('',(0,0,-1));
#9467=FACE_BOUND('',#9468,.T.);
#9468=EDGE_LOOP('',(#9469,#9470,#9471));
#9469=ORIENTED_EDGE('',*,*,#9472,.T.);
#9470=ORIENTED_EDGE('',*,*,#9473,.T.);
#9471=ORIENTED_EDGE('',*,*,#9474,.T.);
#9472=EDGE_CURVE('',#431,#311,#9475,.F.);
#9473=EDGE_CURVE('',#311,#309,#9476,.T.);
#9474=EDGE_CURVE('',#309,#431,#9477,.T.);
#9475=LINE('',#430,#9478);
#9476=LINE('',#310,#9479);
#9477=LINE('',#308,#9480);
#9478=VECTOR('',#9481,1.0);
#9479=VECTOR('',#9482,1.0);
#9480=VECTOR('',#9483,1.0);
#9481=DIRECTION('',(0,0,-1));
#9482=DIRECTION('',(-0.4867172005462636,0.8735595953868334,0));
#9483=DIRECTION('',(0.2127049095316013,-0.38176258101968785,0.8994520294014237));
#9484=FACE_SURFACE('',(#9489),#9485,.T.);
#9485=PLANE('',#9486);
#9486=AXIS2_PLACEMENT_3D('',#430,#9487,#9488);
#9487=DIRECTION('',(0.8735595953868334,0.4867172005462636,0));
#9488=DIRECTION('',(-0.2127049095316013,0.38176258101968785,-0.8994520294014237));
#9489=FACE_BOUND('',#9490,.T.);
#9490=EDGE_LOOP('',(#9491,#9492,#9493));
#9491=ORIENTED_EDGE('',*,*,#9494,.T.);
#9492=ORIENTED_EDGE('',*,*,#9495,.T.);
#9493=ORIENTED_EDGE('',*,*,#9496,.T.);
#9494=EDGE_CURVE('',#431,#309,#9497,.F.);
#9495=EDGE_CURVE('',#309,#433,#9498,.T.);
#9496=EDGE_CURVE('',#433,#431,#9499,.T.);
#9497=LINE('',#430,#9500);
#9498=LINE('',#308,#9501);
#9499=LINE('',#432,#9502);
#9500=VECTOR('',#9503,1.0);
#9501=VECTOR('',#9504,1.0);
#9502=VECTOR('',#9505,1.0);
#9503=DIRECTION('',(-0.2127049095316013,0.38176258101968785,-0.8994520294014237));
#9504=DIRECTION('',(0,0,1));
#9505=DIRECTION('',(0.4867172005462636,-0.8735595953868334,0));
#9506=FACE_SURFACE('',(#9511),#9507,.T.);
#9507=PLANE('',#9508);
#9508=AXIS2_PLACEMENT_3D('',#428,#9509,#9510);
#9509=DIRECTION('',(0.8964254134719336,0.44319462776716145,0));
#9510=DIRECTION('',(0,0,-1));
#9511=FACE_BOUND('',#9512,.T.);
#9512=EDGE_LOOP('',(#9513,#9514,#9515));
#9513=ORIENTED_EDGE('',*,*,#9516,.T.);
#9514=ORIENTED_EDGE('',*,*,#9517,.T.);
#9515=ORIENTED_EDGE('',*,*,#9518,.T.);
#9516=EDGE_CURVE('',#429,#313,#9519,.F.);
#9517=EDGE_CURVE('',#313,#311,#9520,.T.);
#9518=EDGE_CURVE('',#311,#429,#9521,.T.);
#9519=LINE('',#428,#9522);
#9520=LINE('',#312,#9523);
#9521=LINE('',#310,#9524);
#9522=VECTOR('',#9525,1.0);
#9523=VECTOR('',#9526,1.0);
#9524=VECTOR('',#9527,1.0);
#9525=DIRECTION('',(0,0,-1));
#9526=DIRECTION('',(-0.44319462776716145,0.8964254134719337,0));
#9527=DIRECTION('',(0.19404424437791404,-0.39248262749634594,0.8990574054738489));
#9528=FACE_SURFACE('',(#9533),#9529,.T.);
#9529=PLANE('',#9530);
#9530=AXIS2_PLACEMENT_3D('',#428,#9531,#9532);
#9531=DIRECTION('',(0.8964254134719336,0.44319462776716145,0));
#9532=DIRECTION('',(-0.19404424437791404,0.39248262749634594,-0.8990574054738489));
#9533=FACE_BOUND('',#9534,.T.);
#9534=EDGE_LOOP('',(#9535,#9536,#9537));
#9535=ORIENTED_EDGE('',*,*,#9538,.T.);
#9536=ORIENTED_EDGE('',*,*,#9539,.T.);
#9537=ORIENTED_EDGE('',*,*,#9540,.T.);
#9538=EDGE_CURVE('',#429,#311,#9541,.F.);
#9539=EDGE_CURVE('',#311,#431,#9542,.T.);
#9540=EDGE_CURVE('',#431,#429,#9543,.T.);
#9541=LINE('',#428,#9544);
#9542=LINE('',#310,#9545);
#9543=LINE('',#430,#9546);
#9544=VECTOR('',#9547,1.0);
#9545=VECTOR('',#9548,1.0);
#9546=VECTOR('',#9549,1.0);
#9547=DIRECTION('',(-0.19404424437791404,0.39248262749634594,-0.8990574054738489));
#9548=DIRECTION('',(0,0,1));
#9549=DIRECTION('',(0.44319462776716145,-0.8964254134719337,0));
#9550=FACE_SURFACE('',(#9555),#9551,.T.);
#9551=PLANE('',#9552);
#9552=AXIS2_PLACEMENT_3D('',#426,#9553,#9554);
#9553=DIRECTION('',(0.9170363711559771,0.39880357818991163,0));
#9554=DIRECTION('',(0,0,-1));
#9555=FACE_BOUND('',#9556,.T.);
#9556=EDGE_LOOP('',(#9557,#9558,#9559));
#9557=ORIENTED_EDGE('',*,*,#9560,.T.);
#9558=ORIENTED_EDGE('',*,*,#9561,.T.);
#9559=ORIENTED_EDGE('',*,*,#9562,.T.);
#9560=EDGE_CURVE('',#427,#315,#9563,.F.);
#9561=EDGE_CURVE('',#315,#313,#9564,.T.);
#9562=EDGE_CURVE('',#313,#427,#9565,.T.);
#9563=LINE('',#426,#9566);
#9564=LINE('',#314,#9567);
#9565=LINE('',#312,#9568);
#9566=VECTOR('',#9569,1.0);
#9567=VECTOR('',#9570,1.0);
#9568=VECTOR('',#9571,1.0);
#9569=DIRECTION('',(0,0,-1));
#9570=DIRECTION('',(-0.3988035781899116,0.917036371155977,0));
#9571=DIRECTION('',(0.17490917135753978,-0.4021981761338037,0.8986898290787876));
#9572=FACE_SURFACE('',(#9577),#9573,.T.);
#9573=PLANE('',#9574);
#9574=AXIS2_PLACEMENT_3D('',#426,#9575,#9576);
#9575=DIRECTION('',(0.9170363711559771,0.39880357818991163,0));
#9576=DIRECTION('',(-0.17490917135753978,0.4021981761338037,-0.8986898290787876));
#9577=FACE_BOUND('',#9578,.T.);
#9578=EDGE_LOOP('',(#9579,#9580,#9581));
#9579=ORIENTED_EDGE('',*,*,#9582,.T.);
#9580=ORIENTED_EDGE('',*,*,#9583,.T.);
#9581=ORIENTED_EDGE('',*,*,#9584,.T.);
#9582=EDGE_CURVE('',#427,#313,#9585,.F.);
#9583=EDGE_CURVE('',#313,#429,#9586,.T.);
#9584=EDGE_CURVE('',#429,#427,#9587,.T.);
#9585=LINE('',#426,#9588);
#9586=LINE('',#312,#9589);
#9587=LINE('',#428,#9590);
#9588=VECTOR('',#9591,1.0);
#9589=VECTOR('',#9592,1.0);
#9590=VECTOR('',#9593,1.0);
#9591=DIRECTION('',(-0.17490917135753978,0.4021981761338037,-0.8986898290787876));
#9592=DIRECTION('',(0,0,1));
#9593=DIRECTION('',(0.3988035781899116,-0.917036371155977,0));
#9594=FACE_SURFACE('',(#9599),#9595,.T.);
#9595=PLANE('',#9596);
#9596=AXIS2_PLACEMENT_3D('',#424,#9597,#9598);
#9597=DIRECTION('',(0.9353811567566935,0.35364119045228576,0));
#9598=DIRECTION('',(0,0,-1));
#9599=FACE_BOUND('',#9600,.T.);
#9600=EDGE_LOOP('',(#9601,#9602,#9603));
#9601=ORIENTED_EDGE('',*,*,#9604,.T.);
#9602=ORIENTED_EDGE('',*,*,#9605,.T.);
#9603=ORIENTED_EDGE('',*,*,#9606,.T.);
#9604=EDGE_CURVE('',#425,#317,#9607,.F.);
#9605=EDGE_CURVE('',#317,#315,#9608,.T.);
#9606=EDGE_CURVE('',#315,#425,#9609,.T.);
#9607=LINE('',#424,#9610);
#9608=LINE('',#316,#9611);
#9609=LINE('',#314,#9612);
#9610=VECTOR('',#9613,1.0);
#9611=VECTOR('',#9614,1.0);
#9612=VECTOR('',#9615,1.0);
#9613=DIRECTION('',(0,0,-1));
#9614=DIRECTION('',(-0.35364119045228576,0.9353811567566935,0));
#9615=DIRECTION('',(0.15534533589018104,-0.4108885048030622,0.898353195150922));
#9616=FACE_SURFACE('',(#9621),#9617,.T.);
#9617=PLANE('',#9618);
#9618=AXIS2_PLACEMENT_3D('',#424,#9619,#9620);
#9619=DIRECTION('',(0.9353811567566935,0.35364119045228576,0));
#9620=DIRECTION('',(-0.15534533589018104,0.4108885048030622,-0.898353195150922));
#9621=FACE_BOUND('',#9622,.T.);
#9622=EDGE_LOOP('',(#9623,#9624,#9625));
#9623=ORIENTED_EDGE('',*,*,#9626,.T.);
#9624=ORIENTED_EDGE('',*,*,#9627,.T.);
#9625=ORIENTED_EDGE('',*,*,#9628,.T.);
#9626=EDGE_CURVE('',#425,#315,#9629,.F.);
#9627=EDGE_CURVE('',#315,#427,#9630,.T.);
#9628=EDGE_CURVE('',#427,#425,#9631,.T.);
#9629=LINE('',#424,#9632);
#9630=LINE('',#314,#9633);
#9631=LINE('',#426,#9634);
#9632=VECTOR('',#9635,1.0);
#9633=VECTOR('',#9636,1.0);
#9634=VECTOR('',#9637,1.0);
#9635=DIRECTION('',(-0.15534533589018104,0.4108885048030622,-0.898353195150922));
#9636=DIRECTION('',(0,0,1));
#9637=DIRECTION('',(0.35364119045228576,-0.9353811567566935,0));
#9638=FACE_SURFACE('',(#9643),#9639,.T.);
#9639=PLANE('',#9640);
#9640=AXIS2_PLACEMENT_3D('',#422,#9641,#9642);
#9641=DIRECTION('',(0.9514473492869617,0.3078115357403202,0));
#9642=DIRECTION('',(0,0,-1));
#9643=FACE_BOUND('',#9644,.T.);
#9644=EDGE_LOOP('',(#9645,#9646,#9647));
#9645=ORIENTED_EDGE('',*,*,#9648,.T.);
#9646=ORIENTED_EDGE('',*,*,#9649,.T.);
#9647=ORIENTED_EDGE('',*,*,#9650,.T.);
#9648=EDGE_CURVE('',#423,#319,#9651,.F.);
#9649=EDGE_CURVE('',#319,#317,#9652,.T.);
#9650=EDGE_CURVE('',#317,#423,#9653,.T.);
#9651=LINE('',#422,#9654);
#9652=LINE('',#318,#9655);
#9653=LINE('',#316,#9656);
#9654=VECTOR('',#9657,1.0);
#9655=VECTOR('',#9658,1.0);
#9656=VECTOR('',#9659,1.0);
#9657=DIRECTION('',(0,0,-1));
#9658=DIRECTION('',(-0.30781153574032016,0.9514473492869615,0));
#9659=DIRECTION('',(0.13540343230034527,-0.41853284165153765,0.8980513186786012));
#9660=FACE_SURFACE('',(#9665),#9661,.T.);
#9661=PLANE('',#9662);
#9662=AXIS2_PLACEMENT_3D('',#422,#9663,#9664);
#9663=DIRECTION('',(0.9514473492869617,0.3078115357403202,0));
#9664=DIRECTION('',(-0.13540343230034527,0.41853284165153765,-0.8980513186786012));
#9665=FACE_BOUND('',#9666,.T.);
#9666=EDGE_LOOP('',(#9667,#9668,#9669));
#9667=ORIENTED_EDGE('',*,*,#9670,.T.);
#9668=ORIENTED_EDGE('',*,*,#9671,.T.);
#9669=ORIENTED_EDGE('',*,*,#9672,.T.);
#9670=EDGE_CURVE('',#423,#317,#9673,.F.);
#9671=EDGE_CURVE('',#317,#425,#9674,.T.);
#9672=EDGE_CURVE('',#425,#423,#9675,.T.);
#9673=LINE('',#422,#9676);
#9674=LINE('',#316,#9677);
#9675=LINE('',#424,#9678);
#9676=VECTOR('',#9679,1.0);
#9677=VECTOR('',#9680,1.0);
#9678=VECTOR('',#9681,1.0);
#9679=DIRECTION('',(-0.13540343230034527,0.41853284165153765,-0.8980513186786012));
#9680=DIRECTION('',(0,0,1));
#9681=DIRECTION('',(0.30781153574032016,-0.9514473492869615,0));
#9682=FACE_SURFACE('',(#9687),#9683,.T.);
#9683=PLANE('',#9684);
#9684=AXIS2_PLACEMENT_3D('',#420,#9685,#9686);
#9685=DIRECTION('',(0.9652287033379388,0.26140686726358475,0));
#9686=DIRECTION('',(0,0,-1));
#9687=FACE_BOUND('',#9688,.T.);
#9688=EDGE_LOOP('',(#9689,#9690,#9691));
#9689=ORIENTED_EDGE('',*,*,#9692,.T.);
#9690=ORIENTED_EDGE('',*,*,#9693,.T.);
#9691=ORIENTED_EDGE('',*,*,#9694,.T.);
#9692=EDGE_CURVE('',#421,#321,#9695,.F.);
#9693=EDGE_CURVE('',#321,#319,#9696,.T.);
#9694=EDGE_CURVE('',#319,#421,#9697,.T.);
#9695=LINE('',#420,#9698);
#9696=LINE('',#320,#9699);
#9697=LINE('',#318,#9700);
#9698=VECTOR('',#9701,1.0);
#9699=VECTOR('',#9702,1.0);
#9700=VECTOR('',#9703,1.0);
#9701=DIRECTION('',(0,0,-1));
#9702=DIRECTION('',(-0.26140686726358475,0.9652287033379388,0));
#9703=DIRECTION('',(0.11513119299328003,-0.42511481542143226,0.8977873924873002));
#9704=FACE_SURFACE('',(#9709),#9705,.T.);
#9705=PLANE('',#9706);
#9706=AXIS2_PLACEMENT_3D('',#420,#9707,#9708);
#9707=DIRECTION('',(0.9652287033379388,0.26140686726358475,0));
#9708=DIRECTION('',(-0.11513119299328003,0.42511481542143226,-0.8977873924873002));
#9709=FACE_BOUND('',#9710,.T.);
#9710=EDGE_LOOP('',(#9711,#9712,#9713));
#9711=ORIENTED_EDGE('',*,*,#9714,.T.);
#9712=ORIENTED_EDGE('',*,*,#9715,.T.);
#9713=ORIENTED_EDGE('',*,*,#9716,.T.);
#9714=EDGE_CURVE('',#421,#319,#9717,.F.);
#9715=EDGE_CURVE('',#319,#423,#9718,.T.);
#9716=EDGE_CURVE('',#423,#421,#9719,.T.);
#9717=LINE('',#420,#9720);
#9718=LINE('',#318,#9721);
#9719=LINE('',#422,#9722);
#9720=VECTOR('',#9723,1.0);
#9721=VECTOR('',#9724,1.0);
#9722=VECTOR('',#9725,1.0);
#9723=DIRECTION('',(-0.11513119299328003,0.42511481542143226,-0.8977873924873002));
#9724=DIRECTION('',(0,0,1));
#9725=DIRECTION('',(0.26140686726358475,-0.9652287033379388,0));
#9726=FACE_SURFACE('',(#9731),#9727,.T.);
#9727=PLANE('',#9728);
#9728=AXIS2_PLACEMENT_3D('',#418,#9729,#9730);
#9729=DIRECTION('',(0.9767190537136532,0.2145224699482685,0));
#9730=DIRECTION('',(0,0,-1));
#9731=FACE_BOUND('',#9732,.T.);
#9732=EDGE_LOOP('',(#9733,#9734,#9735));
#9733=ORIENTED_EDGE('',*,*,#9736,.T.);
#9734=ORIENTED_EDGE('',*,*,#9737,.T.);
#9735=ORIENTED_EDGE('',*,*,#9738,.T.);
#9736=EDGE_CURVE('',#419,#323,#9739,.F.);
#9737=EDGE_CURVE('',#323,#321,#9740,.T.);
#9738=EDGE_CURVE('',#321,#419,#9741,.T.);
#9739=LINE('',#418,#9742);
#9740=LINE('',#322,#9743);
#9741=LINE('',#320,#9744);
#9742=VECTOR('',#9745,1.0);
#9743=VECTOR('',#9746,1.0);
#9744=VECTOR('',#9747,1.0);
#9745=DIRECTION('',(0,0,-1));
#9746=DIRECTION('',(-0.2145224699482685,0.9767190537136532,0));
#9747=DIRECTION('',(0.09458040989781316,-0.4306238338460224,0.897562064587912));
#9748=FACE_SURFACE('',(#9753),#9749,.T.);
#9749=PLANE('',#9750);
#9750=AXIS2_PLACEMENT_3D('',#418,#9751,#9752);
#9751=DIRECTION('',(0.9767190537136532,0.2145224699482685,0));
#9752=DIRECTION('',(-0.09458040989781316,0.4306238338460224,-0.897562064587912));
#9753=FACE_BOUND('',#9754,.T.);
#9754=EDGE_LOOP('',(#9755,#9756,#9757));
#9755=ORIENTED_EDGE('',*,*,#9758,.T.);
#9756=ORIENTED_EDGE('',*,*,#9759,.T.);
#9757=ORIENTED_EDGE('',*,*,#9760,.T.);
#9758=EDGE_CURVE('',#419,#321,#9761,.F.);
#9759=EDGE_CURVE('',#321,#421,#9762,.T.);
#9760=EDGE_CURVE('',#421,#419,#9763,.T.);
#9761=LINE('',#418,#9764);
#9762=LINE('',#320,#9765);
#9763=LINE('',#420,#9766);
#9764=VECTOR('',#9767,1.0);
#9765=VECTOR('',#9768,1.0);
#9766=VECTOR('',#9769,1.0);
#9767=DIRECTION('',(-0.09458040989781316,0.4306238338460224,-0.897562064587912));
#9768=DIRECTION('',(0,0,1));
#9769=DIRECTION('',(0.2145224699482685,-0.9767190537136532,0));
#9770=FACE_SURFACE('',(#9775),#9771,.T.);
#9771=PLANE('',#9772);
#9772=AXIS2_PLACEMENT_3D('',#416,#9773,#9774);
#9773=DIRECTION('',(0.9859142615958394,0.1672515135415252,0));
#9774=DIRECTION('',(0,0,-1));
#9775=FACE_BOUND('',#9776,.T.);
#9776=EDGE_LOOP('',(#9777,#9778,#9779));
#9777=ORIENTED_EDGE('',*,*,#9780,.T.);
#9778=ORIENTED_EDGE('',*,*,#9781,.T.);
#9779=ORIENTED_EDGE('',*,*,#9782,.T.);
#9780=EDGE_CURVE('',#417,#325,#9783,.F.);
#9781=EDGE_CURVE('',#325,#323,#9784,.T.);
#9782=EDGE_CURVE('',#323,#417,#9785,.T.);
#9783=LINE('',#416,#9786);
#9784=LINE('',#324,#9787);
#9785=LINE('',#322,#9788);
#9786=VECTOR('',#9789,1.0);
#9787=VECTOR('',#9790,1.0);
#9788=VECTOR('',#9791,1.0);
#9789=DIRECTION('',(0,0,-1));
#9790=DIRECTION('',(-0.16725151354152518,0.9859142615958393,0));
#9791=DIRECTION('',(0.07380137394727278,-0.43504435660558943,0.8973793874327199));
#9792=FACE_SURFACE('',(#9797),#9793,.T.);
#9793=PLANE('',#9794);
#9794=AXIS2_PLACEMENT_3D('',#416,#9795,#9796);
#9795=DIRECTION('',(0.9859142615958394,0.1672515135415252,0));
#9796=DIRECTION('',(-0.07380137394727278,0.43504435660558943,-0.8973793874327199));
#9797=FACE_BOUND('',#9798,.T.);
#9798=EDGE_LOOP('',(#9799,#9800,#9801));
#9799=ORIENTED_EDGE('',*,*,#9802,.T.);
#9800=ORIENTED_EDGE('',*,*,#9803,.T.);
#9801=ORIENTED_EDGE('',*,*,#9804,.T.);
#9802=EDGE_CURVE('',#417,#323,#9805,.F.);
#9803=EDGE_CURVE('',#323,#419,#9806,.T.);
#9804=EDGE_CURVE('',#419,#417,#9807,.T.);
#9805=LINE('',#416,#9808);
#9806=LINE('',#322,#9809);
#9807=LINE('',#418,#9810);
#9808=VECTOR('',#9811,1.0);
#9809=VECTOR('',#9812,1.0);
#9810=VECTOR('',#9813,1.0);
#9811=DIRECTION('',(-0.07380137394727278,0.43504435660558943,-0.8973793874327199));
#9812=DIRECTION('',(0,0,1));
#9813=DIRECTION('',(0.16725151354152518,-0.9859142615958393,0));
#9814=FACE_SURFACE('',(#9819),#9815,.T.);
#9815=PLANE('',#9816);
#9816=AXIS2_PLACEMENT_3D('',#414,#9817,#9818);
#9817=DIRECTION('',(0.9928128871678684,0.11967694461925894,0));
#9818=DIRECTION('',(0,0,-1));
#9819=FACE_BOUND('',#9820,.T.);
#9820=EDGE_LOOP('',(#9821,#9822,#9823));
#9821=ORIENTED_EDGE('',*,*,#9824,.T.);
#9822=ORIENTED_EDGE('',*,*,#9825,.T.);
#9823=ORIENTED_EDGE('',*,*,#9826,.T.);
#9824=EDGE_CURVE('',#415,#327,#9827,.F.);
#9825=EDGE_CURVE('',#327,#325,#9828,.T.);
#9826=EDGE_CURVE('',#325,#415,#9829,.T.);
#9827=LINE('',#414,#9830);
#9828=LINE('',#326,#9831);
#9829=LINE('',#324,#9832);
#9830=VECTOR('',#9833,1.0);
#9831=VECTOR('',#9834,1.0);
#9832=VECTOR('',#9835,1.0);
#9833=DIRECTION('',(0,0,-1));
#9834=DIRECTION('',(-0.11967694461925896,0.9928128871678685,0));
#9835=DIRECTION('',(0.05284218471030608,-0.4383668227276441,0.8972414570486096));
#9836=FACE_SURFACE('',(#9841),#9837,.T.);
#9837=PLANE('',#9838);
#9838=AXIS2_PLACEMENT_3D('',#414,#9839,#9840);
#9839=DIRECTION('',(0.9928128871678684,0.11967694461925894,0));
#9840=DIRECTION('',(-0.05284218471030608,0.4383668227276441,-0.8972414570486096));
#9841=FACE_BOUND('',#9842,.T.);
#9842=EDGE_LOOP('',(#9843,#9844,#9845));
#9843=ORIENTED_EDGE('',*,*,#9846,.T.);
#9844=ORIENTED_EDGE('',*,*,#9847,.T.);
#9845=ORIENTED_EDGE('',*,*,#9848,.T.);
#9846=EDGE_CURVE('',#415,#325,#9849,.F.);
#9847=EDGE_CURVE('',#325,#417,#9850,.T.);
#9848=EDGE_CURVE('',#417,#415,#9851,.T.);
#9849=LINE('',#414,#9852);
#9850=LINE('',#324,#9853);
#9851=LINE('',#416,#9854);
#9852=VECTOR('',#9855,1.0);
#9853=VECTOR('',#9856,1.0);
#9854=VECTOR('',#9857,1.0);
#9855=DIRECTION('',(-0.05284218471030608,0.4383668227276441,-0.8972414570486096));
#9856=DIRECTION('',(0,0,1));
#9857=DIRECTION('',(0.11967694461925896,-0.9928128871678685,0));
#9858=FACE_SURFACE('',(#9863),#9859,.T.);
#9859=PLANE('',#9860);
#9860=AXIS2_PLACEMENT_3D('',#412,#9861,#9862);
#9861=DIRECTION('',(0.9974125404168749,0.07189036249147687,0));
#9862=DIRECTION('',(0,0,-1));
#9863=FACE_BOUND('',#9864,.T.);
#9864=EDGE_LOOP('',(#9865,#9866,#9867));
#9865=ORIENTED_EDGE('',*,*,#9868,.T.);
#9866=ORIENTED_EDGE('',*,*,#9869,.T.);
#9867=ORIENTED_EDGE('',*,*,#9870,.T.);
#9868=EDGE_CURVE('',#413,#329,#9871,.F.);
#9869=EDGE_CURVE('',#329,#327,#9872,.T.);
#9870=EDGE_CURVE('',#327,#413,#9873,.T.);
#9871=LINE('',#412,#9874);
#9872=LINE('',#328,#9875);
#9873=LINE('',#326,#9876);
#9874=VECTOR('',#9877,1.0);
#9875=VECTOR('',#9878,1.0);
#9876=VECTOR('',#9879,1.0);
#9877=DIRECTION('',(0,0,-1));
#9878=DIRECTION('',(-0.07189036249147687,0.9974125404168748,0));
#9879=DIRECTION('',(0.0317561264341637,-0.4405869944563692,0.8971480640060485));
#9880=FACE_SURFACE('',(#9885),#9881,.T.);
#9881=PLANE('',#9882);
#9882=AXIS2_PLACEMENT_3D('',#412,#9883,#9884);
#9883=DIRECTION('',(0.9974125404168749,0.07189036249147687,0));
#9884=DIRECTION('',(-0.0317561264341637,0.4405869944563692,-0.8971480640060485));
#9885=FACE_BOUND('',#9886,.T.);
#9886=EDGE_LOOP('',(#9887,#9888,#9889));
#9887=ORIENTED_EDGE('',*,*,#9890,.T.);
#9888=ORIENTED_EDGE('',*,*,#9891,.T.);
#9889=ORIENTED_EDGE('',*,*,#9892,.T.);
#9890=EDGE_CURVE('',#413,#327,#9893,.F.);
#9891=EDGE_CURVE('',#327,#415,#9894,.T.);
#9892=EDGE_CURVE('',#415,#413,#9895,.T.);
#9893=LINE('',#412,#9896);
#9894=LINE('',#326,#9897);
#9895=LINE('',#414,#9898);
#9896=VECTOR('',#9899,1.0);
#9897=VECTOR('',#9900,1.0);
#9898=VECTOR('',#9901,1.0);
#9899=DIRECTION('',(-0.0317561264341637,0.4405869944563692,-0.8971480640060485));
#9900=DIRECTION('',(0,0,1));
#9901=DIRECTION('',(0.07189036249147687,-0.9974125404168748,0));
#9902=FACE_SURFACE('',(#9907),#9903,.T.);
#9903=PLANE('',#9904);
#9904=AXIS2_PLACEMENT_3D('',#412,#9905,#9906);
#9905=DIRECTION('',(0.9999991334511108,0.0013164714305638153,0));
#9906=DIRECTION('',(0.0013164714305638153,-0.9999991334511108,0));
#9907=FACE_BOUND('',#9908,.T.);
#9908=EDGE_LOOP('',(#9909,#9910,#9911));
#9909=ORIENTED_EDGE('',*,*,#9912,.T.);
#9910=ORIENTED_EDGE('',*,*,#9913,.T.);
#9911=ORIENTED_EDGE('',*,*,#9914,.T.);
#9912=EDGE_CURVE('',#413,#411,#9915,.F.);
#9913=EDGE_CURVE('',#411,#331,#9916,.T.);
#9914=EDGE_CURVE('',#331,#413,#9917,.T.);
#9915=LINE('',#412,#9918);
#9916=LINE('',#410,#9919);
#9917=LINE('',#330,#9920);
#9918=VECTOR('',#9921,1.0);
#9919=VECTOR('',#9922,1.0);
#9920=VECTOR('',#9923,1.0);
#9921=DIRECTION('',(0.0013164714305638153,-0.9999991334511108,0));
#9922=DIRECTION('',(0,0,-1));
#9923=DIRECTION('',(-0.0013083655495200158,0.9938418604321393,0.11080002090420833));
#9924=FACE_SURFACE('',(#9929),#9925,.T.);
#9925=PLANE('',#9926);
#9926=AXIS2_PLACEMENT_3D('',#412,#9927,#9928);
#9927=DIRECTION('',(0.9999991334511108,0.0013164714305638153,0));
#9928=DIRECTION('',(0.0013083655495200158,-0.9938418604321393,-0.11080002090420833));
#9929=FACE_BOUND('',#9930,.T.);
#9930=EDGE_LOOP('',(#9931,#9932,#9933));
#9931=ORIENTED_EDGE('',*,*,#9934,.T.);
#9932=ORIENTED_EDGE('',*,*,#9935,.T.);
#9933=ORIENTED_EDGE('',*,*,#9936,.T.);
#9934=EDGE_CURVE('',#413,#331,#9937,.F.);
#9935=EDGE_CURVE('',#331,#329,#9938,.T.);
#9936=EDGE_CURVE('',#329,#413,#9939,.T.);
#9937=LINE('',#412,#9940);
#9938=LINE('',#330,#9941);
#9939=LINE('',#328,#9942);
#9940=VECTOR('',#9943,1.0);
#9941=VECTOR('',#9944,1.0);
#9942=VECTOR('',#9945,1.0);
#9943=DIRECTION('',(0.0013083655495200158,-0.9938418604321393,-0.11080002090420833));
#9944=DIRECTION('',(-0.0013164714305638153,0.9999991334511108,0));
#9945=DIRECTION('',(0,0,1));
#9946=FACE_SURFACE('',(#9951),#9947,.T.);
#9947=PLANE('',#9948);
#9948=AXIS2_PLACEMENT_3D('',#348,#9949,#9950);
#9949=DIRECTION('',(-0.9999991334511108,0.0013164714305638153,0));
#9950=DIRECTION('',(0,0,-1));
#9951=FACE_BOUND('',#9952,.T.);
#9952=EDGE_LOOP('',(#9953,#9954,#9955));
#9953=ORIENTED_EDGE('',*,*,#9956,.T.);
#9954=ORIENTED_EDGE('',*,*,#9957,.T.);
#9955=ORIENTED_EDGE('',*,*,#9958,.T.);
#9956=EDGE_CURVE('',#349,#209,#9959,.F.);
#9957=EDGE_CURVE('',#209,#159,#9960,.T.);
#9958=EDGE_CURVE('',#159,#349,#9961,.T.);
#9959=LINE('',#348,#9962);
#9960=LINE('',#208,#9963);
#9961=LINE('',#158,#9964);
#9962=VECTOR('',#9965,1.0);
#9963=VECTOR('',#9966,1.0);
#9964=VECTOR('',#9967,1.0);
#9965=DIRECTION('',(0,0,-1));
#9966=DIRECTION('',(-0.0013164714305638153,-0.9999991334511108,0));
#9967=DIRECTION('',(0.0013083655495200158,0.9938418604321393,0.11080002090420833));
#9968=FACE_SURFACE('',(#9973),#9969,.T.);
#9969=PLANE('',#9970);
#9970=AXIS2_PLACEMENT_3D('',#348,#9971,#9972);
#9971=DIRECTION('',(-0.9999991334511108,0.0013164714305638153,0));
#9972=DIRECTION('',(-0.0013083655495200158,-0.9938418604321393,-0.11080002090420833));
#9973=FACE_BOUND('',#9974,.T.);
#9974=EDGE_LOOP('',(#9975,#9976,#9977));
#9975=ORIENTED_EDGE('',*,*,#9978,.T.);
#9976=ORIENTED_EDGE('',*,*,#9979,.T.);
#9977=ORIENTED_EDGE('',*,*,#9980,.T.);
#9978=EDGE_CURVE('',#349,#159,#9981,.F.);
#9979=EDGE_CURVE('',#159,#161,#9982,.T.);
#9980=EDGE_CURVE('',#161,#349,#9983,.T.);
#9981=LINE('',#348,#9984);
#9982=LINE('',#158,#9985);
#9983=LINE('',#160,#9986);
#9984=VECTOR('',#9987,1.0);
#9985=VECTOR('',#9988,1.0);
#9986=VECTOR('',#9989,1.0);
#9987=DIRECTION('',(-0.0013083655495200158,-0.9938418604321393,-0.11080002090420833));
#9988=DIRECTION('',(0,0,1));
#9989=DIRECTION('',(0.0013164714305638153,0.9999991334511108,0));
#9990=FACE_SURFACE('',(#9995),#9991,.T.);
#9991=PLANE('',#9992);
#9992=AXIS2_PLACEMENT_3D('',#408,#9993,#9994);
#9993=DIRECTION('',(0.9997125287774346,-0.023976234179429817,0));
#9994=DIRECTION('',(0,0,-1));
#9995=FACE_BOUND('',#9996,.T.);
#9996=EDGE_LOOP('',(#9997,#9998,#9999));
#9997=ORIENTED_EDGE('',*,*,#10000,.T.);
#9998=ORIENTED_EDGE('',*,*,#10001,.T.);
#9999=ORIENTED_EDGE('',*,*,#10002,.T.);
#10000=EDGE_CURVE('',#409,#333,#10003,.F.);
#10001=EDGE_CURVE('',#333,#331,#10004,.T.);
#10002=EDGE_CURVE('',#331,#409,#10005,.T.);
#10003=LINE('',#408,#10006);
#10004=LINE('',#332,#10007);
#10005=LINE('',#330,#10008);
#10006=VECTOR('',#10009,1.0);
#10007=VECTOR('',#10010,1.0);
#10008=VECTOR('',#10011,1.0);
#10009=DIRECTION('',(0,0,-1));
#10010=DIRECTION('',(0.023976234179429817,0.9997125287774347,0));
#10011=DIRECTION('',(-0.010593289189373415,-0.44169755118028314,0.8971014744751519));
#10012=FACE_SURFACE('',(#10017),#10013,.T.);
#10013=PLANE('',#10014);
#10014=AXIS2_PLACEMENT_3D('',#408,#10015,#10016);
#10015=DIRECTION('',(0.9997125287774346,-0.023976234179429817,0));
#10016=DIRECTION('',(0.010593289189373415,0.44169755118028314,-0.8971014744751519));
#10017=FACE_BOUND('',#10018,.T.);
#10018=EDGE_LOOP('',(#10019,#10020,#10021));
#10019=ORIENTED_EDGE('',*,*,#10022,.T.);
#10020=ORIENTED_EDGE('',*,*,#10023,.T.);
#10021=ORIENTED_EDGE('',*,*,#10024,.T.);
#10022=EDGE_CURVE('',#409,#331,#10025,.F.);
#10023=EDGE_CURVE('',#331,#411,#10026,.T.);
#10024=EDGE_CURVE('',#411,#409,#10027,.T.);
#10025=LINE('',#408,#10028);
#10026=LINE('',#330,#10029);
#10027=LINE('',#410,#10030);
#10028=VECTOR('',#10031,1.0);
#10029=VECTOR('',#10032,1.0);
#10030=VECTOR('',#10033,1.0);
#10031=DIRECTION('',(0.010593289189373415,0.44169755118028314,-0.8971014744751519));
#10032=DIRECTION('',(0,0,1));
#10033=DIRECTION('',(-0.023976234179429817,-0.9997125287774347,0));
#10034=FACE_SURFACE('',(#10039),#10035,.T.);
#10035=PLANE('',#10036);
#10036=AXIS2_PLACEMENT_3D('',#406,#10037,#10038);
#10037=DIRECTION('',(0.997412526491173,-0.07189055569749868,0));
#10038=DIRECTION('',(0,0,-1));
#10039=FACE_BOUND('',#10040,.T.);
#10040=EDGE_LOOP('',(#10041,#10042,#10043));
#10041=ORIENTED_EDGE('',*,*,#10044,.T.);
#10042=ORIENTED_EDGE('',*,*,#10045,.T.);
#10043=ORIENTED_EDGE('',*,*,#10046,.T.);
#10044=EDGE_CURVE('',#407,#335,#10047,.F.);
#10045=EDGE_CURVE('',#335,#333,#10048,.T.);
#10046=EDGE_CURVE('',#333,#407,#10049,.T.);
#10047=LINE('',#406,#10050);
#10048=LINE('',#334,#10051);
#10049=LINE('',#332,#10052);
#10050=VECTOR('',#10053,1.0);
#10051=VECTOR('',#10054,1.0);
#10052=VECTOR('',#10055,1.0);
#10053=DIRECTION('',(0,0,-1));
#10054=DIRECTION('',(0.07189055569749868,0.997412526491173,0));
#10055=DIRECTION('',(-0.0317561430870607,-0.44058603526947643,0.8971485344700496));
#10056=FACE_SURFACE('',(#10061),#10057,.T.);
#10057=PLANE('',#10058);
#10058=AXIS2_PLACEMENT_3D('',#406,#10059,#10060);
#10059=DIRECTION('',(0.997412526491173,-0.07189055569749868,0));
#10060=DIRECTION('',(0.0317561430870607,0.44058603526947643,-0.8971485344700496));
#10061=FACE_BOUND('',#10062,.T.);
#10062=EDGE_LOOP('',(#10063,#10064,#10065));
#10063=ORIENTED_EDGE('',*,*,#10066,.T.);
#10064=ORIENTED_EDGE('',*,*,#10067,.T.);
#10065=ORIENTED_EDGE('',*,*,#10068,.T.);
#10066=EDGE_CURVE('',#407,#333,#10069,.F.);
#10067=EDGE_CURVE('',#333,#409,#10070,.T.);
#10068=EDGE_CURVE('',#409,#407,#10071,.T.);
#10069=LINE('',#406,#10072);
#10070=LINE('',#332,#10073);
#10071=LINE('',#408,#10074);
#10072=VECTOR('',#10075,1.0);
#10073=VECTOR('',#10076,1.0);
#10074=VECTOR('',#10077,1.0);
#10075=DIRECTION('',(0.0317561430870607,0.44058603526947643,-0.8971485344700496));
#10076=DIRECTION('',(0,0,1));
#10077=DIRECTION('',(-0.07189055569749868,-0.997412526491173,0));
#10078=FACE_SURFACE('',(#10083),#10079,.T.);
#10079=PLANE('',#10080);
#10080=AXIS2_PLACEMENT_3D('',#404,#10081,#10082);
#10081=DIRECTION('',(0.9928129000386504,-0.11967683784611256,0));
#10082=DIRECTION('',(0,0,-1));
#10083=FACE_BOUND('',#10084,.T.);
#10084=EDGE_LOOP('',(#10085,#10086,#10087));
#10085=ORIENTED_EDGE('',*,*,#10088,.T.);
#10086=ORIENTED_EDGE('',*,*,#10089,.T.);
#10087=ORIENTED_EDGE('',*,*,#10090,.T.);
#10088=EDGE_CURVE('',#405,#337,#10091,.F.);
#10089=EDGE_CURVE('',#337,#335,#10092,.T.);
#10090=EDGE_CURVE('',#335,#405,#10093,.T.);
#10091=LINE('',#404,#10094);
#10092=LINE('',#336,#10095);
#10093=LINE('',#334,#10096);
#10094=VECTOR('',#10097,1.0);
#10095=VECTOR('',#10098,1.0);
#10096=VECTOR('',#10099,1.0);
#10097=DIRECTION('',(0,0,-1));
#10098=DIRECTION('',(0.11967683784611255,0.9928129000386504,0));
#10099=DIRECTION('',(-0.05284217551908264,-0.43836714326385373,0.8972413009849126));
#10100=FACE_SURFACE('',(#10105),#10101,.T.);
#10101=PLANE('',#10102);
#10102=AXIS2_PLACEMENT_3D('',#404,#10103,#10104);
#10103=DIRECTION('',(0.9928129000386504,-0.11967683784611256,0));
#10104=DIRECTION('',(0.05284217551908264,0.43836714326385373,-0.8972413009849126));
#10105=FACE_BOUND('',#10106,.T.);
#10106=EDGE_LOOP('',(#10107,#10108,#10109));
#10107=ORIENTED_EDGE('',*,*,#10110,.T.);
#10108=ORIENTED_EDGE('',*,*,#10111,.T.);
#10109=ORIENTED_EDGE('',*,*,#10112,.T.);
#10110=EDGE_CURVE('',#405,#335,#10113,.F.);
#10111=EDGE_CURVE('',#335,#407,#10114,.T.);
#10112=EDGE_CURVE('',#407,#405,#10115,.T.);
#10113=LINE('',#404,#10116);
#10114=LINE('',#334,#10117);
#10115=LINE('',#406,#10118);
#10116=VECTOR('',#10119,1.0);
#10117=VECTOR('',#10120,1.0);
#10118=VECTOR('',#10121,1.0);
#10119=DIRECTION('',(0.05284217551908264,0.43836714326385373,-0.8972413009849126));
#10120=DIRECTION('',(0,0,1));
#10121=DIRECTION('',(-0.11967683784611255,-0.9928129000386504,0));
#10122=FACE_SURFACE('',(#10127),#10123,.T.);
#10123=PLANE('',#10124);
#10124=AXIS2_PLACEMENT_3D('',#402,#10125,#10126);
#10125=DIRECTION('',(0.985914211280729,-0.16725181013877913,0));
#10126=DIRECTION('',(0,0,-1));
#10127=FACE_BOUND('',#10128,.T.);
#10128=EDGE_LOOP('',(#10129,#10130,#10131));
#10129=ORIENTED_EDGE('',*,*,#10132,.T.);
#10130=ORIENTED_EDGE('',*,*,#10133,.T.);
#10131=ORIENTED_EDGE('',*,*,#10134,.T.);
#10132=EDGE_CURVE('',#403,#339,#10135,.F.);
#10133=EDGE_CURVE('',#339,#337,#10136,.T.);
#10134=EDGE_CURVE('',#337,#403,#10137,.T.);
#10135=LINE('',#402,#10138);
#10136=LINE('',#338,#10139);
#10137=LINE('',#336,#10140);
#10138=VECTOR('',#10141,1.0);
#10139=VECTOR('',#10142,1.0);
#10140=VECTOR('',#10143,1.0);
#10141=DIRECTION('',(0,0,-1));
#10142=DIRECTION('',(0.1672518101387791,0.9859142112807289,0));
#10143=DIRECTION('',(-0.0738013994302031,-0.43504371313092366,0.8973796972895043));
#10144=FACE_SURFACE('',(#10149),#10145,.T.);
#10145=PLANE('',#10146);
#10146=AXIS2_PLACEMENT_3D('',#402,#10147,#10148);
#10147=DIRECTION('',(0.985914211280729,-0.16725181013877913,0));
#10148=DIRECTION('',(0.0738013994302031,0.43504371313092366,-0.8973796972895043));
#10149=FACE_BOUND('',#10150,.T.);
#10150=EDGE_LOOP('',(#10151,#10152,#10153));
#10151=ORIENTED_EDGE('',*,*,#10154,.T.);
#10152=ORIENTED_EDGE('',*,*,#10155,.T.);
#10153=ORIENTED_EDGE('',*,*,#10156,.T.);
#10154=EDGE_CURVE('',#403,#337,#10157,.F.);
#10155=EDGE_CURVE('',#337,#405,#10158,.T.);
#10156=EDGE_CURVE('',#405,#403,#10159,.T.);
#10157=LINE('',#402,#10160);
#10158=LINE('',#336,#10161);
#10159=LINE('',#404,#10162);
#10160=VECTOR('',#10163,1.0);
#10161=VECTOR('',#10164,1.0);
#10162=VECTOR('',#10165,1.0);
#10163=DIRECTION('',(0.0738013994302031,0.43504371313092366,-0.8973796972895043));
#10164=DIRECTION('',(0,0,1));
#10165=DIRECTION('',(-0.1672518101387791,-0.9859142112807289,0));
#10166=FACE_SURFACE('',(#10171),#10167,.T.);
#10167=PLANE('',#10168);
#10168=AXIS2_PLACEMENT_3D('',#400,#10169,#10170);
#10169=DIRECTION('',(0.9767190537136532,-0.2145224699482685,0));
#10170=DIRECTION('',(0,0,-1));
#10171=FACE_BOUND('',#10172,.T.);
#10172=EDGE_LOOP('',(#10173,#10174,#10175));
#10173=ORIENTED_EDGE('',*,*,#10176,.T.);
#10174=ORIENTED_EDGE('',*,*,#10177,.T.);
#10175=ORIENTED_EDGE('',*,*,#10178,.T.);
#10176=EDGE_CURVE('',#401,#341,#10179,.F.);
#10177=EDGE_CURVE('',#341,#339,#10180,.T.);
#10178=EDGE_CURVE('',#339,#401,#10181,.T.);
#10179=LINE('',#400,#10182);
#10180=LINE('',#340,#10183);
#10181=LINE('',#338,#10184);
#10182=VECTOR('',#10185,1.0);
#10183=VECTOR('',#10186,1.0);
#10184=VECTOR('',#10187,1.0);
#10185=DIRECTION('',(0,0,-1));
#10186=DIRECTION('',(0.2145224699482685,0.9767190537136532,0));
#10187=DIRECTION('',(-0.09458040989781316,-0.4306238338460224,0.897562064587912));
#10188=FACE_SURFACE('',(#10193),#10189,.T.);
#10189=PLANE('',#10190);
#10190=AXIS2_PLACEMENT_3D('',#400,#10191,#10192);
#10191=DIRECTION('',(0.9767190537136532,-0.2145224699482685,0));
#10192=DIRECTION('',(0.09458040989781316,0.4306238338460224,-0.897562064587912));
#10193=FACE_BOUND('',#10194,.T.);
#10194=EDGE_LOOP('',(#10195,#10196,#10197));
#10195=ORIENTED_EDGE('',*,*,#10198,.T.);
#10196=ORIENTED_EDGE('',*,*,#10199,.T.);
#10197=ORIENTED_EDGE('',*,*,#10200,.T.);
#10198=EDGE_CURVE('',#401,#339,#10201,.F.);
#10199=EDGE_CURVE('',#339,#403,#10202,.T.);
#10200=EDGE_CURVE('',#403,#401,#10203,.T.);
#10201=LINE('',#400,#10204);
#10202=LINE('',#338,#10205);
#10203=LINE('',#402,#10206);
#10204=VECTOR('',#10207,1.0);
#10205=VECTOR('',#10208,1.0);
#10206=VECTOR('',#10209,1.0);
#10207=DIRECTION('',(0.09458040989781316,0.4306238338460224,-0.897562064587912));
#10208=DIRECTION('',(0,0,1));
#10209=DIRECTION('',(-0.2145224699482685,-0.9767190537136532,0));
#10210=FACE_SURFACE('',(#10215),#10211,.T.);
#10211=PLANE('',#10212);
#10212=AXIS2_PLACEMENT_3D('',#398,#10213,#10214);
#10213=DIRECTION('',(0.965228949734513,-0.26140595745776146,0));
#10214=DIRECTION('',(0,0,-1));
#10215=FACE_BOUND('',#10216,.T.);
#10216=EDGE_LOOP('',(#10217,#10218,#10219));
#10217=ORIENTED_EDGE('',*,*,#10220,.T.);
#10218=ORIENTED_EDGE('',*,*,#10221,.T.);
#10219=ORIENTED_EDGE('',*,*,#10222,.T.);
#10220=EDGE_CURVE('',#399,#343,#10223,.F.);
#10221=EDGE_CURVE('',#343,#341,#10224,.T.);
#10222=EDGE_CURVE('',#341,#399,#10225,.T.);
#10223=LINE('',#398,#10226);
#10224=LINE('',#342,#10227);
#10225=LINE('',#340,#10228);
#10226=VECTOR('',#10229,1.0);
#10227=VECTOR('',#10230,1.0);
#10228=VECTOR('',#10231,1.0);
#10229=DIRECTION('',(0,0,-1));
#10230=DIRECTION('',(0.26140595745776146,0.9652289497345129,0));
#10231=DIRECTION('',(-0.11513111526508607,-0.42511611651788184,0.8977867863666585));
#10232=FACE_SURFACE('',(#10237),#10233,.T.);
#10233=PLANE('',#10234);
#10234=AXIS2_PLACEMENT_3D('',#398,#10235,#10236);
#10235=DIRECTION('',(0.965228949734513,-0.26140595745776146,0));
#10236=DIRECTION('',(0.11513111526508607,0.42511611651788184,-0.8977867863666585));
#10237=FACE_BOUND('',#10238,.T.);
#10238=EDGE_LOOP('',(#10239,#10240,#10241));
#10239=ORIENTED_EDGE('',*,*,#10242,.T.);
#10240=ORIENTED_EDGE('',*,*,#10243,.T.);
#10241=ORIENTED_EDGE('',*,*,#10244,.T.);
#10242=EDGE_CURVE('',#399,#341,#10245,.F.);
#10243=EDGE_CURVE('',#341,#401,#10246,.T.);
#10244=EDGE_CURVE('',#401,#399,#10247,.T.);
#10245=LINE('',#398,#10248);
#10246=LINE('',#340,#10249);
#10247=LINE('',#400,#10250);
#10248=VECTOR('',#10251,1.0);
#10249=VECTOR('',#10252,1.0);
#10250=VECTOR('',#10253,1.0);
#10251=DIRECTION('',(0.11513111526508607,0.42511611651788184,-0.8977867863666585));
#10252=DIRECTION('',(0,0,1));
#10253=DIRECTION('',(-0.26140595745776146,-0.9652289497345129,0));
#10254=FACE_SURFACE('',(#10259),#10255,.T.);
#10255=PLANE('',#10256);
#10256=AXIS2_PLACEMENT_3D('',#396,#10257,#10258);
#10257=DIRECTION('',(0.9514473492869617,-0.3078115357403202,0));
#10258=DIRECTION('',(0,0,-1));
#10259=FACE_BOUND('',#10260,.T.);
#10260=EDGE_LOOP('',(#10261,#10262,#10263));
#10261=ORIENTED_EDGE('',*,*,#10264,.T.);
#10262=ORIENTED_EDGE('',*,*,#10265,.T.);
#10263=ORIENTED_EDGE('',*,*,#10266,.T.);
#10264=EDGE_CURVE('',#397,#345,#10267,.F.);
#10265=EDGE_CURVE('',#345,#343,#10268,.T.);
#10266=EDGE_CURVE('',#343,#397,#10269,.T.);
#10267=LINE('',#396,#10270);
#10268=LINE('',#344,#10271);
#10269=LINE('',#342,#10272);
#10270=VECTOR('',#10273,1.0);
#10271=VECTOR('',#10274,1.0);
#10272=VECTOR('',#10275,1.0);
#10273=DIRECTION('',(0,0,-1));
#10274=DIRECTION('',(0.30781153574032016,0.9514473492869615,0));
#10275=DIRECTION('',(-0.13540343230034527,-0.41853284165153765,0.8980513186786012));
#10276=FACE_SURFACE('',(#10281),#10277,.T.);
#10277=PLANE('',#10278);
#10278=AXIS2_PLACEMENT_3D('',#396,#10279,#10280);
#10279=DIRECTION('',(0.9514473492869617,-0.3078115357403202,0));
#10280=DIRECTION('',(0.13540343230034527,0.41853284165153765,-0.8980513186786012));
#10281=FACE_BOUND('',#10282,.T.);
#10282=EDGE_LOOP('',(#10283,#10284,#10285));
#10283=ORIENTED_EDGE('',*,*,#10286,.T.);
#10284=ORIENTED_EDGE('',*,*,#10287,.T.);
#10285=ORIENTED_EDGE('',*,*,#10288,.T.);
#10286=EDGE_CURVE('',#397,#343,#10289,.F.);
#10287=EDGE_CURVE('',#343,#399,#10290,.T.);
#10288=EDGE_CURVE('',#399,#397,#10291,.T.);
#10289=LINE('',#396,#10292);
#10290=LINE('',#342,#10293);
#10291=LINE('',#398,#10294);
#10292=VECTOR('',#10295,1.0);
#10293=VECTOR('',#10296,1.0);
#10294=VECTOR('',#10297,1.0);
#10295=DIRECTION('',(0.13540343230034527,0.41853284165153765,-0.8980513186786012));
#10296=DIRECTION('',(0,0,1));
#10297=DIRECTION('',(-0.30781153574032016,-0.9514473492869615,0));
#10298=FACE_SURFACE('',(#10303),#10299,.T.);
#10299=PLANE('',#10300);
#10300=AXIS2_PLACEMENT_3D('',#394,#10301,#10302);
#10301=DIRECTION('',(0.9353807043332595,-0.35364238711022095,0));
#10302=DIRECTION('',(0,0,-1));
#10303=FACE_BOUND('',#10304,.T.);
#10304=EDGE_LOOP('',(#10305,#10306,#10307));
#10305=ORIENTED_EDGE('',*,*,#10308,.T.);
#10306=ORIENTED_EDGE('',*,*,#10309,.T.);
#10307=ORIENTED_EDGE('',*,*,#10310,.T.);
#10308=EDGE_CURVE('',#395,#163,#10311,.F.);
#10309=EDGE_CURVE('',#163,#345,#10312,.T.);
#10310=EDGE_CURVE('',#345,#395,#10313,.T.);
#10311=LINE('',#394,#10314);
#10312=LINE('',#162,#10315);
#10313=LINE('',#344,#10316);
#10314=VECTOR('',#10317,1.0);
#10315=VECTOR('',#10318,1.0);
#10316=VECTOR('',#10319,1.0);
#10317=DIRECTION('',(0,0,-1));
#10318=DIRECTION('',(0.35364238711022095,0.9353807043332595,0));
#10319=DIRECTION('',(-0.15534543732203648,-0.41088718398441393,0.8983537817255425));
#10320=FACE_SURFACE('',(#10325),#10321,.T.);
#10321=PLANE('',#10322);
#10322=AXIS2_PLACEMENT_3D('',#394,#10323,#10324);
#10323=DIRECTION('',(0.9353807043332595,-0.35364238711022095,0));
#10324=DIRECTION('',(0.15534543732203648,0.41088718398441393,-0.8983537817255425));
#10325=FACE_BOUND('',#10326,.T.);
#10326=EDGE_LOOP('',(#10327,#10328,#10329));
#10327=ORIENTED_EDGE('',*,*,#10330,.T.);
#10328=ORIENTED_EDGE('',*,*,#10331,.T.);
#10329=ORIENTED_EDGE('',*,*,#10332,.T.);
#10330=EDGE_CURVE('',#395,#345,#10333,.F.);
#10331=EDGE_CURVE('',#345,#397,#10334,.T.);
#10332=EDGE_CURVE('',#397,#395,#10335,.T.);
#10333=LINE('',#394,#10336);
#10334=LINE('',#344,#10337);
#10335=LINE('',#396,#10338);
#10336=VECTOR('',#10339,1.0);
#10337=VECTOR('',#10340,1.0);
#10338=VECTOR('',#10341,1.0);
#10339=DIRECTION('',(0.15534543732203648,0.41088718398441393,-0.8983537817255425));
#10340=DIRECTION('',(0,0,1));
#10341=DIRECTION('',(-0.35364238711022095,-0.9353807043332595,0));
#10342=FACE_SURFACE('',(#10347),#10343,.T.);
#10343=PLANE('',#10344);
#10344=AXIS2_PLACEMENT_3D('',#392,#10345,#10346);
#10345=DIRECTION('',(0.9170363711559771,-0.39880357818991163,0));
#10346=DIRECTION('',(0,0,-1));
#10347=FACE_BOUND('',#10348,.T.);
#10348=EDGE_LOOP('',(#10349,#10350,#10351));
#10349=ORIENTED_EDGE('',*,*,#10352,.T.);
#10350=ORIENTED_EDGE('',*,*,#10353,.T.);
#10351=ORIENTED_EDGE('',*,*,#10354,.T.);
#10352=EDGE_CURVE('',#393,#165,#10355,.F.);
#10353=EDGE_CURVE('',#165,#163,#10356,.T.);
#10354=EDGE_CURVE('',#163,#393,#10357,.T.);
#10355=LINE('',#392,#10358);
#10356=LINE('',#164,#10359);
#10357=LINE('',#162,#10360);
#10358=VECTOR('',#10361,1.0);
#10359=VECTOR('',#10362,1.0);
#10360=VECTOR('',#10363,1.0);
#10361=DIRECTION('',(0,0,-1));
#10362=DIRECTION('',(0.3988035781899116,0.917036371155977,0));
#10363=DIRECTION('',(-0.17490917135753978,-0.4021981761338037,0.8986898290787876));
#10364=FACE_SURFACE('',(#10369),#10365,.T.);
#10365=PLANE('',#10366);
#10366=AXIS2_PLACEMENT_3D('',#392,#10367,#10368);
#10367=DIRECTION('',(0.9170363711559771,-0.39880357818991163,0));
#10368=DIRECTION('',(0.17490917135753978,0.4021981761338037,-0.8986898290787876));
#10369=FACE_BOUND('',#10370,.T.);
#10370=EDGE_LOOP('',(#10371,#10372,#10373));
#10371=ORIENTED_EDGE('',*,*,#10374,.T.);
#10372=ORIENTED_EDGE('',*,*,#10375,.T.);
#10373=ORIENTED_EDGE('',*,*,#10376,.T.);
#10374=EDGE_CURVE('',#393,#163,#10377,.F.);
#10375=EDGE_CURVE('',#163,#395,#10378,.T.);
#10376=EDGE_CURVE('',#395,#393,#10379,.T.);
#10377=LINE('',#392,#10380);
#10378=LINE('',#162,#10381);
#10379=LINE('',#394,#10382);
#10380=VECTOR('',#10383,1.0);
#10381=VECTOR('',#10384,1.0);
#10382=VECTOR('',#10385,1.0);
#10383=DIRECTION('',(0.17490917135753978,0.4021981761338037,-0.8986898290787876));
#10384=DIRECTION('',(0,0,1));
#10385=DIRECTION('',(-0.3988035781899116,-0.917036371155977,0));
#10386=FACE_SURFACE('',(#10391),#10387,.T.);
#10387=PLANE('',#10388);
#10388=AXIS2_PLACEMENT_3D('',#390,#10389,#10390);
#10389=DIRECTION('',(0.8964254134719336,-0.44319462776716145,0));
#10390=DIRECTION('',(0,0,-1));
#10391=FACE_BOUND('',#10392,.T.);
#10392=EDGE_LOOP('',(#10393,#10394,#10395));
#10393=ORIENTED_EDGE('',*,*,#10396,.T.);
#10394=ORIENTED_EDGE('',*,*,#10397,.T.);
#10395=ORIENTED_EDGE('',*,*,#10398,.T.);
#10396=EDGE_CURVE('',#391,#167,#10399,.F.);
#10397=EDGE_CURVE('',#167,#165,#10400,.T.);
#10398=EDGE_CURVE('',#165,#391,#10401,.T.);
#10399=LINE('',#390,#10402);
#10400=LINE('',#166,#10403);
#10401=LINE('',#164,#10404);
#10402=VECTOR('',#10405,1.0);
#10403=VECTOR('',#10406,1.0);
#10404=VECTOR('',#10407,1.0);
#10405=DIRECTION('',(0,0,-1));
#10406=DIRECTION('',(0.44319462776716145,0.8964254134719337,0));
#10407=DIRECTION('',(-0.19404424437791404,-0.39248262749634594,0.8990574054738489));
#10408=FACE_SURFACE('',(#10413),#10409,.T.);
#10409=PLANE('',#10410);
#10410=AXIS2_PLACEMENT_3D('',#390,#10411,#10412);
#10411=DIRECTION('',(0.8964254134719336,-0.44319462776716145,0));
#10412=DIRECTION('',(0.19404424437791404,0.39248262749634594,-0.8990574054738489));
#10413=FACE_BOUND('',#10414,.T.);
#10414=EDGE_LOOP('',(#10415,#10416,#10417));
#10415=ORIENTED_EDGE('',*,*,#10418,.T.);
#10416=ORIENTED_EDGE('',*,*,#10419,.T.);
#10417=ORIENTED_EDGE('',*,*,#10420,.T.);
#10418=EDGE_CURVE('',#391,#165,#10421,.F.);
#10419=EDGE_CURVE('',#165,#393,#10422,.T.);
#10420=EDGE_CURVE('',#393,#391,#10423,.T.);
#10421=LINE('',#390,#10424);
#10422=LINE('',#164,#10425);
#10423=LINE('',#392,#10426);
#10424=VECTOR('',#10427,1.0);
#10425=VECTOR('',#10428,1.0);
#10426=VECTOR('',#10429,1.0);
#10427=DIRECTION('',(0.19404424437791404,0.39248262749634594,-0.8990574054738489));
#10428=DIRECTION('',(0,0,1));
#10429=DIRECTION('',(-0.44319462776716145,-0.8964254134719337,0));
#10430=FACE_SURFACE('',(#10435),#10431,.T.);
#10431=PLANE('',#10432);
#10432=AXIS2_PLACEMENT_3D('',#388,#10433,#10434);
#10433=DIRECTION('',(0.8735595953868334,-0.4867172005462636,0));
#10434=DIRECTION('',(0,0,-1));
#10435=FACE_BOUND('',#10436,.T.);
#10436=EDGE_LOOP('',(#10437,#10438,#10439));
#10437=ORIENTED_EDGE('',*,*,#10440,.T.);
#10438=ORIENTED_EDGE('',*,*,#10441,.T.);
#10439=ORIENTED_EDGE('',*,*,#10442,.T.);
#10440=EDGE_CURVE('',#389,#169,#10443,.F.);
#10441=EDGE_CURVE('',#169,#167,#10444,.T.);
#10442=EDGE_CURVE('',#167,#389,#10445,.T.);
#10443=LINE('',#388,#10446);
#10444=LINE('',#168,#10447);
#10445=LINE('',#166,#10448);
#10446=VECTOR('',#10449,1.0);
#10447=VECTOR('',#10450,1.0);
#10448=VECTOR('',#10451,1.0);
#10449=DIRECTION('',(0,0,-1));
#10450=DIRECTION('',(0.4867172005462636,0.8735595953868334,0));
#10451=DIRECTION('',(-0.2127049095316013,-0.38176258101968785,0.8994520294014237));
#10452=FACE_SURFACE('',(#10457),#10453,.T.);
#10453=PLANE('',#10454);
#10454=AXIS2_PLACEMENT_3D('',#388,#10455,#10456);
#10455=DIRECTION('',(0.8735595953868334,-0.4867172005462636,0));
#10456=DIRECTION('',(0.2127049095316013,0.38176258101968785,-0.8994520294014237));
#10457=FACE_BOUND('',#10458,.T.);
#10458=EDGE_LOOP('',(#10459,#10460,#10461));
#10459=ORIENTED_EDGE('',*,*,#10462,.T.);
#10460=ORIENTED_EDGE('',*,*,#10463,.T.);
#10461=ORIENTED_EDGE('',*,*,#10464,.T.);
#10462=EDGE_CURVE('',#389,#167,#10465,.F.);
#10463=EDGE_CURVE('',#167,#391,#10466,.T.);
#10464=EDGE_CURVE('',#391,#389,#10467,.T.);
#10465=LINE('',#388,#10468);
#10466=LINE('',#166,#10469);
#10467=LINE('',#390,#10470);
#10468=VECTOR('',#10471,1.0);
#10469=VECTOR('',#10472,1.0);
#10470=VECTOR('',#10473,1.0);
#10471=DIRECTION('',(0.2127049095316013,0.38176258101968785,-0.8994520294014237));
#10472=DIRECTION('',(0,0,1));
#10473=DIRECTION('',(-0.4867172005462636,-0.8735595953868334,0));
#10474=FACE_SURFACE('',(#10479),#10475,.T.);
#10475=PLANE('',#10476);
#10476=AXIS2_PLACEMENT_3D('',#386,#10477,#10478);
#10477=DIRECTION('',(0.8484604325156964,-0.52925881613373,0));
#10478=DIRECTION('',(0,0,-1));
#10479=FACE_BOUND('',#10480,.T.);
#10480=EDGE_LOOP('',(#10481,#10482,#10483));
#10481=ORIENTED_EDGE('',*,*,#10484,.T.);
#10482=ORIENTED_EDGE('',*,*,#10485,.T.);
#10483=ORIENTED_EDGE('',*,*,#10486,.T.);
#10484=EDGE_CURVE('',#387,#171,#10487,.F.);
#10485=EDGE_CURVE('',#171,#169,#10488,.T.);
#10486=EDGE_CURVE('',#169,#387,#10489,.T.);
#10487=LINE('',#386,#10490);
#10488=LINE('',#170,#10491);
#10489=LINE('',#168,#10492);
#10490=VECTOR('',#10493,1.0);
#10491=VECTOR('',#10494,1.0);
#10492=VECTOR('',#10495,1.0);
#10493=DIRECTION('',(0,0,-1));
#10494=DIRECTION('',(0.52925881613373,0.8484604325156964,0));
#10495=DIRECTION('',(-0.23083971019684296,-0.3700615925232373,0.8998707940228992));
#10496=FACE_SURFACE('',(#10501),#10497,.T.);
#10497=PLANE('',#10498);
#10498=AXIS2_PLACEMENT_3D('',#386,#10499,#10500);
#10499=DIRECTION('',(0.8484604325156964,-0.52925881613373,0));
#10500=DIRECTION('',(0.23083971019684296,0.3700615925232373,-0.8998707940228992));
#10501=FACE_BOUND('',#10502,.T.);
#10502=EDGE_LOOP('',(#10503,#10504,#10505));
#10503=ORIENTED_EDGE('',*,*,#10506,.T.);
#10504=ORIENTED_EDGE('',*,*,#10507,.T.);
#10505=ORIENTED_EDGE('',*,*,#10508,.T.);
#10506=EDGE_CURVE('',#387,#169,#10509,.F.);
#10507=EDGE_CURVE('',#169,#389,#10510,.T.);
#10508=EDGE_CURVE('',#389,#387,#10511,.T.);
#10509=LINE('',#386,#10512);
#10510=LINE('',#168,#10513);
#10511=LINE('',#388,#10514);
#10512=VECTOR('',#10515,1.0);
#10513=VECTOR('',#10516,1.0);
#10514=VECTOR('',#10517,1.0);
#10515=DIRECTION('',(0.23083971019684296,0.3700615925232373,-0.8998707940228992));
#10516=DIRECTION('',(0,0,1));
#10517=DIRECTION('',(-0.52925881613373,-0.8484604325156964,0));
#10518=FACE_SURFACE('',(#10523),#10519,.T.);
#10519=PLANE('',#10520);
#10520=AXIS2_PLACEMENT_3D('',#384,#10521,#10522);
#10521=DIRECTION('',(0.8211492919480851,-0.5707134485301347,0));
#10522=DIRECTION('',(0,0,-1));
#10523=FACE_BOUND('',#10524,.T.);
#10524=EDGE_LOOP('',(#10525,#10526,#10527));
#10525=ORIENTED_EDGE('',*,*,#10528,.T.);
#10526=ORIENTED_EDGE('',*,*,#10529,.T.);
#10527=ORIENTED_EDGE('',*,*,#10530,.T.);
#10528=EDGE_CURVE('',#385,#173,#10531,.F.);
#10529=EDGE_CURVE('',#173,#171,#10532,.T.);
#10530=EDGE_CURVE('',#171,#385,#10533,.T.);
#10531=LINE('',#384,#10534);
#10532=LINE('',#172,#10535);
#10533=LINE('',#170,#10536);
#10534=VECTOR('',#10537,1.0);
#10535=VECTOR('',#10538,1.0);
#10536=VECTOR('',#10539,1.0);
#10537=DIRECTION('',(0,0,-1));
#10538=DIRECTION('',(0.5707134485301346,0.821149291948085,0));
#10539=DIRECTION('',(-0.2484047977402127,-0.35740777496346765,0.9003081355043434));
#10540=FACE_SURFACE('',(#10545),#10541,.T.);
#10541=PLANE('',#10542);
#10542=AXIS2_PLACEMENT_3D('',#384,#10543,#10544);
#10543=DIRECTION('',(0.8211492919480851,-0.5707134485301347,0));
#10544=DIRECTION('',(0.2484047977402127,0.35740777496346765,-0.9003081355043434));
#10545=FACE_BOUND('',#10546,.T.);
#10546=EDGE_LOOP('',(#10547,#10548,#10549));
#10547=ORIENTED_EDGE('',*,*,#10550,.T.);
#10548=ORIENTED_EDGE('',*,*,#10551,.T.);
#10549=ORIENTED_EDGE('',*,*,#10552,.T.);
#10550=EDGE_CURVE('',#385,#171,#10553,.F.);
#10551=EDGE_CURVE('',#171,#387,#10554,.T.);
#10552=EDGE_CURVE('',#387,#385,#10555,.T.);
#10553=LINE('',#384,#10556);
#10554=LINE('',#170,#10557);
#10555=LINE('',#386,#10558);
#10556=VECTOR('',#10559,1.0);
#10557=VECTOR('',#10560,1.0);
#10558=VECTOR('',#10561,1.0);
#10559=DIRECTION('',(0.2484047977402127,0.35740777496346765,-0.9003081355043434));
#10560=DIRECTION('',(0,0,1));
#10561=DIRECTION('',(-0.5707134485301346,-0.821149291948085,0));
#10562=FACE_SURFACE('',(#10567),#10563,.T.);
#10563=PLANE('',#10564);
#10564=AXIS2_PLACEMENT_3D('',#382,#10565,#10566);
#10565=DIRECTION('',(0.791656317150892,-0.6109666729986883,0));
#10566=DIRECTION('',(0,0,-1));
#10567=FACE_BOUND('',#10568,.T.);
#10568=EDGE_LOOP('',(#10569,#10570,#10571));
#10569=ORIENTED_EDGE('',*,*,#10572,.T.);
#10570=ORIENTED_EDGE('',*,*,#10573,.T.);
#10571=ORIENTED_EDGE('',*,*,#10574,.T.);
#10572=EDGE_CURVE('',#383,#175,#10575,.F.);
#10573=EDGE_CURVE('',#175,#173,#10576,.T.);
#10574=EDGE_CURVE('',#173,#383,#10577,.T.);
#10575=LINE('',#382,#10578);
#10576=LINE('',#174,#10579);
#10577=LINE('',#172,#10580);
#10578=VECTOR('',#10581,1.0);
#10579=VECTOR('',#10582,1.0);
#10580=VECTOR('',#10583,1.0);
#10581=DIRECTION('',(0,0,-1));
#10582=DIRECTION('',(0.6109666729986885,0.7916563171508921,0));
#10583=DIRECTION('',(-0.2653524062840306,-0.3438287520248979,0.9007607283625747));
#10584=FACE_SURFACE('',(#10589),#10585,.T.);
#10585=PLANE('',#10586);
#10586=AXIS2_PLACEMENT_3D('',#382,#10587,#10588);
#10587=DIRECTION('',(0.791656317150892,-0.6109666729986883,0));
#10588=DIRECTION('',(0.2653524062840306,0.3438287520248979,-0.9007607283625747));
#10589=FACE_BOUND('',#10590,.T.);
#10590=EDGE_LOOP('',(#10591,#10592,#10593));
#10591=ORIENTED_EDGE('',*,*,#10594,.T.);
#10592=ORIENTED_EDGE('',*,*,#10595,.T.);
#10593=ORIENTED_EDGE('',*,*,#10596,.T.);
#10594=EDGE_CURVE('',#383,#173,#10597,.F.);
#10595=EDGE_CURVE('',#173,#385,#10598,.T.);
#10596=EDGE_CURVE('',#385,#383,#10599,.T.);
#10597=LINE('',#382,#10600);
#10598=LINE('',#172,#10601);
#10599=LINE('',#384,#10602);
#10600=VECTOR('',#10603,1.0);
#10601=VECTOR('',#10604,1.0);
#10602=VECTOR('',#10605,1.0);
#10603=DIRECTION('',(0.2653524062840306,0.3438287520248979,-0.9007607283625747));
#10604=DIRECTION('',(0,0,1));
#10605=DIRECTION('',(-0.6109666729986885,-0.7916563171508921,0));
#10606=FACE_SURFACE('',(#10611),#10607,.T.);
#10607=PLANE('',#10608);
#10608=AXIS2_PLACEMENT_3D('',#380,#10609,#10610);
#10609=DIRECTION('',(0.7600159511335237,-0.6499044191437734,0));
#10610=DIRECTION('',(0,0,-1));
#10611=FACE_BOUND('',#10612,.T.);
#10612=EDGE_LOOP('',(#10613,#10614,#10615));
#10613=ORIENTED_EDGE('',*,*,#10616,.T.);
#10614=ORIENTED_EDGE('',*,*,#10617,.T.);
#10615=ORIENTED_EDGE('',*,*,#10618,.T.);
#10616=EDGE_CURVE('',#381,#177,#10619,.F.);
#10617=EDGE_CURVE('',#177,#175,#10620,.T.);
#10618=EDGE_CURVE('',#175,#381,#10621,.T.);
#10619=LINE('',#380,#10622);
#10620=LINE('',#176,#10623);
#10621=LINE('',#174,#10624);
#10622=VECTOR('',#10625,1.0);
#10623=VECTOR('',#10626,1.0);
#10624=VECTOR('',#10627,1.0);
#10625=DIRECTION('',(0,0,-1));
#10626=DIRECTION('',(0.6499044191437734,0.7600159511335237,0));
#10627=DIRECTION('',(-0.2816396550995204,-0.3293570932005415,0.9012230633055909));
#10628=FACE_SURFACE('',(#10633),#10629,.T.);
#10629=PLANE('',#10630);
#10630=AXIS2_PLACEMENT_3D('',#380,#10631,#10632);
#10631=DIRECTION('',(0.7600159511335237,-0.6499044191437734,0));
#10632=DIRECTION('',(0.2816396550995204,0.3293570932005415,-0.9012230633055909));
#10633=FACE_BOUND('',#10634,.T.);
#10634=EDGE_LOOP('',(#10635,#10636,#10637));
#10635=ORIENTED_EDGE('',*,*,#10638,.T.);
#10636=ORIENTED_EDGE('',*,*,#10639,.T.);
#10637=ORIENTED_EDGE('',*,*,#10640,.T.);
#10638=EDGE_CURVE('',#381,#175,#10641,.F.);
#10639=EDGE_CURVE('',#175,#383,#10642,.T.);
#10640=EDGE_CURVE('',#383,#381,#10643,.T.);
#10641=LINE('',#380,#10644);
#10642=LINE('',#174,#10645);
#10643=LINE('',#382,#10646);
#10644=VECTOR('',#10647,1.0);
#10645=VECTOR('',#10648,1.0);
#10646=VECTOR('',#10649,1.0);
#10647=DIRECTION('',(0.2816396550995204,0.3293570932005415,-0.9012230633055909));
#10648=DIRECTION('',(0,0,1));
#10649=DIRECTION('',(-0.6499044191437734,-0.7600159511335237,0));
#10650=FACE_SURFACE('',(#10655),#10651,.T.);
#10651=PLANE('',#10652);
#10652=AXIS2_PLACEMENT_3D('',#378,#10653,#10654);
#10653=DIRECTION('',(0.7262737496483289,-0.6874055866602746,0));
#10654=DIRECTION('',(0,0,-1));
#10655=FACE_BOUND('',#10656,.T.);
#10656=EDGE_LOOP('',(#10657,#10658,#10659));
#10657=ORIENTED_EDGE('',*,*,#10660,.T.);
#10658=ORIENTED_EDGE('',*,*,#10661,.T.);
#10659=ORIENTED_EDGE('',*,*,#10662,.T.);
#10660=EDGE_CURVE('',#379,#179,#10663,.F.);
#10661=EDGE_CURVE('',#179,#177,#10664,.T.);
#10662=EDGE_CURVE('',#177,#379,#10665,.T.);
#10663=LINE('',#378,#10666);
#10664=LINE('',#178,#10667);
#10665=LINE('',#176,#10668);
#10666=VECTOR('',#10669,1.0);
#10667=VECTOR('',#10670,1.0);
#10668=VECTOR('',#10671,1.0);
#10669=DIRECTION('',(0,0,-1));
#10670=DIRECTION('',(0.6874055866602747,0.726273749648329,0));
#10671=DIRECTION('',(-0.29722053085245836,-0.3140263530057175,0.9016914137651036));
#10672=FACE_SURFACE('',(#10677),#10673,.T.);
#10673=PLANE('',#10674);
#10674=AXIS2_PLACEMENT_3D('',#378,#10675,#10676);
#10675=DIRECTION('',(0.7262737496483289,-0.6874055866602746,0));
#10676=DIRECTION('',(0.29722053085245836,0.3140263530057175,-0.9016914137651036));
#10677=FACE_BOUND('',#10678,.T.);
#10678=EDGE_LOOP('',(#10679,#10680,#10681));
#10679=ORIENTED_EDGE('',*,*,#10682,.T.);
#10680=ORIENTED_EDGE('',*,*,#10683,.T.);
#10681=ORIENTED_EDGE('',*,*,#10684,.T.);
#10682=EDGE_CURVE('',#379,#177,#10685,.F.);
#10683=EDGE_CURVE('',#177,#381,#10686,.T.);
#10684=EDGE_CURVE('',#381,#379,#10687,.T.);
#10685=LINE('',#378,#10688);
#10686=LINE('',#176,#10689);
#10687=LINE('',#380,#10690);
#10688=VECTOR('',#10691,1.0);
#10689=VECTOR('',#10692,1.0);
#10690=VECTOR('',#10693,1.0);
#10691=DIRECTION('',(0.29722053085245836,0.3140263530057175,-0.9016914137651036));
#10692=DIRECTION('',(0,0,1));
#10693=DIRECTION('',(-0.6874055866602747,-0.726273749648329,0));
#10694=FACE_SURFACE('',(#10699),#10695,.T.);
#10695=PLANE('',#10696);
#10696=AXIS2_PLACEMENT_3D('',#376,#10697,#10698);
#10697=DIRECTION('',(0.6904783421115613,-0.7233530666796607,0));
#10698=DIRECTION('',(0,0,-1));
#10699=FACE_BOUND('',#10700,.T.);
#10700=EDGE_LOOP('',(#10701,#10702,#10703));
#10701=ORIENTED_EDGE('',*,*,#10704,.T.);
#10702=ORIENTED_EDGE('',*,*,#10705,.T.);
#10703=ORIENTED_EDGE('',*,*,#10706,.T.);
#10704=EDGE_CURVE('',#377,#181,#10707,.F.);
#10705=EDGE_CURVE('',#181,#179,#10708,.T.);
#10706=EDGE_CURVE('',#179,#377,#10709,.T.);
#10707=LINE('',#376,#10710);
#10708=LINE('',#180,#10711);
#10709=LINE('',#178,#10712);
#10710=VECTOR('',#10713,1.0);
#10711=VECTOR('',#10714,1.0);
#10712=VECTOR('',#10715,1.0);
#10713=DIRECTION('',(0,0,-1));
#10714=DIRECTION('',(0.7233530666796607,0.6904783421115613,0));
#10715=DIRECTION('',(-0.3120558628699297,-0.29787364534122096,0.9021598693466896));
#10716=FACE_SURFACE('',(#10721),#10717,.T.);
#10717=PLANE('',#10718);
#10718=AXIS2_PLACEMENT_3D('',#376,#10719,#10720);
#10719=DIRECTION('',(0.6904783421115613,-0.7233530666796607,0));
#10720=DIRECTION('',(0.3120558628699297,0.29787364534122096,-0.9021598693466896));
#10721=FACE_BOUND('',#10722,.T.);
#10722=EDGE_LOOP('',(#10723,#10724,#10725));
#10723=ORIENTED_EDGE('',*,*,#10726,.T.);
#10724=ORIENTED_EDGE('',*,*,#10727,.T.);
#10725=ORIENTED_EDGE('',*,*,#10728,.T.);
#10726=EDGE_CURVE('',#377,#179,#10729,.F.);
#10727=EDGE_CURVE('',#179,#379,#10730,.T.);
#10728=EDGE_CURVE('',#379,#377,#10731,.T.);
#10729=LINE('',#376,#10732);
#10730=LINE('',#178,#10733);
#10731=LINE('',#378,#10734);
#10732=VECTOR('',#10735,1.0);
#10733=VECTOR('',#10736,1.0);
#10734=VECTOR('',#10737,1.0);
#10735=DIRECTION('',(0.3120558628699297,0.29787364534122096,-0.9021598693466896));
#10736=DIRECTION('',(0,0,1));
#10737=DIRECTION('',(-0.7233530666796607,-0.6904783421115613,0));
#10738=FACE_SURFACE('',(#10743),#10739,.T.);
#10739=PLANE('',#10740);
#10740=AXIS2_PLACEMENT_3D('',#374,#10741,#10742);
#10741=DIRECTION('',(0.6526882417730931,-0.7576265960558328,0));
#10742=DIRECTION('',(0,0,-1));
#10743=FACE_BOUND('',#10744,.T.);
#10744=EDGE_LOOP('',(#10745,#10746,#10747));
#10745=ORIENTED_EDGE('',*,*,#10748,.T.);
#10746=ORIENTED_EDGE('',*,*,#10749,.T.);
#10747=ORIENTED_EDGE('',*,*,#10750,.T.);
#10748=EDGE_CURVE('',#375,#183,#10751,.F.);
#10749=EDGE_CURVE('',#183,#181,#10752,.T.);
#10750=EDGE_CURVE('',#181,#375,#10753,.T.);
#10751=LINE('',#374,#10754);
#10752=LINE('',#182,#10755);
#10753=LINE('',#180,#10756);
#10754=VECTOR('',#10757,1.0);
#10755=VECTOR('',#10758,1.0);
#10756=VECTOR('',#10759,1.0);
#10757=DIRECTION('',(0,0,-1));
#10758=DIRECTION('',(0.7576265960558329,0.6526882417730933,0));
#10759=DIRECTION('',(-0.3261033604851509,-0.2809350016213857,0.9026251288016991));
#10760=FACE_SURFACE('',(#10765),#10761,.T.);
#10761=PLANE('',#10762);
#10762=AXIS2_PLACEMENT_3D('',#374,#10763,#10764);
#10763=DIRECTION('',(0.6526882417730931,-0.7576265960558328,0));
#10764=DIRECTION('',(0.3261033604851509,0.2809350016213857,-0.9026251288016991));
#10765=FACE_BOUND('',#10766,.T.);
#10766=EDGE_LOOP('',(#10767,#10768,#10769));
#10767=ORIENTED_EDGE('',*,*,#10770,.T.);
#10768=ORIENTED_EDGE('',*,*,#10771,.T.);
#10769=ORIENTED_EDGE('',*,*,#10772,.T.);
#10770=EDGE_CURVE('',#375,#181,#10773,.F.);
#10771=EDGE_CURVE('',#181,#377,#10774,.T.);
#10772=EDGE_CURVE('',#377,#375,#10775,.T.);
#10773=LINE('',#374,#10776);
#10774=LINE('',#180,#10777);
#10775=LINE('',#376,#10778);
#10776=VECTOR('',#10779,1.0);
#10777=VECTOR('',#10780,1.0);
#10778=VECTOR('',#10781,1.0);
#10779=DIRECTION('',(0.3261033604851509,0.2809350016213857,-0.9026251288016991));
#10780=DIRECTION('',(0,0,1));
#10781=DIRECTION('',(-0.7576265960558329,-0.6526882417730933,0));
#10782=FACE_SURFACE('',(#10787),#10783,.T.);
#10783=PLANE('',#10784);
#10784=AXIS2_PLACEMENT_3D('',#372,#10785,#10786);
#10785=DIRECTION('',(0.6129815699145423,-0.7900972060101864,0));
#10786=DIRECTION('',(0,0,-1));
#10787=FACE_BOUND('',#10788,.T.);
#10788=EDGE_LOOP('',(#10789,#10790,#10791));
#10789=ORIENTED_EDGE('',*,*,#10792,.T.);
#10790=ORIENTED_EDGE('',*,*,#10793,.T.);
#10791=ORIENTED_EDGE('',*,*,#10794,.T.);
#10792=EDGE_CURVE('',#373,#185,#10795,.F.);
#10793=EDGE_CURVE('',#185,#183,#10796,.T.);
#10794=EDGE_CURVE('',#183,#373,#10797,.T.);
#10795=LINE('',#372,#10798);
#10796=LINE('',#184,#10799);
#10797=LINE('',#182,#10800);
#10798=VECTOR('',#10801,1.0);
#10799=VECTOR('',#10802,1.0);
#10800=VECTOR('',#10803,1.0);
#10801=DIRECTION('',(0,0,-1));
#10802=DIRECTION('',(0.7900972060101864,0.6129815699145423,0));
#10803=DIRECTION('',(-0.3393230200839744,-0.2632571738983428,0.903081141665658));
#10804=FACE_SURFACE('',(#10809),#10805,.T.);
#10805=PLANE('',#10806);
#10806=AXIS2_PLACEMENT_3D('',#372,#10807,#10808);
#10807=DIRECTION('',(0.6129815699145423,-0.7900972060101864,0));
#10808=DIRECTION('',(0.3393230200839744,0.2632571738983428,-0.903081141665658));
#10809=FACE_BOUND('',#10810,.T.);
#10810=EDGE_LOOP('',(#10811,#10812,#10813));
#10811=ORIENTED_EDGE('',*,*,#10814,.T.);
#10812=ORIENTED_EDGE('',*,*,#10815,.T.);
#10813=ORIENTED_EDGE('',*,*,#10816,.T.);
#10814=EDGE_CURVE('',#373,#183,#10817,.F.);
#10815=EDGE_CURVE('',#183,#375,#10818,.T.);
#10816=EDGE_CURVE('',#375,#373,#10819,.T.);
#10817=LINE('',#372,#10820);
#10818=LINE('',#182,#10821);
#10819=LINE('',#374,#10822);
#10820=VECTOR('',#10823,1.0);
#10821=VECTOR('',#10824,1.0);
#10822=VECTOR('',#10825,1.0);
#10823=DIRECTION('',(0.3393230200839744,0.2632571738983428,-0.903081141665658));
#10824=DIRECTION('',(0,0,1));
#10825=DIRECTION('',(-0.7900972060101864,-0.6129815699145423,0));
#10826=FACE_SURFACE('',(#10831),#10827,.T.);
#10827=PLANE('',#10828);
#10828=AXIS2_PLACEMENT_3D('',#370,#10829,#10830);
#10829=DIRECTION('',(0.571433499874591,-0.8206483748969932,0));
#10830=DIRECTION('',(0,0,-1));
#10831=FACE_BOUND('',#10832,.T.);
#10832=EDGE_LOOP('',(#10833,#10834,#10835));
#10833=ORIENTED_EDGE('',*,*,#10836,.T.);
#10834=ORIENTED_EDGE('',*,*,#10837,.T.);
#10835=ORIENTED_EDGE('',*,*,#10838,.T.);
#10836=EDGE_CURVE('',#371,#187,#10839,.F.);
#10837=EDGE_CURVE('',#187,#185,#10840,.T.);
#10838=EDGE_CURVE('',#185,#371,#10841,.T.);
#10839=LINE('',#370,#10842);
#10840=LINE('',#186,#10843);
#10841=LINE('',#184,#10844);
#10842=VECTOR('',#10845,1.0);
#10843=VECTOR('',#10846,1.0);
#10844=VECTOR('',#10847,1.0);
#10845=DIRECTION('',(0,0,-1));
#10846=DIRECTION('',(0.820648374896993,0.571433499874591,0));
#10847=DIRECTION('',(-0.351679810286349,-0.24488152413923328,0.9035232980793598));
#10848=FACE_SURFACE('',(#10853),#10849,.T.);
#10849=PLANE('',#10850);
#10850=AXIS2_PLACEMENT_3D('',#370,#10851,#10852);
#10851=DIRECTION('',(0.571433499874591,-0.8206483748969932,0));
#10852=DIRECTION('',(0.351679810286349,0.24488152413923328,-0.9035232980793598));
#10853=FACE_BOUND('',#10854,.T.);
#10854=EDGE_LOOP('',(#10855,#10856,#10857));
#10855=ORIENTED_EDGE('',*,*,#10858,.T.);
#10856=ORIENTED_EDGE('',*,*,#10859,.T.);
#10857=ORIENTED_EDGE('',*,*,#10860,.T.);
#10858=EDGE_CURVE('',#371,#185,#10861,.F.);
#10859=EDGE_CURVE('',#185,#373,#10862,.T.);
#10860=EDGE_CURVE('',#373,#371,#10863,.T.);
#10861=LINE('',#370,#10864);
#10862=LINE('',#184,#10865);
#10863=LINE('',#372,#10866);
#10864=VECTOR('',#10867,1.0);
#10865=VECTOR('',#10868,1.0);
#10866=VECTOR('',#10869,1.0);
#10867=DIRECTION('',(0.351679810286349,0.24488152413923328,-0.9035232980793598));
#10868=DIRECTION('',(0,0,1));
#10869=DIRECTION('',(-0.820648374896993,-0.571433499874591,0));
#10870=FACE_SURFACE('',(#10875),#10871,.T.);
#10871=PLANE('',#10872);
#10872=AXIS2_PLACEMENT_3D('',#368,#10873,#10874);
#10873=DIRECTION('',(0.528135594200539,-0.8491600521329554,0));
#10874=DIRECTION('',(0,0,-1));
#10875=FACE_BOUND('',#10876,.T.);
#10876=EDGE_LOOP('',(#10877,#10878,#10879));
#10877=ORIENTED_EDGE('',*,*,#10880,.T.);
#10878=ORIENTED_EDGE('',*,*,#10881,.T.);
#10879=ORIENTED_EDGE('',*,*,#10882,.T.);
#10880=EDGE_CURVE('',#369,#189,#10883,.F.);
#10881=EDGE_CURVE('',#189,#187,#10884,.T.);
#10882=EDGE_CURVE('',#187,#369,#10885,.T.);
#10883=LINE('',#368,#10886);
#10884=LINE('',#188,#10887);
#10885=LINE('',#186,#10888);
#10886=VECTOR('',#10889,1.0);
#10887=VECTOR('',#10890,1.0);
#10888=VECTOR('',#10891,1.0);
#10889=DIRECTION('',(0,0,-1));
#10890=DIRECTION('',(0.8491600521329554,0.528135594200539,0));
#10891=DIRECTION('',(-0.3631381678550945,-0.22585399722385538,0.9039472567494476));
#10892=FACE_SURFACE('',(#10897),#10893,.T.);
#10893=PLANE('',#10894);
#10894=AXIS2_PLACEMENT_3D('',#368,#10895,#10896);
#10895=DIRECTION('',(0.528135594200539,-0.8491600521329554,0));
#10896=DIRECTION('',(0.3631381678550945,0.22585399722385538,-0.9039472567494476));
#10897=FACE_BOUND('',#10898,.T.);
#10898=EDGE_LOOP('',(#10899,#10900,#10901));
#10899=ORIENTED_EDGE('',*,*,#10902,.T.);
#10900=ORIENTED_EDGE('',*,*,#10903,.T.);
#10901=ORIENTED_EDGE('',*,*,#10904,.T.);
#10902=EDGE_CURVE('',#369,#187,#10905,.F.);
#10903=EDGE_CURVE('',#187,#371,#10906,.T.);
#10904=EDGE_CURVE('',#371,#369,#10907,.T.);
#10905=LINE('',#368,#10908);
#10906=LINE('',#186,#10909);
#10907=LINE('',#370,#10910);
#10908=VECTOR('',#10911,1.0);
#10909=VECTOR('',#10912,1.0);
#10910=VECTOR('',#10913,1.0);
#10911=DIRECTION('',(0.3631381678550945,0.22585399722385538,-0.9039472567494476));
#10912=DIRECTION('',(0,0,1));
#10913=DIRECTION('',(-0.8491600521329554,-0.528135594200539,0));
#10914=FACE_SURFACE('',(#10919),#10915,.T.);
#10915=PLANE('',#10916);
#10916=AXIS2_PLACEMENT_3D('',#366,#10917,#10918);
#10917=DIRECTION('',(0.48318935604250945,-0.8755158743319422,0));
#10918=DIRECTION('',(0,0,-1));
#10919=FACE_BOUND('',#10920,.T.);
#10920=EDGE_LOOP('',(#10921,#10922,#10923));
#10921=ORIENTED_EDGE('',*,*,#10924,.T.);
#10922=ORIENTED_EDGE('',*,*,#10925,.T.);
#10923=ORIENTED_EDGE('',*,*,#10926,.T.);
#10924=EDGE_CURVE('',#367,#191,#10927,.F.);
#10925=EDGE_CURVE('',#191,#189,#10928,.T.);
#10926=EDGE_CURVE('',#189,#367,#10929,.T.);
#10927=LINE('',#366,#10930);
#10928=LINE('',#190,#10931);
#10929=LINE('',#188,#10932);
#10930=VECTOR('',#10933,1.0);
#10931=VECTOR('',#10934,1.0);
#10932=VECTOR('',#10935,1.0);
#10933=DIRECTION('',(0,0,-1));
#10934=DIRECTION('',(0.875515874331942,0.4831893560425094,0));
#10935=DIRECTION('',(-0.37366550277551464,-0.2062226385091762,0.9043485585778502));
#10936=FACE_SURFACE('',(#10941),#10937,.T.);
#10937=PLANE('',#10938);
#10938=AXIS2_PLACEMENT_3D('',#366,#10939,#10940);
#10939=DIRECTION('',(0.48318935604250945,-0.8755158743319422,0));
#10940=DIRECTION('',(0.37366550277551464,0.2062226385091762,-0.9043485585778502));
#10941=FACE_BOUND('',#10942,.T.);
#10942=EDGE_LOOP('',(#10943,#10944,#10945));
#10943=ORIENTED_EDGE('',*,*,#10946,.T.);
#10944=ORIENTED_EDGE('',*,*,#10947,.T.);
#10945=ORIENTED_EDGE('',*,*,#10948,.T.);
#10946=EDGE_CURVE('',#367,#189,#10949,.F.);
#10947=EDGE_CURVE('',#189,#369,#10950,.T.);
#10948=EDGE_CURVE('',#369,#367,#10951,.T.);
#10949=LINE('',#366,#10952);
#10950=LINE('',#188,#10953);
#10951=LINE('',#368,#10954);
#10952=VECTOR('',#10955,1.0);
#10953=VECTOR('',#10956,1.0);
#10954=VECTOR('',#10957,1.0);
#10955=DIRECTION('',(0.37366550277551464,0.2062226385091762,-0.9043485585778502));
#10956=DIRECTION('',(0,0,1));
#10957=DIRECTION('',(-0.875515874331942,-0.4831893560425094,0));
#10958=FACE_SURFACE('',(#10963),#10959,.T.);
#10959=PLANE('',#10960);
#10960=AXIS2_PLACEMENT_3D('',#364,#10961,#10962);
#10961=DIRECTION('',(0.43671044702276207,-0.8996021261986765,0));
#10962=DIRECTION('',(0,0,-1));
#10963=FACE_BOUND('',#10964,.T.);
#10964=EDGE_LOOP('',(#10965,#10966,#10967));
#10965=ORIENTED_EDGE('',*,*,#10968,.T.);
#10966=ORIENTED_EDGE('',*,*,#10969,.T.);
#10967=ORIENTED_EDGE('',*,*,#10970,.T.);
#10968=EDGE_CURVE('',#365,#193,#10971,.F.);
#10969=EDGE_CURVE('',#193,#191,#10972,.T.);
#10970=EDGE_CURVE('',#191,#365,#10973,.T.);
#10971=LINE('',#364,#10974);
#10972=LINE('',#192,#10975);
#10973=LINE('',#190,#10976);
#10974=VECTOR('',#10977,1.0);
#10975=VECTOR('',#10978,1.0);
#10976=VECTOR('',#10979,1.0);
#10977=DIRECTION('',(0,0,-1));
#10978=DIRECTION('',(0.8996021261986764,0.436710447022762,0));
#10979=DIRECTION('',(-0.383230318007504,-0.18603855928723187,0.9047232603499251));
#10980=FACE_SURFACE('',(#10985),#10981,.T.);
#10981=PLANE('',#10982);
#10982=AXIS2_PLACEMENT_3D('',#364,#10983,#10984);
#10983=DIRECTION('',(0.43671044702276207,-0.8996021261986765,0));
#10984=DIRECTION('',(0.383230318007504,0.18603855928723187,-0.9047232603499251));
#10985=FACE_BOUND('',#10986,.T.);
#10986=EDGE_LOOP('',(#10987,#10988,#10989));
#10987=ORIENTED_EDGE('',*,*,#10990,.T.);
#10988=ORIENTED_EDGE('',*,*,#10991,.T.);
#10989=ORIENTED_EDGE('',*,*,#10992,.T.);
#10990=EDGE_CURVE('',#365,#191,#10993,.F.);
#10991=EDGE_CURVE('',#191,#367,#10994,.T.);
#10992=EDGE_CURVE('',#367,#365,#10995,.T.);
#10993=LINE('',#364,#10996);
#10994=LINE('',#190,#10997);
#10995=LINE('',#366,#10998);
#10996=VECTOR('',#10999,1.0);
#10997=VECTOR('',#11000,1.0);
#10998=VECTOR('',#11001,1.0);
#10999=DIRECTION('',(0.383230318007504,0.18603855928723187,-0.9047232603499251));
#11000=DIRECTION('',(0,0,1));
#11001=DIRECTION('',(-0.8996021261986764,-0.436710447022762,0));
#11002=FACE_SURFACE('',(#11007),#11003,.T.);
#11003=PLANE('',#11004);
#11004=AXIS2_PLACEMENT_3D('',#362,#11005,#11006);
#11005=DIRECTION('',(0.3888256637440561,-0.9213113497694437,0));
#11006=DIRECTION('',(0,0,-1));
#11007=FACE_BOUND('',#11008,.T.);
#11008=EDGE_LOOP('',(#11009,#11010,#11011));
#11009=ORIENTED_EDGE('',*,*,#11012,.T.);
#11010=ORIENTED_EDGE('',*,*,#11013,.T.);
#11011=ORIENTED_EDGE('',*,*,#11014,.T.);
#11012=EDGE_CURVE('',#363,#195,#11015,.F.);
#11013=EDGE_CURVE('',#195,#193,#11016,.T.);
#11014=EDGE_CURVE('',#193,#363,#11017,.T.);
#11015=LINE('',#362,#11018);
#11016=LINE('',#194,#11019);
#11017=LINE('',#192,#11020);
#11018=VECTOR('',#11021,1.0);
#11019=VECTOR('',#11022,1.0);
#11020=VECTOR('',#11023,1.0);
#11021=DIRECTION('',(0,0,-1));
#11022=DIRECTION('',(0.9213113497694436,0.388825663744056,0));
#11023=DIRECTION('',(-0.3918055922121813,-0.16535568512062523,0.9050667794751669));
#11024=FACE_SURFACE('',(#11029),#11025,.T.);
#11025=PLANE('',#11026);
#11026=AXIS2_PLACEMENT_3D('',#362,#11027,#11028);
#11027=DIRECTION('',(0.3888256637440561,-0.9213113497694437,0));
#11028=DIRECTION('',(0.3918055922121813,0.16535568512062523,-0.9050667794751669));
#11029=FACE_BOUND('',#11030,.T.);
#11030=EDGE_LOOP('',(#11031,#11032,#11033));
#11031=ORIENTED_EDGE('',*,*,#11034,.T.);
#11032=ORIENTED_EDGE('',*,*,#11035,.T.);
#11033=ORIENTED_EDGE('',*,*,#11036,.T.);
#11034=EDGE_CURVE('',#363,#193,#11037,.F.);
#11035=EDGE_CURVE('',#193,#365,#11038,.T.);
#11036=EDGE_CURVE('',#365,#363,#11039,.T.);
#11037=LINE('',#362,#11040);
#11038=LINE('',#192,#11041);
#11039=LINE('',#364,#11042);
#11040=VECTOR('',#11043,1.0);
#11041=VECTOR('',#11044,1.0);
#11042=VECTOR('',#11045,1.0);
#11043=DIRECTION('',(0.3918055922121813,0.16535568512062523,-0.9050667794751669));
#11044=DIRECTION('',(0,0,1));
#11045=DIRECTION('',(-0.9213113497694436,-0.388825663744056,0));
#11046=FACE_SURFACE('',(#11051),#11047,.T.);
#11047=PLANE('',#11048);
#11048=AXIS2_PLACEMENT_3D('',#360,#11049,#11050);
#11049=DIRECTION('',(0.3396651903129682,-0.9405464148513114,0));
#11050=DIRECTION('',(0,0,-1));
#11051=FACE_BOUND('',#11052,.T.);
#11052=EDGE_LOOP('',(#11053,#11054,#11055));
#11053=ORIENTED_EDGE('',*,*,#11056,.T.);
#11054=ORIENTED_EDGE('',*,*,#11057,.T.);
#11055=ORIENTED_EDGE('',*,*,#11058,.T.);
#11056=EDGE_CURVE('',#361,#197,#11059,.F.);
#11057=EDGE_CURVE('',#197,#195,#11060,.T.);
#11058=EDGE_CURVE('',#195,#361,#11061,.T.);
#11059=LINE('',#360,#11062);
#11060=LINE('',#196,#11063);
#11061=LINE('',#194,#11064);
#11062=VECTOR('',#11065,1.0);
#11063=VECTOR('',#11066,1.0);
#11064=VECTOR('',#11067,1.0);
#11065=DIRECTION('',(0,0,-1));
#11066=DIRECTION('',(0.9405464148513113,0.3396651903129682,0));
#11067=DIRECTION('',(-0.39936630095178766,-0.14422555705432122,0.905375914389408));
#11068=FACE_SURFACE('',(#11073),#11069,.T.);
#11069=PLANE('',#11070);
#11070=AXIS2_PLACEMENT_3D('',#360,#11071,#11072);
#11071=DIRECTION('',(0.3396651903129682,-0.9405464148513114,0));
#11072=DIRECTION('',(0.39936630095178766,0.14422555705432122,-0.905375914389408));
#11073=FACE_BOUND('',#11074,.T.);
#11074=EDGE_LOOP('',(#11075,#11076,#11077));
#11075=ORIENTED_EDGE('',*,*,#11078,.T.);
#11076=ORIENTED_EDGE('',*,*,#11079,.T.);
#11077=ORIENTED_EDGE('',*,*,#11080,.T.);
#11078=EDGE_CURVE('',#361,#195,#11081,.F.);
#11079=EDGE_CURVE('',#195,#363,#11082,.T.);
#11080=EDGE_CURVE('',#363,#361,#11083,.T.);
#11081=LINE('',#360,#11084);
#11082=LINE('',#194,#11085);
#11083=LINE('',#362,#11086);
#11084=VECTOR('',#11087,1.0);
#11085=VECTOR('',#11088,1.0);
#11086=VECTOR('',#11089,1.0);
#11087=DIRECTION('',(0.39936630095178766,0.14422555705432122,-0.905375914389408));
#11088=DIRECTION('',(0,0,1));
#11089=DIRECTION('',(-0.9405464148513113,-0.3396651903129682,0));
#11090=FACE_SURFACE('',(#11095),#11091,.T.);
#11091=PLANE('',#11092);
#11092=AXIS2_PLACEMENT_3D('',#358,#11093,#11094);
#11093=DIRECTION('',(0.2893807062800602,-0.9572140862068702,0));
#11094=DIRECTION('',(0,0,-1));
#11095=FACE_BOUND('',#11096,.T.);
#11096=EDGE_LOOP('',(#11097,#11098,#11099));
#11097=ORIENTED_EDGE('',*,*,#11100,.T.);
#11098=ORIENTED_EDGE('',*,*,#11101,.T.);
#11099=ORIENTED_EDGE('',*,*,#11102,.T.);
#11100=EDGE_CURVE('',#359,#199,#11103,.F.);
#11101=EDGE_CURVE('',#199,#197,#11104,.T.);
#11102=EDGE_CURVE('',#197,#359,#11105,.T.);
#11103=LINE('',#358,#11106);
#11104=LINE('',#198,#11107);
#11105=LINE('',#196,#11108);
#11106=VECTOR('',#11109,1.0);
#11107=VECTOR('',#11110,1.0);
#11108=VECTOR('',#11111,1.0);
#11109=DIRECTION('',(0,0,-1));
#11110=DIRECTION('',(0.9572140862068702,0.28938070628006024,0));
#11111=DIRECTION('',(-0.4058890665310936,-0.12270657780388941,0.9056473714609763));
#11112=FACE_SURFACE('',(#11117),#11113,.T.);
#11113=PLANE('',#11114);
#11114=AXIS2_PLACEMENT_3D('',#358,#11115,#11116);
#11115=DIRECTION('',(0.2893807062800602,-0.9572140862068702,0));
#11116=DIRECTION('',(0.4058890665310936,0.12270657780388941,-0.9056473714609763));
#11117=FACE_BOUND('',#11118,.T.);
#11118=EDGE_LOOP('',(#11119,#11120,#11121));
#11119=ORIENTED_EDGE('',*,*,#11122,.T.);
#11120=ORIENTED_EDGE('',*,*,#11123,.T.);
#11121=ORIENTED_EDGE('',*,*,#11124,.T.);
#11122=EDGE_CURVE('',#359,#197,#11125,.F.);
#11123=EDGE_CURVE('',#197,#361,#11126,.T.);
#11124=EDGE_CURVE('',#361,#359,#11127,.T.);
#11125=LINE('',#358,#11128);
#11126=LINE('',#196,#11129);
#11127=LINE('',#360,#11130);
#11128=VECTOR('',#11131,1.0);
#11129=VECTOR('',#11132,1.0);
#11130=VECTOR('',#11133,1.0);
#11131=DIRECTION('',(0.4058890665310936,0.12270657780388941,-0.9056473714609763));
#11132=DIRECTION('',(0,0,1));
#11133=DIRECTION('',(-0.9572140862068702,-0.28938070628006024,0));
#11134=FACE_SURFACE('',(#11139),#11135,.T.);
#11135=PLANE('',#11136);
#11136=AXIS2_PLACEMENT_3D('',#356,#11137,#11138);
#11137=DIRECTION('',(0.23812150631732826,-0.9712353722085943,0));
#11138=DIRECTION('',(0,0,-1));
#11139=FACE_BOUND('',#11140,.T.);
#11140=EDGE_LOOP('',(#11141,#11142,#11143));
#11141=ORIENTED_EDGE('',*,*,#11144,.T.);
#11142=ORIENTED_EDGE('',*,*,#11145,.T.);
#11143=ORIENTED_EDGE('',*,*,#11146,.T.);
#11144=EDGE_CURVE('',#357,#201,#11147,.F.);
#11145=EDGE_CURVE('',#201,#199,#11148,.T.);
#11146=EDGE_CURVE('',#199,#357,#11149,.T.);
#11147=LINE('',#356,#11150);
#11148=LINE('',#200,#11151);
#11149=LINE('',#198,#11152);
#11150=VECTOR('',#11153,1.0);
#11151=VECTOR('',#11154,1.0);
#11152=VECTOR('',#11155,1.0);
#11153=DIRECTION('',(0,0,-1));
#11154=DIRECTION('',(0.9712353722085942,0.23812150631732826,0));
#11155=DIRECTION('',(-0.4113556449187634,-0.1008536433114531,0.90587806907126));
#11156=FACE_SURFACE('',(#11161),#11157,.T.);
#11157=PLANE('',#11158);
#11158=AXIS2_PLACEMENT_3D('',#356,#11159,#11160);
#11159=DIRECTION('',(0.23812150631732826,-0.9712353722085943,0));
#11160=DIRECTION('',(0.4113556449187634,0.1008536433114531,-0.90587806907126));
#11161=FACE_BOUND('',#11162,.T.);
#11162=EDGE_LOOP('',(#11163,#11164,#11165));
#11163=ORIENTED_EDGE('',*,*,#11166,.T.);
#11164=ORIENTED_EDGE('',*,*,#11167,.T.);
#11165=ORIENTED_EDGE('',*,*,#11168,.T.);
#11166=EDGE_CURVE('',#357,#199,#11169,.F.);
#11167=EDGE_CURVE('',#199,#359,#11170,.T.);
#11168=EDGE_CURVE('',#359,#357,#11171,.T.);
#11169=LINE('',#356,#11172);
#11170=LINE('',#198,#11173);
#11171=LINE('',#358,#11174);
#11172=VECTOR('',#11175,1.0);
#11173=VECTOR('',#11176,1.0);
#11174=VECTOR('',#11177,1.0);
#11175=DIRECTION('',(0.4113556449187634,0.1008536433114531,-0.90587806907126));
#11176=DIRECTION('',(0,0,1));
#11177=DIRECTION('',(-0.9712353722085942,-0.23812150631732826,0));
#11178=FACE_SURFACE('',(#11183),#11179,.T.);
#11179=PLANE('',#11180);
#11180=AXIS2_PLACEMENT_3D('',#354,#11181,#11182);
#11181=DIRECTION('',(0.18605931385939653,-0.98253851411849,0));
#11182=DIRECTION('',(0,0,-1));
#11183=FACE_BOUND('',#11184,.T.);
#11184=EDGE_LOOP('',(#11185,#11186,#11187));
#11185=ORIENTED_EDGE('',*,*,#11188,.T.);
#11186=ORIENTED_EDGE('',*,*,#11189,.T.);
#11187=ORIENTED_EDGE('',*,*,#11190,.T.);
#11188=EDGE_CURVE('',#355,#203,#11191,.F.);
#11189=EDGE_CURVE('',#203,#201,#11192,.T.);
#11190=EDGE_CURVE('',#201,#355,#11193,.T.);
#11191=LINE('',#354,#11194);
#11192=LINE('',#202,#11195);
#11193=LINE('',#200,#11196);
#11194=VECTOR('',#11197,1.0);
#11195=VECTOR('',#11198,1.0);
#11196=VECTOR('',#11199,1.0);
#11197=DIRECTION('',(0,0,-1));
#11198=DIRECTION('',(0.9825385141184902,0.18605931385939659,0));
#11199=DIRECTION('',(-0.4157483494302107,-0.07872857045462656,0.9060657383105414));
#11200=FACE_SURFACE('',(#11205),#11201,.T.);
#11201=PLANE('',#11202);
#11202=AXIS2_PLACEMENT_3D('',#354,#11203,#11204);
#11203=DIRECTION('',(0.18605931385939653,-0.98253851411849,0));
#11204=DIRECTION('',(0.4157483494302107,0.07872857045462656,-0.9060657383105414));
#11205=FACE_BOUND('',#11206,.T.);
#11206=EDGE_LOOP('',(#11207,#11208,#11209));
#11207=ORIENTED_EDGE('',*,*,#11210,.T.);
#11208=ORIENTED_EDGE('',*,*,#11211,.T.);
#11209=ORIENTED_EDGE('',*,*,#11212,.T.);
#11210=EDGE_CURVE('',#355,#201,#11213,.F.);
#11211=EDGE_CURVE('',#201,#357,#11214,.T.);
#11212=EDGE_CURVE('',#357,#355,#11215,.T.);
#11213=LINE('',#354,#11216);
#11214=LINE('',#200,#11217);
#11215=LINE('',#356,#11218);
#11216=VECTOR('',#11219,1.0);
#11217=VECTOR('',#11220,1.0);
#11218=VECTOR('',#11221,1.0);
#11219=DIRECTION('',(0.4157483494302107,0.07872857045462656,-0.9060657383105414));
#11220=DIRECTION('',(0,0,1));
#11221=DIRECTION('',(-0.9825385141184902,-0.18605931385939659,0));
#11222=FACE_SURFACE('',(#11227),#11223,.T.);
#11223=PLANE('',#11224);
#11224=AXIS2_PLACEMENT_3D('',#352,#11225,#11226);
#11225=DIRECTION('',(0.13335791635461922,-0.9910679422449071,0));
#11226=DIRECTION('',(0,0,-1));
#11227=FACE_BOUND('',#11228,.T.);
#11228=EDGE_LOOP('',(#11229,#11230,#11231));
#11229=ORIENTED_EDGE('',*,*,#11232,.T.);
#11230=ORIENTED_EDGE('',*,*,#11233,.T.);
#11231=ORIENTED_EDGE('',*,*,#11234,.T.);
#11232=EDGE_CURVE('',#353,#205,#11235,.F.);
#11233=EDGE_CURVE('',#205,#203,#11236,.T.);
#11234=EDGE_CURVE('',#203,#353,#11237,.T.);
#11235=LINE('',#352,#11238);
#11236=LINE('',#204,#11239);
#11237=LINE('',#202,#11240);
#11238=VECTOR('',#11241,1.0);
#11239=VECTOR('',#11242,1.0);
#11240=VECTOR('',#11243,1.0);
#11241=DIRECTION('',(0,0,-1));
#11242=DIRECTION('',(0.991067942244907,0.13335791635461922,0));
#11243=DIRECTION('',(-0.4190547401722072,-0.05638792721042539,0.9062083239543298));
#11244=FACE_SURFACE('',(#11249),#11245,.T.);
#11245=PLANE('',#11246);
#11246=AXIS2_PLACEMENT_3D('',#352,#11247,#11248);
#11247=DIRECTION('',(0.13335791635461922,-0.9910679422449071,0));
#11248=DIRECTION('',(0.4190547401722072,0.05638792721042539,-0.9062083239543298));
#11249=FACE_BOUND('',#11250,.T.);
#11250=EDGE_LOOP('',(#11251,#11252,#11253));
#11251=ORIENTED_EDGE('',*,*,#11254,.T.);
#11252=ORIENTED_EDGE('',*,*,#11255,.T.);
#11253=ORIENTED_EDGE('',*,*,#11256,.T.);
#11254=EDGE_CURVE('',#353,#203,#11257,.F.);
#11255=EDGE_CURVE('',#203,#355,#11258,.T.);
#11256=EDGE_CURVE('',#355,#353,#11259,.T.);
#11257=LINE('',#352,#11260);
#11258=LINE('',#202,#11261);
#11259=LINE('',#354,#11262);
#11260=VECTOR('',#11263,1.0);
#11261=VECTOR('',#11264,1.0);
#11262=VECTOR('',#11265,1.0);
#11263=DIRECTION('',(0.4190547401722072,0.05638792721042539,-0.9062083239543298));
#11264=DIRECTION('',(0,0,1));
#11265=DIRECTION('',(-0.991067942244907,-0.13335791635461922,0));
#11266=FACE_SURFACE('',(#11271),#11267,.T.);
#11267=PLANE('',#11268);
#11268=AXIS2_PLACEMENT_3D('',#350,#11269,#11270);
#11269=DIRECTION('',(0.08019907645716916,-0.9967788662162824,0));
#11270=DIRECTION('',(0,0,-1));
#11271=FACE_BOUND('',#11272,.T.);
#11272=EDGE_LOOP('',(#11273,#11274,#11275));
#11273=ORIENTED_EDGE('',*,*,#11276,.T.);
#11274=ORIENTED_EDGE('',*,*,#11277,.T.);
#11275=ORIENTED_EDGE('',*,*,#11278,.T.);
#11276=EDGE_CURVE('',#351,#207,#11279,.F.);
#11277=EDGE_CURVE('',#207,#205,#11280,.T.);
#11278=EDGE_CURVE('',#205,#351,#11281,.T.);
#11279=LINE('',#350,#11282);
#11280=LINE('',#206,#11283);
#11281=LINE('',#204,#11284);
#11282=VECTOR('',#11285,1.0);
#11283=VECTOR('',#11286,1.0);
#11284=VECTOR('',#11287,1.0);
#11285=DIRECTION('',(0,0,-1));
#11286=DIRECTION('',(0.9967788662162823,0.08019907645716914,0));
#11287=DIRECTION('',(-0.4212646093185759,-0.033894210397624185,0.9063042046891261));
#11288=FACE_SURFACE('',(#11293),#11289,.T.);
#11289=PLANE('',#11290);
#11290=AXIS2_PLACEMENT_3D('',#350,#11291,#11292);
#11291=DIRECTION('',(0.08019907645716916,-0.9967788662162824,0));
#11292=DIRECTION('',(0.4212646093185759,0.033894210397624185,-0.9063042046891261));
#11293=FACE_BOUND('',#11294,.T.);
#11294=EDGE_LOOP('',(#11295,#11296,#11297));
#11295=ORIENTED_EDGE('',*,*,#11298,.T.);
#11296=ORIENTED_EDGE('',*,*,#11299,.T.);
#11297=ORIENTED_EDGE('',*,*,#11300,.T.);
#11298=EDGE_CURVE('',#351,#205,#11301,.F.);
#11299=EDGE_CURVE('',#205,#353,#11302,.T.);
#11300=EDGE_CURVE('',#353,#351,#11303,.T.);
#11301=LINE('',#350,#11304);
#11302=LINE('',#204,#11305);
#11303=LINE('',#352,#11306);
#11304=VECTOR('',#11307,1.0);
#11305=VECTOR('',#11308,1.0);
#11306=VECTOR('',#11309,1.0);
#11307=DIRECTION('',(0.4212646093185759,0.033894210397624185,-0.9063042046891261));
#11308=DIRECTION('',(0,0,1));
#11309=DIRECTION('',(-0.9967788662162823,-0.08019907645716914,0));
#11310=FACE_SURFACE('',(#11315),#11311,.T.);
#11311=PLANE('',#11312);
#11312=AXIS2_PLACEMENT_3D('',#38,#11313,#11314);
#11313=DIRECTION('',(0.026762359845264653,-0.9996418239026981,0));
#11314=DIRECTION('',(0.999641823902698,0.026762359845264653,0));
#11315=FACE_BOUND('',#11316,.T.);
#11316=EDGE_LOOP('',(#11317,#11318,#11319));
#11317=ORIENTED_EDGE('',*,*,#11320,.T.);
#11318=ORIENTED_EDGE('',*,*,#11321,.T.);
#11319=ORIENTED_EDGE('',*,*,#11322,.T.);
#11320=EDGE_CURVE('',#39,#207,#11323,.F.);
#11321=EDGE_CURVE('',#207,#351,#11324,.T.);
#11322=EDGE_CURVE('',#351,#39,#11325,.T.);
#11323=LINE('',#38,#11326);
#11324=LINE('',#206,#11327);
#11325=LINE('',#350,#11328);
#11326=VECTOR('',#11329,1.0);
#11327=VECTOR('',#11330,1.0);
#11328=VECTOR('',#11331,1.0);
#11329=DIRECTION('',(0.999641823902698,0.026762359845264653,0));
#11330=DIRECTION('',(0,0,1));
#11331=DIRECTION('',(-0.42237292083045946,-0.011307746260585132,-0.9063516153368144));
#11332=FACE_SURFACE('',(#11337),#11333,.T.);
#11333=PLANE('',#11334);
#11334=AXIS2_PLACEMENT_3D('',#38,#11335,#11336);
#11335=DIRECTION('',(0.026762373826734378,-0.9996418235283866,-6.5202364332742044E-09));
#11336=DIRECTION('',(0.42237292083045946,0.011307746260585132,0.9063516153368144));
#11337=FACE_BOUND('',#11338,.T.);
#11338=EDGE_LOOP('',(#11339,#11340,#11341));
#11339=ORIENTED_EDGE('',*,*,#11342,.T.);
#11340=ORIENTED_EDGE('',*,*,#11343,.T.);
#11341=ORIENTED_EDGE('',*,*,#11344,.T.);
#11342=EDGE_CURVE('',#39,#351,#11345,.F.);
#11343=EDGE_CURVE('',#351,#41,#11346,.T.);
#11344=EDGE_CURVE('',#41,#39,#11347,.T.);
#11345=LINE('',#38,#11348);
#11346=LINE('',#350,#11349);
#11347=LINE('',#40,#11350);
#11348=VECTOR('',#11351,1.0);
#11349=VECTOR('',#11352,1.0);
#11350=VECTOR('',#11353,1.0);
#11351=DIRECTION('',(0.42237292083045946,0.011307746260585132,0.9063516153368144));
#11352=DIRECTION('',(-0.9996418235283867,-0.026762373826734378,0));
#11353=DIRECTION('',(-2.4363445767133686E-07,0,-0.9999999999999704));
ENDSEC;
END-ISO-10303-21;
