ISO-10303-21;
HEADER;
FILE_DESCRIPTION((''),'2;1');
FILE_NAME('Lock_1', '2026-08-25T14:46:17', (''), (''), 'ImageToStl.com STEP Converter','', '');
FILE_SCHEMA(('AUTOMOTIVE_DESIGN_CC2'));
ENDSEC;
DATA;
#1=PRODUCT_DEFINITION_CONTEXT('',#4,'design');
#2=APPLICATION_PROTOCOL_DEFINITION('INTERNATIONAL STANDARD','automotive_design',1994,#4);
#3=(GEOMETRIC_REPRESENTATION_CONTEXT(3)GLOBAL_UNCERTAINTY_ASSIGNED_CONTEXT((#5))GLOBAL_UNIT_ASSIGNED_CONTEXT((#6,#7,#8))REPRESENTATION_CONTEXT('NONE','WORKSPACE'));
#4=APPLICATION_CONTEXT(' ');
#5=UNCERTAINTY_MEASURE_WITH_UNIT(LENGTH_MEASURE(1.0E-006),#6,'','');
#6=(CONVERSION_BASED_UNIT('METRE',#10)LENGTH_UNIT()NAMED_UNIT(#11));
#7=(NAMED_UNIT(#12)PLANE_ANGLE_UNIT()SI_UNIT($,.RADIAN.));
#8=(NAMED_UNIT(#12)SOLID_ANGLE_UNIT()SI_UNIT($,.STERADIAN.));
#9=AXIS2_PLACEMENT_3D('',#14,#15,#16);
#10=LENGTH_MEASURE_WITH_UNIT(LENGTH_MEASURE(1.0),#17);
#11=DIMENSIONAL_EXPONENTS(1.0,0.0,0.0,0.0,0.0,0.0,0.0);
#12=DIMENSIONAL_EXPONENTS(0.0,0.0,0.0,0.0,0.0,0.0,0.0);
#13=PRODUCT_CONTEXT('',#4,'mechanical');
#14=CARTESIAN_POINT('',(0.0,0.0,0.0));
#15=DIRECTION('',(0.0,0.0,1.0));
#16=DIRECTION('',(1.0,0.0,0.0));
#17=(NAMED_UNIT(#11)LENGTH_UNIT()SI_UNIT(.MILLI.,.METRE.));
#18=PRESENTATION_STYLE_ASSIGNMENT((#19));
#19=SURFACE_STYLE_USAGE(.BOTH.,#20);
#20=SURFACE_SIDE_STYLE('',(#21));
#21=SURFACE_STYLE_FILL_AREA(#22);
#22=FILL_AREA_STYLE('',(#23));
#23=FILL_AREA_STYLE_COLOUR('',#24);
#24=COLOUR_RGB('',0.9,0.9,0.9);
#25=SHAPE_DEFINITION_REPRESENTATION(#26,#27);
#26=PRODUCT_DEFINITION_SHAPE('productshape0','',#30);
#27=MANIFOLD_SURFACE_SHAPE_REPRESENTATION('',(#28,#9),#3);
#28=SHELL_BASED_SURFACE_MODEL('shell0',(#33));
#29=PRODUCT('product0','','',(#13));
#30=PRODUCT_DEFINITION('mesh0','',#31,#2);
#31=PRODUCT_DEFINITION_FORMATION_WITH_SPECIFIED_SOURCE('prodsource0','',#29,.NOT_KNOWN.);
#32=STYLED_ITEM('',(#18),#33);
#33=CLOSED_SHELL('',(#546,#568,#590,#612,#634,#656,#678,#700,#722,#744,#766,#788,#810,#832,#854,#876,#898,#920,#942,#964,#986,#1008,#1030,#1052,#1074,#1096,#1118,#1140,#1162,#1184,#1206,#1228,#1250,#1272,#1294,#1316,#1338,#1360,#1382,#1404,#1426,#1448,#1470,#1492,#1514,#1536,#1558,#1580,#1602,#1624,#1646,#1668,#1690,#1712,#1734,#1756,#1778,#1800,#1822,#1844,#1866,#1888,#1910,#1932,#1954,#1976,#1998,#2020,#2042,#2064,#2086,#2108,#2130,#2152,#2174,#2196,#2218,#2240,#2262,#2284,#2306,#2328,#2350,#2372,#2394,#2416,#2438,#2460,#2482,#2504,#2526,#2548,#2570,#2592,#2614,#2636,#2658,#2680,#2702,#2724,#2746,#2768,#2790,#2812,#2834,#2856,#2878,#2900,#2922,#2944,#2966,#2988,#3010,#3032,#3054,#3076,#3098,#3120,#3142,#3164,#3186,#3208,#3230,#3252,#3274,#3296,#3318,#3340,#3362,#3384,#3406,#3428,#3450,#3472,#3494,#3516,#3538,#3560,#3582,#3604,#3626,#3648,#3670,#3692,#3714,#3736,#3758,#3780,#3802,#3824,#3846,#3868,#3890,#3912,#3934,#3956,#3978,#4000,#4022,#4044,#4066,#4088,#4110,#4132,#4154,#4176,#4198,#4220,#4242,#4264,#4286,#4308,#4330,#4352,#4374,#4396,#4418,#4440,#4462,#4484,#4506,#4528,#4550,#4572,#4594,#4616,#4638,#4660,#4682,#4704,#4726,#4748,#4770,#4792,#4814,#4836,#4858,#4880,#4902,#4924,#4946,#4968,#4990,#5012,#5034,#5056,#5078,#5100,#5122,#5144,#5166,#5188,#5210,#5232,#5254,#5276,#5298,#5320,#5342,#5364,#5386,#5408,#5430,#5452,#5474,#5496,#5518,#5540,#5562,#5584,#5606,#5628,#5650,#5672,#5694,#5716,#5738,#5760,#5782,#5804,#5826,#5848,#5870,#5892,#5914,#5936,#5958,#5980,#6002,#6024,#6046,#6068,#6090,#6112,#6134,#6156,#6178,#6200,#6222,#6244,#6266,#6288,#6310,#6332,#6354,#6376,#6398,#6420,#6442,#6464,#6486,#6508,#6530,#6552,#6574,#6596,#6618,#6640,#6662,#6684,#6706,#6728,#6750,#6772,#6794,#6816,#6838,#6860,#6882,#6904,#6926,#6948,#6970,#6992,#7014,#7036,#7058,#7080,#7102,#7124,#7146,#7168,#7190,#7212,#7234,#7256,#7278,#7300,#7322,#7344,#7366,#7388,#7410,#7432,#7454,#7476,#7498,#7520,#7542,#7564,#7586,#7608,#7630,#7652,#7674,#7696,#7718,#7740,#7762,#7784,#7806,#7828,#7850,#7872,#7894,#7916,#7938,#7960,#7982,#8004,#8026,#8048,#8070,#8092,#8114,#8136,#8158,#8180,#8202,#8224,#8246,#8268,#8290,#8312,#8334,#8356,#8378,#8400,#8422,#8444,#8466,#8488,#8510,#8532,#8554,#8576,#8598,#8620,#8642,#8664,#8686,#8708,#8730,#8752,#8774,#8796,#8818,#8840,#8862,#8884,#8906,#8928,#8950,#8972,#8994,#9016,#9038,#9060,#9082,#9104,#9126,#9148,#9170,#9192,#9214,#9236,#9258,#9280,#9302,#9324,#9346,#9368,#9390,#9412,#9434,#9456,#9478,#9500,#9522,#9544,#9566,#9588,#9610,#9632,#9654,#9676,#9698,#9720,#9742,#9764,#9786,#9808,#9830,#9852,#9874,#9896,#9918,#9940,#9962,#9984,#10006,#10028,#10050,#10072,#10094,#10116,#10138,#10160,#10182,#10204,#10226,#10248,#10270,#10292,#10314,#10336,#10358,#10380,#10402,#10424,#10446,#10468,#10490,#10512,#10534,#10556,#10578,#10600,#10622,#10644,#10666,#10688,#10710,#10732,#10754,#10776,#10798,#10820,#10842,#10864,#10886,#10908,#10930,#10952,#10974,#10996,#11018,#11040,#11062,#11084,#11106,#11128,#11150,#11172,#11194,#11216,#11238,#11260,#11282,#11304,#11326,#11348,#11370,#11392,#11414,#11436,#11458,#11480,#11502,#11524));
#34=CARTESIAN_POINT('',(-6.191708087921143,-49.20795440673828,65.98686218261719));
#35=VERTEX_POINT('',#34);
#36=CARTESIAN_POINT('',(-6.191708087921143,-49.20795440673828,68.69538879394531));
#37=VERTEX_POINT('',#36);
#38=CARTESIAN_POINT('',(-5.081483840942383,-49.317298889160156,68.69538879394531));
#39=VERTEX_POINT('',#38);
#40=CARTESIAN_POINT('',(-5.081483840942383,-49.317298889160156,65.98686218261719));
#41=VERTEX_POINT('',#40);
#42=CARTESIAN_POINT('',(-4.013924598693848,-49.641136169433594,68.69538879394531));
#43=VERTEX_POINT('',#42);
#44=CARTESIAN_POINT('',(-4.013924598693848,-49.641136169433594,65.98686218261719));
#45=VERTEX_POINT('',#44);
#46=CARTESIAN_POINT('',(-3.0300559997558594,-50.167022705078125,68.69538879394531));
#47=VERTEX_POINT('',#46);
#48=CARTESIAN_POINT('',(-3.0300559997558594,-50.167022705078125,65.98686218261719));
#49=VERTEX_POINT('',#48);
#50=CARTESIAN_POINT('',(-2.1676878929138184,-50.87474822998047,68.69538879394531));
#51=VERTEX_POINT('',#50);
#52=CARTESIAN_POINT('',(-2.1676878929138184,-50.87474822998047,65.98686218261719));
#53=VERTEX_POINT('',#52);
#54=CARTESIAN_POINT('',(-1.459958553314209,-51.73711395263672,68.69538879394531));
#55=VERTEX_POINT('',#54);
#56=CARTESIAN_POINT('',(-1.459958553314209,-51.73711395263672,65.98686218261719));
#57=VERTEX_POINT('',#56);
#58=CARTESIAN_POINT('',(-0.9340686798095703,-52.720985412597656,68.69538879394531));
#59=VERTEX_POINT('',#58);
#60=CARTESIAN_POINT('',(-0.9340686798095703,-52.720985412597656,65.98686218261719));
#61=VERTEX_POINT('',#60);
#62=CARTESIAN_POINT('',(-0.6102261543273926,-53.788536071777344,68.69538879394531));
#63=VERTEX_POINT('',#62);
#64=CARTESIAN_POINT('',(-0.6102261543273926,-53.788536071777344,65.98686218261719));
#65=VERTEX_POINT('',#64);
#66=CARTESIAN_POINT('',(-0.5008764266967773,-54.89875793457031,68.69538879394531));
#67=VERTEX_POINT('',#66);
#68=CARTESIAN_POINT('',(-0.5008764266967773,-54.89875793457031,65.98686218261719));
#69=VERTEX_POINT('',#68);
#70=CARTESIAN_POINT('',(-0.6102218627929688,-56.00898742675781,68.69538879394531));
#71=VERTEX_POINT('',#70);
#72=CARTESIAN_POINT('',(-0.6102218627929688,-56.00898742675781,65.98686218261719));
#73=VERTEX_POINT('',#72);
#74=CARTESIAN_POINT('',(-0.9340596199035645,-57.07654571533203,68.69538879394531));
#75=VERTEX_POINT('',#74);
#76=CARTESIAN_POINT('',(-0.9340596199035645,-57.07654571533203,65.98686218261719));
#77=VERTEX_POINT('',#76);
#78=CARTESIAN_POINT('',(-1.4599456787109375,-58.06041717529297,68.69538879394531));
#79=VERTEX_POINT('',#78);
#80=CARTESIAN_POINT('',(-1.4599456787109375,-58.06041717529297,65.98686218261719));
#81=VERTEX_POINT('',#80);
#82=CARTESIAN_POINT('',(-2.1676712036132812,-58.92278289794922,68.69538879394531));
#83=VERTEX_POINT('',#82);
#84=CARTESIAN_POINT('',(-2.1676712036132812,-58.92278289794922,65.98686218261719));
#85=VERTEX_POINT('',#84);
#86=CARTESIAN_POINT('',(-3.030036211013794,-59.630516052246094,68.69538879394531));
#87=VERTEX_POINT('',#86);
#88=CARTESIAN_POINT('',(-3.030036211013794,-59.630516052246094,65.98686218261719));
#89=VERTEX_POINT('',#88);
#90=CARTESIAN_POINT('',(-4.01390266418457,-60.156402587890625,68.69538879394531));
#91=VERTEX_POINT('',#90);
#92=CARTESIAN_POINT('',(-4.01390266418457,-60.156402587890625,65.98686218261719));
#93=VERTEX_POINT('',#92);
#94=CARTESIAN_POINT('',(-5.081460952758789,-60.480247497558594,68.69538879394531));
#95=VERTEX_POINT('',#94);
#96=CARTESIAN_POINT('',(-5.081460952758789,-60.480247497558594,65.98686218261719));
#97=VERTEX_POINT('',#96);
#98=CARTESIAN_POINT('',(-6.191684246063232,-60.58959197998047,68.69538879394531));
#99=VERTEX_POINT('',#98);
#100=CARTESIAN_POINT('',(-6.191684246063232,-60.58959197998047,65.98686218261719));
#101=VERTEX_POINT('',#100);
#102=CARTESIAN_POINT('',(-7.301908493041992,-60.480247497558594,68.69538879394531));
#103=VERTEX_POINT('',#102);
#104=CARTESIAN_POINT('',(-7.301908493041992,-60.480247497558594,65.98686218261719));
#105=VERTEX_POINT('',#104);
#106=CARTESIAN_POINT('',(-8.369468688964844,-60.156410217285156,68.69538879394531));
#107=VERTEX_POINT('',#106);
#108=CARTESIAN_POINT('',(-8.369468688964844,-60.156410217285156,65.98686218261719));
#109=VERTEX_POINT('',#108);
#110=CARTESIAN_POINT('',(-9.353336334228516,-59.630523681640625,68.69538879394531));
#111=VERTEX_POINT('',#110);
#112=CARTESIAN_POINT('',(-9.353336334228516,-59.630523681640625,65.98686218261719));
#113=VERTEX_POINT('',#112);
#114=CARTESIAN_POINT('',(-10.215703964233398,-58.92279815673828,68.69538879394531));
#115=VERTEX_POINT('',#114);
#116=CARTESIAN_POINT('',(-10.215703964233398,-58.92279815673828,65.98686218261719));
#117=VERTEX_POINT('',#116);
#118=CARTESIAN_POINT('',(-10.923433303833008,-58.06043243408203,68.69538879394531));
#119=VERTEX_POINT('',#118);
#120=CARTESIAN_POINT('',(-10.923433303833008,-58.06043243408203,65.98686218261719));
#121=VERTEX_POINT('',#120);
#122=CARTESIAN_POINT('',(-11.449323654174805,-57.076568603515625,68.69538879394531));
#123=VERTEX_POINT('',#122);
#124=CARTESIAN_POINT('',(-11.449323654174805,-57.076568603515625,65.98686218261719));
#125=VERTEX_POINT('',#124);
#126=CARTESIAN_POINT('',(-11.773164749145508,-56.009010314941406,68.69538879394531));
#127=VERTEX_POINT('',#126);
#128=CARTESIAN_POINT('',(-11.773164749145508,-56.009010314941406,65.98686218261719));
#129=VERTEX_POINT('',#128);
#130=CARTESIAN_POINT('',(-11.882515907287598,-54.898780822753906,68.69538879394531));
#131=VERTEX_POINT('',#130);
#132=CARTESIAN_POINT('',(-11.882515907287598,-54.898780822753906,65.98686218261719));
#133=VERTEX_POINT('',#132);
#134=CARTESIAN_POINT('',(-11.77316951751709,-53.78855895996094,68.69538879394531));
#135=VERTEX_POINT('',#134);
#136=CARTESIAN_POINT('',(-11.77316951751709,-53.78855895996094,65.98686218261719));
#137=VERTEX_POINT('',#136);
#138=CARTESIAN_POINT('',(-11.449333190917969,-52.72100067138672,68.69538879394531));
#139=VERTEX_POINT('',#138);
#140=CARTESIAN_POINT('',(-11.449333190917969,-52.72100067138672,65.98686218261719));
#141=VERTEX_POINT('',#140);
#142=CARTESIAN_POINT('',(-10.923446655273438,-51.73713684082031,68.69538879394531));
#143=VERTEX_POINT('',#142);
#144=CARTESIAN_POINT('',(-10.923446655273438,-51.73713684082031,65.98686218261719));
#145=VERTEX_POINT('',#144);
#146=CARTESIAN_POINT('',(-10.215721130371094,-50.87476348876953,68.69538879394531));
#147=VERTEX_POINT('',#146);
#148=CARTESIAN_POINT('',(-10.215721130371094,-50.87476348876953,65.98686218261719));
#149=VERTEX_POINT('',#148);
#150=CARTESIAN_POINT('',(-9.353355407714844,-50.16703796386719,68.69538879394531));
#151=VERTEX_POINT('',#150);
#152=CARTESIAN_POINT('',(-9.353355407714844,-50.16703796386719,65.98686218261719));
#153=VERTEX_POINT('',#152);
#154=CARTESIAN_POINT('',(-8.369489669799805,-49.641151428222656,68.69538879394531));
#155=VERTEX_POINT('',#154);
#156=CARTESIAN_POINT('',(-8.369489669799805,-49.641151428222656,65.98686218261719));
#157=VERTEX_POINT('',#156);
#158=CARTESIAN_POINT('',(-7.301931381225586,-49.31730651855469,68.69538879394531));
#159=VERTEX_POINT('',#158);
#160=CARTESIAN_POINT('',(-7.301931381225586,-49.31730651855469,65.98686218261719));
#161=VERTEX_POINT('',#160);
#162=CARTESIAN_POINT('',(-6.620521068572998,-52.58097839355469,65.98686218261719));
#163=VERTEX_POINT('',#162);
#164=CARTESIAN_POINT('',(-6.6620564460754395,-52.584617614746094,65.98686218261719));
#165=VERTEX_POINT('',#164);
#166=CARTESIAN_POINT('',(-8.748758316040039,-55.56474304199219,65.98686218261719));
#167=VERTEX_POINT('',#166);
#168=CARTESIAN_POINT('',(-8.643489837646484,-55.957611083984375,65.98686218261719));
#169=VERTEX_POINT('',#168);
#170=CARTESIAN_POINT('',(-8.632699012756348,-55.997886657714844,65.98686218261719));
#171=VERTEX_POINT('',#170);
#172=CARTESIAN_POINT('',(-8.460809707641602,-56.36650085449219,65.98686218261719));
#173=VERTEX_POINT('',#172);
#174=CARTESIAN_POINT('',(-8.443188667297363,-56.40428924560547,65.98686218261719));
#175=VERTEX_POINT('',#174);
#176=CARTESIAN_POINT('',(-6.215346813201904,-52.5455322265625,65.98686218261719));
#177=VERTEX_POINT('',#176);
#178=CARTESIAN_POINT('',(-6.173811435699463,-52.549163818359375,65.98686218261719));
#179=VERTEX_POINT('',#178);
#180=CARTESIAN_POINT('',(-8.209901809692383,-56.737449645996094,65.98686218261719));
#181=VERTEX_POINT('',#180);
#182=CARTESIAN_POINT('',(-8.185986518859863,-56.7716064453125,65.98686218261719));
#183=VERTEX_POINT('',#182);
#184=CARTESIAN_POINT('',(-7.898390293121338,-57.05919647216797,65.98686218261719));
#185=VERTEX_POINT('',#184);
#186=CARTESIAN_POINT('',(-7.868907928466797,-57.08868408203125,65.98686218261719));
#187=VERTEX_POINT('',#186);
#188=CARTESIAN_POINT('',(-7.535741806030273,-57.32196807861328,65.98686218261719));
#189=VERTEX_POINT('',#188);
#190=CARTESIAN_POINT('',(-7.501587867736816,-57.34588623046875,65.98686218261719));
#191=VERTEX_POINT('',#190);
#192=CARTESIAN_POINT('',(-7.132972240447998,-57.51776885986328,65.98686218261719));
#193=VERTEX_POINT('',#192);
#194=CARTESIAN_POINT('',(-7.095184326171875,-57.53539276123047,65.98686218261719));
#195=VERTEX_POINT('',#194);
#196=CARTESIAN_POINT('',(-6.702319622039795,-57.640655517578125,65.98686218261719));
#197=VERTEX_POINT('',#196);
#198=CARTESIAN_POINT('',(-6.662045955657959,-57.651451110839844,65.98686218261719));
#199=VERTEX_POINT('',#198);
#200=CARTESIAN_POINT('',(-5.768637180328369,-52.58460998535156,65.98686218261719));
#201=VERTEX_POINT('',#200);
#202=CARTESIAN_POINT('',(-5.3354997634887695,-52.70066833496094,65.98686218261719));
#203=VERTEX_POINT('',#202);
#204=CARTESIAN_POINT('',(-5.728363513946533,-52.59540557861328,65.98686218261719));
#205=VERTEX_POINT('',#204);
#206=CARTESIAN_POINT('',(-4.92909574508667,-52.890174865722656,65.98686218261719));
#207=VERTEX_POINT('',#206);
#208=CARTESIAN_POINT('',(-5.2977118492126465,-52.718292236328125,65.98686218261719));
#209=VERTEX_POINT('',#208);
#210=CARTESIAN_POINT('',(-4.561775207519531,-53.147377014160156,65.98686218261719));
#211=VERTEX_POINT('',#210);
#212=CARTESIAN_POINT('',(-4.894942283630371,-52.914093017578125,65.98686218261719));
#213=VERTEX_POINT('',#212);
#214=CARTESIAN_POINT('',(-4.532293319702148,-53.176856994628906,65.98686218261719));
#215=VERTEX_POINT('',#214);
#216=CARTESIAN_POINT('',(-6.256872177124023,-57.68689727783203,65.98686218261719));
#217=VERTEX_POINT('',#216);
#218=CARTESIAN_POINT('',(-4.244696617126465,-53.464454650878906,65.98686218261719));
#219=VERTEX_POINT('',#218);
#220=CARTESIAN_POINT('',(-3.987494945526123,-53.83177185058594,65.98686218261719));
#221=VERTEX_POINT('',#220);
#222=CARTESIAN_POINT('',(-4.220781326293945,-53.49861145019531,65.98686218261719));
#223=VERTEX_POINT('',#222);
#224=CARTESIAN_POINT('',(-3.797985076904297,-54.23817443847656,65.98686218261719));
#225=VERTEX_POINT('',#224);
#226=CARTESIAN_POINT('',(-3.969874143600464,-53.86956024169922,65.98686218261719));
#227=VERTEX_POINT('',#226);
#228=CARTESIAN_POINT('',(-3.681924819946289,-54.67131805419922,65.98686218261719));
#229=VERTEX_POINT('',#228);
#230=CARTESIAN_POINT('',(-3.787193775177002,-54.27845001220703,65.98686218261719));
#231=VERTEX_POINT('',#230);
#232=CARTESIAN_POINT('',(-6.215336322784424,-57.690528869628906,65.98686218261719));
#233=VERTEX_POINT('',#232);
#234=CARTESIAN_POINT('',(-5.81016206741333,-57.65508270263672,65.98686218261719));
#235=VERTEX_POINT('',#234);
#236=CARTESIAN_POINT('',(-5.768626689910889,-57.65144348144531,65.98686218261719));
#237=VERTEX_POINT('',#236);
#238=CARTESIAN_POINT('',(-5.375763416290283,-57.546180725097656,65.98686218261719));
#239=VERTEX_POINT('',#238);
#240=CARTESIAN_POINT('',(-3.678290605545044,-54.712852478027344,65.98686218261719));
#241=VERTEX_POINT('',#240);
#242=CARTESIAN_POINT('',(-3.6819229125976562,-55.564735412597656,65.98686218261719));
#243=VERTEX_POINT('',#242);
#244=CARTESIAN_POINT('',(-3.646474838256836,-55.15956115722656,65.98686218261719));
#245=VERTEX_POINT('',#244);
#246=CARTESIAN_POINT('',(-3.642840623855591,-55.11802673339844,65.98686218261719));
#247=VERTEX_POINT('',#246);
#248=CARTESIAN_POINT('',(-5.335489749908447,-57.53538513183594,65.98686218261719));
#249=VERTEX_POINT('',#248);
#250=CARTESIAN_POINT('',(-4.966874122619629,-57.363502502441406,65.98686218261719));
#251=VERTEX_POINT('',#250);
#252=CARTESIAN_POINT('',(-3.692713975906372,-55.605010986328125,65.98686218261719));
#253=VERTEX_POINT('',#252);
#254=CARTESIAN_POINT('',(-4.929086685180664,-57.34587860107422,65.98686218261719));
#255=VERTEX_POINT('',#254);
#256=CARTESIAN_POINT('',(-4.595920562744141,-57.11259460449219,65.98686218261719));
#257=VERTEX_POINT('',#256);
#258=CARTESIAN_POINT('',(-3.7979815006256104,-55.99787139892578,65.98686218261719));
#259=VERTEX_POINT('',#258);
#260=CARTESIAN_POINT('',(-3.8156018257141113,-56.03565979003906,65.98686218261719));
#261=VERTEX_POINT('',#260);
#262=CARTESIAN_POINT('',(-4.561766624450684,-57.08867645263672,65.98686218261719));
#263=VERTEX_POINT('',#262);
#264=CARTESIAN_POINT('',(-4.274171829223633,-56.80107879638672,65.98686218261719));
#265=VERTEX_POINT('',#264);
#266=CARTESIAN_POINT('',(-4.244689464569092,-56.77159881591797,65.98686218261719));
#267=VERTEX_POINT('',#266);
#268=CARTESIAN_POINT('',(-3.9874894618988037,-56.404273986816406,65.98686218261719));
#269=VERTEX_POINT('',#268);
#270=CARTESIAN_POINT('',(-4.011404037475586,-56.43843078613281,65.98686218261719));
#271=VERTEX_POINT('',#270);
#272=CARTESIAN_POINT('',(-8.752392768859863,-55.52320861816406,65.98686218261719));
#273=VERTEX_POINT('',#272);
#274=CARTESIAN_POINT('',(-7.054920673370361,-52.68988037109375,65.98686218261719));
#275=VERTEX_POINT('',#274);
#276=CARTESIAN_POINT('',(-7.095194339752197,-52.70067596435547,65.98686218261719));
#277=VERTEX_POINT('',#276);
#278=CARTESIAN_POINT('',(-8.787841796875,-55.11803436279297,65.98686218261719));
#279=VERTEX_POINT('',#278);
#280=CARTESIAN_POINT('',(-8.784209251403809,-55.076499938964844,65.98686218261719));
#281=VERTEX_POINT('',#280);
#282=CARTESIAN_POINT('',(-7.463809490203857,-52.87255859375,65.98686218261719));
#283=VERTEX_POINT('',#282);
#284=CARTESIAN_POINT('',(-7.501596927642822,-52.89018249511719,65.98686218261719));
#285=VERTEX_POINT('',#284);
#286=CARTESIAN_POINT('',(-8.748760223388672,-54.67132568359375,65.98686218261719));
#287=VERTEX_POINT('',#286);
#288=CARTESIAN_POINT('',(-8.737969398498535,-54.63105010986328,65.98686218261719));
#289=VERTEX_POINT('',#288);
#290=CARTESIAN_POINT('',(-7.8347625732421875,-53.12346649169922,65.98686218261719));
#291=VERTEX_POINT('',#290);
#292=CARTESIAN_POINT('',(-7.868916034698486,-53.14738464355469,65.98686218261719));
#293=VERTEX_POINT('',#292);
#294=CARTESIAN_POINT('',(-8.156511306762695,-53.43498229980469,65.98686218261719));
#295=VERTEX_POINT('',#294);
#296=CARTESIAN_POINT('',(-8.185993194580078,-53.46446228027344,65.98686218261719));
#297=VERTEX_POINT('',#296);
#298=CARTESIAN_POINT('',(-8.632701873779297,-54.238189697265625,65.98686218261719));
#299=VERTEX_POINT('',#298);
#300=CARTESIAN_POINT('',(-8.615081787109375,-54.200401306152344,65.98686218261719));
#301=VERTEX_POINT('',#300);
#302=CARTESIAN_POINT('',(-8.443193435668945,-53.831787109375,65.98686218261719));
#303=VERTEX_POINT('',#302);
#304=CARTESIAN_POINT('',(-8.419279098510742,-53.797630310058594,65.98686218261719));
#305=VERTEX_POINT('',#304);
#306=CARTESIAN_POINT('',(-6.662045955657959,-57.651451110839844,68.69538879394531));
#307=VERTEX_POINT('',#306);
#308=CARTESIAN_POINT('',(-6.660180568695068,-57.651611328125,68.69538879394531));
#309=VERTEX_POINT('',#308);
#310=CARTESIAN_POINT('',(-7.093375205993652,-57.53587341308594,68.69538879394531));
#311=VERTEX_POINT('',#310);
#312=CARTESIAN_POINT('',(-7.095184326171875,-57.53539276123047,68.69538879394531));
#313=VERTEX_POINT('',#312);
#314=CARTESIAN_POINT('',(-7.499890327453613,-57.34667205810547,68.69538879394531));
#315=VERTEX_POINT('',#314);
#316=CARTESIAN_POINT('',(-7.501587867736816,-57.34588623046875,68.69538879394531));
#317=VERTEX_POINT('',#316);
#318=CARTESIAN_POINT('',(-7.867373466491699,-57.089752197265625,68.69538879394531));
#319=VERTEX_POINT('',#318);
#320=CARTESIAN_POINT('',(-7.868907928466797,-57.08868408203125,68.69538879394531));
#321=VERTEX_POINT('',#320);
#322=CARTESIAN_POINT('',(-8.184662818908691,-56.772926330566406,68.69538879394531));
#323=VERTEX_POINT('',#322);
#324=CARTESIAN_POINT('',(-8.185986518859863,-56.7716064453125,68.69538879394531));
#325=VERTEX_POINT('',#324);
#326=CARTESIAN_POINT('',(-8.442113876342773,-56.40582275390625,68.69538879394531));
#327=VERTEX_POINT('',#326);
#328=CARTESIAN_POINT('',(-8.443188667297363,-56.40428924560547,68.69538879394531));
#329=VERTEX_POINT('',#328);
#330=CARTESIAN_POINT('',(-8.63190746307373,-55.99958038330078,68.69538879394531));
#331=VERTEX_POINT('',#330);
#332=CARTESIAN_POINT('',(-8.632699012756348,-55.997886657714844,68.69538879394531));
#333=VERTEX_POINT('',#332);
#334=CARTESIAN_POINT('',(-8.748273849487305,-55.566551208496094,68.69538879394531));
#335=VERTEX_POINT('',#334);
#336=CARTESIAN_POINT('',(-8.748758316040039,-55.56474304199219,68.69538879394531));
#337=VERTEX_POINT('',#336);
#338=CARTESIAN_POINT('',(-8.787679672241211,-55.119903564453125,68.69538879394531));
#339=VERTEX_POINT('',#338);
#340=CARTESIAN_POINT('',(-8.787841796875,-55.11803436279297,68.69538879394531));
#341=VERTEX_POINT('',#340);
#342=CARTESIAN_POINT('',(-8.748924255371094,-54.673194885253906,68.69538879394531));
#343=VERTEX_POINT('',#342);
#344=CARTESIAN_POINT('',(-8.748760223388672,-54.67132568359375,68.69538879394531));
#345=VERTEX_POINT('',#344);
#346=CARTESIAN_POINT('',(-8.633186340332031,-54.23999786376953,68.69538879394531));
#347=VERTEX_POINT('',#346);
#348=CARTESIAN_POINT('',(-8.632701873779297,-54.238189697265625,68.69538879394531));
#349=VERTEX_POINT('',#348);
#350=CARTESIAN_POINT('',(-8.443984985351562,-53.83348083496094,68.69538879394531));
#351=VERTEX_POINT('',#350);
#352=CARTESIAN_POINT('',(-8.443193435668945,-53.831787109375,68.69538879394531));
#353=VERTEX_POINT('',#352);
#354=CARTESIAN_POINT('',(-8.187067985534668,-53.46599578857422,68.69538879394531));
#355=VERTEX_POINT('',#354);
#356=CARTESIAN_POINT('',(-8.185993194580078,-53.46446228027344,68.69538879394531));
#357=VERTEX_POINT('',#356);
#358=CARTESIAN_POINT('',(-7.870240211486816,-53.148704528808594,68.69538879394531));
#359=VERTEX_POINT('',#358);
#360=CARTESIAN_POINT('',(-7.868916034698486,-53.14738464355469,68.69538879394531));
#361=VERTEX_POINT('',#360);
#362=CARTESIAN_POINT('',(-7.50313138961792,-52.891258239746094,68.69538879394531));
#363=VERTEX_POINT('',#362);
#364=CARTESIAN_POINT('',(-7.501596927642822,-52.89018249511719,68.69538879394531));
#365=VERTEX_POINT('',#364);
#366=CARTESIAN_POINT('',(-7.096891403198242,-52.70146179199219,68.69538879394531));
#367=VERTEX_POINT('',#366);
#368=CARTESIAN_POINT('',(-7.095194339752197,-52.70067596435547,68.69538879394531));
#369=VERTEX_POINT('',#368);
#370=CARTESIAN_POINT('',(-6.663865566253662,-52.58509826660156,68.69538879394531));
#371=VERTEX_POINT('',#370);
#372=CARTESIAN_POINT('',(-6.6620564460754395,-52.584617614746094,68.69538879394531));
#373=VERTEX_POINT('',#372);
#374=CARTESIAN_POINT('',(-6.217212677001953,-52.545692443847656,68.69538879394531));
#375=VERTEX_POINT('',#374);
#376=CARTESIAN_POINT('',(-6.215346813201904,-52.5455322265625,68.69538879394531));
#377=VERTEX_POINT('',#376);
#378=CARTESIAN_POINT('',(-5.77050256729126,-52.584449768066406,68.69538879394531));
#379=VERTEX_POINT('',#378);
#380=CARTESIAN_POINT('',(-5.768637180328369,-52.58460998535156,68.69538879394531));
#381=VERTEX_POINT('',#380);
#382=CARTESIAN_POINT('',(-5.337308883666992,-52.70018768310547,68.69538879394531));
#383=VERTEX_POINT('',#382);
#384=CARTESIAN_POINT('',(-5.3354997634887695,-52.70066833496094,68.69538879394531));
#385=VERTEX_POINT('',#384);
#386=CARTESIAN_POINT('',(-4.930793285369873,-52.88938903808594,68.69538879394531));
#387=VERTEX_POINT('',#386);
#388=CARTESIAN_POINT('',(-4.92909574508667,-52.890174865722656,68.69538879394531));
#389=VERTEX_POINT('',#388);
#390=CARTESIAN_POINT('',(-4.563309669494629,-53.14630126953125,68.69538879394531));
#391=VERTEX_POINT('',#390);
#392=CARTESIAN_POINT('',(-4.561775207519531,-53.147377014160156,68.69538879394531));
#393=VERTEX_POINT('',#392);
#394=CARTESIAN_POINT('',(-4.246020317077637,-53.46312713623047,68.69538879394531));
#395=VERTEX_POINT('',#394);
#396=CARTESIAN_POINT('',(-4.244696617126465,-53.464454650878906,68.69538879394531));
#397=VERTEX_POINT('',#396);
#398=CARTESIAN_POINT('',(-3.9885692596435547,-53.830238342285156,68.69538879394531));
#399=VERTEX_POINT('',#398);
#400=CARTESIAN_POINT('',(-3.987494945526123,-53.83177185058594,68.69538879394531));
#401=VERTEX_POINT('',#400);
#402=CARTESIAN_POINT('',(-3.798776388168335,-54.236480712890625,68.69538879394531));
#403=VERTEX_POINT('',#402);
#404=CARTESIAN_POINT('',(-3.797985076904297,-54.23817443847656,68.69538879394531));
#405=VERTEX_POINT('',#404);
#406=CARTESIAN_POINT('',(-3.6824095249176025,-54.66950225830078,68.69538879394531));
#407=VERTEX_POINT('',#406);
#408=CARTESIAN_POINT('',(-3.681924819946289,-54.67131805419922,68.69538879394531));
#409=VERTEX_POINT('',#408);
#410=CARTESIAN_POINT('',(-3.6430039405822754,-55.11615753173828,68.69538879394531));
#411=VERTEX_POINT('',#410);
#412=CARTESIAN_POINT('',(-3.642840623855591,-55.11802673339844,68.69538879394531));
#413=VERTEX_POINT('',#412);
#414=CARTESIAN_POINT('',(-3.6817595958709717,-55.5628662109375,68.69538879394531));
#415=VERTEX_POINT('',#414);
#416=CARTESIAN_POINT('',(-3.6819229125976562,-55.564735412597656,68.69538879394531));
#417=VERTEX_POINT('',#416);
#418=CARTESIAN_POINT('',(-3.7974965572357178,-55.996063232421875,68.69538879394531));
#419=VERTEX_POINT('',#418);
#420=CARTESIAN_POINT('',(-3.7979815006256104,-55.99787139892578,68.69538879394531));
#421=VERTEX_POINT('',#420);
#422=CARTESIAN_POINT('',(-3.9866979122161865,-56.40258026123047,68.69538879394531));
#423=VERTEX_POINT('',#422);
#424=CARTESIAN_POINT('',(-3.9874894618988037,-56.404273986816406,68.69538879394531));
#425=VERTEX_POINT('',#424);
#426=CARTESIAN_POINT('',(-4.24361515045166,-56.77006530761719,68.69538879394531));
#427=VERTEX_POINT('',#426);
#428=CARTESIAN_POINT('',(-4.244689464569092,-56.77159881591797,68.69538879394531));
#429=VERTEX_POINT('',#428);
#430=CARTESIAN_POINT('',(-4.560442924499512,-57.08734893798828,68.69538879394531));
#431=VERTEX_POINT('',#430);
#432=CARTESIAN_POINT('',(-4.561766624450684,-57.08867645263672,68.69538879394531));
#433=VERTEX_POINT('',#432);
#434=CARTESIAN_POINT('',(-4.927552223205566,-57.34480285644531,68.69538879394531));
#435=VERTEX_POINT('',#434);
#436=CARTESIAN_POINT('',(-4.929086685180664,-57.34587860107422,68.69538879394531));
#437=VERTEX_POINT('',#436);
#438=CARTESIAN_POINT('',(-5.333792686462402,-57.53459930419922,68.69538879394531));
#439=VERTEX_POINT('',#438);
#440=CARTESIAN_POINT('',(-5.335489749908447,-57.53538513183594,68.69538879394531));
#441=VERTEX_POINT('',#440);
#442=CARTESIAN_POINT('',(-5.766817569732666,-57.650962829589844,68.69538879394531));
#443=VERTEX_POINT('',#442);
#444=CARTESIAN_POINT('',(-5.768626689910889,-57.65144348144531,68.69538879394531));
#445=VERTEX_POINT('',#444);
#446=CARTESIAN_POINT('',(-6.213470935821533,-57.69036865234375,68.69538879394531));
#447=VERTEX_POINT('',#446);
#448=CARTESIAN_POINT('',(-6.215336322784424,-57.690528869628906,68.69538879394531));
#449=VERTEX_POINT('',#448);
#450=CARTESIAN_POINT('',(-1.459958553314209,-51.73711395263672,70.56388854980469));
#451=VERTEX_POINT('',#450);
#452=CARTESIAN_POINT('',(-0.9340686798095703,-52.720985412597656,70.56388854980469));
#453=VERTEX_POINT('',#452);
#454=CARTESIAN_POINT('',(-4.01390266418457,-60.156402587890625,70.56388854980469));
#455=VERTEX_POINT('',#454);
#456=CARTESIAN_POINT('',(-5.081460952758789,-60.480247497558594,70.56388854980469));
#457=VERTEX_POINT('',#456);
#458=CARTESIAN_POINT('',(-11.773164749145508,-56.009010314941406,70.56388854980469));
#459=VERTEX_POINT('',#458);
#460=CARTESIAN_POINT('',(-11.882515907287598,-54.898780822753906,70.56388854980469));
#461=VERTEX_POINT('',#460);
#462=CARTESIAN_POINT('',(-5.081483840942383,-49.317298889160156,70.56388854980469));
#463=VERTEX_POINT('',#462);
#464=CARTESIAN_POINT('',(-4.013924598693848,-49.641136169433594,70.56388854980469));
#465=VERTEX_POINT('',#464);
#466=CARTESIAN_POINT('',(-0.9340596199035645,-57.07654571533203,70.56388854980469));
#467=VERTEX_POINT('',#466);
#468=CARTESIAN_POINT('',(-1.4599456787109375,-58.06041717529297,70.56388854980469));
#469=VERTEX_POINT('',#468);
#470=CARTESIAN_POINT('',(-9.353336334228516,-59.630523681640625,70.56388854980469));
#471=VERTEX_POINT('',#470);
#472=CARTESIAN_POINT('',(-10.215703964233398,-58.92279815673828,70.56388854980469));
#473=VERTEX_POINT('',#472);
#474=CARTESIAN_POINT('',(-10.215721130371094,-50.87476348876953,70.56388854980469));
#475=VERTEX_POINT('',#474);
#476=CARTESIAN_POINT('',(-9.353355407714844,-50.16703796386719,70.56388854980469));
#477=VERTEX_POINT('',#476);
#478=CARTESIAN_POINT('',(-0.6102261543273926,-53.788536071777344,70.56388854980469));
#479=VERTEX_POINT('',#478);
#480=CARTESIAN_POINT('',(-6.191684246063232,-60.58959197998047,70.56388854980469));
#481=VERTEX_POINT('',#480);
#482=CARTESIAN_POINT('',(-11.77316951751709,-53.78855895996094,70.56388854980469));
#483=VERTEX_POINT('',#482);
#484=CARTESIAN_POINT('',(-3.0300559997558594,-50.167022705078125,70.56388854980469));
#485=VERTEX_POINT('',#484);
#486=CARTESIAN_POINT('',(-2.1676712036132812,-58.92278289794922,70.56388854980469));
#487=VERTEX_POINT('',#486);
#488=CARTESIAN_POINT('',(-10.923433303833008,-58.06043243408203,70.56388854980469));
#489=VERTEX_POINT('',#488);
#490=CARTESIAN_POINT('',(-8.369489669799805,-49.641151428222656,70.56388854980469));
#491=VERTEX_POINT('',#490);
#492=CARTESIAN_POINT('',(-0.5008764266967773,-54.89875793457031,70.56388854980469));
#493=VERTEX_POINT('',#492);
#494=CARTESIAN_POINT('',(-7.301908493041992,-60.480247497558594,70.56388854980469));
#495=VERTEX_POINT('',#494);
#496=CARTESIAN_POINT('',(-11.449333190917969,-52.72100067138672,70.56388854980469));
#497=VERTEX_POINT('',#496);
#498=CARTESIAN_POINT('',(-7.301931381225586,-49.31730651855469,70.56388854980469));
#499=VERTEX_POINT('',#498);
#500=CARTESIAN_POINT('',(-6.191708087921143,-49.20795440673828,70.56388854980469));
#501=VERTEX_POINT('',#500);
#502=CARTESIAN_POINT('',(-2.1676878929138184,-50.87474822998047,70.56388854980469));
#503=VERTEX_POINT('',#502);
#504=CARTESIAN_POINT('',(-3.030036211013794,-59.630516052246094,70.56388854980469));
#505=VERTEX_POINT('',#504);
#506=CARTESIAN_POINT('',(-11.449323654174805,-57.076568603515625,70.56388854980469));
#507=VERTEX_POINT('',#506);
#508=CARTESIAN_POINT('',(-0.6102218627929688,-56.00898742675781,70.56388854980469));
#509=VERTEX_POINT('',#508);
#510=CARTESIAN_POINT('',(-8.369468688964844,-60.156410217285156,70.56388854980469));
#511=VERTEX_POINT('',#510);
#512=CARTESIAN_POINT('',(-10.923446655273438,-51.73713684082031,70.56388854980469));
#513=VERTEX_POINT('',#512);
#514=CARTESIAN_POINT('',(-4.446865081787109,-60.148765563964844,69.98143768310547));
#515=VERTEX_POINT('',#514);
#516=CARTESIAN_POINT('',(-4.446855068206787,-64.96936798095703,69.98143768310547));
#517=VERTEX_POINT('',#516);
#518=CARTESIAN_POINT('',(-4.446855068206787,-64.96936798095703,66.70867919921875));
#519=VERTEX_POINT('',#518);
#520=CARTESIAN_POINT('',(-4.446865081787109,-60.148765563964844,66.70867919921875));
#521=VERTEX_POINT('',#520);
#522=CARTESIAN_POINT('',(-7.936495304107666,-64.96937561035156,69.98143768310547));
#523=VERTEX_POINT('',#522);
#524=CARTESIAN_POINT('',(-7.936495304107666,-64.96937561035156,66.70867919921875));
#525=VERTEX_POINT('',#524);
#526=CARTESIAN_POINT('',(-7.936505317687988,-60.148773193359375,69.98143768310547));
#527=VERTEX_POINT('',#526);
#528=CARTESIAN_POINT('',(-7.936505317687988,-60.148773193359375,66.70867919921875));
#529=VERTEX_POINT('',#528);
#530=CARTESIAN_POINT('',(-7.963986873626709,-50.397613525390625,69.98143768310547));
#531=VERTEX_POINT('',#530);
#532=CARTESIAN_POINT('',(-7.964001655578613,-43.57701873779297,69.98143768310547));
#533=VERTEX_POINT('',#532);
#534=CARTESIAN_POINT('',(-7.964001655578613,-43.57701873779297,66.70867919921875));
#535=VERTEX_POINT('',#534);
#536=CARTESIAN_POINT('',(-7.963986873626709,-50.397613525390625,66.70867919921875));
#537=VERTEX_POINT('',#536);
#538=CARTESIAN_POINT('',(-4.474361419677734,-43.577003479003906,69.98143768310547));
#539=VERTEX_POINT('',#538);
#540=CARTESIAN_POINT('',(-4.474361419677734,-43.577003479003906,66.70867919921875));
#541=VERTEX_POINT('',#540);
#542=CARTESIAN_POINT('',(-4.47434663772583,-50.397605895996094,69.98143768310547));
#543=VERTEX_POINT('',#542);
#544=CARTESIAN_POINT('',(-4.47434663772583,-50.397605895996094,66.70867919921875));
#545=VERTEX_POINT('',#544);
#546=FACE_SURFACE('',(#551),#547,.T.);
#547=PLANE('',#548);
#548=AXIS2_PLACEMENT_3D('',#34,#549,#550);
#549=DIRECTION('',(0.0980144222397297,0.995184994376931,-0));
#550=DIRECTION('',(0,0,1));
#551=FACE_BOUND('',#552,.T.);
#552=EDGE_LOOP('',(#553,#554,#555));
#553=ORIENTED_EDGE('',*,*,#556,.T.);
#554=ORIENTED_EDGE('',*,*,#557,.T.);
#555=ORIENTED_EDGE('',*,*,#558,.T.);
#556=EDGE_CURVE('',#35,#37,#559,.F.);
#557=EDGE_CURVE('',#37,#39,#560,.T.);
#558=EDGE_CURVE('',#39,#35,#561,.T.);
#559=LINE('',#34,#562);
#560=LINE('',#36,#563);
#561=LINE('',#38,#564);
#562=VECTOR('',#565,1.0);
#563=VECTOR('',#566,1.0);
#564=VECTOR('',#567,1.0);
#565=DIRECTION('',(0,0,1));
#566=DIRECTION('',(0.9951849943769308,-0.09801442223972967,0));
#567=DIRECTION('',(-0.37900949958409197,0.03732813229198843,-0.9246396107482137));
#568=FACE_SURFACE('',(#573),#569,.T.);
#569=PLANE('',#570);
#570=AXIS2_PLACEMENT_3D('',#34,#571,#572);
#571=DIRECTION('',(0.0980144222397297,0.995184994376931,0));
#572=DIRECTION('',(0.37900949958409197,-0.03732813229198843,0.9246396107482137));
#573=FACE_BOUND('',#574,.T.);
#574=EDGE_LOOP('',(#575,#576,#577));
#575=ORIENTED_EDGE('',*,*,#578,.T.);
#576=ORIENTED_EDGE('',*,*,#579,.T.);
#577=ORIENTED_EDGE('',*,*,#580,.T.);
#578=EDGE_CURVE('',#35,#39,#581,.F.);
#579=EDGE_CURVE('',#39,#41,#582,.T.);
#580=EDGE_CURVE('',#41,#35,#583,.T.);
#581=LINE('',#34,#584);
#582=LINE('',#38,#585);
#583=LINE('',#40,#586);
#584=VECTOR('',#587,1.0);
#585=VECTOR('',#588,1.0);
#586=VECTOR('',#589,1.0);
#587=DIRECTION('',(0.37900949958409197,-0.03732813229198843,0.9246396107482137));
#588=DIRECTION('',(0,0,-1));
#589=DIRECTION('',(-0.9951849943769308,0.09801442223972967,0));
#590=FACE_SURFACE('',(#595),#591,.T.);
#591=PLANE('',#592);
#592=AXIS2_PLACEMENT_3D('',#40,#593,#594);
#593=DIRECTION('',(0.2902819886324209,0.9569411513126641,-0));
#594=DIRECTION('',(0,0,1));
#595=FACE_BOUND('',#596,.T.);
#596=EDGE_LOOP('',(#597,#598,#599));
#597=ORIENTED_EDGE('',*,*,#600,.T.);
#598=ORIENTED_EDGE('',*,*,#601,.T.);
#599=ORIENTED_EDGE('',*,*,#602,.T.);
#600=EDGE_CURVE('',#41,#39,#603,.F.);
#601=EDGE_CURVE('',#39,#43,#604,.T.);
#602=EDGE_CURVE('',#43,#41,#605,.T.);
#603=LINE('',#40,#606);
#604=LINE('',#38,#607);
#605=LINE('',#42,#608);
#606=VECTOR('',#609,1.0);
#607=VECTOR('',#610,1.0);
#608=VECTOR('',#611,1.0);
#609=DIRECTION('',(0,0,1));
#610=DIRECTION('',(0.9569411513126641,-0.29028198863242094,0));
#611=DIRECTION('',(-0.36444449267357876,0.11055191004619529,-0.9246396524836235));
#612=FACE_SURFACE('',(#617),#613,.T.);
#613=PLANE('',#614);
#614=AXIS2_PLACEMENT_3D('',#40,#615,#616);
#615=DIRECTION('',(0.2902819886324209,0.9569411513126641,0));
#616=DIRECTION('',(0.36444449267357876,-0.11055191004619529,0.9246396524836235));
#617=FACE_BOUND('',#618,.T.);
#618=EDGE_LOOP('',(#619,#620,#621));
#619=ORIENTED_EDGE('',*,*,#622,.T.);
#620=ORIENTED_EDGE('',*,*,#623,.T.);
#621=ORIENTED_EDGE('',*,*,#624,.T.);
#622=EDGE_CURVE('',#41,#43,#625,.F.);
#623=EDGE_CURVE('',#43,#45,#626,.T.);
#624=EDGE_CURVE('',#45,#41,#627,.T.);
#625=LINE('',#40,#628);
#626=LINE('',#42,#629);
#627=LINE('',#44,#630);
#628=VECTOR('',#631,1.0);
#629=VECTOR('',#632,1.0);
#630=VECTOR('',#633,1.0);
#631=DIRECTION('',(0.36444449267357876,-0.11055191004619529,0.9246396524836235));
#632=DIRECTION('',(0,0,-1));
#633=DIRECTION('',(-0.9569411513126641,0.29028198863242094,0));
#634=FACE_SURFACE('',(#639),#635,.T.);
#635=PLANE('',#636);
#636=AXIS2_PLACEMENT_3D('',#44,#637,#638);
#637=DIRECTION('',(0.47139521220451475,0.8819220792738214,-0));
#638=DIRECTION('',(0,0,1));
#639=FACE_BOUND('',#640,.T.);
#640=EDGE_LOOP('',(#641,#642,#643));
#641=ORIENTED_EDGE('',*,*,#644,.T.);
#642=ORIENTED_EDGE('',*,*,#645,.T.);
#643=ORIENTED_EDGE('',*,*,#646,.T.);
#644=EDGE_CURVE('',#45,#43,#647,.F.);
#645=EDGE_CURVE('',#43,#47,#648,.T.);
#646=EDGE_CURVE('',#47,#45,#649,.T.);
#647=LINE('',#44,#650);
#648=LINE('',#42,#651);
#649=LINE('',#46,#652);
#650=VECTOR('',#653,1.0);
#651=VECTOR('',#654,1.0);
#652=VECTOR('',#655,1.0);
#653=DIRECTION('',(0,0,1));
#654=DIRECTION('',(0.8819220792738215,-0.4713952122045148,0));
#655=DIRECTION('',(-0.3358740785216639,0.179527688714954,-0.924639612152697));
#656=FACE_SURFACE('',(#661),#657,.T.);
#657=PLANE('',#658);
#658=AXIS2_PLACEMENT_3D('',#44,#659,#660);
#659=DIRECTION('',(0.47139521220451475,0.8819220792738214,0));
#660=DIRECTION('',(0.3358740785216639,-0.179527688714954,0.924639612152697));
#661=FACE_BOUND('',#662,.T.);
#662=EDGE_LOOP('',(#663,#664,#665));
#663=ORIENTED_EDGE('',*,*,#666,.T.);
#664=ORIENTED_EDGE('',*,*,#667,.T.);
#665=ORIENTED_EDGE('',*,*,#668,.T.);
#666=EDGE_CURVE('',#45,#47,#669,.F.);
#667=EDGE_CURVE('',#47,#49,#670,.T.);
#668=EDGE_CURVE('',#49,#45,#671,.T.);
#669=LINE('',#44,#672);
#670=LINE('',#46,#673);
#671=LINE('',#48,#674);
#672=VECTOR('',#675,1.0);
#673=VECTOR('',#676,1.0);
#674=VECTOR('',#677,1.0);
#675=DIRECTION('',(0.3358740785216639,-0.179527688714954,0.924639612152697));
#676=DIRECTION('',(0,0,-1));
#677=DIRECTION('',(-0.8819220792738215,0.4713952122045148,0));
#678=FACE_SURFACE('',(#683),#679,.T.);
#679=PLANE('',#680);
#680=AXIS2_PLACEMENT_3D('',#48,#681,#682);
#681=DIRECTION('',(0.6343923788061127,0.7730111963695752,-0));
#682=DIRECTION('',(0,0,1));
#683=FACE_BOUND('',#684,.T.);
#684=EDGE_LOOP('',(#685,#686,#687));
#685=ORIENTED_EDGE('',*,*,#688,.T.);
#686=ORIENTED_EDGE('',*,*,#689,.T.);
#687=ORIENTED_EDGE('',*,*,#690,.T.);
#688=EDGE_CURVE('',#49,#47,#691,.F.);
#689=EDGE_CURVE('',#47,#51,#692,.T.);
#690=EDGE_CURVE('',#51,#49,#693,.T.);
#691=LINE('',#48,#694);
#692=LINE('',#46,#695);
#693=LINE('',#50,#696);
#694=VECTOR('',#697,1.0);
#695=VECTOR('',#698,1.0);
#696=VECTOR('',#699,1.0);
#697=DIRECTION('',(0,0,1));
#698=DIRECTION('',(0.773011196369575,-0.6343923788061125,0));
#699=DIRECTION('',(-0.29439611328588433,0.2416040692500075,-0.9246396066598068));
#700=FACE_SURFACE('',(#705),#701,.T.);
#701=PLANE('',#702);
#702=AXIS2_PLACEMENT_3D('',#48,#703,#704);
#703=DIRECTION('',(0.6343923788061127,0.7730111963695752,0));
#704=DIRECTION('',(0.29439611328588433,-0.2416040692500075,0.9246396066598068));
#705=FACE_BOUND('',#706,.T.);
#706=EDGE_LOOP('',(#707,#708,#709));
#707=ORIENTED_EDGE('',*,*,#710,.T.);
#708=ORIENTED_EDGE('',*,*,#711,.T.);
#709=ORIENTED_EDGE('',*,*,#712,.T.);
#710=EDGE_CURVE('',#49,#51,#713,.F.);
#711=EDGE_CURVE('',#51,#53,#714,.T.);
#712=EDGE_CURVE('',#53,#49,#715,.T.);
#713=LINE('',#48,#716);
#714=LINE('',#50,#717);
#715=LINE('',#52,#718);
#716=VECTOR('',#719,1.0);
#717=VECTOR('',#720,1.0);
#718=VECTOR('',#721,1.0);
#719=DIRECTION('',(0.29439611328588433,-0.2416040692500075,0.9246396066598068));
#720=DIRECTION('',(0,0,-1));
#721=DIRECTION('',(-0.773011196369575,0.6343923788061125,0));
#722=FACE_SURFACE('',(#727),#723,.T.);
#723=PLANE('',#724);
#724=AXIS2_PLACEMENT_3D('',#52,#725,#726);
#725=DIRECTION('',(0.7730086594039576,0.6343954701024402,-0));
#726=DIRECTION('',(0,0,1));
#727=FACE_BOUND('',#728,.T.);
#728=EDGE_LOOP('',(#729,#730,#731));
#729=ORIENTED_EDGE('',*,*,#732,.T.);
#730=ORIENTED_EDGE('',*,*,#733,.T.);
#731=ORIENTED_EDGE('',*,*,#734,.T.);
#732=EDGE_CURVE('',#53,#51,#735,.F.);
#733=EDGE_CURVE('',#51,#55,#736,.T.);
#734=EDGE_CURVE('',#55,#53,#737,.T.);
#735=LINE('',#52,#738);
#736=LINE('',#50,#739);
#737=LINE('',#54,#740);
#738=VECTOR('',#741,1.0);
#739=VECTOR('',#742,1.0);
#740=VECTOR('',#743,1.0);
#741=DIRECTION('',(0,0,1));
#742=DIRECTION('',(0.6343954701024402,-0.7730086594039576,0));
#743=DIRECTION('',(-0.24160535339002995,0.29439527728451237,-0.9246395372932383));
#744=FACE_SURFACE('',(#749),#745,.T.);
#745=PLANE('',#746);
#746=AXIS2_PLACEMENT_3D('',#52,#747,#748);
#747=DIRECTION('',(0.7730086594039576,0.6343954701024402,0));
#748=DIRECTION('',(0.24160535339002995,-0.29439527728451237,0.9246395372932383));
#749=FACE_BOUND('',#750,.T.);
#750=EDGE_LOOP('',(#751,#752,#753));
#751=ORIENTED_EDGE('',*,*,#754,.T.);
#752=ORIENTED_EDGE('',*,*,#755,.T.);
#753=ORIENTED_EDGE('',*,*,#756,.T.);
#754=EDGE_CURVE('',#53,#55,#757,.F.);
#755=EDGE_CURVE('',#55,#57,#758,.T.);
#756=EDGE_CURVE('',#57,#53,#759,.T.);
#757=LINE('',#52,#760);
#758=LINE('',#54,#761);
#759=LINE('',#56,#762);
#760=VECTOR('',#763,1.0);
#761=VECTOR('',#764,1.0);
#762=VECTOR('',#765,1.0);
#763=DIRECTION('',(0.24160535339002995,-0.29439527728451237,0.9246395372932383));
#764=DIRECTION('',(0,0,-1));
#765=DIRECTION('',(-0.6343954701024402,0.7730086594039576,0));
#766=FACE_SURFACE('',(#771),#767,.T.);
#767=PLANE('',#768);
#768=AXIS2_PLACEMENT_3D('',#56,#769,#770);
#769=DIRECTION('',(0.8819214052825151,0.4713964731566347,-0));
#770=DIRECTION('',(0,0,1));
#771=FACE_BOUND('',#772,.T.);
#772=EDGE_LOOP('',(#773,#774,#775));
#773=ORIENTED_EDGE('',*,*,#776,.T.);
#774=ORIENTED_EDGE('',*,*,#777,.T.);
#775=ORIENTED_EDGE('',*,*,#778,.T.);
#776=EDGE_CURVE('',#57,#55,#779,.F.);
#777=EDGE_CURVE('',#55,#59,#780,.T.);
#778=EDGE_CURVE('',#59,#57,#781,.T.);
#779=LINE('',#56,#782);
#780=LINE('',#54,#783);
#781=LINE('',#58,#784);
#782=VECTOR('',#785,1.0);
#783=VECTOR('',#786,1.0);
#784=VECTOR('',#787,1.0);
#785=DIRECTION('',(0,0,1));
#786=DIRECTION('',(0.47139647315663463,-0.8819214052825151,0));
#787=DIRECTION('',(-0.17952873257695037,0.3358748763278152,-0.9246391196737723));
#788=FACE_SURFACE('',(#793),#789,.T.);
#789=PLANE('',#790);
#790=AXIS2_PLACEMENT_3D('',#56,#791,#792);
#791=DIRECTION('',(0.8819214052825151,0.4713964731566347,0));
#792=DIRECTION('',(0.17952873257695037,-0.3358748763278152,0.9246391196737723));
#793=FACE_BOUND('',#794,.T.);
#794=EDGE_LOOP('',(#795,#796,#797));
#795=ORIENTED_EDGE('',*,*,#798,.T.);
#796=ORIENTED_EDGE('',*,*,#799,.T.);
#797=ORIENTED_EDGE('',*,*,#800,.T.);
#798=EDGE_CURVE('',#57,#59,#801,.F.);
#799=EDGE_CURVE('',#59,#61,#802,.T.);
#800=EDGE_CURVE('',#61,#57,#803,.T.);
#801=LINE('',#56,#804);
#802=LINE('',#58,#805);
#803=LINE('',#60,#806);
#804=VECTOR('',#807,1.0);
#805=VECTOR('',#808,1.0);
#806=VECTOR('',#809,1.0);
#807=DIRECTION('',(0.17952873257695037,-0.3358748763278152,0.9246391196737723));
#808=DIRECTION('',(0,0,-1));
#809=DIRECTION('',(-0.47139647315663463,0.8819214052825151,0));
#810=FACE_SURFACE('',(#815),#811,.T.);
#811=PLANE('',#812);
#812=AXIS2_PLACEMENT_3D('',#60,#813,#814);
#813=DIRECTION('',(0.9569391969246246,0.29028843137344384,-0));
#814=DIRECTION('',(0,0,1));
#815=FACE_BOUND('',#816,.T.);
#816=EDGE_LOOP('',(#817,#818,#819));
#817=ORIENTED_EDGE('',*,*,#820,.T.);
#818=ORIENTED_EDGE('',*,*,#821,.T.);
#819=ORIENTED_EDGE('',*,*,#822,.T.);
#820=EDGE_CURVE('',#61,#59,#823,.F.);
#821=EDGE_CURVE('',#59,#63,#824,.T.);
#822=EDGE_CURVE('',#63,#61,#825,.T.);
#823=LINE('',#60,#826);
#824=LINE('',#58,#827);
#825=LINE('',#62,#828);
#826=VECTOR('',#829,1.0);
#827=VECTOR('',#830,1.0);
#828=VECTOR('',#831,1.0);
#829=DIRECTION('',(0,0,1));
#830=DIRECTION('',(0.29028843137344384,-0.9569391969246246,0));
#831=DIRECTION('',(-0.11055379683139158,0.3644418796031916,-0.9246404568249522));
#832=FACE_SURFACE('',(#837),#833,.T.);
#833=PLANE('',#834);
#834=AXIS2_PLACEMENT_3D('',#60,#835,#836);
#835=DIRECTION('',(0.9569391969246246,0.29028843137344384,0));
#836=DIRECTION('',(0.11055379683139158,-0.3644418796031916,0.9246404568249522));
#837=FACE_BOUND('',#838,.T.);
#838=EDGE_LOOP('',(#839,#840,#841));
#839=ORIENTED_EDGE('',*,*,#842,.T.);
#840=ORIENTED_EDGE('',*,*,#843,.T.);
#841=ORIENTED_EDGE('',*,*,#844,.T.);
#842=EDGE_CURVE('',#61,#63,#845,.F.);
#843=EDGE_CURVE('',#63,#65,#846,.T.);
#844=EDGE_CURVE('',#65,#61,#847,.T.);
#845=LINE('',#60,#848);
#846=LINE('',#62,#849);
#847=LINE('',#64,#850);
#848=VECTOR('',#851,1.0);
#849=VECTOR('',#852,1.0);
#850=VECTOR('',#853,1.0);
#851=DIRECTION('',(0.11055379683139158,-0.3644418796031916,0.9246404568249522));
#852=DIRECTION('',(0,0,-1));
#853=DIRECTION('',(-0.29028843137344384,0.9569391969246246,0));
#854=FACE_SURFACE('',(#859),#855,.T.);
#855=PLANE('',#856);
#856=AXIS2_PLACEMENT_3D('',#64,#857,#858);
#857=DIRECTION('',(0.9951845152165802,0.09801928725072492,-0));
#858=DIRECTION('',(0,0,1));
#859=FACE_BOUND('',#860,.T.);
#860=EDGE_LOOP('',(#861,#862,#863));
#861=ORIENTED_EDGE('',*,*,#864,.T.);
#862=ORIENTED_EDGE('',*,*,#865,.T.);
#863=ORIENTED_EDGE('',*,*,#866,.T.);
#864=EDGE_CURVE('',#65,#63,#867,.F.);
#865=EDGE_CURVE('',#63,#67,#868,.T.);
#866=EDGE_CURVE('',#67,#65,#869,.T.);
#867=LINE('',#64,#870);
#868=LINE('',#62,#871);
#869=LINE('',#66,#872);
#870=VECTOR('',#873,1.0);
#871=VECTOR('',#874,1.0);
#872=VECTOR('',#875,1.0);
#873=DIRECTION('',(0,0,1));
#874=DIRECTION('',(0.09801928725072492,-0.9951845152165802,0));
#875=DIRECTION('',(-0.03732993192715339,0.37900877725181925,-0.9246398341778247));
#876=FACE_SURFACE('',(#881),#877,.T.);
#877=PLANE('',#878);
#878=AXIS2_PLACEMENT_3D('',#64,#879,#880);
#879=DIRECTION('',(0.9951845152165802,0.09801928725072492,0));
#880=DIRECTION('',(0.03732993192715339,-0.37900877725181925,0.9246398341778247));
#881=FACE_BOUND('',#882,.T.);
#882=EDGE_LOOP('',(#883,#884,#885));
#883=ORIENTED_EDGE('',*,*,#886,.T.);
#884=ORIENTED_EDGE('',*,*,#887,.T.);
#885=ORIENTED_EDGE('',*,*,#888,.T.);
#886=EDGE_CURVE('',#65,#67,#889,.F.);
#887=EDGE_CURVE('',#67,#69,#890,.T.);
#888=EDGE_CURVE('',#69,#65,#891,.T.);
#889=LINE('',#64,#892);
#890=LINE('',#66,#893);
#891=LINE('',#68,#894);
#892=VECTOR('',#895,1.0);
#893=VECTOR('',#896,1.0);
#894=VECTOR('',#897,1.0);
#895=DIRECTION('',(0.03732993192715339,-0.37900877725181925,0.9246398341778247));
#896=DIRECTION('',(0,0,-1));
#897=DIRECTION('',(-0.09801928725072492,0.9951845152165802,0));
#898=FACE_SURFACE('',(#903),#899,.T.);
#899=PLANE('',#900);
#900=AXIS2_PLACEMENT_3D('',#68,#901,#902);
#901=DIRECTION('',(0.9951849561607358,-0.09801481026535999,0));
#902=DIRECTION('',(0,0,1));
#903=FACE_BOUND('',#904,.T.);
#904=EDGE_LOOP('',(#905,#906,#907));
#905=ORIENTED_EDGE('',*,*,#908,.T.);
#906=ORIENTED_EDGE('',*,*,#909,.T.);
#907=ORIENTED_EDGE('',*,*,#910,.T.);
#908=EDGE_CURVE('',#69,#67,#911,.F.);
#909=EDGE_CURVE('',#67,#71,#912,.T.);
#910=EDGE_CURVE('',#71,#69,#913,.T.);
#911=LINE('',#68,#914);
#912=LINE('',#66,#915);
#913=LINE('',#70,#916);
#914=VECTOR('',#917,1.0);
#915=VECTOR('',#918,1.0);
#916=VECTOR('',#919,1.0);
#917=DIRECTION('',(0,0,1));
#918=DIRECTION('',(-0.09801481026535999,-0.9951849561607358,0));
#919=DIRECTION('',(0.037328432071299794,0.37901102837266254,-0.9246389719944728));
#920=FACE_SURFACE('',(#925),#921,.T.);
#921=PLANE('',#922);
#922=AXIS2_PLACEMENT_3D('',#68,#923,#924);
#923=DIRECTION('',(0.9951849561607358,-0.09801481026535999,0));
#924=DIRECTION('',(-0.037328432071299794,-0.37901102837266254,0.9246389719944728));
#925=FACE_BOUND('',#926,.T.);
#926=EDGE_LOOP('',(#927,#928,#929));
#927=ORIENTED_EDGE('',*,*,#930,.T.);
#928=ORIENTED_EDGE('',*,*,#931,.T.);
#929=ORIENTED_EDGE('',*,*,#932,.T.);
#930=EDGE_CURVE('',#69,#71,#933,.F.);
#931=EDGE_CURVE('',#71,#73,#934,.T.);
#932=EDGE_CURVE('',#73,#69,#935,.T.);
#933=LINE('',#68,#936);
#934=LINE('',#70,#937);
#935=LINE('',#72,#938);
#936=VECTOR('',#939,1.0);
#937=VECTOR('',#940,1.0);
#938=VECTOR('',#941,1.0);
#939=DIRECTION('',(-0.037328432071299794,-0.37901102837266254,0.9246389719944728));
#940=DIRECTION('',(0,0,-1));
#941=DIRECTION('',(0.09801481026535999,0.9951849561607358,0));
#942=FACE_SURFACE('',(#947),#943,.T.);
#943=PLANE('',#944);
#944=AXIS2_PLACEMENT_3D('',#72,#945,#946);
#945=DIRECTION('',(0.9569409605467527,-0.290282617508969,0));
#946=DIRECTION('',(0,0,1));
#947=FACE_BOUND('',#948,.T.);
#948=EDGE_LOOP('',(#949,#950,#951));
#949=ORIENTED_EDGE('',*,*,#952,.T.);
#950=ORIENTED_EDGE('',*,*,#953,.T.);
#951=ORIENTED_EDGE('',*,*,#954,.T.);
#952=EDGE_CURVE('',#73,#71,#955,.F.);
#953=EDGE_CURVE('',#71,#75,#956,.T.);
#954=EDGE_CURVE('',#75,#73,#957,.T.);
#955=LINE('',#72,#958);
#956=LINE('',#70,#959);
#957=LINE('',#74,#960);
#958=VECTOR('',#961,1.0);
#959=VECTOR('',#962,1.0);
#960=VECTOR('',#963,1.0);
#961=DIRECTION('',(0,0,1));
#962=DIRECTION('',(-0.29028261750896894,-0.9569409605467526,0));
#963=DIRECTION('',(0.11055208395696266,0.3644442037903024,-0.9246397455530587));
#964=FACE_SURFACE('',(#969),#965,.T.);
#965=PLANE('',#966);
#966=AXIS2_PLACEMENT_3D('',#72,#967,#968);
#967=DIRECTION('',(0.9569409605467527,-0.290282617508969,0));
#968=DIRECTION('',(-0.11055208395696266,-0.3644442037903024,0.9246397455530587));
#969=FACE_BOUND('',#970,.T.);
#970=EDGE_LOOP('',(#971,#972,#973));
#971=ORIENTED_EDGE('',*,*,#974,.T.);
#972=ORIENTED_EDGE('',*,*,#975,.T.);
#973=ORIENTED_EDGE('',*,*,#976,.T.);
#974=EDGE_CURVE('',#73,#75,#977,.F.);
#975=EDGE_CURVE('',#75,#77,#978,.T.);
#976=EDGE_CURVE('',#77,#73,#979,.T.);
#977=LINE('',#72,#980);
#978=LINE('',#74,#981);
#979=LINE('',#76,#982);
#980=VECTOR('',#983,1.0);
#981=VECTOR('',#984,1.0);
#982=VECTOR('',#985,1.0);
#983=DIRECTION('',(-0.11055208395696266,-0.3644442037903024,0.9246397455530587));
#984=DIRECTION('',(0,0,-1));
#985=DIRECTION('',(0.29028261750896894,0.9569409605467526,0));
#986=FACE_SURFACE('',(#991),#987,.T.);
#987=PLANE('',#988);
#988=AXIS2_PLACEMENT_3D('',#76,#989,#990);
#989=DIRECTION('',(0.8819228268493612,-0.47139381358056837,0));
#990=DIRECTION('',(0,0,1));
#991=FACE_BOUND('',#992,.T.);
#992=EDGE_LOOP('',(#993,#994,#995));
#993=ORIENTED_EDGE('',*,*,#996,.T.);
#994=ORIENTED_EDGE('',*,*,#997,.T.);
#995=ORIENTED_EDGE('',*,*,#998,.T.);
#996=EDGE_CURVE('',#77,#75,#999,.F.);
#997=EDGE_CURVE('',#75,#79,#1000,.T.);
#998=EDGE_CURVE('',#79,#77,#1001,.T.);
#999=LINE('',#76,#1002);
#1000=LINE('',#74,#1003);
#1001=LINE('',#78,#1004);
#1002=VECTOR('',#1005,1.0);
#1003=VECTOR('',#1006,1.0);
#1004=VECTOR('',#1007,1.0);
#1005=DIRECTION('',(0,0,1));
#1006=DIRECTION('',(-0.47139381358056837,-0.8819228268493612,0));
#1007=DIRECTION('',(0.17952747228463423,0.3358749548530595,-0.9246393358480619));
#1008=FACE_SURFACE('',(#1013),#1009,.T.);
#1009=PLANE('',#1010);
#1010=AXIS2_PLACEMENT_3D('',#76,#1011,#1012);
#1011=DIRECTION('',(0.8819228268493612,-0.47139381358056837,0));
#1012=DIRECTION('',(-0.17952747228463423,-0.3358749548530595,0.9246393358480619));
#1013=FACE_BOUND('',#1014,.T.);
#1014=EDGE_LOOP('',(#1015,#1016,#1017));
#1015=ORIENTED_EDGE('',*,*,#1018,.T.);
#1016=ORIENTED_EDGE('',*,*,#1019,.T.);
#1017=ORIENTED_EDGE('',*,*,#1020,.T.);
#1018=EDGE_CURVE('',#77,#79,#1021,.F.);
#1019=EDGE_CURVE('',#79,#81,#1022,.T.);
#1020=EDGE_CURVE('',#81,#77,#1023,.T.);
#1021=LINE('',#76,#1024);
#1022=LINE('',#78,#1025);
#1023=LINE('',#80,#1026);
#1024=VECTOR('',#1027,1.0);
#1025=VECTOR('',#1028,1.0);
#1026=VECTOR('',#1029,1.0);
#1027=DIRECTION('',(-0.17952747228463423,-0.3358749548530595,0.9246393358480619));
#1028=DIRECTION('',(0,0,-1));
#1029=DIRECTION('',(0.47139381358056837,0.8819228268493612,0));
#1030=FACE_SURFACE('',(#1035),#1031,.T.);
#1031=PLANE('',#1032);
#1032=AXIS2_PLACEMENT_3D('',#80,#1033,#1034);
#1033=DIRECTION('',(0.7730103362671277,-0.6343934268450312,0));
#1034=DIRECTION('',(0,0,1));
#1035=FACE_BOUND('',#1036,.T.);
#1036=EDGE_LOOP('',(#1037,#1038,#1039));
#1037=ORIENTED_EDGE('',*,*,#1040,.T.);
#1038=ORIENTED_EDGE('',*,*,#1041,.T.);
#1039=ORIENTED_EDGE('',*,*,#1042,.T.);
#1040=EDGE_CURVE('',#81,#79,#1043,.F.);
#1041=EDGE_CURVE('',#79,#83,#1044,.T.);
#1042=EDGE_CURVE('',#83,#81,#1045,.T.);
#1043=LINE('',#80,#1046);
#1044=LINE('',#78,#1047);
#1045=LINE('',#82,#1048);
#1046=VECTOR('',#1049,1.0);
#1047=VECTOR('',#1050,1.0);
#1048=VECTOR('',#1051,1.0);
#1049=DIRECTION('',(0,0,1));
#1050=DIRECTION('',(-0.6343934268450313,-0.7730103362671278,0));
#1051=DIRECTION('',(0.24160412714158092,0.294395369911141,-0.9246398282158503));
#1052=FACE_SURFACE('',(#1057),#1053,.T.);
#1053=PLANE('',#1054);
#1054=AXIS2_PLACEMENT_3D('',#80,#1055,#1056);
#1055=DIRECTION('',(0.7730103362671277,-0.6343934268450312,0));
#1056=DIRECTION('',(-0.24160412714158092,-0.294395369911141,0.9246398282158503));
#1057=FACE_BOUND('',#1058,.T.);
#1058=EDGE_LOOP('',(#1059,#1060,#1061));
#1059=ORIENTED_EDGE('',*,*,#1062,.T.);
#1060=ORIENTED_EDGE('',*,*,#1063,.T.);
#1061=ORIENTED_EDGE('',*,*,#1064,.T.);
#1062=EDGE_CURVE('',#81,#83,#1065,.F.);
#1063=EDGE_CURVE('',#83,#85,#1066,.T.);
#1064=EDGE_CURVE('',#85,#81,#1067,.T.);
#1065=LINE('',#80,#1068);
#1066=LINE('',#82,#1069);
#1067=LINE('',#84,#1070);
#1068=VECTOR('',#1071,1.0);
#1069=VECTOR('',#1072,1.0);
#1070=VECTOR('',#1073,1.0);
#1071=DIRECTION('',(-0.24160412714158092,-0.294395369911141,0.9246398282158503));
#1072=DIRECTION('',(0,0,-1));
#1073=DIRECTION('',(0.6343934268450313,0.7730103362671278,0));
#1074=FACE_SURFACE('',(#1079),#1075,.T.);
#1075=PLANE('',#1076);
#1076=AXIS2_PLACEMENT_3D('',#84,#1077,#1078);
#1077=DIRECTION('',(0.6343978277579728,-0.7730067245088916,0));
#1078=DIRECTION('',(0,0,1));
#1079=FACE_BOUND('',#1080,.T.);
#1080=EDGE_LOOP('',(#1081,#1082,#1083));
#1081=ORIENTED_EDGE('',*,*,#1084,.T.);
#1082=ORIENTED_EDGE('',*,*,#1085,.T.);
#1083=ORIENTED_EDGE('',*,*,#1086,.T.);
#1084=EDGE_CURVE('',#85,#83,#1087,.F.);
#1085=EDGE_CURVE('',#83,#87,#1088,.T.);
#1086=EDGE_CURVE('',#87,#85,#1089,.T.);
#1087=LINE('',#84,#1090);
#1088=LINE('',#82,#1091);
#1089=LINE('',#86,#1092);
#1090=VECTOR('',#1093,1.0);
#1091=VECTOR('',#1094,1.0);
#1092=VECTOR('',#1095,1.0);
#1093=DIRECTION('',(0,0,1));
#1094=DIRECTION('',(-0.7730067245088916,-0.6343978277579727,0));
#1095=DIRECTION('',(0.2943949616450584,0.24160659700492487,-0.9246393128359319));
#1096=FACE_SURFACE('',(#1101),#1097,.T.);
#1097=PLANE('',#1098);
#1098=AXIS2_PLACEMENT_3D('',#84,#1099,#1100);
#1099=DIRECTION('',(0.6343978277579728,-0.7730067245088916,0));
#1100=DIRECTION('',(-0.2943949616450584,-0.24160659700492487,0.9246393128359319));
#1101=FACE_BOUND('',#1102,.T.);
#1102=EDGE_LOOP('',(#1103,#1104,#1105));
#1103=ORIENTED_EDGE('',*,*,#1106,.T.);
#1104=ORIENTED_EDGE('',*,*,#1107,.T.);
#1105=ORIENTED_EDGE('',*,*,#1108,.T.);
#1106=EDGE_CURVE('',#85,#87,#1109,.F.);
#1107=EDGE_CURVE('',#87,#89,#1110,.T.);
#1108=EDGE_CURVE('',#89,#85,#1111,.T.);
#1109=LINE('',#84,#1112);
#1110=LINE('',#86,#1113);
#1111=LINE('',#88,#1114);
#1112=VECTOR('',#1115,1.0);
#1113=VECTOR('',#1116,1.0);
#1114=VECTOR('',#1117,1.0);
#1115=DIRECTION('',(-0.2943949616450584,-0.24160659700492487,0.9246393128359319));
#1116=DIRECTION('',(0,0,-1));
#1117=DIRECTION('',(0.7730067245088916,0.6343978277579727,0));
#1118=FACE_SURFACE('',(#1123),#1119,.T.);
#1119=PLANE('',#1120);
#1120=AXIS2_PLACEMENT_3D('',#88,#1121,#1122);
#1121=DIRECTION('',(0.4713960118394036,-0.8819216518613797,0));
#1122=DIRECTION('',(0,0,1));
#1123=FACE_BOUND('',#1124,.T.);
#1124=EDGE_LOOP('',(#1125,#1126,#1127));
#1125=ORIENTED_EDGE('',*,*,#1128,.T.);
#1126=ORIENTED_EDGE('',*,*,#1129,.T.);
#1127=ORIENTED_EDGE('',*,*,#1130,.T.);
#1128=EDGE_CURVE('',#89,#87,#1131,.F.);
#1129=EDGE_CURVE('',#87,#91,#1132,.T.);
#1130=EDGE_CURVE('',#91,#89,#1133,.T.);
#1131=LINE('',#88,#1134);
#1132=LINE('',#86,#1135);
#1133=LINE('',#90,#1136);
#1134=VECTOR('',#1137,1.0);
#1135=VECTOR('',#1138,1.0);
#1136=VECTOR('',#1139,1.0);
#1137=DIRECTION('',(0,0,1));
#1138=DIRECTION('',(-0.8819216518613798,-0.4713960118394037,0));
#1139=DIRECTION('',(0.335873428634278,0.17952773288517854,-0.9246398396470716));
#1140=FACE_SURFACE('',(#1145),#1141,.T.);
#1141=PLANE('',#1142);
#1142=AXIS2_PLACEMENT_3D('',#88,#1143,#1144);
#1143=DIRECTION('',(0.4713960118394036,-0.8819216518613797,0));
#1144=DIRECTION('',(-0.335873428634278,-0.17952773288517854,0.9246398396470716));
#1145=FACE_BOUND('',#1146,.T.);
#1146=EDGE_LOOP('',(#1147,#1148,#1149));
#1147=ORIENTED_EDGE('',*,*,#1150,.T.);
#1148=ORIENTED_EDGE('',*,*,#1151,.T.);
#1149=ORIENTED_EDGE('',*,*,#1152,.T.);
#1150=EDGE_CURVE('',#89,#91,#1153,.F.);
#1151=EDGE_CURVE('',#91,#93,#1154,.T.);
#1152=EDGE_CURVE('',#93,#89,#1155,.T.);
#1153=LINE('',#88,#1156);
#1154=LINE('',#90,#1157);
#1155=LINE('',#92,#1158);
#1156=VECTOR('',#1159,1.0);
#1157=VECTOR('',#1160,1.0);
#1158=VECTOR('',#1161,1.0);
#1159=DIRECTION('',(-0.335873428634278,-0.17952773288517854,0.9246398396470716));
#1160=DIRECTION('',(0,0,-1));
#1161=DIRECTION('',(0.8819216518613798,0.4713960118394037,0));
#1162=FACE_SURFACE('',(#1167),#1163,.T.);
#1163=PLANE('',#1164);
#1164=AXIS2_PLACEMENT_3D('',#92,#1165,#1166);
#1165=DIRECTION('',(0.2902884886697547,-0.9569391795437314,0));
#1166=DIRECTION('',(0,0,1));
#1167=FACE_BOUND('',#1168,.T.);
#1168=EDGE_LOOP('',(#1169,#1170,#1171));
#1169=ORIENTED_EDGE('',*,*,#1172,.T.);
#1170=ORIENTED_EDGE('',*,*,#1173,.T.);
#1171=ORIENTED_EDGE('',*,*,#1174,.T.);
#1172=EDGE_CURVE('',#93,#91,#1175,.F.);
#1173=EDGE_CURVE('',#91,#95,#1176,.T.);
#1174=EDGE_CURVE('',#95,#93,#1177,.T.);
#1175=LINE('',#92,#1178);
#1176=LINE('',#90,#1179);
#1177=LINE('',#94,#1180);
#1178=VECTOR('',#1181,1.0);
#1179=VECTOR('',#1182,1.0);
#1180=VECTOR('',#1183,1.0);
#1181=DIRECTION('',(0,0,1));
#1182=DIRECTION('',(-0.9569391795437313,-0.29028848866975465,0));
#1183=DIRECTION('',(0.36444410541107625,0.11055449586129878,-0.9246394959528683));
#1184=FACE_SURFACE('',(#1189),#1185,.T.);
#1185=PLANE('',#1186);
#1186=AXIS2_PLACEMENT_3D('',#92,#1187,#1188);
#1187=DIRECTION('',(0.2902884886697547,-0.9569391795437314,0));
#1188=DIRECTION('',(-0.36444410541107625,-0.11055449586129878,0.9246394959528683));
#1189=FACE_BOUND('',#1190,.T.);
#1190=EDGE_LOOP('',(#1191,#1192,#1193));
#1191=ORIENTED_EDGE('',*,*,#1194,.T.);
#1192=ORIENTED_EDGE('',*,*,#1195,.T.);
#1193=ORIENTED_EDGE('',*,*,#1196,.T.);
#1194=EDGE_CURVE('',#93,#95,#1197,.F.);
#1195=EDGE_CURVE('',#95,#97,#1198,.T.);
#1196=EDGE_CURVE('',#97,#93,#1199,.T.);
#1197=LINE('',#92,#1200);
#1198=LINE('',#94,#1201);
#1199=LINE('',#96,#1202);
#1200=VECTOR('',#1203,1.0);
#1201=VECTOR('',#1204,1.0);
#1202=VECTOR('',#1205,1.0);
#1203=DIRECTION('',(-0.36444410541107625,-0.11055449586129878,0.9246394959528683));
#1204=DIRECTION('',(0,0,-1));
#1205=DIRECTION('',(0.9569391795437313,0.29028848866975465,0));
#1206=FACE_SURFACE('',(#1211),#1207,.T.);
#1207=PLANE('',#1208);
#1208=AXIS2_PLACEMENT_3D('',#96,#1209,#1210);
#1209=DIRECTION('',(0.09801450562462131,-0.9951849861644623,0));
#1210=DIRECTION('',(0,0,1));
#1211=FACE_BOUND('',#1212,.T.);
#1212=EDGE_LOOP('',(#1213,#1214,#1215));
#1213=ORIENTED_EDGE('',*,*,#1216,.T.);
#1214=ORIENTED_EDGE('',*,*,#1217,.T.);
#1215=ORIENTED_EDGE('',*,*,#1218,.T.);
#1216=EDGE_CURVE('',#97,#95,#1219,.F.);
#1217=EDGE_CURVE('',#95,#99,#1220,.T.);
#1218=EDGE_CURVE('',#99,#97,#1221,.T.);
#1219=LINE('',#96,#1222);
#1220=LINE('',#94,#1223);
#1221=LINE('',#98,#1224);
#1222=VECTOR('',#1225,1.0);
#1223=VECTOR('',#1226,1.0);
#1224=VECTOR('',#1227,1.0);
#1225=DIRECTION('',(0,0,1));
#1226=DIRECTION('',(-0.9951849861644623,-0.09801450562462131,0));
#1227=DIRECTION('',(0.37900922078473415,0.037328136898007416,-0.9246397248419906));
#1228=FACE_SURFACE('',(#1233),#1229,.T.);
#1229=PLANE('',#1230);
#1230=AXIS2_PLACEMENT_3D('',#96,#1231,#1232);
#1231=DIRECTION('',(0.09801450562462131,-0.9951849861644623,0));
#1232=DIRECTION('',(-0.37900922078473415,-0.037328136898007416,0.9246397248419906));
#1233=FACE_BOUND('',#1234,.T.);
#1234=EDGE_LOOP('',(#1235,#1236,#1237));
#1235=ORIENTED_EDGE('',*,*,#1238,.T.);
#1236=ORIENTED_EDGE('',*,*,#1239,.T.);
#1237=ORIENTED_EDGE('',*,*,#1240,.T.);
#1238=EDGE_CURVE('',#97,#99,#1241,.F.);
#1239=EDGE_CURVE('',#99,#101,#1242,.T.);
#1240=EDGE_CURVE('',#101,#97,#1243,.T.);
#1241=LINE('',#96,#1244);
#1242=LINE('',#98,#1245);
#1243=LINE('',#100,#1246);
#1244=VECTOR('',#1247,1.0);
#1245=VECTOR('',#1248,1.0);
#1246=VECTOR('',#1249,1.0);
#1247=DIRECTION('',(-0.37900922078473415,-0.037328136898007416,0.9246397248419906));
#1248=DIRECTION('',(0,0,-1));
#1249=DIRECTION('',(0.9951849861644623,0.09801450562462131,0));
#1250=FACE_SURFACE('',(#1255),#1251,.T.);
#1251=PLANE('',#1252);
#1252=AXIS2_PLACEMENT_3D('',#100,#1253,#1254);
#1253=DIRECTION('',(-0.0980144222397297,-0.995184994376931,0));
#1254=DIRECTION('',(0,0,1));
#1255=FACE_BOUND('',#1256,.T.);
#1256=EDGE_LOOP('',(#1257,#1258,#1259));
#1257=ORIENTED_EDGE('',*,*,#1260,.T.);
#1258=ORIENTED_EDGE('',*,*,#1261,.T.);
#1259=ORIENTED_EDGE('',*,*,#1262,.T.);
#1260=EDGE_CURVE('',#101,#99,#1263,.F.);
#1261=EDGE_CURVE('',#99,#103,#1264,.T.);
#1262=EDGE_CURVE('',#103,#101,#1265,.T.);
#1263=LINE('',#100,#1266);
#1264=LINE('',#98,#1267);
#1265=LINE('',#102,#1268);
#1266=VECTOR('',#1269,1.0);
#1267=VECTOR('',#1270,1.0);
#1268=VECTOR('',#1271,1.0);
#1269=DIRECTION('',(0,0,1));
#1270=DIRECTION('',(-0.9951849943769308,0.09801442223972967,0));
#1271=DIRECTION('',(0.37900949958409197,-0.03732813229198843,-0.9246396107482137));
#1272=FACE_SURFACE('',(#1277),#1273,.T.);
#1273=PLANE('',#1274);
#1274=AXIS2_PLACEMENT_3D('',#100,#1275,#1276);
#1275=DIRECTION('',(-0.0980144222397297,-0.995184994376931,0));
#1276=DIRECTION('',(-0.37900949958409197,0.03732813229198843,0.9246396107482137));
#1277=FACE_BOUND('',#1278,.T.);
#1278=EDGE_LOOP('',(#1279,#1280,#1281));
#1279=ORIENTED_EDGE('',*,*,#1282,.T.);
#1280=ORIENTED_EDGE('',*,*,#1283,.T.);
#1281=ORIENTED_EDGE('',*,*,#1284,.T.);
#1282=EDGE_CURVE('',#101,#103,#1285,.F.);
#1283=EDGE_CURVE('',#103,#105,#1286,.T.);
#1284=EDGE_CURVE('',#105,#101,#1287,.T.);
#1285=LINE('',#100,#1288);
#1286=LINE('',#102,#1289);
#1287=LINE('',#104,#1290);
#1288=VECTOR('',#1291,1.0);
#1289=VECTOR('',#1292,1.0);
#1290=VECTOR('',#1293,1.0);
#1291=DIRECTION('',(-0.37900949958409197,0.03732813229198843,0.9246396107482137));
#1292=DIRECTION('',(0,0,-1));
#1293=DIRECTION('',(0.9951849943769308,-0.09801442223972967,0));
#1294=FACE_SURFACE('',(#1299),#1295,.T.);
#1295=PLANE('',#1296);
#1296=AXIS2_PLACEMENT_3D('',#104,#1297,#1298);
#1297=DIRECTION('',(-0.2902817511681281,-0.956941223345909,0));
#1298=DIRECTION('',(0,0,1));
#1299=FACE_BOUND('',#1300,.T.);
#1300=EDGE_LOOP('',(#1301,#1302,#1303));
#1301=ORIENTED_EDGE('',*,*,#1304,.T.);
#1302=ORIENTED_EDGE('',*,*,#1305,.T.);
#1303=ORIENTED_EDGE('',*,*,#1306,.T.);
#1304=EDGE_CURVE('',#105,#103,#1307,.F.);
#1305=EDGE_CURVE('',#103,#107,#1308,.T.);
#1306=EDGE_CURVE('',#107,#105,#1309,.T.);
#1307=LINE('',#104,#1310);
#1308=LINE('',#102,#1311);
#1309=LINE('',#106,#1312);
#1310=VECTOR('',#1313,1.0);
#1311=VECTOR('',#1314,1.0);
#1312=VECTOR('',#1315,1.0);
#1313=DIRECTION('',(0,0,1));
#1314=DIRECTION('',(-0.956941223345909,0.2902817511681281,0));
#1315=DIRECTION('',(0.36444477499821387,-0.1105518969291127,-0.9246395427743052));
#1316=FACE_SURFACE('',(#1321),#1317,.T.);
#1317=PLANE('',#1318);
#1318=AXIS2_PLACEMENT_3D('',#104,#1319,#1320);
#1319=DIRECTION('',(-0.2902817511681281,-0.956941223345909,0));
#1320=DIRECTION('',(-0.36444477499821387,0.1105518969291127,0.9246395427743052));
#1321=FACE_BOUND('',#1322,.T.);
#1322=EDGE_LOOP('',(#1323,#1324,#1325));
#1323=ORIENTED_EDGE('',*,*,#1326,.T.);
#1324=ORIENTED_EDGE('',*,*,#1327,.T.);
#1325=ORIENTED_EDGE('',*,*,#1328,.T.);
#1326=EDGE_CURVE('',#105,#107,#1329,.F.);
#1327=EDGE_CURVE('',#107,#109,#1330,.T.);
#1328=EDGE_CURVE('',#109,#105,#1331,.T.);
#1329=LINE('',#104,#1332);
#1330=LINE('',#106,#1333);
#1331=LINE('',#108,#1334);
#1332=VECTOR('',#1335,1.0);
#1333=VECTOR('',#1336,1.0);
#1334=VECTOR('',#1337,1.0);
#1335=DIRECTION('',(-0.36444477499821387,0.1105518969291127,0.9246395427743052));
#1336=DIRECTION('',(0,0,-1));
#1337=DIRECTION('',(0.956941223345909,-0.2902817511681281,0));
#1338=FACE_SURFACE('',(#1343),#1339,.T.);
#1339=PLANE('',#1340);
#1340=AXIS2_PLACEMENT_3D('',#108,#1341,#1342);
#1341=DIRECTION('',(-0.47139556759751167,-0.8819218893130047,0));
#1342=DIRECTION('',(0,0,1));
#1343=FACE_BOUND('',#1344,.T.);
#1344=EDGE_LOOP('',(#1345,#1346,#1347));
#1345=ORIENTED_EDGE('',*,*,#1348,.T.);
#1346=ORIENTED_EDGE('',*,*,#1349,.T.);
#1347=ORIENTED_EDGE('',*,*,#1350,.T.);
#1348=EDGE_CURVE('',#109,#107,#1351,.F.);
#1349=EDGE_CURVE('',#107,#111,#1352,.T.);
#1350=EDGE_CURVE('',#111,#109,#1353,.T.);
#1351=LINE('',#108,#1354);
#1352=LINE('',#106,#1355);
#1353=LINE('',#110,#1356);
#1354=VECTOR('',#1357,1.0);
#1355=VECTOR('',#1358,1.0);
#1356=VECTOR('',#1359,1.0);
#1357=DIRECTION('',(0,0,1));
#1358=DIRECTION('',(-0.8819218893130049,0.47139556759751167,0));
#1359=DIRECTION('',(0.33587378968288495,-0.17952770834617277,-0.9246397132613484));
#1360=FACE_SURFACE('',(#1365),#1361,.T.);
#1361=PLANE('',#1362);
#1362=AXIS2_PLACEMENT_3D('',#108,#1363,#1364);
#1363=DIRECTION('',(-0.47139556759751167,-0.8819218893130047,0));
#1364=DIRECTION('',(-0.33587378968288495,0.17952770834617277,0.9246397132613484));
#1365=FACE_BOUND('',#1366,.T.);
#1366=EDGE_LOOP('',(#1367,#1368,#1369));
#1367=ORIENTED_EDGE('',*,*,#1370,.T.);
#1368=ORIENTED_EDGE('',*,*,#1371,.T.);
#1369=ORIENTED_EDGE('',*,*,#1372,.T.);
#1370=EDGE_CURVE('',#109,#111,#1373,.F.);
#1371=EDGE_CURVE('',#111,#113,#1374,.T.);
#1372=EDGE_CURVE('',#113,#109,#1375,.T.);
#1373=LINE('',#108,#1376);
#1374=LINE('',#110,#1377);
#1375=LINE('',#112,#1378);
#1376=VECTOR('',#1379,1.0);
#1377=VECTOR('',#1380,1.0);
#1378=VECTOR('',#1381,1.0);
#1379=DIRECTION('',(-0.33587378968288495,0.17952770834617277,0.9246397132613484));
#1380=DIRECTION('',(0,0,-1));
#1381=DIRECTION('',(0.8819218893130049,-0.47139556759751167,0));
#1382=FACE_SURFACE('',(#1387),#1383,.T.);
#1383=PLANE('',#1384);
#1384=AXIS2_PLACEMENT_3D('',#112,#1385,#1386);
#1385=DIRECTION('',(-0.6343925884137125,-0.7730110243494266,0));
#1386=DIRECTION('',(0,0,1));
#1387=FACE_BOUND('',#1388,.T.);
#1388=EDGE_LOOP('',(#1389,#1390,#1391));
#1389=ORIENTED_EDGE('',*,*,#1392,.T.);
#1390=ORIENTED_EDGE('',*,*,#1393,.T.);
#1391=ORIENTED_EDGE('',*,*,#1394,.T.);
#1392=EDGE_CURVE('',#113,#111,#1395,.F.);
#1393=EDGE_CURVE('',#111,#115,#1396,.T.);
#1394=EDGE_CURVE('',#115,#113,#1397,.T.);
#1395=LINE('',#112,#1398);
#1396=LINE('',#110,#1399);
#1397=LINE('',#114,#1400);
#1398=VECTOR('',#1401,1.0);
#1399=VECTOR('',#1402,1.0);
#1400=VECTOR('',#1403,1.0);
#1401=DIRECTION('',(0,0,1));
#1402=DIRECTION('',(-0.7730110243494266,0.6343925884137125,0));
#1403=DIRECTION('',(0.29439596461097844,-0.24160408082833165,-0.9246396509710518));
#1404=FACE_SURFACE('',(#1409),#1405,.T.);
#1405=PLANE('',#1406);
#1406=AXIS2_PLACEMENT_3D('',#112,#1407,#1408);
#1407=DIRECTION('',(-0.6343925884137125,-0.7730110243494266,0));
#1408=DIRECTION('',(-0.29439596461097844,0.24160408082833165,0.9246396509710518));
#1409=FACE_BOUND('',#1410,.T.);
#1410=EDGE_LOOP('',(#1411,#1412,#1413));
#1411=ORIENTED_EDGE('',*,*,#1414,.T.);
#1412=ORIENTED_EDGE('',*,*,#1415,.T.);
#1413=ORIENTED_EDGE('',*,*,#1416,.T.);
#1414=EDGE_CURVE('',#113,#115,#1417,.F.);
#1415=EDGE_CURVE('',#115,#117,#1418,.T.);
#1416=EDGE_CURVE('',#117,#113,#1419,.T.);
#1417=LINE('',#112,#1420);
#1418=LINE('',#114,#1421);
#1419=LINE('',#116,#1422);
#1420=VECTOR('',#1423,1.0);
#1421=VECTOR('',#1424,1.0);
#1422=VECTOR('',#1425,1.0);
#1423=DIRECTION('',(-0.29439596461097844,0.24160408082833165,0.9246396509710518));
#1424=DIRECTION('',(0,0,-1));
#1425=DIRECTION('',(0.7730110243494266,-0.6343925884137125,0));
#1426=FACE_SURFACE('',(#1431),#1427,.T.);
#1427=PLANE('',#1428);
#1428=AXIS2_PLACEMENT_3D('',#116,#1429,#1430);
#1429=DIRECTION('',(-0.7730086594039576,-0.6343954701024402,0));
#1430=DIRECTION('',(0,0,1));
#1431=FACE_BOUND('',#1432,.T.);
#1432=EDGE_LOOP('',(#1433,#1434,#1435));
#1433=ORIENTED_EDGE('',*,*,#1436,.T.);
#1434=ORIENTED_EDGE('',*,*,#1437,.T.);
#1435=ORIENTED_EDGE('',*,*,#1438,.T.);
#1436=EDGE_CURVE('',#117,#115,#1439,.F.);
#1437=EDGE_CURVE('',#115,#119,#1440,.T.);
#1438=EDGE_CURVE('',#119,#117,#1441,.T.);
#1439=LINE('',#116,#1442);
#1440=LINE('',#114,#1443);
#1441=LINE('',#118,#1444);
#1442=VECTOR('',#1445,1.0);
#1443=VECTOR('',#1446,1.0);
#1444=VECTOR('',#1447,1.0);
#1445=DIRECTION('',(0,0,1));
#1446=DIRECTION('',(-0.6343954701024402,0.7730086594039576,0));
#1447=DIRECTION('',(0.24160535339002995,-0.29439527728451237,-0.9246395372932383));
#1448=FACE_SURFACE('',(#1453),#1449,.T.);
#1449=PLANE('',#1450);
#1450=AXIS2_PLACEMENT_3D('',#116,#1451,#1452);
#1451=DIRECTION('',(-0.7730086594039576,-0.6343954701024402,0));
#1452=DIRECTION('',(-0.24160535339002995,0.29439527728451237,0.9246395372932383));
#1453=FACE_BOUND('',#1454,.T.);
#1454=EDGE_LOOP('',(#1455,#1456,#1457));
#1455=ORIENTED_EDGE('',*,*,#1458,.T.);
#1456=ORIENTED_EDGE('',*,*,#1459,.T.);
#1457=ORIENTED_EDGE('',*,*,#1460,.T.);
#1458=EDGE_CURVE('',#117,#119,#1461,.F.);
#1459=EDGE_CURVE('',#119,#121,#1462,.T.);
#1460=EDGE_CURVE('',#121,#117,#1463,.T.);
#1461=LINE('',#116,#1464);
#1462=LINE('',#118,#1465);
#1463=LINE('',#120,#1466);
#1464=VECTOR('',#1467,1.0);
#1465=VECTOR('',#1468,1.0);
#1466=VECTOR('',#1469,1.0);
#1467=DIRECTION('',(-0.24160535339002995,0.29439527728451237,0.9246395372932383));
#1468=DIRECTION('',(0,0,-1));
#1469=DIRECTION('',(0.6343954701024402,-0.7730086594039576,0));
#1470=FACE_SURFACE('',(#1475),#1471,.T.);
#1471=PLANE('',#1472);
#1472=AXIS2_PLACEMENT_3D('',#120,#1473,#1474);
#1473=DIRECTION('',(-0.8819197078834676,-0.4713996487554261,0));
#1474=DIRECTION('',(0,0,1));
#1475=FACE_BOUND('',#1476,.T.);
#1476=EDGE_LOOP('',(#1477,#1478,#1479));
#1477=ORIENTED_EDGE('',*,*,#1480,.T.);
#1478=ORIENTED_EDGE('',*,*,#1481,.T.);
#1479=ORIENTED_EDGE('',*,*,#1482,.T.);
#1480=EDGE_CURVE('',#121,#119,#1483,.F.);
#1481=EDGE_CURVE('',#119,#123,#1484,.T.);
#1482=EDGE_CURVE('',#123,#121,#1485,.T.);
#1483=LINE('',#120,#1486);
#1484=LINE('',#118,#1487);
#1485=LINE('',#122,#1488);
#1486=VECTOR('',#1489,1.0);
#1487=VECTOR('',#1490,1.0);
#1488=VECTOR('',#1491,1.0);
#1489=DIRECTION('',(0,0,1));
#1490=DIRECTION('',(-0.47139964875542606,0.8819197078834676,0));
#1491=DIRECTION('',(0.17952904716415674,-0.3358725558019159,-0.9246399015202723));
#1492=FACE_SURFACE('',(#1497),#1493,.T.);
#1493=PLANE('',#1494);
#1494=AXIS2_PLACEMENT_3D('',#120,#1495,#1496);
#1495=DIRECTION('',(-0.8819197078834676,-0.4713996487554261,0));
#1496=DIRECTION('',(-0.17952904716415674,0.3358725558019159,0.9246399015202723));
#1497=FACE_BOUND('',#1498,.T.);
#1498=EDGE_LOOP('',(#1499,#1500,#1501));
#1499=ORIENTED_EDGE('',*,*,#1502,.T.);
#1500=ORIENTED_EDGE('',*,*,#1503,.T.);
#1501=ORIENTED_EDGE('',*,*,#1504,.T.);
#1502=EDGE_CURVE('',#121,#123,#1505,.F.);
#1503=EDGE_CURVE('',#123,#125,#1506,.T.);
#1504=EDGE_CURVE('',#125,#121,#1507,.T.);
#1505=LINE('',#120,#1508);
#1506=LINE('',#122,#1509);
#1507=LINE('',#124,#1510);
#1508=VECTOR('',#1511,1.0);
#1509=VECTOR('',#1512,1.0);
#1510=VECTOR('',#1513,1.0);
#1511=DIRECTION('',(-0.17952904716415674,0.3358725558019159,0.9246399015202723));
#1512=DIRECTION('',(0,0,-1));
#1513=DIRECTION('',(0.47139964875542606,-0.8819197078834676,0));
#1514=FACE_SURFACE('',(#1519),#1515,.T.);
#1515=PLANE('',#1516);
#1516=AXIS2_PLACEMENT_3D('',#124,#1517,#1518);
#1517=DIRECTION('',(-0.9569401294156672,-0.29028535738808176,0));
#1518=DIRECTION('',(0,0,1));
#1519=FACE_BOUND('',#1520,.T.);
#1520=EDGE_LOOP('',(#1521,#1522,#1523));
#1521=ORIENTED_EDGE('',*,*,#1524,.T.);
#1522=ORIENTED_EDGE('',*,*,#1525,.T.);
#1523=ORIENTED_EDGE('',*,*,#1526,.T.);
#1524=EDGE_CURVE('',#125,#123,#1527,.F.);
#1525=EDGE_CURVE('',#123,#127,#1528,.T.);
#1526=EDGE_CURVE('',#127,#125,#1529,.T.);
#1527=LINE('',#124,#1530);
#1528=LINE('',#122,#1531);
#1529=LINE('',#126,#1532);
#1530=VECTOR('',#1533,1.0);
#1531=VECTOR('',#1534,1.0);
#1532=VECTOR('',#1535,1.0);
#1533=DIRECTION('',(0,0,1));
#1534=DIRECTION('',(-0.29028535738808176,0.9569401294156671,0));
#1535=DIRECTION('',(0.11055320951256258,-0.36444415788025736,-0.9246396290736307));
#1536=FACE_SURFACE('',(#1541),#1537,.T.);
#1537=PLANE('',#1538);
#1538=AXIS2_PLACEMENT_3D('',#124,#1539,#1540);
#1539=DIRECTION('',(-0.9569401294156672,-0.29028535738808176,0));
#1540=DIRECTION('',(-0.11055320951256258,0.36444415788025736,0.9246396290736307));
#1541=FACE_BOUND('',#1542,.T.);
#1542=EDGE_LOOP('',(#1543,#1544,#1545));
#1543=ORIENTED_EDGE('',*,*,#1546,.T.);
#1544=ORIENTED_EDGE('',*,*,#1547,.T.);
#1545=ORIENTED_EDGE('',*,*,#1548,.T.);
#1546=EDGE_CURVE('',#125,#127,#1549,.F.);
#1547=EDGE_CURVE('',#127,#129,#1550,.T.);
#1548=EDGE_CURVE('',#129,#125,#1551,.T.);
#1549=LINE('',#124,#1552);
#1550=LINE('',#126,#1553);
#1551=LINE('',#128,#1554);
#1552=VECTOR('',#1555,1.0);
#1553=VECTOR('',#1556,1.0);
#1554=VECTOR('',#1557,1.0);
#1555=DIRECTION('',(-0.11055320951256258,0.36444415788025736,0.9246396290736307));
#1556=DIRECTION('',(0,0,-1));
#1557=DIRECTION('',(0.29028535738808176,-0.9569401294156671,0));
#1558=FACE_SURFACE('',(#1563),#1559,.T.);
#1559=PLANE('',#1560);
#1560=AXIS2_PLACEMENT_3D('',#128,#1561,#1562);
#1561=DIRECTION('',(-0.9951844558395176,-0.09801989010095401,0));
#1562=DIRECTION('',(0,0,1));
#1563=FACE_BOUND('',#1564,.T.);
#1564=EDGE_LOOP('',(#1565,#1566,#1567));
#1565=ORIENTED_EDGE('',*,*,#1568,.T.);
#1566=ORIENTED_EDGE('',*,*,#1569,.T.);
#1567=ORIENTED_EDGE('',*,*,#1570,.T.);
#1568=EDGE_CURVE('',#129,#127,#1571,.F.);
#1569=EDGE_CURVE('',#127,#131,#1572,.T.);
#1570=EDGE_CURVE('',#131,#129,#1573,.T.);
#1571=LINE('',#128,#1574);
#1572=LINE('',#126,#1575);
#1573=LINE('',#130,#1576);
#1574=VECTOR('',#1577,1.0);
#1575=VECTOR('',#1578,1.0);
#1576=VECTOR('',#1579,1.0);
#1577=DIRECTION('',(0,0,1));
#1578=DIRECTION('',(-0.09801989010095401,0.9951844558395176,0));
#1579=DIRECTION('',(0.03733038274578708,-0.3790110007355074,-0.9246389045706017));
#1580=FACE_SURFACE('',(#1585),#1581,.T.);
#1581=PLANE('',#1582);
#1582=AXIS2_PLACEMENT_3D('',#128,#1583,#1584);
#1583=DIRECTION('',(-0.9951844558395176,-0.09801989010095401,0));
#1584=DIRECTION('',(-0.03733038274578708,0.3790110007355074,0.9246389045706017));
#1585=FACE_BOUND('',#1586,.T.);
#1586=EDGE_LOOP('',(#1587,#1588,#1589));
#1587=ORIENTED_EDGE('',*,*,#1590,.T.);
#1588=ORIENTED_EDGE('',*,*,#1591,.T.);
#1589=ORIENTED_EDGE('',*,*,#1592,.T.);
#1590=EDGE_CURVE('',#129,#131,#1593,.F.);
#1591=EDGE_CURVE('',#131,#133,#1594,.T.);
#1592=EDGE_CURVE('',#133,#129,#1595,.T.);
#1593=LINE('',#128,#1596);
#1594=LINE('',#130,#1597);
#1595=LINE('',#132,#1598);
#1596=VECTOR('',#1599,1.0);
#1597=VECTOR('',#1600,1.0);
#1598=VECTOR('',#1601,1.0);
#1599=DIRECTION('',(-0.03733038274578708,0.3790110007355074,0.9246389045706017));
#1600=DIRECTION('',(0,0,-1));
#1601=DIRECTION('',(0.09801989010095401,-0.9951844558395176,0));
#1602=FACE_SURFACE('',(#1607),#1603,.T.);
#1603=PLANE('',#1604);
#1604=AXIS2_PLACEMENT_3D('',#132,#1605,#1606);
#1605=DIRECTION('',(-0.9951848070739595,0.09801632399333253,0));
#1606=DIRECTION('',(0,0,1));
#1607=FACE_BOUND('',#1608,.T.);
#1608=EDGE_LOOP('',(#1609,#1610,#1611));
#1609=ORIENTED_EDGE('',*,*,#1612,.T.);
#1610=ORIENTED_EDGE('',*,*,#1613,.T.);
#1611=ORIENTED_EDGE('',*,*,#1614,.T.);
#1612=EDGE_CURVE('',#133,#131,#1615,.F.);
#1613=EDGE_CURVE('',#131,#135,#1616,.T.);
#1614=EDGE_CURVE('',#135,#133,#1617,.T.);
#1615=LINE('',#132,#1618);
#1616=LINE('',#130,#1619);
#1617=LINE('',#134,#1620);
#1618=VECTOR('',#1621,1.0);
#1619=VECTOR('',#1622,1.0);
#1620=VECTOR('',#1623,1.0);
#1621=DIRECTION('',(0,0,1));
#1622=DIRECTION('',(0.09801632399333254,0.9951848070739596,0));
#1623=DIRECTION('',(-0.03732879403257197,-0.37900879337339505,-0.9246398735084471));
#1624=FACE_SURFACE('',(#1629),#1625,.T.);
#1625=PLANE('',#1626);
#1626=AXIS2_PLACEMENT_3D('',#132,#1627,#1628);
#1627=DIRECTION('',(-0.9951848070739595,0.09801632399333253,0));
#1628=DIRECTION('',(0.03732879403257197,0.37900879337339505,0.9246398735084471));
#1629=FACE_BOUND('',#1630,.T.);
#1630=EDGE_LOOP('',(#1631,#1632,#1633));
#1631=ORIENTED_EDGE('',*,*,#1634,.T.);
#1632=ORIENTED_EDGE('',*,*,#1635,.T.);
#1633=ORIENTED_EDGE('',*,*,#1636,.T.);
#1634=EDGE_CURVE('',#133,#135,#1637,.F.);
#1635=EDGE_CURVE('',#135,#137,#1638,.T.);
#1636=EDGE_CURVE('',#137,#133,#1639,.T.);
#1637=LINE('',#132,#1640);
#1638=LINE('',#134,#1641);
#1639=LINE('',#136,#1642);
#1640=VECTOR('',#1643,1.0);
#1641=VECTOR('',#1644,1.0);
#1642=VECTOR('',#1645,1.0);
#1643=DIRECTION('',(0.03732879403257197,0.37900879337339505,0.9246398735084471));
#1644=DIRECTION('',(0,0,-1));
#1645=DIRECTION('',(-0.09801632399333254,-0.9951848070739596,0));
#1646=FACE_SURFACE('',(#1651),#1647,.T.);
#1647=PLANE('',#1648);
#1648=AXIS2_PLACEMENT_3D('',#136,#1649,#1650);
#1649=DIRECTION('',(-0.9569413167438299,0.2902814432728781,0));
#1650=DIRECTION('',(0,0,1));
#1651=FACE_BOUND('',#1652,.T.);
#1652=EDGE_LOOP('',(#1653,#1654,#1655));
#1653=ORIENTED_EDGE('',*,*,#1656,.T.);
#1654=ORIENTED_EDGE('',*,*,#1657,.T.);
#1655=ORIENTED_EDGE('',*,*,#1658,.T.);
#1656=EDGE_CURVE('',#137,#135,#1659,.F.);
#1657=EDGE_CURVE('',#135,#139,#1660,.T.);
#1658=EDGE_CURVE('',#139,#137,#1661,.T.);
#1659=LINE('',#136,#1662);
#1660=LINE('',#134,#1663);
#1661=LINE('',#138,#1664);
#1662=VECTOR('',#1665,1.0);
#1663=VECTOR('',#1666,1.0);
#1664=VECTOR('',#1667,1.0);
#1665=DIRECTION('',(0,0,1));
#1666=DIRECTION('',(0.2902814432728781,0.9569413167438299,0));
#1667=DIRECTION('',(-0.11055160157586105,-0.3644442234658965,-0.9246397954724596));
#1668=FACE_SURFACE('',(#1673),#1669,.T.);
#1669=PLANE('',#1670);
#1670=AXIS2_PLACEMENT_3D('',#136,#1671,#1672);
#1671=DIRECTION('',(-0.9569413167438299,0.2902814432728781,0));
#1672=DIRECTION('',(0.11055160157586105,0.3644442234658965,0.9246397954724596));
#1673=FACE_BOUND('',#1674,.T.);
#1674=EDGE_LOOP('',(#1675,#1676,#1677));
#1675=ORIENTED_EDGE('',*,*,#1678,.T.);
#1676=ORIENTED_EDGE('',*,*,#1679,.T.);
#1677=ORIENTED_EDGE('',*,*,#1680,.T.);
#1678=EDGE_CURVE('',#137,#139,#1681,.F.);
#1679=EDGE_CURVE('',#139,#141,#1682,.T.);
#1680=EDGE_CURVE('',#141,#137,#1683,.T.);
#1681=LINE('',#136,#1684);
#1682=LINE('',#138,#1685);
#1683=LINE('',#140,#1686);
#1684=VECTOR('',#1687,1.0);
#1685=VECTOR('',#1688,1.0);
#1686=VECTOR('',#1689,1.0);
#1687=DIRECTION('',(0.11055160157586105,0.3644442234658965,0.9246397954724596));
#1688=DIRECTION('',(0,0,-1));
#1689=DIRECTION('',(-0.2902814432728781,-0.9569413167438299,0));
#1690=FACE_SURFACE('',(#1695),#1691,.T.);
#1691=PLANE('',#1692);
#1692=AXIS2_PLACEMENT_3D('',#140,#1693,#1694);
#1693=DIRECTION('',(-0.8819211294654418,0.47139698917409245,0));
#1694=DIRECTION('',(0,0,1));
#1695=FACE_BOUND('',#1696,.T.);
#1696=EDGE_LOOP('',(#1697,#1698,#1699));
#1697=ORIENTED_EDGE('',*,*,#1700,.T.);
#1698=ORIENTED_EDGE('',*,*,#1701,.T.);
#1699=ORIENTED_EDGE('',*,*,#1702,.T.);
#1700=EDGE_CURVE('',#141,#139,#1703,.F.);
#1701=EDGE_CURVE('',#139,#143,#1704,.T.);
#1702=EDGE_CURVE('',#143,#141,#1705,.T.);
#1703=LINE('',#140,#1706);
#1704=LINE('',#138,#1707);
#1705=LINE('',#142,#1708);
#1706=VECTOR('',#1709,1.0);
#1707=VECTOR('',#1710,1.0);
#1708=VECTOR('',#1711,1.0);
#1709=DIRECTION('',(0,0,1));
#1710=DIRECTION('',(0.47139698917409245,0.8819211294654419,0));
#1711=DIRECTION('',(-0.17952778687092202,-0.3358726343268217,-0.9246401176953063));
#1712=FACE_SURFACE('',(#1717),#1713,.T.);
#1713=PLANE('',#1714);
#1714=AXIS2_PLACEMENT_3D('',#140,#1715,#1716);
#1715=DIRECTION('',(-0.8819211294654418,0.47139698917409245,0));
#1716=DIRECTION('',(0.17952778687092202,0.3358726343268217,0.9246401176953063));
#1717=FACE_BOUND('',#1718,.T.);
#1718=EDGE_LOOP('',(#1719,#1720,#1721));
#1719=ORIENTED_EDGE('',*,*,#1722,.T.);
#1720=ORIENTED_EDGE('',*,*,#1723,.T.);
#1721=ORIENTED_EDGE('',*,*,#1724,.T.);
#1722=EDGE_CURVE('',#141,#143,#1725,.F.);
#1723=EDGE_CURVE('',#143,#145,#1726,.T.);
#1724=EDGE_CURVE('',#145,#141,#1727,.T.);
#1725=LINE('',#140,#1728);
#1726=LINE('',#142,#1729);
#1727=LINE('',#144,#1730);
#1728=VECTOR('',#1731,1.0);
#1729=VECTOR('',#1732,1.0);
#1730=VECTOR('',#1733,1.0);
#1731=DIRECTION('',(0.17952778687092202,0.3358726343268217,0.9246401176953063));
#1732=DIRECTION('',(0,0,-1));
#1733=DIRECTION('',(-0.47139698917409245,-0.8819211294654419,0));
#1734=FACE_SURFACE('',(#1739),#1735,.T.);
#1735=PLANE('',#1736);
#1736=AXIS2_PLACEMENT_3D('',#144,#1737,#1738);
#1737=DIRECTION('',(-0.7730130885799543,0.6343900731285758,0));
#1738=DIRECTION('',(0,0,1));
#1739=FACE_BOUND('',#1740,.T.);
#1740=EDGE_LOOP('',(#1741,#1742,#1743));
#1741=ORIENTED_EDGE('',*,*,#1744,.T.);
#1742=ORIENTED_EDGE('',*,*,#1745,.T.);
#1743=ORIENTED_EDGE('',*,*,#1746,.T.);
#1744=EDGE_CURVE('',#145,#143,#1747,.F.);
#1745=EDGE_CURVE('',#143,#147,#1748,.T.);
#1746=EDGE_CURVE('',#147,#145,#1749,.T.);
#1747=LINE('',#144,#1750);
#1748=LINE('',#142,#1751);
#1749=LINE('',#146,#1752);
#1750=VECTOR('',#1753,1.0);
#1751=VECTOR('',#1754,1.0);
#1752=VECTOR('',#1755,1.0);
#1753=DIRECTION('',(0,0,1));
#1754=DIRECTION('',(0.6343900731285758,0.7730130885799543,0));
#1755=DIRECTION('',(-0.2416039418881291,-0.29439774870843866,-0.9246391192349157));
#1756=FACE_SURFACE('',(#1761),#1757,.T.);
#1757=PLANE('',#1758);
#1758=AXIS2_PLACEMENT_3D('',#144,#1759,#1760);
#1759=DIRECTION('',(-0.7730130885799543,0.6343900731285758,0));
#1760=DIRECTION('',(0.2416039418881291,0.29439774870843866,0.9246391192349157));
#1761=FACE_BOUND('',#1762,.T.);
#1762=EDGE_LOOP('',(#1763,#1764,#1765));
#1763=ORIENTED_EDGE('',*,*,#1766,.T.);
#1764=ORIENTED_EDGE('',*,*,#1767,.T.);
#1765=ORIENTED_EDGE('',*,*,#1768,.T.);
#1766=EDGE_CURVE('',#145,#147,#1769,.F.);
#1767=EDGE_CURVE('',#147,#149,#1770,.T.);
#1768=EDGE_CURVE('',#149,#145,#1771,.T.);
#1769=LINE('',#144,#1772);
#1770=LINE('',#146,#1773);
#1771=LINE('',#148,#1774);
#1772=VECTOR('',#1775,1.0);
#1773=VECTOR('',#1776,1.0);
#1774=VECTOR('',#1777,1.0);
#1775=DIRECTION('',(0.2416039418881291,0.29439774870843866,0.9246391192349157));
#1776=DIRECTION('',(0,0,-1));
#1777=DIRECTION('',(-0.6343900731285758,-0.7730130885799543,0));
#1778=FACE_SURFACE('',(#1783),#1779,.T.);
#1779=PLANE('',#1780);
#1780=AXIS2_PLACEMENT_3D('',#148,#1781,#1782);
#1781=DIRECTION('',(-0.6343934268450312,0.7730103362671277,0));
#1782=DIRECTION('',(0,0,1));
#1783=FACE_BOUND('',#1784,.T.);
#1784=EDGE_LOOP('',(#1785,#1786,#1787));
#1785=ORIENTED_EDGE('',*,*,#1788,.T.);
#1786=ORIENTED_EDGE('',*,*,#1789,.T.);
#1787=ORIENTED_EDGE('',*,*,#1790,.T.);
#1788=EDGE_CURVE('',#149,#147,#1791,.F.);
#1789=EDGE_CURVE('',#147,#151,#1792,.T.);
#1790=EDGE_CURVE('',#151,#149,#1793,.T.);
#1791=LINE('',#148,#1794);
#1792=LINE('',#146,#1795);
#1793=LINE('',#150,#1796);
#1794=VECTOR('',#1797,1.0);
#1795=VECTOR('',#1798,1.0);
#1796=VECTOR('',#1799,1.0);
#1797=DIRECTION('',(0,0,1));
#1798=DIRECTION('',(0.7730103362671278,0.6343934268450313,0));
#1799=DIRECTION('',(-0.294395369911141,-0.24160412714158092,-0.9246398282158503));
#1800=FACE_SURFACE('',(#1805),#1801,.T.);
#1801=PLANE('',#1802);
#1802=AXIS2_PLACEMENT_3D('',#148,#1803,#1804);
#1803=DIRECTION('',(-0.6343934268450312,0.7730103362671277,0));
#1804=DIRECTION('',(0.294395369911141,0.24160412714158092,0.9246398282158503));
#1805=FACE_BOUND('',#1806,.T.);
#1806=EDGE_LOOP('',(#1807,#1808,#1809));
#1807=ORIENTED_EDGE('',*,*,#1810,.T.);
#1808=ORIENTED_EDGE('',*,*,#1811,.T.);
#1809=ORIENTED_EDGE('',*,*,#1812,.T.);
#1810=EDGE_CURVE('',#149,#151,#1813,.F.);
#1811=EDGE_CURVE('',#151,#153,#1814,.T.);
#1812=EDGE_CURVE('',#153,#149,#1815,.T.);
#1813=LINE('',#148,#1816);
#1814=LINE('',#150,#1817);
#1815=LINE('',#152,#1818);
#1816=VECTOR('',#1819,1.0);
#1817=VECTOR('',#1820,1.0);
#1818=VECTOR('',#1821,1.0);
#1819=DIRECTION('',(0.294395369911141,0.24160412714158092,0.9246398282158503));
#1820=DIRECTION('',(0,0,-1));
#1821=DIRECTION('',(-0.7730103362671278,-0.6343934268450313,0));
#1822=FACE_SURFACE('',(#1827),#1823,.T.);
#1823=PLANE('',#1824);
#1824=AXIS2_PLACEMENT_3D('',#152,#1825,#1826);
#1825=DIRECTION('',(-0.4713962783848834,0.8819215093900826,0));
#1826=DIRECTION('',(0,0,1));
#1827=FACE_BOUND('',#1828,.T.);
#1828=EDGE_LOOP('',(#1829,#1830,#1831));
#1829=ORIENTED_EDGE('',*,*,#1832,.T.);
#1830=ORIENTED_EDGE('',*,*,#1833,.T.);
#1831=ORIENTED_EDGE('',*,*,#1834,.T.);
#1832=EDGE_CURVE('',#153,#151,#1835,.F.);
#1833=EDGE_CURVE('',#151,#155,#1836,.T.);
#1834=EDGE_CURVE('',#155,#153,#1837,.T.);
#1835=LINE('',#152,#1838);
#1836=LINE('',#150,#1839);
#1837=LINE('',#154,#1840);
#1838=VECTOR('',#1841,1.0);
#1839=VECTOR('',#1842,1.0);
#1840=VECTOR('',#1843,1.0);
#1841=DIRECTION('',(0,0,1));
#1842=DIRECTION('',(0.8819215093900825,0.47139627838488335,0));
#1843=DIRECTION('',(-0.33587321200504283,-0.1795277476085726,-0.9246399154784571));
#1844=FACE_SURFACE('',(#1849),#1845,.T.);
#1845=PLANE('',#1846);
#1846=AXIS2_PLACEMENT_3D('',#152,#1847,#1848);
#1847=DIRECTION('',(-0.4713962783848834,0.8819215093900826,0));
#1848=DIRECTION('',(0.33587321200504283,0.1795277476085726,0.9246399154784571));
#1849=FACE_BOUND('',#1850,.T.);
#1850=EDGE_LOOP('',(#1851,#1852,#1853));
#1851=ORIENTED_EDGE('',*,*,#1854,.T.);
#1852=ORIENTED_EDGE('',*,*,#1855,.T.);
#1853=ORIENTED_EDGE('',*,*,#1856,.T.);
#1854=EDGE_CURVE('',#153,#155,#1857,.F.);
#1855=EDGE_CURVE('',#155,#157,#1858,.T.);
#1856=EDGE_CURVE('',#157,#153,#1859,.T.);
#1857=LINE('',#152,#1860);
#1858=LINE('',#154,#1861);
#1859=LINE('',#156,#1862);
#1860=VECTOR('',#1863,1.0);
#1861=VECTOR('',#1864,1.0);
#1862=VECTOR('',#1865,1.0);
#1863=DIRECTION('',(0.33587321200504283,0.1795277476085726,0.9246399154784571));
#1864=DIRECTION('',(0,0,-1));
#1865=DIRECTION('',(-0.8819215093900825,-0.47139627838488335,0));
#1866=FACE_SURFACE('',(#1871),#1867,.T.);
#1867=PLANE('',#1868);
#1868=AXIS2_PLACEMENT_3D('',#156,#1869,#1870);
#1869=DIRECTION('',(-0.2902884886697547,0.9569391795437314,0));
#1870=DIRECTION('',(0,0,1));
#1871=FACE_BOUND('',#1872,.T.);
#1872=EDGE_LOOP('',(#1873,#1874,#1875));
#1873=ORIENTED_EDGE('',*,*,#1876,.T.);
#1874=ORIENTED_EDGE('',*,*,#1877,.T.);
#1875=ORIENTED_EDGE('',*,*,#1878,.T.);
#1876=EDGE_CURVE('',#157,#155,#1879,.F.);
#1877=EDGE_CURVE('',#155,#159,#1880,.T.);
#1878=EDGE_CURVE('',#159,#157,#1881,.T.);
#1879=LINE('',#156,#1882);
#1880=LINE('',#154,#1883);
#1881=LINE('',#158,#1884);
#1882=VECTOR('',#1885,1.0);
#1883=VECTOR('',#1886,1.0);
#1884=VECTOR('',#1887,1.0);
#1885=DIRECTION('',(0,0,1));
#1886=DIRECTION('',(0.9569391795437313,0.29028848866975465,0));
#1887=DIRECTION('',(-0.36444410541107625,-0.11055449586129878,-0.9246394959528683));
#1888=FACE_SURFACE('',(#1893),#1889,.T.);
#1889=PLANE('',#1890);
#1890=AXIS2_PLACEMENT_3D('',#156,#1891,#1892);
#1891=DIRECTION('',(-0.2902884886697547,0.9569391795437314,0));
#1892=DIRECTION('',(0.36444410541107625,0.11055449586129878,0.9246394959528683));
#1893=FACE_BOUND('',#1894,.T.);
#1894=EDGE_LOOP('',(#1895,#1896,#1897));
#1895=ORIENTED_EDGE('',*,*,#1898,.T.);
#1896=ORIENTED_EDGE('',*,*,#1899,.T.);
#1897=ORIENTED_EDGE('',*,*,#1900,.T.);
#1898=EDGE_CURVE('',#157,#159,#1901,.F.);
#1899=EDGE_CURVE('',#159,#161,#1902,.T.);
#1900=EDGE_CURVE('',#161,#157,#1903,.T.);
#1901=LINE('',#156,#1904);
#1902=LINE('',#158,#1905);
#1903=LINE('',#160,#1906);
#1904=VECTOR('',#1907,1.0);
#1905=VECTOR('',#1908,1.0);
#1906=VECTOR('',#1909,1.0);
#1907=DIRECTION('',(0.36444410541107625,0.11055449586129878,0.9246394959528683));
#1908=DIRECTION('',(0,0,-1));
#1909=DIRECTION('',(-0.9569391795437313,-0.29028848866975465,0));
#1910=FACE_SURFACE('',(#1915),#1911,.T.);
#1911=PLANE('',#1912);
#1912=AXIS2_PLACEMENT_3D('',#160,#1913,#1914);
#1913=DIRECTION('',(-0.09802127877547406,0.9951843190621629,0));
#1914=DIRECTION('',(0,0,1));
#1915=FACE_BOUND('',#1916,.T.);
#1916=EDGE_LOOP('',(#1917,#1918,#1919));
#1917=ORIENTED_EDGE('',*,*,#1920,.T.);
#1918=ORIENTED_EDGE('',*,*,#1921,.T.);
#1919=ORIENTED_EDGE('',*,*,#1922,.T.);
#1920=EDGE_CURVE('',#161,#159,#1923,.F.);
#1921=EDGE_CURVE('',#159,#37,#1924,.T.);
#1922=EDGE_CURVE('',#37,#161,#1925,.T.);
#1923=LINE('',#160,#1926);
#1924=LINE('',#158,#1927);
#1925=LINE('',#36,#1928);
#1926=VECTOR('',#1929,1.0);
#1927=VECTOR('',#1930,1.0);
#1928=VECTOR('',#1931,1.0);
#1929=DIRECTION('',(0,0,1));
#1930=DIRECTION('',(0.9951843190621629,0.09802127877547406,0));
#1931=DIRECTION('',(-0.37900918393531113,-0.037330737799404046,-0.9246396349432797));
#1932=FACE_SURFACE('',(#1937),#1933,.T.);
#1933=PLANE('',#1934);
#1934=AXIS2_PLACEMENT_3D('',#160,#1935,#1936);
#1935=DIRECTION('',(-0.09802127877547406,0.9951843190621629,0));
#1936=DIRECTION('',(0.37900918393531113,0.037330737799404046,0.9246396349432797));
#1937=FACE_BOUND('',#1938,.T.);
#1938=EDGE_LOOP('',(#1939,#1940,#1941));
#1939=ORIENTED_EDGE('',*,*,#1942,.T.);
#1940=ORIENTED_EDGE('',*,*,#1943,.T.);
#1941=ORIENTED_EDGE('',*,*,#1944,.T.);
#1942=EDGE_CURVE('',#161,#37,#1945,.F.);
#1943=EDGE_CURVE('',#37,#35,#1946,.T.);
#1944=EDGE_CURVE('',#35,#161,#1947,.T.);
#1945=LINE('',#160,#1948);
#1946=LINE('',#36,#1949);
#1947=LINE('',#34,#1950);
#1948=VECTOR('',#1951,1.0);
#1949=VECTOR('',#1952,1.0);
#1950=VECTOR('',#1953,1.0);
#1951=DIRECTION('',(0.37900918393531113,0.037330737799404046,0.9246396349432797));
#1952=DIRECTION('',(0,0,-1));
#1953=DIRECTION('',(-0.9951843190621629,-0.09802127877547406,0));
#1954=FACE_SURFACE('',(#1959),#1955,.T.);
#1955=PLANE('',#1956);
#1956=AXIS2_PLACEMENT_3D('',#162,#1957,#1958);
#1957=DIRECTION('',(-0,0,-1));
#1958=DIRECTION('',(-0.9961835564302575,-0.08728299890565203,0));
#1959=FACE_BOUND('',#1960,.T.);
#1960=EDGE_LOOP('',(#1961,#1962,#1963));
#1961=ORIENTED_EDGE('',*,*,#1964,.T.);
#1962=ORIENTED_EDGE('',*,*,#1965,.T.);
#1963=ORIENTED_EDGE('',*,*,#1966,.T.);
#1964=EDGE_CURVE('',#163,#165,#1967,.F.);
#1965=EDGE_CURVE('',#165,#161,#1968,.T.);
#1966=EDGE_CURVE('',#161,#163,#1969,.T.);
#1967=LINE('',#162,#1970);
#1968=LINE('',#164,#1971);
#1969=LINE('',#160,#1972);
#1970=VECTOR('',#1973,1.0);
#1971=VECTOR('',#1974,1.0);
#1972=VECTOR('',#1975,1.0);
#1973=DIRECTION('',(-0.9961835564302575,-0.08728299890565203,0));
#1974=DIRECTION('',(-0.19219050032590082,0.9813576369420477,0));
#1975=DIRECTION('',(0.20437929275480432,-0.9788917737385712,0));
#1976=FACE_SURFACE('',(#1981),#1977,.T.);
#1977=PLANE('',#1978);
#1978=AXIS2_PLACEMENT_3D('',#160,#1979,#1980);
#1979=DIRECTION('',(0,0,-1));
#1980=DIRECTION('',(0.9951843190621629,0.09802127877547406,0));
#1981=FACE_BOUND('',#1982,.T.);
#1982=EDGE_LOOP('',(#1983,#1984,#1985));
#1983=ORIENTED_EDGE('',*,*,#1986,.T.);
#1984=ORIENTED_EDGE('',*,*,#1987,.T.);
#1985=ORIENTED_EDGE('',*,*,#1988,.T.);
#1986=EDGE_CURVE('',#161,#35,#1989,.F.);
#1987=EDGE_CURVE('',#35,#41,#1990,.T.);
#1988=EDGE_CURVE('',#41,#161,#1991,.T.);
#1989=LINE('',#160,#1992);
#1990=LINE('',#34,#1993);
#1991=LINE('',#40,#1994);
#1992=VECTOR('',#1995,1.0);
#1993=VECTOR('',#1996,1.0);
#1994=VECTOR('',#1997,1.0);
#1995=DIRECTION('',(0.9951843190621629,0.09802127877547406,0));
#1996=DIRECTION('',(0.9951849943769308,-0.09801442223972967,0));
#1997=DIRECTION('',(-0.999999999994097,-3.4359715295196235E-06,0));
#1998=FACE_SURFACE('',(#2003),#1999,.T.);
#1999=PLANE('',#2000);
#2000=AXIS2_PLACEMENT_3D('',#40,#2001,#2002);
#2001=DIRECTION('',(0,0,-1));
#2002=DIRECTION('',(0.9569411513126641,-0.29028198863242094,0));
#2003=FACE_BOUND('',#2004,.T.);
#2004=EDGE_LOOP('',(#2005,#2006,#2007));
#2005=ORIENTED_EDGE('',*,*,#2008,.T.);
#2006=ORIENTED_EDGE('',*,*,#2009,.T.);
#2007=ORIENTED_EDGE('',*,*,#2010,.T.);
#2008=EDGE_CURVE('',#41,#45,#2011,.F.);
#2009=EDGE_CURVE('',#45,#49,#2012,.T.);
#2010=EDGE_CURVE('',#49,#41,#2013,.T.);
#2011=LINE('',#40,#2014);
#2012=LINE('',#44,#2015);
#2013=LINE('',#48,#2016);
#2014=VECTOR('',#2017,1.0);
#2015=VECTOR('',#2018,1.0);
#2016=VECTOR('',#2019,1.0);
#2017=DIRECTION('',(0.9569411513126641,-0.29028198863242094,0));
#2018=DIRECTION('',(0.8819220792738215,-0.4713952122045148,0));
#2019=DIRECTION('',(-0.9238803952173533,0.3826813496017633,0));
#2020=FACE_SURFACE('',(#2025),#2021,.T.);
#2021=PLANE('',#2022);
#2022=AXIS2_PLACEMENT_3D('',#48,#2023,#2024);
#2023=DIRECTION('',(0,0,-1));
#2024=DIRECTION('',(0.773011196369575,-0.6343923788061125,0));
#2025=FACE_BOUND('',#2026,.T.);
#2026=EDGE_LOOP('',(#2027,#2028,#2029));
#2027=ORIENTED_EDGE('',*,*,#2030,.T.);
#2028=ORIENTED_EDGE('',*,*,#2031,.T.);
#2029=ORIENTED_EDGE('',*,*,#2032,.T.);
#2030=EDGE_CURVE('',#49,#53,#2033,.F.);
#2031=EDGE_CURVE('',#53,#57,#2034,.T.);
#2032=EDGE_CURVE('',#57,#49,#2035,.T.);
#2033=LINE('',#48,#2036);
#2034=LINE('',#52,#2037);
#2035=LINE('',#56,#2038);
#2036=VECTOR('',#2039,1.0);
#2037=VECTOR('',#2040,1.0);
#2038=VECTOR('',#2041,1.0);
#2039=DIRECTION('',(0.773011196369575,-0.6343923788061125,0));
#2040=DIRECTION('',(0.6343954701024402,-0.7730086594039576,0));
#2041=DIRECTION('',(-0.7071081770478622,0.7071053853224774,0));
#2042=FACE_SURFACE('',(#2047),#2043,.T.);
#2043=PLANE('',#2044);
#2044=AXIS2_PLACEMENT_3D('',#56,#2045,#2046);
#2045=DIRECTION('',(0,0,-1));
#2046=DIRECTION('',(0.47139647315663463,-0.8819214052825151,0));
#2047=FACE_BOUND('',#2048,.T.);
#2048=EDGE_LOOP('',(#2049,#2050,#2051));
#2049=ORIENTED_EDGE('',*,*,#2052,.T.);
#2050=ORIENTED_EDGE('',*,*,#2053,.T.);
#2051=ORIENTED_EDGE('',*,*,#2054,.T.);
#2052=EDGE_CURVE('',#57,#61,#2055,.F.);
#2053=EDGE_CURVE('',#61,#65,#2056,.T.);
#2054=EDGE_CURVE('',#65,#57,#2057,.T.);
#2055=LINE('',#56,#2058);
#2056=LINE('',#60,#2059);
#2057=LINE('',#64,#2060);
#2058=VECTOR('',#2061,1.0);
#2059=VECTOR('',#2062,1.0);
#2060=VECTOR('',#2063,1.0);
#2061=DIRECTION('',(0.47139647315663463,-0.8819214052825151,0));
#2062=DIRECTION('',(0.29028843137344384,-0.9569391969246246,0));
#2063=DIRECTION('',(-0.3826855600866956,0.9238786511772702,0));
#2064=FACE_SURFACE('',(#2069),#2065,.T.);
#2065=PLANE('',#2066);
#2066=AXIS2_PLACEMENT_3D('',#64,#2067,#2068);
#2067=DIRECTION('',(0,0,-1));
#2068=DIRECTION('',(0.09801928725072492,-0.9951845152165802,0));
#2069=FACE_BOUND('',#2070,.T.);
#2070=EDGE_LOOP('',(#2071,#2072,#2073));
#2071=ORIENTED_EDGE('',*,*,#2074,.T.);
#2072=ORIENTED_EDGE('',*,*,#2075,.T.);
#2073=ORIENTED_EDGE('',*,*,#2076,.T.);
#2074=EDGE_CURVE('',#65,#69,#2077,.F.);
#2075=EDGE_CURVE('',#69,#73,#2078,.T.);
#2076=EDGE_CURVE('',#73,#65,#2079,.T.);
#2077=LINE('',#64,#2080);
#2078=LINE('',#68,#2081);
#2079=LINE('',#72,#2082);
#2080=VECTOR('',#2083,1.0);
#2081=VECTOR('',#2084,1.0);
#2082=VECTOR('',#2085,1.0);
#2083=DIRECTION('',(0.09801928725072492,-0.9951845152165802,0));
#2084=DIRECTION('',(-0.09801481026535999,-0.9951849561607358,0));
#2085=DIRECTION('',(-1.9327306649588176E-06,0.9999999999981322,0));
#2086=FACE_SURFACE('',(#2091),#2087,.T.);
#2087=PLANE('',#2088);
#2088=AXIS2_PLACEMENT_3D('',#72,#2089,#2090);
#2089=DIRECTION('',(0,0,-1));
#2090=DIRECTION('',(-0.29028261750896894,-0.9569409605467526,0));
#2091=FACE_BOUND('',#2092,.T.);
#2092=EDGE_LOOP('',(#2093,#2094,#2095));
#2093=ORIENTED_EDGE('',*,*,#2096,.T.);
#2094=ORIENTED_EDGE('',*,*,#2097,.T.);
#2095=ORIENTED_EDGE('',*,*,#2098,.T.);
#2096=EDGE_CURVE('',#73,#77,#2099,.F.);
#2097=EDGE_CURVE('',#77,#81,#2100,.T.);
#2098=EDGE_CURVE('',#81,#73,#2101,.T.);
#2099=LINE('',#72,#2102);
#2100=LINE('',#76,#2103);
#2101=LINE('',#80,#2104);
#2102=VECTOR('',#2105,1.0);
#2103=VECTOR('',#2106,1.0);
#2104=VECTOR('',#2107,1.0);
#2105=DIRECTION('',(-0.29028261750896894,-0.9569409605467526,0));
#2106=DIRECTION('',(-0.47139381358056837,-0.8819228268493612,0));
#2107=DIRECTION('',(0.3826810459034906,0.9238805210124362,0));
#2108=FACE_SURFACE('',(#2113),#2109,.T.);
#2109=PLANE('',#2110);
#2110=AXIS2_PLACEMENT_3D('',#80,#2111,#2112);
#2111=DIRECTION('',(0,0,-1));
#2112=DIRECTION('',(-0.6343934268450313,-0.7730103362671278,0));
#2113=FACE_BOUND('',#2114,.T.);
#2114=EDGE_LOOP('',(#2115,#2116,#2117));
#2115=ORIENTED_EDGE('',*,*,#2118,.T.);
#2116=ORIENTED_EDGE('',*,*,#2119,.T.);
#2117=ORIENTED_EDGE('',*,*,#2120,.T.);
#2118=EDGE_CURVE('',#81,#85,#2121,.F.);
#2119=EDGE_CURVE('',#85,#89,#2122,.T.);
#2120=EDGE_CURVE('',#89,#81,#2123,.T.);
#2121=LINE('',#80,#2124);
#2122=LINE('',#84,#2125);
#2123=LINE('',#88,#2126);
#2124=VECTOR('',#2127,1.0);
#2125=VECTOR('',#2128,1.0);
#2126=VECTOR('',#2129,1.0);
#2127=DIRECTION('',(-0.6343934268450313,-0.7730103362671278,0));
#2128=DIRECTION('',(-0.7730067245088916,-0.6343978277579727,0));
#2129=DIRECTION('',(0.7071049021385467,0.7071086602295549,0));
#2130=FACE_SURFACE('',(#2135),#2131,.T.);
#2131=PLANE('',#2132);
#2132=AXIS2_PLACEMENT_3D('',#88,#2133,#2134);
#2133=DIRECTION('',(0,0,-1));
#2134=DIRECTION('',(-0.8819216518613798,-0.4713960118394037,0));
#2135=FACE_BOUND('',#2136,.T.);
#2136=EDGE_LOOP('',(#2137,#2138,#2139));
#2137=ORIENTED_EDGE('',*,*,#2140,.T.);
#2138=ORIENTED_EDGE('',*,*,#2141,.T.);
#2139=ORIENTED_EDGE('',*,*,#2142,.T.);
#2140=EDGE_CURVE('',#89,#93,#2143,.F.);
#2141=EDGE_CURVE('',#93,#97,#2144,.T.);
#2142=EDGE_CURVE('',#97,#89,#2145,.T.);
#2143=LINE('',#88,#2146);
#2144=LINE('',#92,#2147);
#2145=LINE('',#96,#2148);
#2146=VECTOR('',#2149,1.0);
#2147=VECTOR('',#2150,1.0);
#2148=VECTOR('',#2151,1.0);
#2149=DIRECTION('',(-0.8819216518613798,-0.4713960118394037,0));
#2150=DIRECTION('',(-0.9569391795437313,-0.29028848866975465,0));
#2151=DIRECTION('',(0.9238789759998108,0.38268477589987954,0));
#2152=FACE_SURFACE('',(#2157),#2153,.T.);
#2153=PLANE('',#2154);
#2154=AXIS2_PLACEMENT_3D('',#96,#2155,#2156);
#2155=DIRECTION('',(-0,0,-1));
#2156=DIRECTION('',(-0.9951849861644623,-0.09801450562462131,0));
#2157=FACE_BOUND('',#2158,.T.);
#2158=EDGE_LOOP('',(#2159,#2160,#2161));
#2159=ORIENTED_EDGE('',*,*,#2162,.T.);
#2160=ORIENTED_EDGE('',*,*,#2163,.T.);
#2161=ORIENTED_EDGE('',*,*,#2164,.T.);
#2162=EDGE_CURVE('',#97,#101,#2165,.F.);
#2163=EDGE_CURVE('',#101,#105,#2166,.T.);
#2164=EDGE_CURVE('',#105,#97,#2167,.T.);
#2165=LINE('',#96,#2168);
#2166=LINE('',#100,#2169);
#2167=LINE('',#104,#2170);
#2168=VECTOR('',#2171,1.0);
#2169=VECTOR('',#2172,1.0);
#2170=VECTOR('',#2173,1.0);
#2171=DIRECTION('',(-0.9951849861644623,-0.09801450562462131,0));
#2172=DIRECTION('',(-0.9951849943769308,0.09801442223972967,0));
#2173=DIRECTION('',(1,0,0));
#2174=FACE_SURFACE('',(#2179),#2175,.T.);
#2175=PLANE('',#2176);
#2176=AXIS2_PLACEMENT_3D('',#104,#2177,#2178);
#2177=DIRECTION('',(0,0,-1));
#2178=DIRECTION('',(-0.956941223345909,0.2902817511681281,0));
#2179=FACE_BOUND('',#2180,.T.);
#2180=EDGE_LOOP('',(#2181,#2182,#2183));
#2181=ORIENTED_EDGE('',*,*,#2184,.T.);
#2182=ORIENTED_EDGE('',*,*,#2185,.T.);
#2183=ORIENTED_EDGE('',*,*,#2186,.T.);
#2184=EDGE_CURVE('',#105,#109,#2187,.F.);
#2185=EDGE_CURVE('',#109,#113,#2188,.T.);
#2186=EDGE_CURVE('',#113,#105,#2189,.T.);
#2187=LINE('',#104,#2190);
#2188=LINE('',#108,#2191);
#2189=LINE('',#112,#2192);
#2190=VECTOR('',#2193,1.0);
#2191=VECTOR('',#2194,1.0);
#2192=VECTOR('',#2195,1.0);
#2193=DIRECTION('',(-0.956941223345909,0.2902817511681281,0));
#2194=DIRECTION('',(-0.8819218893130049,0.47139556759751167,0));
#2195=DIRECTION('',(0.9238803952173533,-0.3826813496017633,0));
#2196=FACE_SURFACE('',(#2201),#2197,.T.);
#2197=PLANE('',#2198);
#2198=AXIS2_PLACEMENT_3D('',#112,#2199,#2200);
#2199=DIRECTION('',(0,0,-1));
#2200=DIRECTION('',(-0.7730110243494266,0.6343925884137125,0));
#2201=FACE_BOUND('',#2202,.T.);
#2202=EDGE_LOOP('',(#2203,#2204,#2205));
#2203=ORIENTED_EDGE('',*,*,#2206,.T.);
#2204=ORIENTED_EDGE('',*,*,#2207,.T.);
#2205=ORIENTED_EDGE('',*,*,#2208,.T.);
#2206=EDGE_CURVE('',#113,#117,#2209,.F.);
#2207=EDGE_CURVE('',#117,#121,#2210,.T.);
#2208=EDGE_CURVE('',#121,#113,#2211,.T.);
#2209=LINE('',#112,#2212);
#2210=LINE('',#116,#2213);
#2211=LINE('',#120,#2214);
#2212=VECTOR('',#2215,1.0);
#2213=VECTOR('',#2216,1.0);
#2214=VECTOR('',#2217,1.0);
#2215=DIRECTION('',(-0.7730110243494266,0.6343925884137125,0));
#2216=DIRECTION('',(-0.6343954701024402,0.7730086594039576,0));
#2217=DIRECTION('',(0.7071080696742085,-0.7071054926965388,0));
#2218=FACE_SURFACE('',(#2223),#2219,.T.);
#2219=PLANE('',#2220);
#2220=AXIS2_PLACEMENT_3D('',#120,#2221,#2222);
#2221=DIRECTION('',(0,0,-1));
#2222=DIRECTION('',(-0.47139964875542606,0.8819197078834676,0));
#2223=FACE_BOUND('',#2224,.T.);
#2224=EDGE_LOOP('',(#2225,#2226,#2227));
#2225=ORIENTED_EDGE('',*,*,#2228,.T.);
#2226=ORIENTED_EDGE('',*,*,#2229,.T.);
#2227=ORIENTED_EDGE('',*,*,#2230,.T.);
#2228=EDGE_CURVE('',#121,#125,#2231,.F.);
#2229=EDGE_CURVE('',#125,#129,#2232,.T.);
#2230=EDGE_CURVE('',#129,#121,#2233,.T.);
#2231=LINE('',#120,#2234);
#2232=LINE('',#124,#2235);
#2233=LINE('',#128,#2236);
#2234=VECTOR('',#2237,1.0);
#2235=VECTOR('',#2238,1.0);
#2236=VECTOR('',#2239,1.0);
#2237=DIRECTION('',(-0.47139964875542606,0.8819197078834676,0));
#2238=DIRECTION('',(-0.29028535738808176,0.9569401294156671,0));
#2239=DIRECTION('',(0.3826851934888108,-0.92387880302799,0));
#2240=FACE_SURFACE('',(#2245),#2241,.T.);
#2241=PLANE('',#2242);
#2242=AXIS2_PLACEMENT_3D('',#128,#2243,#2244);
#2243=DIRECTION('',(0,0,-1));
#2244=DIRECTION('',(0.9893825908600933,0.14533440371422396,0));
#2245=FACE_BOUND('',#2246,.T.);
#2246=EDGE_LOOP('',(#2247,#2248,#2249));
#2247=ORIENTED_EDGE('',*,*,#2250,.T.);
#2248=ORIENTED_EDGE('',*,*,#2251,.T.);
#2249=ORIENTED_EDGE('',*,*,#2252,.T.);
#2250=EDGE_CURVE('',#129,#167,#2253,.F.);
#2251=EDGE_CURVE('',#167,#169,#2254,.T.);
#2252=EDGE_CURVE('',#169,#129,#2255,.T.);
#2253=LINE('',#128,#2256);
#2254=LINE('',#166,#2257);
#2255=LINE('',#168,#2258);
#2256=VECTOR('',#2259,1.0);
#2257=VECTOR('',#2260,1.0);
#2258=VECTOR('',#2261,1.0);
#2259=DIRECTION('',(0.9893825908600933,0.14533440371422396,0));
#2260=DIRECTION('',(0.2588185950511071,-0.9659259468798688,0));
#2261=DIRECTION('',(-0.9998651667674323,-0.016420970895010434,0));
#2262=FACE_SURFACE('',(#2267),#2263,.T.);
#2263=PLANE('',#2264);
#2264=AXIS2_PLACEMENT_3D('',#170,#2265,#2266);
#2265=DIRECTION('',(0,0,-1));
#2266=DIRECTION('',(0.42262165912912125,-0.9063062028006588,0));
#2267=FACE_BOUND('',#2268,.T.);
#2268=EDGE_LOOP('',(#2269,#2270,#2271));
#2269=ORIENTED_EDGE('',*,*,#2272,.T.);
#2270=ORIENTED_EDGE('',*,*,#2273,.T.);
#2271=ORIENTED_EDGE('',*,*,#2274,.T.);
#2272=EDGE_CURVE('',#171,#173,#2275,.F.);
#2273=EDGE_CURVE('',#173,#175,#2276,.T.);
#2274=EDGE_CURVE('',#175,#171,#2277,.T.);
#2275=LINE('',#170,#2278);
#2276=LINE('',#172,#2279);
#2277=LINE('',#174,#2280);
#2278=VECTOR('',#2281,1.0);
#2279=VECTOR('',#2282,1.0);
#2280=VECTOR('',#2283,1.0);
#2281=DIRECTION('',(0.42262165912912125,-0.9063062028006588,0));
#2282=DIRECTION('',(0.42261873806482464,-0.9063075649229102,0));
#2283=DIRECTION('',(-0.4226213875213665,0.9063063294546247,0));
#2284=FACE_SURFACE('',(#2289),#2285,.T.);
#2285=PLANE('',#2286);
#2286=AXIS2_PLACEMENT_3D('',#128,#2287,#2288);
#2287=DIRECTION('',(0,0,-1));
#2288=DIRECTION('',(0.9998651667674323,0.016420970895010434,0));
#2289=FACE_BOUND('',#2290,.T.);
#2290=EDGE_LOOP('',(#2291,#2292,#2293));
#2291=ORIENTED_EDGE('',*,*,#2294,.T.);
#2292=ORIENTED_EDGE('',*,*,#2295,.T.);
#2293=ORIENTED_EDGE('',*,*,#2296,.T.);
#2294=EDGE_CURVE('',#129,#169,#2297,.F.);
#2295=EDGE_CURVE('',#169,#171,#2298,.T.);
#2296=EDGE_CURVE('',#171,#129,#2299,.T.);
#2297=LINE('',#128,#2300);
#2298=LINE('',#168,#2301);
#2299=LINE('',#170,#2302);
#2300=VECTOR('',#2303,1.0);
#2301=VECTOR('',#2304,1.0);
#2302=VECTOR('',#2305,1.0);
#2303=DIRECTION('',(0.9998651667674323,0.016420970895010434,0));
#2304=DIRECTION('',(0.2587970586508401,-0.9659317172728482,0));
#2305=DIRECTION('',(-0.9999937270331233,-0.00354201840807817,0));
#2306=FACE_SURFACE('',(#2311),#2307,.T.);
#2307=PLANE('',#2308);
#2308=AXIS2_PLACEMENT_3D('',#112,#2309,#2310);
#2309=DIRECTION('',(0,0,-1));
#2310=DIRECTION('',(-0.7071080696742085,0.7071054926965388,0));
#2311=FACE_BOUND('',#2312,.T.);
#2312=EDGE_LOOP('',(#2313,#2314,#2315));
#2313=ORIENTED_EDGE('',*,*,#2316,.T.);
#2314=ORIENTED_EDGE('',*,*,#2317,.T.);
#2315=ORIENTED_EDGE('',*,*,#2318,.T.);
#2316=EDGE_CURVE('',#113,#121,#2319,.F.);
#2317=EDGE_CURVE('',#121,#129,#2320,.T.);
#2318=EDGE_CURVE('',#129,#113,#2321,.T.);
#2319=LINE('',#112,#2322);
#2320=LINE('',#120,#2323);
#2321=LINE('',#128,#2324);
#2322=VECTOR('',#2325,1.0);
#2323=VECTOR('',#2326,1.0);
#2324=VECTOR('',#2327,1.0);
#2325=DIRECTION('',(-0.7071080696742085,0.7071054926965388,0));
#2326=DIRECTION('',(-0.3826851934888108,0.92387880302799,0));
#2327=DIRECTION('',(0.5555719069998553,-0.8314684937822624,0));
#2328=FACE_SURFACE('',(#2333),#2329,.T.);
#2329=PLANE('',#2330);
#2330=AXIS2_PLACEMENT_3D('',#96,#2331,#2332);
#2331=DIRECTION('',(0,0,-1));
#2332=DIRECTION('',(-1,0,0));
#2333=FACE_BOUND('',#2334,.T.);
#2334=EDGE_LOOP('',(#2335,#2336,#2337));
#2335=ORIENTED_EDGE('',*,*,#2338,.T.);
#2336=ORIENTED_EDGE('',*,*,#2339,.T.);
#2337=ORIENTED_EDGE('',*,*,#2340,.T.);
#2338=EDGE_CURVE('',#97,#105,#2341,.F.);
#2339=EDGE_CURVE('',#105,#113,#2342,.T.);
#2340=EDGE_CURVE('',#113,#97,#2343,.T.);
#2341=LINE('',#96,#2344);
#2342=LINE('',#104,#2345);
#2343=LINE('',#112,#2346);
#2344=VECTOR('',#2347,1.0);
#2345=VECTOR('',#2348,1.0);
#2346=VECTOR('',#2349,1.0);
#2347=DIRECTION('',(-1,0,0));
#2348=DIRECTION('',(-0.9238803952173533,0.3826813496017633,0));
#2349=DIRECTION('',(0.9807855013444288,-0.19508921126642936,0));
#2350=FACE_SURFACE('',(#2355),#2351,.T.);
#2351=PLANE('',#2352);
#2352=AXIS2_PLACEMENT_3D('',#80,#2353,#2354);
#2353=DIRECTION('',(0,0,-1));
#2354=DIRECTION('',(-0.7071049021385467,-0.7071086602295549,0));
#2355=FACE_BOUND('',#2356,.T.);
#2356=EDGE_LOOP('',(#2357,#2358,#2359));
#2357=ORIENTED_EDGE('',*,*,#2360,.T.);
#2358=ORIENTED_EDGE('',*,*,#2361,.T.);
#2359=ORIENTED_EDGE('',*,*,#2362,.T.);
#2360=EDGE_CURVE('',#81,#89,#2363,.F.);
#2361=EDGE_CURVE('',#89,#97,#2364,.T.);
#2362=EDGE_CURVE('',#97,#81,#2365,.T.);
#2363=LINE('',#80,#2366);
#2364=LINE('',#88,#2367);
#2365=LINE('',#96,#2368);
#2366=VECTOR('',#2369,1.0);
#2367=VECTOR('',#2370,1.0);
#2368=VECTOR('',#2371,1.0);
#2369=DIRECTION('',(-0.7071049021385467,-0.7071086602295549,0));
#2370=DIRECTION('',(-0.9238789759998108,-0.38268477589987954,0));
#2371=DIRECTION('',(0.8314684266591373,0.55557200745626,0));
#2372=FACE_SURFACE('',(#2377),#2373,.T.);
#2373=PLANE('',#2374);
#2374=AXIS2_PLACEMENT_3D('',#64,#2375,#2376);
#2375=DIRECTION('',(0,-0,-1));
#2376=DIRECTION('',(1.9327306649588176E-06,-0.9999999999981322,0));
#2377=FACE_BOUND('',#2378,.T.);
#2378=EDGE_LOOP('',(#2379,#2380,#2381));
#2379=ORIENTED_EDGE('',*,*,#2382,.T.);
#2380=ORIENTED_EDGE('',*,*,#2383,.T.);
#2381=ORIENTED_EDGE('',*,*,#2384,.T.);
#2382=EDGE_CURVE('',#65,#73,#2385,.F.);
#2383=EDGE_CURVE('',#73,#81,#2386,.T.);
#2384=EDGE_CURVE('',#81,#65,#2387,.T.);
#2385=LINE('',#64,#2388);
#2386=LINE('',#72,#2389);
#2387=LINE('',#80,#2390);
#2388=VECTOR('',#2391,1.0);
#2389=VECTOR('',#2392,1.0);
#2390=VECTOR('',#2393,1.0);
#2391=DIRECTION('',(1.9327306649588176E-06,-0.9999999999981322,0));
#2392=DIRECTION('',(-0.3826810459034906,-0.9238805210124362,0));
#2393=DIRECTION('',(0.19508801209846352,0.9807857398715939,0));
#2394=FACE_SURFACE('',(#2399),#2395,.T.);
#2395=PLANE('',#2396);
#2396=AXIS2_PLACEMENT_3D('',#48,#2397,#2398);
#2397=DIRECTION('',(0,0,-1));
#2398=DIRECTION('',(0.7071081770478622,-0.7071053853224774,0));
#2399=FACE_BOUND('',#2400,.T.);
#2400=EDGE_LOOP('',(#2401,#2402,#2403));
#2401=ORIENTED_EDGE('',*,*,#2404,.T.);
#2402=ORIENTED_EDGE('',*,*,#2405,.T.);
#2403=ORIENTED_EDGE('',*,*,#2406,.T.);
#2404=EDGE_CURVE('',#49,#57,#2407,.F.);
#2405=EDGE_CURVE('',#57,#65,#2408,.T.);
#2406=EDGE_CURVE('',#65,#49,#2409,.T.);
#2407=LINE('',#48,#2410);
#2408=LINE('',#56,#2411);
#2409=LINE('',#64,#2412);
#2410=VECTOR('',#2413,1.0);
#2411=VECTOR('',#2414,1.0);
#2412=VECTOR('',#2415,1.0);
#2413=DIRECTION('',(0.7071081770478622,-0.7071053853224774,0));
#2414=DIRECTION('',(0.3826855600866956,-0.9238786511772702,0));
#2415=DIRECTION('',(-0.5555721340587538,0.8314683420656508,0));
#2416=FACE_SURFACE('',(#2421),#2417,.T.);
#2417=PLANE('',#2418);
#2418=AXIS2_PLACEMENT_3D('',#160,#2419,#2420);
#2419=DIRECTION('',(0,0,-1));
#2420=DIRECTION('',(0.999999999994097,3.4359715295196235E-06,0));
#2421=FACE_BOUND('',#2422,.T.);
#2422=EDGE_LOOP('',(#2423,#2424,#2425));
#2423=ORIENTED_EDGE('',*,*,#2426,.T.);
#2424=ORIENTED_EDGE('',*,*,#2427,.T.);
#2425=ORIENTED_EDGE('',*,*,#2428,.T.);
#2426=EDGE_CURVE('',#161,#41,#2429,.F.);
#2427=EDGE_CURVE('',#41,#49,#2430,.T.);
#2428=EDGE_CURVE('',#49,#161,#2431,.T.);
#2429=LINE('',#160,#2432);
#2430=LINE('',#40,#2433);
#2431=LINE('',#48,#2434);
#2432=VECTOR('',#2435,1.0);
#2433=VECTOR('',#2436,1.0);
#2434=VECTOR('',#2437,1.0);
#2435=DIRECTION('',(0.999999999994097,3.4359715295196235E-06,0));
#2436=DIRECTION('',(0.9238803952173533,-0.3826813496017633,0));
#2437=DIRECTION('',(-0.9807858365035932,0.19508752628998918,0));
#2438=FACE_SURFACE('',(#2443),#2439,.T.);
#2439=PLANE('',#2440);
#2440=AXIS2_PLACEMENT_3D('',#176,#2441,#2442);
#2441=DIRECTION('',(-0,0,-1));
#2442=DIRECTION('',(-0.9961951222731377,-0.0871508941962641,0));
#2443=FACE_BOUND('',#2444,.T.);
#2444=EDGE_LOOP('',(#2445,#2446,#2447));
#2445=ORIENTED_EDGE('',*,*,#2448,.T.);
#2446=ORIENTED_EDGE('',*,*,#2449,.T.);
#2447=ORIENTED_EDGE('',*,*,#2450,.T.);
#2448=EDGE_CURVE('',#177,#163,#2451,.F.);
#2449=EDGE_CURVE('',#163,#161,#2452,.T.);
#2450=EDGE_CURVE('',#161,#177,#2453,.T.);
#2451=LINE('',#176,#2454);
#2452=LINE('',#162,#2455);
#2453=LINE('',#160,#2456);
#2454=VECTOR('',#2457,1.0);
#2455=VECTOR('',#2458,1.0);
#2456=VECTOR('',#2459,1.0);
#2457=DIRECTION('',(-0.9961951222731377,-0.0871508941962641,0));
#2458=DIRECTION('',(-0.20437929275480432,0.9788917737385712,0));
#2459=DIRECTION('',(0.3190032406764892,-0.9477536243338233,0));
#2460=FACE_SURFACE('',(#2465),#2461,.T.);
#2461=PLANE('',#2462);
#2462=AXIS2_PLACEMENT_3D('',#178,#2463,#2464);
#2463=DIRECTION('',(0,0,-1));
#2464=DIRECTION('',(-0.9961994505041697,0.08710140535714826,0));
#2465=FACE_BOUND('',#2466,.T.);
#2466=EDGE_LOOP('',(#2467,#2468,#2469));
#2467=ORIENTED_EDGE('',*,*,#2470,.T.);
#2468=ORIENTED_EDGE('',*,*,#2471,.T.);
#2469=ORIENTED_EDGE('',*,*,#2472,.T.);
#2470=EDGE_CURVE('',#179,#177,#2473,.F.);
#2471=EDGE_CURVE('',#177,#161,#2474,.T.);
#2472=EDGE_CURVE('',#161,#179,#2475,.T.);
#2473=LINE('',#178,#2476);
#2474=LINE('',#176,#2477);
#2475=LINE('',#160,#2478);
#2476=VECTOR('',#2479,1.0);
#2477=VECTOR('',#2480,1.0);
#2478=VECTOR('',#2481,1.0);
#2479=DIRECTION('',(-0.9961994505041697,0.08710140535714826,0));
#2480=DIRECTION('',(-0.3190032406764892,0.9477536243338233,0));
#2481=DIRECTION('',(0.3295617154830272,-0.9441340348106746,0));
#2482=FACE_SURFACE('',(#2487),#2483,.T.);
#2483=PLANE('',#2484);
#2484=AXIS2_PLACEMENT_3D('',#160,#2485,#2486);
#2485=DIRECTION('',(0,0,-1));
#2486=DIRECTION('',(0.9807858365035932,-0.19508752628998918,0));
#2487=FACE_BOUND('',#2488,.T.);
#2488=EDGE_LOOP('',(#2489,#2490,#2491));
#2489=ORIENTED_EDGE('',*,*,#2492,.T.);
#2490=ORIENTED_EDGE('',*,*,#2493,.T.);
#2491=ORIENTED_EDGE('',*,*,#2494,.T.);
#2492=EDGE_CURVE('',#161,#49,#2495,.F.);
#2493=EDGE_CURVE('',#49,#65,#2496,.T.);
#2494=EDGE_CURVE('',#65,#161,#2497,.T.);
#2495=LINE('',#160,#2498);
#2496=LINE('',#48,#2499);
#2497=LINE('',#64,#2500);
#2498=VECTOR('',#2501,1.0);
#2499=VECTOR('',#2502,1.0);
#2500=VECTOR('',#2503,1.0);
#2501=DIRECTION('',(0.9807858365035932,-0.19508752628998918,0));
#2502=DIRECTION('',(0.5555721340587538,-0.8314683420656508,0));
#2503=DIRECTION('',(-0.8314710432653042,0.5555680914265206,0));
#2504=FACE_SURFACE('',(#2509),#2505,.T.);
#2505=PLANE('',#2506);
#2506=AXIS2_PLACEMENT_3D('',#64,#2507,#2508);
#2507=DIRECTION('',(0,0,-1));
#2508=DIRECTION('',(-0.19508801209846352,-0.9807857398715939,0));
#2509=FACE_BOUND('',#2510,.T.);
#2510=EDGE_LOOP('',(#2511,#2512,#2513));
#2511=ORIENTED_EDGE('',*,*,#2514,.T.);
#2512=ORIENTED_EDGE('',*,*,#2515,.T.);
#2513=ORIENTED_EDGE('',*,*,#2516,.T.);
#2514=EDGE_CURVE('',#65,#81,#2517,.F.);
#2515=EDGE_CURVE('',#81,#97,#2518,.T.);
#2516=EDGE_CURVE('',#97,#65,#2519,.T.);
#2517=LINE('',#64,#2520);
#2518=LINE('',#80,#2521);
#2519=LINE('',#96,#2522);
#2520=VECTOR('',#2523,1.0);
#2521=VECTOR('',#2524,1.0);
#2522=VECTOR('',#2525,1.0);
#2523=DIRECTION('',(-0.19508801209846352,-0.9807857398715939,0));
#2524=DIRECTION('',(-0.8314684266591373,-0.55557200745626,0));
#2525=DIRECTION('',(0.5555681861998588,0.8314709799401293,0));
#2526=FACE_SURFACE('',(#2531),#2527,.T.);
#2527=PLANE('',#2528);
#2528=AXIS2_PLACEMENT_3D('',#96,#2529,#2530);
#2529=DIRECTION('',(0,0,-1));
#2530=DIRECTION('',(-0.9807855013444288,0.19508921126642936,0));
#2531=FACE_BOUND('',#2532,.T.);
#2532=EDGE_LOOP('',(#2533,#2534,#2535));
#2533=ORIENTED_EDGE('',*,*,#2536,.T.);
#2534=ORIENTED_EDGE('',*,*,#2537,.T.);
#2535=ORIENTED_EDGE('',*,*,#2538,.T.);
#2536=EDGE_CURVE('',#97,#113,#2539,.F.);
#2537=EDGE_CURVE('',#113,#129,#2540,.T.);
#2538=EDGE_CURVE('',#129,#97,#2541,.T.);
#2539=LINE('',#96,#2542);
#2540=LINE('',#112,#2543);
#2541=LINE('',#128,#2544);
#2542=VECTOR('',#2545,1.0);
#2543=VECTOR('',#2546,1.0);
#2544=VECTOR('',#2547,1.0);
#2545=DIRECTION('',(-0.9807855013444288,0.19508921126642936,0));
#2546=DIRECTION('',(-0.5555719069998553,0.8314684937822624,0));
#2547=DIRECTION('',(0.8314705504926178,-0.5555688289163667,0));
#2548=FACE_SURFACE('',(#2553),#2549,.T.);
#2549=PLANE('',#2550);
#2550=AXIS2_PLACEMENT_3D('',#128,#2551,#2552);
#2551=DIRECTION('',(0,0,-1));
#2552=DIRECTION('',(0.9999937270331233,0.00354201840807817,0));
#2553=FACE_BOUND('',#2554,.T.);
#2554=EDGE_LOOP('',(#2555,#2556,#2557));
#2555=ORIENTED_EDGE('',*,*,#2558,.T.);
#2556=ORIENTED_EDGE('',*,*,#2559,.T.);
#2557=ORIENTED_EDGE('',*,*,#2560,.T.);
#2558=EDGE_CURVE('',#129,#171,#2561,.F.);
#2559=EDGE_CURVE('',#171,#175,#2562,.T.);
#2560=EDGE_CURVE('',#175,#129,#2563,.T.);
#2561=LINE('',#128,#2564);
#2562=LINE('',#170,#2565);
#2563=LINE('',#174,#2566);
#2564=VECTOR('',#2567,1.0);
#2565=VECTOR('',#2568,1.0);
#2566=VECTOR('',#2569,1.0);
#2567=DIRECTION('',(0.9999937270331233,0.00354201840807817,0));
#2568=DIRECTION('',(0.4226213875213665,-0.9063063294546247,0));
#2569=DIRECTION('',(-0.9930283603871132,0.11787567801239403,0));
#2570=FACE_SURFACE('',(#2575),#2571,.T.);
#2571=PLANE('',#2572);
#2572=AXIS2_PLACEMENT_3D('',#174,#2573,#2574);
#2573=DIRECTION('',(0,0,-1));
#2574=DIRECTION('',(0.5735854011451369,-0.8191457669994837,0));
#2575=FACE_BOUND('',#2576,.T.);
#2576=EDGE_LOOP('',(#2577,#2578,#2579));
#2577=ORIENTED_EDGE('',*,*,#2580,.T.);
#2578=ORIENTED_EDGE('',*,*,#2581,.T.);
#2579=ORIENTED_EDGE('',*,*,#2582,.T.);
#2580=EDGE_CURVE('',#175,#181,#2583,.F.);
#2581=EDGE_CURVE('',#181,#183,#2584,.T.);
#2582=EDGE_CURVE('',#183,#175,#2585,.T.);
#2583=LINE('',#174,#2586);
#2584=LINE('',#180,#2587);
#2585=LINE('',#182,#2588);
#2586=VECTOR('',#2589,1.0);
#2587=VECTOR('',#2590,1.0);
#2588=VECTOR('',#2591,1.0);
#2589=DIRECTION('',(0.5735854011451369,-0.8191457669994837,0));
#2590=DIRECTION('',(0.5735513714062717,-0.8191695943807882,0));
#2591=DIRECTION('',(-0.5735822368474576,0.819147982707073,0));
#2592=FACE_SURFACE('',(#2597),#2593,.T.);
#2593=PLANE('',#2594);
#2594=AXIS2_PLACEMENT_3D('',#182,#2595,#2596);
#2595=DIRECTION('',(0,0,-1));
#2596=DIRECTION('',(0.7071144017591977,-0.7070991605317688,0));
#2597=FACE_BOUND('',#2598,.T.);
#2598=EDGE_LOOP('',(#2599,#2600,#2601));
#2599=ORIENTED_EDGE('',*,*,#2602,.T.);
#2600=ORIENTED_EDGE('',*,*,#2603,.T.);
#2601=ORIENTED_EDGE('',*,*,#2604,.T.);
#2602=EDGE_CURVE('',#183,#185,#2605,.F.);
#2603=EDGE_CURVE('',#185,#187,#2606,.T.);
#2604=EDGE_CURVE('',#187,#183,#2607,.T.);
#2605=LINE('',#182,#2608);
#2606=LINE('',#184,#2609);
#2607=LINE('',#186,#2610);
#2608=VECTOR('',#2611,1.0);
#2609=VECTOR('',#2612,1.0);
#2610=VECTOR('',#2613,1.0);
#2611=DIRECTION('',(0.7071144017591977,-0.7070991605317688,0));
#2612=DIRECTION('',(0.7070438832858177,-0.7071696734929397,0));
#2613=DIRECTION('',(-0.7071078445665796,0.7071057178049164,0));
#2614=FACE_SURFACE('',(#2619),#2615,.T.);
#2615=PLANE('',#2616);
#2616=AXIS2_PLACEMENT_3D('',#186,#2617,#2618);
#2617=DIRECTION('',(0,0,-1));
#2618=DIRECTION('',(0.8191537006514206,-0.5735740708130754,0));
#2619=FACE_BOUND('',#2620,.T.);
#2620=EDGE_LOOP('',(#2621,#2622,#2623));
#2621=ORIENTED_EDGE('',*,*,#2624,.T.);
#2622=ORIENTED_EDGE('',*,*,#2625,.T.);
#2623=ORIENTED_EDGE('',*,*,#2626,.T.);
#2624=EDGE_CURVE('',#187,#189,#2627,.F.);
#2625=EDGE_CURVE('',#189,#191,#2628,.T.);
#2626=EDGE_CURVE('',#191,#187,#2629,.T.);
#2627=LINE('',#186,#2630);
#2628=LINE('',#188,#2631);
#2629=LINE('',#190,#2632);
#2630=VECTOR('',#2633,1.0);
#2631=VECTOR('',#2634,1.0);
#2632=VECTOR('',#2635,1.0);
#2633=DIRECTION('',(0.8191537006514206,-0.5735740708130754,0));
#2634=DIRECTION('',(0.8191147803944421,-0.5736296510287495,0));
#2635=DIRECTION('',(-0.8191500817940036,0.5735792390741468,0));
#2636=FACE_SURFACE('',(#2641),#2637,.T.);
#2637=PLANE('',#2638);
#2638=AXIS2_PLACEMENT_3D('',#190,#2639,#2640);
#2639=DIRECTION('',(0,0,-1));
#2640=DIRECTION('',(0.9063131176771951,-0.42260682995692667,0));
#2641=FACE_BOUND('',#2642,.T.);
#2642=EDGE_LOOP('',(#2643,#2644,#2645));
#2643=ORIENTED_EDGE('',*,*,#2646,.T.);
#2644=ORIENTED_EDGE('',*,*,#2647,.T.);
#2645=ORIENTED_EDGE('',*,*,#2648,.T.);
#2646=EDGE_CURVE('',#191,#193,#2649,.F.);
#2647=EDGE_CURVE('',#193,#195,#2650,.T.);
#2648=EDGE_CURVE('',#195,#191,#2651,.T.);
#2649=LINE('',#190,#2652);
#2650=LINE('',#192,#2653);
#2651=LINE('',#194,#2654);
#2652=VECTOR('',#2655,1.0);
#2653=VECTOR('',#2656,1.0);
#2654=VECTOR('',#2657,1.0);
#2655=DIRECTION('',(0.9063131176771951,-0.42260682995692667,0));
#2656=DIRECTION('',(0.906279238536822,-0.42267947879819984,0));
#2657=DIRECTION('',(-0.9063099676907268,0.42261358528144105,0));
#2658=FACE_SURFACE('',(#2663),#2659,.T.);
#2659=PLANE('',#2660);
#2660=AXIS2_PLACEMENT_3D('',#194,#2661,#2662);
#2661=DIRECTION('',(0,0,-1));
#2662=DIRECTION('',(0.9659289142369021,-0.2588075204493093,0));
#2663=FACE_BOUND('',#2664,.T.);
#2664=EDGE_LOOP('',(#2665,#2666,#2667));
#2665=ORIENTED_EDGE('',*,*,#2668,.T.);
#2666=ORIENTED_EDGE('',*,*,#2669,.T.);
#2667=ORIENTED_EDGE('',*,*,#2670,.T.);
#2668=EDGE_CURVE('',#195,#197,#2671,.F.);
#2669=EDGE_CURVE('',#197,#199,#2672,.T.);
#2670=EDGE_CURVE('',#199,#195,#2673,.T.);
#2671=LINE('',#194,#2674);
#2672=LINE('',#196,#2675);
#2673=LINE('',#198,#2676);
#2674=VECTOR('',#2677,1.0);
#2675=VECTOR('',#2678,1.0);
#2676=VECTOR('',#2679,1.0);
#2677=DIRECTION('',(0.9659289142369021,-0.2588075204493093,0));
#2678=DIRECTION('',(0.965900058048587,-0.2589151943431211,0));
#2679=DIRECTION('',(-0.9659262315912667,0.25881753248938644,0));
#2680=FACE_SURFACE('',(#2685),#2681,.T.);
#2681=PLANE('',#2682);
#2682=AXIS2_PLACEMENT_3D('',#128,#2683,#2684);
#2683=DIRECTION('',(0,0,-1));
#2684=DIRECTION('',(0.9930283603871132,-0.11787567801239403,0));
#2685=FACE_BOUND('',#2686,.T.);
#2686=EDGE_LOOP('',(#2687,#2688,#2689));
#2687=ORIENTED_EDGE('',*,*,#2690,.T.);
#2688=ORIENTED_EDGE('',*,*,#2691,.T.);
#2689=ORIENTED_EDGE('',*,*,#2692,.T.);
#2690=EDGE_CURVE('',#129,#175,#2693,.F.);
#2691=EDGE_CURVE('',#175,#183,#2694,.T.);
#2692=EDGE_CURVE('',#183,#129,#2695,.T.);
#2693=LINE('',#128,#2696);
#2694=LINE('',#174,#2697);
#2695=LINE('',#182,#2698);
#2696=VECTOR('',#2699,1.0);
#2697=VECTOR('',#2700,1.0);
#2698=VECTOR('',#2701,1.0);
#2699=DIRECTION('',(0.9930283603871132,-0.11787567801239403,0));
#2700=DIRECTION('',(0.5735822368474576,-0.819147982707073,0));
#2701=DIRECTION('',(-0.9781410644774219,0.2079424391099036,0));
#2702=FACE_SURFACE('',(#2707),#2703,.T.);
#2703=PLANE('',#2704);
#2704=AXIS2_PLACEMENT_3D('',#200,#2705,#2706);
#2705=DIRECTION('',(0,0,-1));
#2706=DIRECTION('',(-0.9961951222731377,0.0871508941962641,0));
#2707=FACE_BOUND('',#2708,.T.);
#2708=EDGE_LOOP('',(#2709,#2710,#2711));
#2709=ORIENTED_EDGE('',*,*,#2712,.T.);
#2710=ORIENTED_EDGE('',*,*,#2713,.T.);
#2711=ORIENTED_EDGE('',*,*,#2714,.T.);
#2712=EDGE_CURVE('',#201,#179,#2715,.F.);
#2713=EDGE_CURVE('',#179,#161,#2716,.T.);
#2714=EDGE_CURVE('',#161,#201,#2717,.T.);
#2715=LINE('',#200,#2718);
#2716=LINE('',#178,#2719);
#2717=LINE('',#160,#2720);
#2718=VECTOR('',#2721,1.0);
#2719=VECTOR('',#2722,1.0);
#2720=VECTOR('',#2723,1.0);
#2721=DIRECTION('',(-0.9961951222731377,0.0871508941962641,0));
#2722=DIRECTION('',(-0.3295617154830272,0.9441340348106746,0));
#2723=DIRECTION('',(0.42483038503543535,-0.9052729665413872,0));
#2724=FACE_SURFACE('',(#2729),#2725,.T.);
#2725=PLANE('',#2726);
#2726=AXIS2_PLACEMENT_3D('',#202,#2727,#2728);
#2727=DIRECTION('',(0,0,-1));
#2728=DIRECTION('',(-0.9659287571798287,0.2588081066215495,0));
#2729=FACE_BOUND('',#2730,.T.);
#2730=EDGE_LOOP('',(#2731,#2732,#2733));
#2731=ORIENTED_EDGE('',*,*,#2734,.T.);
#2732=ORIENTED_EDGE('',*,*,#2735,.T.);
#2733=ORIENTED_EDGE('',*,*,#2736,.T.);
#2734=EDGE_CURVE('',#203,#205,#2737,.F.);
#2735=EDGE_CURVE('',#205,#201,#2738,.T.);
#2736=EDGE_CURVE('',#201,#203,#2739,.T.);
#2737=LINE('',#202,#2740);
#2738=LINE('',#204,#2741);
#2739=LINE('',#200,#2742);
#2740=VECTOR('',#2743,1.0);
#2741=VECTOR('',#2744,1.0);
#2742=VECTOR('',#2745,1.0);
#2743=DIRECTION('',(-0.9659287571798287,0.2588081066215495,0));
#2744=DIRECTION('',(-0.965900058048587,0.2589151943431211,0));
#2745=DIRECTION('',(0.965926089126946,-0.25881806417621483,0));
#2746=FACE_SURFACE('',(#2751),#2747,.T.);
#2747=PLANE('',#2748);
#2748=AXIS2_PLACEMENT_3D('',#206,#2749,#2750);
#2749=DIRECTION('',(0,0,-1));
#2750=DIRECTION('',(-0.9063133270628598,0.4226063809128416,0));
#2751=FACE_BOUND('',#2752,.T.);
#2752=EDGE_LOOP('',(#2753,#2754,#2755));
#2753=ORIENTED_EDGE('',*,*,#2756,.T.);
#2754=ORIENTED_EDGE('',*,*,#2757,.T.);
#2755=ORIENTED_EDGE('',*,*,#2758,.T.);
#2756=EDGE_CURVE('',#207,#209,#2759,.F.);
#2757=EDGE_CURVE('',#209,#203,#2760,.T.);
#2758=EDGE_CURVE('',#203,#207,#2761,.T.);
#2759=LINE('',#206,#2762);
#2760=LINE('',#208,#2763);
#2761=LINE('',#202,#2764);
#2762=VECTOR('',#2765,1.0);
#2763=VECTOR('',#2766,1.0);
#2764=VECTOR('',#2767,1.0);
#2765=DIRECTION('',(-0.9063133270628598,0.4226063809128416,0));
#2766=DIRECTION('',(-0.906279238536822,0.42267947879819984,0));
#2767=DIRECTION('',(0.9063101576128877,-0.4226131779863266,0));
#2768=FACE_SURFACE('',(#2773),#2769,.T.);
#2769=PLANE('',#2770);
#2770=AXIS2_PLACEMENT_3D('',#210,#2771,#2772);
#2771=DIRECTION('',(0,0,-1));
#2772=DIRECTION('',(-0.8191544720563668,0.5735729691242911,0));
#2773=FACE_BOUND('',#2774,.T.);
#2774=EDGE_LOOP('',(#2775,#2776,#2777));
#2775=ORIENTED_EDGE('',*,*,#2778,.T.);
#2776=ORIENTED_EDGE('',*,*,#2779,.T.);
#2777=ORIENTED_EDGE('',*,*,#2780,.T.);
#2778=EDGE_CURVE('',#211,#213,#2781,.F.);
#2779=EDGE_CURVE('',#213,#207,#2782,.T.);
#2780=EDGE_CURVE('',#207,#211,#2783,.T.);
#2781=LINE('',#210,#2784);
#2782=LINE('',#212,#2785);
#2783=LINE('',#206,#2786);
#2784=VECTOR('',#2787,1.0);
#2785=VECTOR('',#2788,1.0);
#2786=VECTOR('',#2789,1.0);
#2787=DIRECTION('',(-0.8191544720563668,0.5735729691242911,0));
#2788=DIRECTION('',(-0.819111017315314,0.5736350244821802,0));
#2789=DIRECTION('',(0.8191504316386257,-0.5735787394475613,0));
#2790=FACE_SURFACE('',(#2795),#2791,.T.);
#2791=PLANE('',#2792);
#2792=AXIS2_PLACEMENT_3D('',#202,#2793,#2794);
#2793=DIRECTION('',(0,0,-1));
#2794=DIRECTION('',(-0.965926089126946,0.25881806417621483,0));
#2795=FACE_BOUND('',#2796,.T.);
#2796=EDGE_LOOP('',(#2797,#2798,#2799));
#2797=ORIENTED_EDGE('',*,*,#2800,.T.);
#2798=ORIENTED_EDGE('',*,*,#2801,.T.);
#2799=ORIENTED_EDGE('',*,*,#2802,.T.);
#2800=EDGE_CURVE('',#203,#201,#2803,.F.);
#2801=EDGE_CURVE('',#201,#161,#2804,.T.);
#2802=EDGE_CURVE('',#161,#203,#2805,.T.);
#2803=LINE('',#202,#2806);
#2804=LINE('',#200,#2807);
#2805=LINE('',#160,#2808);
#2806=VECTOR('',#2809,1.0);
#2807=VECTOR('',#2810,1.0);
#2808=VECTOR('',#2811,1.0);
#2809=DIRECTION('',(-0.965926089126946,0.25881806417621483,0));
#2810=DIRECTION('',(-0.42483038503543535,0.9052729665413872,0));
#2811=DIRECTION('',(0.5024983754033119,-0.8645781530417203,0));
#2812=FACE_SURFACE('',(#2817),#2813,.T.);
#2813=PLANE('',#2814);
#2814=AXIS2_PLACEMENT_3D('',#96,#2815,#2816);
#2815=DIRECTION('',(0,0,-1));
#2816=DIRECTION('',(-0.8314705504926178,0.5555688289163667,0));
#2817=FACE_BOUND('',#2818,.T.);
#2818=EDGE_LOOP('',(#2819,#2820,#2821));
#2819=ORIENTED_EDGE('',*,*,#2822,.T.);
#2820=ORIENTED_EDGE('',*,*,#2823,.T.);
#2821=ORIENTED_EDGE('',*,*,#2824,.T.);
#2822=EDGE_CURVE('',#97,#129,#2825,.F.);
#2823=EDGE_CURVE('',#129,#183,#2826,.T.);
#2824=EDGE_CURVE('',#183,#97,#2827,.T.);
#2825=LINE('',#96,#2828);
#2826=LINE('',#128,#2829);
#2827=LINE('',#182,#2830);
#2828=VECTOR('',#2831,1.0);
#2829=VECTOR('',#2832,1.0);
#2830=VECTOR('',#2833,1.0);
#2831=DIRECTION('',(-0.8314705504926178,0.5555688289163667,0));
#2832=DIRECTION('',(0.9781410644774219,-0.2079424391099036,0));
#2833=DIRECTION('',(0.6418900717961695,-0.7667966716995506,0));
#2834=FACE_SURFACE('',(#2839),#2835,.T.);
#2835=PLANE('',#2836);
#2836=AXIS2_PLACEMENT_3D('',#96,#2837,#2838);
#2837=DIRECTION('',(0,0,-1));
#2838=DIRECTION('',(-0.6418900717961695,0.7667966716995506,0));
#2839=FACE_BOUND('',#2840,.T.);
#2840=EDGE_LOOP('',(#2841,#2842,#2843));
#2841=ORIENTED_EDGE('',*,*,#2844,.T.);
#2842=ORIENTED_EDGE('',*,*,#2845,.T.);
#2843=ORIENTED_EDGE('',*,*,#2846,.T.);
#2844=EDGE_CURVE('',#97,#183,#2847,.F.);
#2845=EDGE_CURVE('',#183,#187,#2848,.T.);
#2846=EDGE_CURVE('',#187,#97,#2849,.T.);
#2847=LINE('',#96,#2850);
#2848=LINE('',#182,#2851);
#2849=LINE('',#186,#2852);
#2850=VECTOR('',#2853,1.0);
#2851=VECTOR('',#2854,1.0);
#2852=VECTOR('',#2855,1.0);
#2853=DIRECTION('',(-0.6418900717961695,0.7667966716995506,0));
#2854=DIRECTION('',(0.7071078445665796,-0.7071057178049164,0));
#2855=DIRECTION('',(0.6349461252415379,-0.7725564173837126,0));
#2856=FACE_SURFACE('',(#2861),#2857,.T.);
#2857=PLANE('',#2858);
#2858=AXIS2_PLACEMENT_3D('',#202,#2859,#2860);
#2859=DIRECTION('',(0,0,-1));
#2860=DIRECTION('',(-0.5024983754033119,0.8645781530417203,0));
#2861=FACE_BOUND('',#2862,.T.);
#2862=EDGE_LOOP('',(#2863,#2864,#2865));
#2863=ORIENTED_EDGE('',*,*,#2866,.T.);
#2864=ORIENTED_EDGE('',*,*,#2867,.T.);
#2865=ORIENTED_EDGE('',*,*,#2868,.T.);
#2866=EDGE_CURVE('',#203,#161,#2869,.F.);
#2867=EDGE_CURVE('',#161,#65,#2870,.T.);
#2868=EDGE_CURVE('',#65,#203,#2871,.T.);
#2869=LINE('',#202,#2872);
#2870=LINE('',#160,#2873);
#2871=LINE('',#64,#2874);
#2872=VECTOR('',#2875,1.0);
#2873=VECTOR('',#2876,1.0);
#2874=VECTOR('',#2877,1.0);
#2875=DIRECTION('',(-0.5024983754033119,0.8645781530417203,0));
#2876=DIRECTION('',(0.8314710432653042,-0.5555680914265206,0));
#2877=DIRECTION('',(-0.9745076452121731,0.22435429441627633,0));
#2878=FACE_SURFACE('',(#2883),#2879,.T.);
#2879=PLANE('',#2880);
#2880=AXIS2_PLACEMENT_3D('',#206,#2881,#2882);
#2881=DIRECTION('',(0,0,-1));
#2882=DIRECTION('',(-0.9063101576128877,0.4226131779863266,0));
#2883=FACE_BOUND('',#2884,.T.);
#2884=EDGE_LOOP('',(#2885,#2886,#2887));
#2885=ORIENTED_EDGE('',*,*,#2888,.T.);
#2886=ORIENTED_EDGE('',*,*,#2889,.T.);
#2887=ORIENTED_EDGE('',*,*,#2890,.T.);
#2888=EDGE_CURVE('',#207,#203,#2891,.F.);
#2889=EDGE_CURVE('',#203,#65,#2892,.T.);
#2890=EDGE_CURVE('',#65,#207,#2893,.T.);
#2891=LINE('',#206,#2894);
#2892=LINE('',#202,#2895);
#2893=LINE('',#64,#2896);
#2894=VECTOR('',#2897,1.0);
#2895=VECTOR('',#2898,1.0);
#2896=VECTOR('',#2899,1.0);
#2897=DIRECTION('',(-0.9063101576128877,0.4226131779863266,0));
#2898=DIRECTION('',(0.9745076452121731,-0.22435429441627633,0));
#2899=DIRECTION('',(-0.9790438888138798,0.203649364782205,0));
#2900=FACE_SURFACE('',(#2905),#2901,.T.);
#2901=PLANE('',#2902);
#2902=AXIS2_PLACEMENT_3D('',#96,#2903,#2904);
#2903=DIRECTION('',(0,0,-1));
#2904=DIRECTION('',(-0.6349461252415379,0.7725564173837126,0));
#2905=FACE_BOUND('',#2906,.T.);
#2906=EDGE_LOOP('',(#2907,#2908,#2909));
#2907=ORIENTED_EDGE('',*,*,#2910,.T.);
#2908=ORIENTED_EDGE('',*,*,#2911,.T.);
#2909=ORIENTED_EDGE('',*,*,#2912,.T.);
#2910=EDGE_CURVE('',#97,#187,#2913,.F.);
#2911=EDGE_CURVE('',#187,#191,#2914,.T.);
#2912=EDGE_CURVE('',#191,#97,#2915,.T.);
#2913=LINE('',#96,#2916);
#2914=LINE('',#186,#2917);
#2915=LINE('',#190,#2918);
#2916=VECTOR('',#2919,1.0);
#2917=VECTOR('',#2920,1.0);
#2918=VECTOR('',#2921,1.0);
#2919=DIRECTION('',(-0.6349461252415379,0.7725564173837126,0));
#2920=DIRECTION('',(0.8191500817940036,-0.5735792390741468,0));
#2921=DIRECTION('',(0.6111502760321122,-0.7915145861611604,0));
#2922=FACE_SURFACE('',(#2927),#2923,.T.);
#2923=PLANE('',#2924);
#2924=AXIS2_PLACEMENT_3D('',#96,#2925,#2926);
#2925=DIRECTION('',(0,0,-1));
#2926=DIRECTION('',(-0.6111502760321122,0.7915145861611604,0));
#2927=FACE_BOUND('',#2928,.T.);
#2928=EDGE_LOOP('',(#2929,#2930,#2931));
#2929=ORIENTED_EDGE('',*,*,#2932,.T.);
#2930=ORIENTED_EDGE('',*,*,#2933,.T.);
#2931=ORIENTED_EDGE('',*,*,#2934,.T.);
#2932=EDGE_CURVE('',#97,#191,#2935,.F.);
#2933=EDGE_CURVE('',#191,#195,#2936,.T.);
#2934=EDGE_CURVE('',#195,#97,#2937,.T.);
#2935=LINE('',#96,#2938);
#2936=LINE('',#190,#2939);
#2937=LINE('',#194,#2940);
#2938=VECTOR('',#2941,1.0);
#2939=VECTOR('',#2942,1.0);
#2940=VECTOR('',#2943,1.0);
#2941=DIRECTION('',(-0.6111502760321122,0.7915145861611604,0));
#2942=DIRECTION('',(0.9063099676907268,-0.42261358528144105,0));
#2943=DIRECTION('',(0.5644591303001283,-0.8254610167783958,0));
#2944=FACE_SURFACE('',(#2949),#2945,.T.);
#2945=PLANE('',#2946);
#2946=AXIS2_PLACEMENT_3D('',#210,#2947,#2948);
#2947=DIRECTION('',(0,0,-1));
#2948=DIRECTION('',(-0.8191504316386257,0.5735787394475613,0));
#2949=FACE_BOUND('',#2950,.T.);
#2950=EDGE_LOOP('',(#2951,#2952,#2953));
#2951=ORIENTED_EDGE('',*,*,#2954,.T.);
#2952=ORIENTED_EDGE('',*,*,#2955,.T.);
#2953=ORIENTED_EDGE('',*,*,#2956,.T.);
#2954=EDGE_CURVE('',#211,#207,#2957,.F.);
#2955=EDGE_CURVE('',#207,#65,#2958,.T.);
#2956=EDGE_CURVE('',#65,#211,#2959,.T.);
#2957=LINE('',#210,#2960);
#2958=LINE('',#206,#2961);
#2959=LINE('',#64,#2962);
#2960=VECTOR('',#2963,1.0);
#2961=VECTOR('',#2964,1.0);
#2962=VECTOR('',#2965,1.0);
#2963=DIRECTION('',(-0.8191504316386257,0.5735787394475613,0));
#2964=DIRECTION('',(0.9790438888138798,-0.203649364782205,0));
#2965=DIRECTION('',(-0.9870909756299543,0.16016056265480924,0));
#2966=FACE_SURFACE('',(#2971),#2967,.T.);
#2967=PLANE('',#2968);
#2968=AXIS2_PLACEMENT_3D('',#214,#2969,#2970);
#2969=DIRECTION('',(0,0,-1));
#2970=DIRECTION('',(-0.7071296549077577,0.7070839067253868,0));
#2971=FACE_BOUND('',#2972,.T.);
#2972=EDGE_LOOP('',(#2973,#2974,#2975));
#2973=ORIENTED_EDGE('',*,*,#2976,.T.);
#2974=ORIENTED_EDGE('',*,*,#2977,.T.);
#2975=ORIENTED_EDGE('',*,*,#2978,.T.);
#2976=EDGE_CURVE('',#215,#211,#2979,.F.);
#2977=EDGE_CURVE('',#211,#65,#2980,.T.);
#2978=EDGE_CURVE('',#65,#215,#2981,.T.);
#2979=LINE('',#214,#2982);
#2980=LINE('',#210,#2983);
#2981=LINE('',#64,#2984);
#2982=VECTOR('',#2985,1.0);
#2983=VECTOR('',#2986,1.0);
#2984=VECTOR('',#2987,1.0);
#2985=DIRECTION('',(-0.7071296549077577,0.7070839067253868,0));
#2986=DIRECTION('',(0.9870909756299543,-0.16016056265480924,0));
#2987=DIRECTION('',(-0.9880559484403433,0.15409556369880908,0));
#2988=FACE_SURFACE('',(#2993),#2989,.T.);
#2989=PLANE('',#2990);
#2990=AXIS2_PLACEMENT_3D('',#96,#2991,#2992);
#2991=DIRECTION('',(0,0,-1));
#2992=DIRECTION('',(-0.5644591303001283,0.8254610167783958,0));
#2993=FACE_BOUND('',#2994,.T.);
#2994=EDGE_LOOP('',(#2995,#2996,#2997));
#2995=ORIENTED_EDGE('',*,*,#2998,.T.);
#2996=ORIENTED_EDGE('',*,*,#2999,.T.);
#2997=ORIENTED_EDGE('',*,*,#3000,.T.);
#2998=EDGE_CURVE('',#97,#195,#3001,.F.);
#2999=EDGE_CURVE('',#195,#199,#3002,.T.);
#3000=EDGE_CURVE('',#199,#97,#3003,.T.);
#3001=LINE('',#96,#3004);
#3002=LINE('',#194,#3005);
#3003=LINE('',#198,#3006);
#3004=VECTOR('',#3007,1.0);
#3005=VECTOR('',#3008,1.0);
#3006=VECTOR('',#3009,1.0);
#3007=DIRECTION('',(-0.5644591303001283,0.8254610167783958,0));
#3008=DIRECTION('',(0.9659262315912667,-0.25881753248938644,0));
#3009=DIRECTION('',(0.4877712721496127,-0.8729714692162331,0));
#3010=FACE_SURFACE('',(#3015),#3011,.T.);
#3011=PLANE('',#3012);
#3012=AXIS2_PLACEMENT_3D('',#96,#3013,#3014);
#3013=DIRECTION('',(0,0,-1));
#3014=DIRECTION('',(-0.4877712721496127,0.8729714692162331,0));
#3015=FACE_BOUND('',#3016,.T.);
#3016=EDGE_LOOP('',(#3017,#3018,#3019));
#3017=ORIENTED_EDGE('',*,*,#3020,.T.);
#3018=ORIENTED_EDGE('',*,*,#3021,.T.);
#3019=ORIENTED_EDGE('',*,*,#3022,.T.);
#3020=EDGE_CURVE('',#97,#199,#3023,.F.);
#3021=EDGE_CURVE('',#199,#217,#3024,.T.);
#3022=EDGE_CURVE('',#217,#97,#3025,.T.);
#3023=LINE('',#96,#3026);
#3024=LINE('',#198,#3027);
#3025=LINE('',#216,#3028);
#3026=VECTOR('',#3029,1.0);
#3027=VECTOR('',#3030,1.0);
#3028=VECTOR('',#3031,1.0);
#3029=DIRECTION('',(-0.4877712721496127,0.8729714692162331,0));
#3030=DIRECTION('',(0.9961951133684823,-0.08715099598258644,0));
#3031=DIRECTION('',(0.3878506375462132,-0.9217222374202523,0));
#3032=FACE_SURFACE('',(#3037),#3033,.T.);
#3033=PLANE('',#3034);
#3034=AXIS2_PLACEMENT_3D('',#218,#3035,#3036);
#3035=DIRECTION('',(0,0,-1));
#3036=DIRECTION('',(-0.7071056087999883,0.7071079535711629,0));
#3037=FACE_BOUND('',#3038,.T.);
#3038=EDGE_LOOP('',(#3039,#3040,#3041));
#3039=ORIENTED_EDGE('',*,*,#3042,.T.);
#3040=ORIENTED_EDGE('',*,*,#3043,.T.);
#3041=ORIENTED_EDGE('',*,*,#3044,.T.);
#3042=EDGE_CURVE('',#219,#215,#3045,.F.);
#3043=EDGE_CURVE('',#215,#65,#3046,.T.);
#3044=EDGE_CURVE('',#65,#219,#3047,.T.);
#3045=LINE('',#218,#3048);
#3046=LINE('',#214,#3049);
#3047=LINE('',#64,#3050);
#3048=VECTOR('',#3051,1.0);
#3049=VECTOR('',#3052,1.0);
#3050=VECTOR('',#3053,1.0);
#3051=DIRECTION('',(-0.7071056087999883,0.7071079535711629,0));
#3052=DIRECTION('',(0.9880559484403433,-0.15409556369880908,0));
#3053=DIRECTION('',(-0.9960480126641684,0.08881642003458876,0));
#3054=FACE_SURFACE('',(#3059),#3055,.T.);
#3055=PLANE('',#3056);
#3056=AXIS2_PLACEMENT_3D('',#220,#3057,#3058);
#3057=DIRECTION('',(0,0,-1));
#3058=DIRECTION('',(-0.5735846144603933,0.8191463178543391,0));
#3059=FACE_BOUND('',#3060,.T.);
#3060=EDGE_LOOP('',(#3061,#3062,#3063));
#3061=ORIENTED_EDGE('',*,*,#3064,.T.);
#3062=ORIENTED_EDGE('',*,*,#3065,.T.);
#3063=ORIENTED_EDGE('',*,*,#3066,.T.);
#3064=EDGE_CURVE('',#221,#223,#3067,.F.);
#3065=EDGE_CURVE('',#223,#219,#3068,.T.);
#3066=EDGE_CURVE('',#219,#221,#3069,.T.);
#3067=LINE('',#220,#3070);
#3068=LINE('',#222,#3071);
#3069=LINE('',#218,#3072);
#3070=VECTOR('',#3073,1.0);
#3071=VECTOR('',#3074,1.0);
#3072=VECTOR('',#3075,1.0);
#3073=DIRECTION('',(-0.5735846144603933,0.8191463178543391,0));
#3074=DIRECTION('',(-0.5735513714062717,0.8191695943807882,0));
#3075=DIRECTION('',(0.5735815233107472,-0.8191484823379231,0));
#3076=FACE_SURFACE('',(#3081),#3077,.T.);
#3077=PLANE('',#3078);
#3078=AXIS2_PLACEMENT_3D('',#224,#3079,#3080);
#3079=DIRECTION('',(0,0,-1));
#3080=DIRECTION('',(-0.4226211776327081,0.9063064273281652,0));
#3081=FACE_BOUND('',#3082,.T.);
#3082=EDGE_LOOP('',(#3083,#3084,#3085));
#3083=ORIENTED_EDGE('',*,*,#3086,.T.);
#3084=ORIENTED_EDGE('',*,*,#3087,.T.);
#3085=ORIENTED_EDGE('',*,*,#3088,.T.);
#3086=EDGE_CURVE('',#225,#227,#3089,.F.);
#3087=EDGE_CURVE('',#227,#221,#3090,.T.);
#3088=EDGE_CURVE('',#221,#225,#3091,.T.);
#3089=LINE('',#224,#3092);
#3090=LINE('',#226,#3093);
#3091=LINE('',#220,#3094);
#3092=VECTOR('',#3095,1.0);
#3093=VECTOR('',#3096,1.0);
#3094=VECTOR('',#3097,1.0);
#3095=DIRECTION('',(-0.4226211776327081,0.9063064273281652,0));
#3096=DIRECTION('',(-0.4226140411781352,0.9063097551053313,0));
#3097=DIRECTION('',(0.4226205140695385,-0.9063067367550564,0));
#3098=FACE_SURFACE('',(#3103),#3099,.T.);
#3099=PLANE('',#3100);
#3100=AXIS2_PLACEMENT_3D('',#228,#3101,#3102);
#3101=DIRECTION('',(0,0,-1));
#3102=DIRECTION('',(-0.2588196888933416,0.9659256537856078,0));
#3103=FACE_BOUND('',#3104,.T.);
#3104=EDGE_LOOP('',(#3105,#3106,#3107));
#3105=ORIENTED_EDGE('',*,*,#3108,.T.);
#3106=ORIENTED_EDGE('',*,*,#3109,.T.);
#3107=ORIENTED_EDGE('',*,*,#3110,.T.);
#3108=EDGE_CURVE('',#229,#231,#3111,.F.);
#3109=EDGE_CURVE('',#231,#225,#3112,.T.);
#3110=EDGE_CURVE('',#225,#229,#3113,.T.);
#3111=LINE('',#228,#3114);
#3112=LINE('',#230,#3115);
#3113=LINE('',#224,#3116);
#3114=VECTOR('',#3117,1.0);
#3115=VECTOR('',#3118,1.0);
#3116=VECTOR('',#3119,1.0);
#3117=DIRECTION('',(-0.2588196888933416,0.9659256537856078,0));
#3118=DIRECTION('',(-0.2588077286824891,0.9659288584436284,0));
#3119=DIRECTION('',(0.25881857678603537,-0.9659259517739707,0));
#3120=FACE_SURFACE('',(#3125),#3121,.T.);
#3121=PLANE('',#3122);
#3122=AXIS2_PLACEMENT_3D('',#220,#3123,#3124);
#3123=DIRECTION('',(0,0,-1));
#3124=DIRECTION('',(-0.5735815233107472,0.8191484823379231,0));
#3125=FACE_BOUND('',#3126,.T.);
#3126=EDGE_LOOP('',(#3127,#3128,#3129));
#3127=ORIENTED_EDGE('',*,*,#3130,.T.);
#3128=ORIENTED_EDGE('',*,*,#3131,.T.);
#3129=ORIENTED_EDGE('',*,*,#3132,.T.);
#3130=EDGE_CURVE('',#221,#219,#3133,.F.);
#3131=EDGE_CURVE('',#219,#65,#3134,.T.);
#3132=EDGE_CURVE('',#65,#221,#3135,.T.);
#3133=LINE('',#220,#3136);
#3134=LINE('',#218,#3137);
#3135=LINE('',#64,#3138);
#3136=VECTOR('',#3139,1.0);
#3137=VECTOR('',#3140,1.0);
#3138=VECTOR('',#3141,1.0);
#3139=DIRECTION('',(-0.5735815233107472,0.8191484823379231,0));
#3140=DIRECTION('',(0.9960480126641684,-0.08881642003458876,0));
#3141=DIRECTION('',(-0.9999180645308537,-0.012800946249063073,0));
#3142=FACE_SURFACE('',(#3147),#3143,.T.);
#3143=PLANE('',#3144);
#3144=AXIS2_PLACEMENT_3D('',#96,#3145,#3146);
#3145=DIRECTION('',(0,0,-1));
#3146=DIRECTION('',(-0.3878506375462132,0.9217222374202523,0));
#3147=FACE_BOUND('',#3148,.T.);
#3148=EDGE_LOOP('',(#3149,#3150,#3151));
#3149=ORIENTED_EDGE('',*,*,#3152,.T.);
#3150=ORIENTED_EDGE('',*,*,#3153,.T.);
#3151=ORIENTED_EDGE('',*,*,#3154,.T.);
#3152=EDGE_CURVE('',#97,#217,#3155,.F.);
#3153=EDGE_CURVE('',#217,#233,#3156,.T.);
#3154=EDGE_CURVE('',#233,#97,#3157,.T.);
#3155=LINE('',#96,#3158);
#3156=LINE('',#216,#3159);
#3157=LINE('',#232,#3160);
#3158=VECTOR('',#3161,1.0);
#3159=VECTOR('',#3162,1.0);
#3160=VECTOR('',#3163,1.0);
#3161=DIRECTION('',(-0.3878506375462132,0.9217222374202523,0));
#3162=DIRECTION('',(0.9961995372684822,-0.08710041300741342,0));
#3163=DIRECTION('',(0.3765344316705768,-0.926402624006709,0));
#3164=FACE_SURFACE('',(#3169),#3165,.T.);
#3165=PLANE('',#3166);
#3166=AXIS2_PLACEMENT_3D('',#96,#3167,#3168);
#3167=DIRECTION('',(0,0,-1));
#3168=DIRECTION('',(-0.3765344316705768,0.926402624006709,0));
#3169=FACE_BOUND('',#3170,.T.);
#3170=EDGE_LOOP('',(#3171,#3172,#3173));
#3171=ORIENTED_EDGE('',*,*,#3174,.T.);
#3172=ORIENTED_EDGE('',*,*,#3175,.T.);
#3173=ORIENTED_EDGE('',*,*,#3176,.T.);
#3174=EDGE_CURVE('',#97,#233,#3177,.F.);
#3175=EDGE_CURVE('',#233,#235,#3178,.T.);
#3176=EDGE_CURVE('',#235,#97,#3179,.T.);
#3177=LINE('',#96,#3180);
#3178=LINE('',#232,#3181);
#3179=LINE('',#234,#3182);
#3180=VECTOR('',#3183,1.0);
#3181=VECTOR('',#3184,1.0);
#3182=VECTOR('',#3185,1.0);
#3183=DIRECTION('',(-0.3765344316705768,0.926402624006709,0));
#3184=DIRECTION('',(0.9961951222731377,0.0871508941962641,0));
#3185=DIRECTION('',(0.24975794034613552,-0.9683083038134375,0));
#3186=FACE_SURFACE('',(#3191),#3187,.T.);
#3187=PLANE('',#3188);
#3188=AXIS2_PLACEMENT_3D('',#224,#3189,#3190);
#3189=DIRECTION('',(0,0,-1));
#3190=DIRECTION('',(-0.4226205140695385,0.9063067367550564,0));
#3191=FACE_BOUND('',#3192,.T.);
#3192=EDGE_LOOP('',(#3193,#3194,#3195));
#3193=ORIENTED_EDGE('',*,*,#3196,.T.);
#3194=ORIENTED_EDGE('',*,*,#3197,.T.);
#3195=ORIENTED_EDGE('',*,*,#3198,.T.);
#3196=EDGE_CURVE('',#225,#221,#3199,.F.);
#3197=EDGE_CURVE('',#221,#65,#3200,.T.);
#3198=EDGE_CURVE('',#65,#225,#3201,.T.);
#3199=LINE('',#224,#3202);
#3200=LINE('',#220,#3203);
#3201=LINE('',#64,#3204);
#3202=VECTOR('',#3205,1.0);
#3203=VECTOR('',#3206,1.0);
#3204=VECTOR('',#3207,1.0);
#3205=DIRECTION('',(-0.4226205140695385,0.9063067367550564,0));
#3206=DIRECTION('',(0.9999180645308537,0.012800946249063073,0));
#3207=DIRECTION('',(-0.9901982470942191,-0.1396690067679147,0));
#3208=FACE_SURFACE('',(#3213),#3209,.T.);
#3209=PLANE('',#3210);
#3210=AXIS2_PLACEMENT_3D('',#228,#3211,#3212);
#3211=DIRECTION('',(0,0,-1));
#3212=DIRECTION('',(-0.25881857678603537,0.9659259517739707,0));
#3213=FACE_BOUND('',#3214,.T.);
#3214=EDGE_LOOP('',(#3215,#3216,#3217));
#3215=ORIENTED_EDGE('',*,*,#3218,.T.);
#3216=ORIENTED_EDGE('',*,*,#3219,.T.);
#3217=ORIENTED_EDGE('',*,*,#3220,.T.);
#3218=EDGE_CURVE('',#229,#225,#3221,.F.);
#3219=EDGE_CURVE('',#225,#65,#3222,.T.);
#3220=EDGE_CURVE('',#65,#229,#3223,.T.);
#3221=LINE('',#228,#3224);
#3222=LINE('',#224,#3225);
#3223=LINE('',#64,#3226);
#3224=VECTOR('',#3227,1.0);
#3225=VECTOR('',#3228,1.0);
#3226=VECTOR('',#3229,1.0);
#3227=DIRECTION('',(-0.25881857678603537,0.9659259517739707,0));
#3228=DIRECTION('',(0.9901982470942191,0.1396690067679147,0));
#3229=DIRECTION('',(-0.9610968330283679,-0.27621165352468646,0));
#3230=FACE_SURFACE('',(#3235),#3231,.T.);
#3231=PLANE('',#3232);
#3232=AXIS2_PLACEMENT_3D('',#96,#3233,#3234);
#3233=DIRECTION('',(0,0,-1));
#3234=DIRECTION('',(-0.24975794034613552,0.9683083038134375,0));
#3235=FACE_BOUND('',#3236,.T.);
#3236=EDGE_LOOP('',(#3237,#3238,#3239));
#3237=ORIENTED_EDGE('',*,*,#3240,.T.);
#3238=ORIENTED_EDGE('',*,*,#3241,.T.);
#3239=ORIENTED_EDGE('',*,*,#3242,.T.);
#3240=EDGE_CURVE('',#97,#235,#3243,.F.);
#3241=EDGE_CURVE('',#235,#237,#3244,.T.);
#3242=EDGE_CURVE('',#237,#97,#3245,.T.);
#3243=LINE('',#96,#3246);
#3244=LINE('',#234,#3247);
#3245=LINE('',#236,#3248);
#3246=VECTOR('',#3249,1.0);
#3247=VECTOR('',#3250,1.0);
#3248=VECTOR('',#3251,1.0);
#3249=DIRECTION('',(-0.24975794034613552,0.9683083038134375,0));
#3250=DIRECTION('',(0.9961835564302575,0.08728299890565203,0));
#3251=DIRECTION('',(0.2360526274781066,-0.9717402724291518,0));
#3252=FACE_SURFACE('',(#3257),#3253,.T.);
#3253=PLANE('',#3254);
#3254=AXIS2_PLACEMENT_3D('',#96,#3255,#3256);
#3255=DIRECTION('',(0,0,-1));
#3256=DIRECTION('',(-0.2360526274781066,0.9717402724291518,0));
#3257=FACE_BOUND('',#3258,.T.);
#3258=EDGE_LOOP('',(#3259,#3260,#3261));
#3259=ORIENTED_EDGE('',*,*,#3262,.T.);
#3260=ORIENTED_EDGE('',*,*,#3263,.T.);
#3261=ORIENTED_EDGE('',*,*,#3264,.T.);
#3262=EDGE_CURVE('',#97,#237,#3265,.F.);
#3263=EDGE_CURVE('',#237,#239,#3266,.T.);
#3264=EDGE_CURVE('',#239,#97,#3267,.T.);
#3265=LINE('',#96,#3268);
#3266=LINE('',#236,#3269);
#3267=LINE('',#238,#3270);
#3268=VECTOR('',#3271,1.0);
#3269=VECTOR('',#3272,1.0);
#3270=VECTOR('',#3273,1.0);
#3271=DIRECTION('',(-0.2360526274781066,0.9717402724291518,0));
#3272=DIRECTION('',(0.965928678650892,0.2588083997086297,0));
#3273=DIRECTION('',(0.09980448772454306,-0.9950070674271825,0));
#3274=FACE_SURFACE('',(#3279),#3275,.T.);
#3275=PLANE('',#3276);
#3276=AXIS2_PLACEMENT_3D('',#240,#3277,#3278);
#3277=DIRECTION('',(0,0,-1));
#3278=DIRECTION('',(-0.08716581528744399,0.9961938168073898,0));
#3279=FACE_BOUND('',#3280,.T.);
#3280=EDGE_LOOP('',(#3281,#3282,#3283));
#3281=ORIENTED_EDGE('',*,*,#3284,.T.);
#3282=ORIENTED_EDGE('',*,*,#3285,.T.);
#3283=ORIENTED_EDGE('',*,*,#3286,.T.);
#3284=EDGE_CURVE('',#241,#229,#3287,.F.);
#3285=EDGE_CURVE('',#229,#65,#3288,.T.);
#3286=EDGE_CURVE('',#65,#241,#3289,.T.);
#3287=LINE('',#240,#3290);
#3288=LINE('',#228,#3291);
#3289=LINE('',#64,#3292);
#3290=VECTOR('',#3293,1.0);
#3291=VECTOR('',#3294,1.0);
#3292=VECTOR('',#3295,1.0);
#3293=DIRECTION('',(-0.08716581528744399,0.9961938168073898,0));
#3294=DIRECTION('',(0.9610968330283679,0.27621165352468646,0));
#3295=DIRECTION('',(-0.9574908986910686,-0.28846347935877403,0));
#3296=FACE_SURFACE('',(#3301),#3297,.T.);
#3297=PLANE('',#3298);
#3298=AXIS2_PLACEMENT_3D('',#242,#3299,#3300);
#3299=DIRECTION('',(0,0,-1));
#3300=DIRECTION('',(0.08715554814083322,0.9961947151176174,0));
#3301=FACE_BOUND('',#3302,.T.);
#3302=EDGE_LOOP('',(#3303,#3304,#3305));
#3303=ORIENTED_EDGE('',*,*,#3306,.T.);
#3304=ORIENTED_EDGE('',*,*,#3307,.T.);
#3305=ORIENTED_EDGE('',*,*,#3308,.T.);
#3306=EDGE_CURVE('',#243,#245,#3309,.F.);
#3307=EDGE_CURVE('',#245,#247,#3310,.T.);
#3308=EDGE_CURVE('',#247,#243,#3311,.T.);
#3309=LINE('',#242,#3312);
#3310=LINE('',#244,#3313);
#3311=LINE('',#246,#3314);
#3312=VECTOR('',#3315,1.0);
#3313=VECTOR('',#3316,1.0);
#3314=VECTOR('',#3317,1.0);
#3315=DIRECTION('',(0.08715554814083322,0.9961947151176174,0));
#3316=DIRECTION('',(0.08716581528744399,0.9961938168073898,0));
#3317=DIRECTION('',(-0.08715650276867429,-0.9961946315982304,0));
#3318=FACE_SURFACE('',(#3323),#3319,.T.);
#3319=PLANE('',#3320);
#3320=AXIS2_PLACEMENT_3D('',#246,#3321,#3322);
#3321=DIRECTION('',(0,0,-1));
#3322=DIRECTION('',(-0.08716020207969585,0.9961943079406882,0));
#3323=FACE_BOUND('',#3324,.T.);
#3324=EDGE_LOOP('',(#3325,#3326,#3327));
#3325=ORIENTED_EDGE('',*,*,#3328,.T.);
#3326=ORIENTED_EDGE('',*,*,#3329,.T.);
#3327=ORIENTED_EDGE('',*,*,#3330,.T.);
#3328=EDGE_CURVE('',#247,#241,#3331,.F.);
#3329=EDGE_CURVE('',#241,#65,#3332,.T.);
#3330=EDGE_CURVE('',#65,#247,#3333,.T.);
#3331=LINE('',#246,#3334);
#3332=LINE('',#240,#3335);
#3333=LINE('',#64,#3336);
#3334=VECTOR('',#3337,1.0);
#3335=VECTOR('',#3338,1.0);
#3336=VECTOR('',#3339,1.0);
#3337=DIRECTION('',(-0.08716020207969585,0.9961943079406882,0));
#3338=DIRECTION('',(0.9574908986910686,0.28846347935877403,0));
#3339=DIRECTION('',(-0.9158552266297925,-0.4015086597508097,0));
#3340=FACE_SURFACE('',(#3345),#3341,.T.);
#3341=PLANE('',#3342);
#3342=AXIS2_PLACEMENT_3D('',#96,#3343,#3344);
#3343=DIRECTION('',(0,0,-1));
#3344=DIRECTION('',(-0.09980448772454306,0.9950070674271825,0));
#3345=FACE_BOUND('',#3346,.T.);
#3346=EDGE_LOOP('',(#3347,#3348,#3349));
#3347=ORIENTED_EDGE('',*,*,#3350,.T.);
#3348=ORIENTED_EDGE('',*,*,#3351,.T.);
#3349=ORIENTED_EDGE('',*,*,#3352,.T.);
#3350=EDGE_CURVE('',#97,#239,#3353,.F.);
#3351=EDGE_CURVE('',#239,#249,#3354,.T.);
#3352=EDGE_CURVE('',#249,#97,#3355,.T.);
#3353=LINE('',#96,#3356);
#3354=LINE('',#238,#3357);
#3355=LINE('',#248,#3358);
#3356=VECTOR('',#3359,1.0);
#3357=VECTOR('',#3360,1.0);
#3358=VECTOR('',#3361,1.0);
#3359=DIRECTION('',(-0.09980448772454306,0.9950070674271825,0));
#3360=DIRECTION('',(0.965900058048587,0.2589151943431211,0));
#3361=DIRECTION('',(0.08594252757532797,-0.9963000963334109,0));
#3362=FACE_SURFACE('',(#3367),#3363,.T.);
#3363=PLANE('',#3364);
#3364=AXIS2_PLACEMENT_3D('',#96,#3365,#3366);
#3365=DIRECTION('',(0,0,-1));
#3366=DIRECTION('',(-0.08594252757532797,0.9963000963334109,0));
#3367=FACE_BOUND('',#3368,.T.);
#3368=EDGE_LOOP('',(#3369,#3370,#3371));
#3369=ORIENTED_EDGE('',*,*,#3372,.T.);
#3370=ORIENTED_EDGE('',*,*,#3373,.T.);
#3371=ORIENTED_EDGE('',*,*,#3374,.T.);
#3372=EDGE_CURVE('',#97,#249,#3375,.F.);
#3373=EDGE_CURVE('',#249,#251,#3376,.T.);
#3374=EDGE_CURVE('',#251,#97,#3377,.T.);
#3375=LINE('',#96,#3378);
#3376=LINE('',#248,#3379);
#3377=LINE('',#250,#3380);
#3378=VECTOR('',#3381,1.0);
#3379=VECTOR('',#3382,1.0);
#3380=VECTOR('',#3383,1.0);
#3381=DIRECTION('',(-0.08594252757532797,0.9963000963334109,0));
#3382=DIRECTION('',(0.9063131176771951,0.42260682995692667,0));
#3383=DIRECTION('',(-0.036740082240882745,-0.9993248552682622,0));
#3384=FACE_SURFACE('',(#3389),#3385,.T.);
#3385=PLANE('',#3386);
#3386=AXIS2_PLACEMENT_3D('',#242,#3387,#3388);
#3387=DIRECTION('',(0,0,-1));
#3388=DIRECTION('',(0.08715650276867429,0.9961946315982304,0));
#3389=FACE_BOUND('',#3390,.T.);
#3390=EDGE_LOOP('',(#3391,#3392,#3393));
#3391=ORIENTED_EDGE('',*,*,#3394,.T.);
#3392=ORIENTED_EDGE('',*,*,#3395,.T.);
#3393=ORIENTED_EDGE('',*,*,#3396,.T.);
#3394=EDGE_CURVE('',#243,#247,#3397,.F.);
#3395=EDGE_CURVE('',#247,#65,#3398,.T.);
#3396=EDGE_CURVE('',#65,#243,#3399,.T.);
#3397=LINE('',#242,#3400);
#3398=LINE('',#246,#3401);
#3399=LINE('',#64,#3402);
#3400=VECTOR('',#3403,1.0);
#3401=VECTOR('',#3404,1.0);
#3402=VECTOR('',#3405,1.0);
#3403=DIRECTION('',(0.08715650276867429,0.9961946315982304,0));
#3404=DIRECTION('',(0.9158552266297925,0.4015086597508097,0));
#3405=DIRECTION('',(-0.8656890761694789,-0.5005820845783777,0));
#3406=FACE_SURFACE('',(#3411),#3407,.T.);
#3407=PLANE('',#3408);
#3408=AXIS2_PLACEMENT_3D('',#252,#3409,#3410);
#3409=DIRECTION('',(0,0,-1));
#3410=DIRECTION('',(0.25880239367850694,0.9659302878708561,0));
#3411=FACE_BOUND('',#3412,.T.);
#3412=EDGE_LOOP('',(#3413,#3414,#3415));
#3413=ORIENTED_EDGE('',*,*,#3416,.T.);
#3414=ORIENTED_EDGE('',*,*,#3417,.T.);
#3415=ORIENTED_EDGE('',*,*,#3418,.T.);
#3416=EDGE_CURVE('',#253,#243,#3419,.F.);
#3417=EDGE_CURVE('',#243,#65,#3420,.T.);
#3418=EDGE_CURVE('',#65,#253,#3421,.T.);
#3419=LINE('',#252,#3422);
#3420=LINE('',#242,#3423);
#3421=LINE('',#64,#3424);
#3422=VECTOR('',#3425,1.0);
#3423=VECTOR('',#3426,1.0);
#3424=VECTOR('',#3427,1.0);
#3425=DIRECTION('',(0.25880239367850694,0.9659302878708561,0));
#3426=DIRECTION('',(0.8656890761694789,0.5005820845783777,0));
#3427=DIRECTION('',(-0.8615373763456137,-0.5076941492271864,0));
#3428=FACE_SURFACE('',(#3433),#3429,.T.);
#3429=PLANE('',#3430);
#3430=AXIS2_PLACEMENT_3D('',#96,#3431,#3432);
#3431=DIRECTION('',(0,0,-1));
#3432=DIRECTION('',(0.036740082240882745,0.9993248552682622,0));
#3433=FACE_BOUND('',#3434,.T.);
#3434=EDGE_LOOP('',(#3435,#3436,#3437));
#3435=ORIENTED_EDGE('',*,*,#3438,.T.);
#3436=ORIENTED_EDGE('',*,*,#3439,.T.);
#3437=ORIENTED_EDGE('',*,*,#3440,.T.);
#3438=EDGE_CURVE('',#97,#251,#3441,.F.);
#3439=EDGE_CURVE('',#251,#255,#3442,.T.);
#3440=EDGE_CURVE('',#255,#97,#3443,.T.);
#3441=LINE('',#96,#3444);
#3442=LINE('',#250,#3445);
#3443=LINE('',#254,#3446);
#3444=VECTOR('',#3447,1.0);
#3445=VECTOR('',#3448,1.0);
#3446=VECTOR('',#3449,1.0);
#3447=DIRECTION('',(0.036740082240882745,0.9993248552682622,0));
#3448=DIRECTION('',(0.9062771953490587,0.4226838596282615,0));
#3449=DIRECTION('',(-0.048556674830840175,-0.9988204289707795,0));
#3450=FACE_SURFACE('',(#3455),#3451,.T.);
#3451=PLANE('',#3452);
#3452=AXIS2_PLACEMENT_3D('',#96,#3453,#3454);
#3453=DIRECTION('',(0,0,-1));
#3454=DIRECTION('',(0.048556674830840175,0.9988204289707795,0));
#3455=FACE_BOUND('',#3456,.T.);
#3456=EDGE_LOOP('',(#3457,#3458,#3459));
#3457=ORIENTED_EDGE('',*,*,#3460,.T.);
#3458=ORIENTED_EDGE('',*,*,#3461,.T.);
#3459=ORIENTED_EDGE('',*,*,#3462,.T.);
#3460=EDGE_CURVE('',#97,#255,#3463,.F.);
#3461=EDGE_CURVE('',#255,#257,#3464,.T.);
#3462=EDGE_CURVE('',#257,#97,#3465,.T.);
#3463=LINE('',#96,#3466);
#3464=LINE('',#254,#3467);
#3465=LINE('',#256,#3468);
#3466=VECTOR('',#3469,1.0);
#3467=VECTOR('',#3470,1.0);
#3468=VECTOR('',#3471,1.0);
#3469=DIRECTION('',(0.048556674830840175,0.9988204289707795,0));
#3470=DIRECTION('',(0.8191537006514206,0.5735740708130754,0));
#3471=DIRECTION('',(-0.14270212230355392,-0.9897656815075281,0));
#3472=FACE_SURFACE('',(#3477),#3473,.T.);
#3473=PLANE('',#3474);
#3474=AXIS2_PLACEMENT_3D('',#258,#3475,#3476);
#3475=DIRECTION('',(0,0,-1));
#3476=DIRECTION('',(0.258821096911312,0.965925276506224,0));
#3477=FACE_BOUND('',#3478,.T.);
#3478=EDGE_LOOP('',(#3479,#3480,#3481));
#3479=ORIENTED_EDGE('',*,*,#3482,.T.);
#3480=ORIENTED_EDGE('',*,*,#3483,.T.);
#3481=ORIENTED_EDGE('',*,*,#3484,.T.);
#3482=EDGE_CURVE('',#259,#253,#3485,.F.);
#3483=EDGE_CURVE('',#253,#65,#3486,.T.);
#3484=EDGE_CURVE('',#65,#259,#3487,.T.);
#3485=LINE('',#258,#3488);
#3486=LINE('',#252,#3489);
#3487=LINE('',#64,#3490);
#3488=VECTOR('',#3491,1.0);
#3489=VECTOR('',#3492,1.0);
#3490=VECTOR('',#3493,1.0);
#3491=DIRECTION('',(0.258821096911312,0.965925276506224,0));
#3492=DIRECTION('',(0.8615373763456137,0.5076941492271864,0));
#3493=DIRECTION('',(-0.821899136015159,-0.5696330487406215,0));
#3494=FACE_SURFACE('',(#3499),#3495,.T.);
#3495=PLANE('',#3496);
#3496=AXIS2_PLACEMENT_3D('',#260,#3497,#3498);
#3497=DIRECTION('',(0,0,-1));
#3498=DIRECTION('',(0.422604647302602,0.9063141354289048,0));
#3499=FACE_BOUND('',#3500,.T.);
#3500=EDGE_LOOP('',(#3501,#3502,#3503));
#3501=ORIENTED_EDGE('',*,*,#3504,.T.);
#3502=ORIENTED_EDGE('',*,*,#3505,.T.);
#3503=ORIENTED_EDGE('',*,*,#3506,.T.);
#3504=EDGE_CURVE('',#261,#259,#3507,.F.);
#3505=EDGE_CURVE('',#259,#65,#3508,.T.);
#3506=EDGE_CURVE('',#65,#261,#3509,.T.);
#3507=LINE('',#260,#3510);
#3508=LINE('',#258,#3511);
#3509=LINE('',#64,#3512);
#3510=VECTOR('',#3513,1.0);
#3511=VECTOR('',#3514,1.0);
#3512=VECTOR('',#3515,1.0);
#3513=DIRECTION('',(0.422604647302602,0.9063141354289048,0));
#3514=DIRECTION('',(0.821899136015159,0.5696330487406215,0));
#3515=DIRECTION('',(-0.8188283867941851,-0.5740383898138106,0));
#3516=FACE_SURFACE('',(#3521),#3517,.T.);
#3517=PLANE('',#3518);
#3518=AXIS2_PLACEMENT_3D('',#96,#3519,#3520);
#3519=DIRECTION('',(0,0,-1));
#3520=DIRECTION('',(0.14270212230355392,0.9897656815075281,0));
#3521=FACE_BOUND('',#3522,.T.);
#3522=EDGE_LOOP('',(#3523,#3524,#3525));
#3523=ORIENTED_EDGE('',*,*,#3526,.T.);
#3524=ORIENTED_EDGE('',*,*,#3527,.T.);
#3525=ORIENTED_EDGE('',*,*,#3528,.T.);
#3526=EDGE_CURVE('',#97,#257,#3529,.F.);
#3527=EDGE_CURVE('',#257,#263,#3530,.T.);
#3528=EDGE_CURVE('',#263,#97,#3531,.T.);
#3529=LINE('',#96,#3532);
#3530=LINE('',#256,#3533);
#3531=LINE('',#262,#3534);
#3532=VECTOR('',#3535,1.0);
#3533=VECTOR('',#3536,1.0);
#3534=VECTOR('',#3537,1.0);
#3535=DIRECTION('',(0.14270212230355392,0.9897656815075281,0));
#3536=DIRECTION('',(0.8191147803944421,0.5736296510287495,0));
#3537=DIRECTION('',(-0.15146330310588108,-0.9884628813527881,0));
#3538=FACE_SURFACE('',(#3543),#3539,.T.);
#3539=PLANE('',#3540);
#3540=AXIS2_PLACEMENT_3D('',#262,#3541,#3542);
#3541=DIRECTION('',(0,0,-1));
#3542=DIRECTION('',(0.7071032640093755,0.7071102983462251,0));
#3543=FACE_BOUND('',#3544,.T.);
#3544=EDGE_LOOP('',(#3545,#3546,#3547));
#3545=ORIENTED_EDGE('',*,*,#3548,.T.);
#3546=ORIENTED_EDGE('',*,*,#3549,.T.);
#3547=ORIENTED_EDGE('',*,*,#3550,.T.);
#3548=EDGE_CURVE('',#263,#265,#3551,.F.);
#3549=EDGE_CURVE('',#265,#267,#3552,.T.);
#3550=EDGE_CURVE('',#267,#263,#3553,.T.);
#3551=LINE('',#262,#3554);
#3552=LINE('',#264,#3555);
#3553=LINE('',#266,#3556);
#3554=VECTOR('',#3557,1.0);
#3555=VECTOR('',#3558,1.0);
#3556=VECTOR('',#3559,1.0);
#3557=DIRECTION('',(0.7071032640093755,0.7071102983462251,0));
#3558=DIRECTION('',(0.7071353729912112,0.7070781882257297,0));
#3559=DIRECTION('',(-0.7071062494947324,-0.7071073128779628,0));
#3560=FACE_SURFACE('',(#3565),#3561,.T.);
#3561=PLANE('',#3562);
#3562=AXIS2_PLACEMENT_3D('',#96,#3563,#3564);
#3563=DIRECTION('',(0,0,-1));
#3564=DIRECTION('',(0.15146330310588108,0.9884628813527881,0));
#3565=FACE_BOUND('',#3566,.T.);
#3566=EDGE_LOOP('',(#3567,#3568,#3569));
#3567=ORIENTED_EDGE('',*,*,#3570,.T.);
#3568=ORIENTED_EDGE('',*,*,#3571,.T.);
#3569=ORIENTED_EDGE('',*,*,#3572,.T.);
#3570=EDGE_CURVE('',#97,#263,#3573,.F.);
#3571=EDGE_CURVE('',#263,#267,#3574,.T.);
#3572=EDGE_CURVE('',#267,#97,#3575,.T.);
#3573=LINE('',#96,#3576);
#3574=LINE('',#262,#3577);
#3575=LINE('',#266,#3578);
#3576=VECTOR('',#3579,1.0);
#3577=VECTOR('',#3580,1.0);
#3578=VECTOR('',#3581,1.0);
#3579=DIRECTION('',(0.15146330310588108,0.9884628813527881,0));
#3580=DIRECTION('',(0.7071062494947324,0.7071073128779628,0));
#3581=DIRECTION('',(-0.22009436268432694,-0.9754785858821197,0));
#3582=FACE_SURFACE('',(#3587),#3583,.T.);
#3583=PLANE('',#3584);
#3584=AXIS2_PLACEMENT_3D('',#260,#3585,#3586);
#3585=DIRECTION('',(0,-0,-1));
#3586=DIRECTION('',(0.8188283867941851,0.5740383898138106,0));
#3587=FACE_BOUND('',#3588,.T.);
#3588=EDGE_LOOP('',(#3589,#3590,#3591));
#3589=ORIENTED_EDGE('',*,*,#3592,.T.);
#3590=ORIENTED_EDGE('',*,*,#3593,.T.);
#3591=ORIENTED_EDGE('',*,*,#3594,.T.);
#3592=EDGE_CURVE('',#261,#65,#3595,.F.);
#3593=EDGE_CURVE('',#65,#97,#3596,.T.);
#3594=EDGE_CURVE('',#97,#261,#3597,.T.);
#3595=LINE('',#260,#3598);
#3596=LINE('',#64,#3599);
#3597=LINE('',#96,#3600);
#3598=VECTOR('',#3601,1.0);
#3599=VECTOR('',#3602,1.0);
#3600=VECTOR('',#3603,1.0);
#3601=DIRECTION('',(0.8188283867941851,0.5740383898138106,0));
#3602=DIRECTION('',(-0.5555681861998588,-0.8314709799401293,0));
#3603=DIRECTION('',(0.2739161895753989,0.9617535656749573,0));
#3604=FACE_SURFACE('',(#3609),#3605,.T.);
#3605=PLANE('',#3606);
#3606=AXIS2_PLACEMENT_3D('',#268,#3607,#3608);
#3607=DIRECTION('',(0,-0,-1));
#3608=DIRECTION('',(0.4226182886467146,0.9063077744901685,0));
#3609=FACE_BOUND('',#3610,.T.);
#3610=EDGE_LOOP('',(#3611,#3612,#3613));
#3611=ORIENTED_EDGE('',*,*,#3614,.T.);
#3612=ORIENTED_EDGE('',*,*,#3615,.T.);
#3613=ORIENTED_EDGE('',*,*,#3616,.T.);
#3614=EDGE_CURVE('',#269,#261,#3617,.F.);
#3615=EDGE_CURVE('',#261,#97,#3618,.T.);
#3616=EDGE_CURVE('',#97,#269,#3619,.T.);
#3617=LINE('',#268,#3620);
#3618=LINE('',#260,#3621);
#3619=LINE('',#96,#3622);
#3620=VECTOR('',#3623,1.0);
#3621=VECTOR('',#3624,1.0);
#3622=VECTOR('',#3625,1.0);
#3623=DIRECTION('',(0.4226182886467146,0.9063077744901685,0));
#3624=DIRECTION('',(-0.2739161895753989,-0.9617535656749573,0));
#3625=DIRECTION('',(0.2592208773791608,0.965818066061501,0));
#3626=FACE_SURFACE('',(#3631),#3627,.T.);
#3627=PLANE('',#3628);
#3628=AXIS2_PLACEMENT_3D('',#96,#3629,#3630);
#3629=DIRECTION('',(0,0,-1));
#3630=DIRECTION('',(0.22009436268432694,0.9754785858821197,0));
#3631=FACE_BOUND('',#3632,.T.);
#3632=EDGE_LOOP('',(#3633,#3634,#3635));
#3633=ORIENTED_EDGE('',*,*,#3636,.T.);
#3634=ORIENTED_EDGE('',*,*,#3637,.T.);
#3635=ORIENTED_EDGE('',*,*,#3638,.T.);
#3636=EDGE_CURVE('',#97,#267,#3639,.F.);
#3637=EDGE_CURVE('',#267,#271,#3640,.T.);
#3638=EDGE_CURVE('',#271,#97,#3641,.T.);
#3639=LINE('',#96,#3642);
#3640=LINE('',#266,#3643);
#3641=LINE('',#270,#3644);
#3642=VECTOR('',#3645,1.0);
#3643=VECTOR('',#3646,1.0);
#3644=VECTOR('',#3647,1.0);
#3645=DIRECTION('',(0.22009436268432694,0.9754785858821197,0));
#3646=DIRECTION('',(0.573574227511273,0.8191535909308134,0));
#3647=DIRECTION('',(-0.2559292734346875,-0.9666955089371176,0));
#3648=FACE_SURFACE('',(#3653),#3649,.T.);
#3649=PLANE('',#3650);
#3650=AXIS2_PLACEMENT_3D('',#96,#3651,#3652);
#3651=DIRECTION('',(0,0,-1));
#3652=DIRECTION('',(0.2559292734346875,0.9666955089371176,0));
#3653=FACE_BOUND('',#3654,.T.);
#3654=EDGE_LOOP('',(#3655,#3656,#3657));
#3655=ORIENTED_EDGE('',*,*,#3658,.T.);
#3656=ORIENTED_EDGE('',*,*,#3659,.T.);
#3657=ORIENTED_EDGE('',*,*,#3660,.T.);
#3658=EDGE_CURVE('',#97,#271,#3661,.F.);
#3659=EDGE_CURVE('',#271,#269,#3662,.T.);
#3660=EDGE_CURVE('',#269,#97,#3663,.T.);
#3661=LINE('',#96,#3664);
#3662=LINE('',#270,#3665);
#3663=LINE('',#268,#3666);
#3664=VECTOR('',#3667,1.0);
#3665=VECTOR('',#3668,1.0);
#3666=VECTOR('',#3669,1.0);
#3667=DIRECTION('',(0.2559292734346875,0.9666955089371176,0));
#3668=DIRECTION('',(0.573539860432533,0.819177653805956,0));
#3669=DIRECTION('',(-0.2592208773791608,-0.965818066061501,0));
#3670=FACE_SURFACE('',(#3675),#3671,.T.);
#3671=PLANE('',#3672);
#3672=AXIS2_PLACEMENT_3D('',#272,#3673,#3674);
#3673=DIRECTION('',(0,-0,-1));
#3674=DIRECTION('',(0.08717149025137898,-0.9961933202382728,0));
#3675=FACE_BOUND('',#3676,.T.);
#3676=EDGE_LOOP('',(#3677,#3678,#3679));
#3677=ORIENTED_EDGE('',*,*,#3680,.T.);
#3678=ORIENTED_EDGE('',*,*,#3681,.T.);
#3679=ORIENTED_EDGE('',*,*,#3682,.T.);
#3680=EDGE_CURVE('',#273,#167,#3683,.F.);
#3681=EDGE_CURVE('',#167,#129,#3684,.T.);
#3682=EDGE_CURVE('',#129,#273,#3685,.T.);
#3683=LINE('',#272,#3686);
#3684=LINE('',#166,#3687);
#3685=LINE('',#128,#3688);
#3686=VECTOR('',#3689,1.0);
#3687=VECTOR('',#3690,1.0);
#3688=VECTOR('',#3691,1.0);
#3689=DIRECTION('',(0.08717149025137898,-0.9961933202382728,0));
#3690=DIRECTION('',(-0.9893825908600933,-0.14533440371422396,0));
#3691=DIRECTION('',(0.9873139553606506,0.1587802051582854,0));
#3692=FACE_SURFACE('',(#3697),#3693,.T.);
#3693=PLANE('',#3694);
#3694=AXIS2_PLACEMENT_3D('',#128,#3695,#3696);
#3695=DIRECTION('',(0,0,-1));
#3696=DIRECTION('',(-0.09801989010095401,0.9951844558395176,0));
#3697=FACE_BOUND('',#3698,.T.);
#3698=EDGE_LOOP('',(#3699,#3700,#3701));
#3699=ORIENTED_EDGE('',*,*,#3702,.T.);
#3700=ORIENTED_EDGE('',*,*,#3703,.T.);
#3701=ORIENTED_EDGE('',*,*,#3704,.T.);
#3702=EDGE_CURVE('',#129,#133,#3705,.F.);
#3703=EDGE_CURVE('',#133,#137,#3706,.T.);
#3704=EDGE_CURVE('',#137,#129,#3707,.T.);
#3705=LINE('',#128,#3708);
#3706=LINE('',#132,#3709);
#3707=LINE('',#136,#3710);
#3708=VECTOR('',#3711,1.0);
#3709=VECTOR('',#3712,1.0);
#3710=VECTOR('',#3713,1.0);
#3711=DIRECTION('',(-0.09801989010095401,0.9951844558395176,0));
#3712=DIRECTION('',(0.09801632399333254,0.9951848070739596,0));
#3713=DIRECTION('',(2.147478516619968E-06,-0.9999999999976942,0));
#3714=FACE_SURFACE('',(#3719),#3715,.T.);
#3715=PLANE('',#3716);
#3716=AXIS2_PLACEMENT_3D('',#136,#3717,#3718);
#3717=DIRECTION('',(0,0,-1));
#3718=DIRECTION('',(0.2902814432728781,0.9569413167438299,0));
#3719=FACE_BOUND('',#3720,.T.);
#3720=EDGE_LOOP('',(#3721,#3722,#3723));
#3721=ORIENTED_EDGE('',*,*,#3724,.T.);
#3722=ORIENTED_EDGE('',*,*,#3725,.T.);
#3723=ORIENTED_EDGE('',*,*,#3726,.T.);
#3724=EDGE_CURVE('',#137,#141,#3727,.F.);
#3725=EDGE_CURVE('',#141,#145,#3728,.T.);
#3726=EDGE_CURVE('',#145,#137,#3729,.T.);
#3727=LINE('',#136,#3730);
#3728=LINE('',#140,#3731);
#3729=LINE('',#144,#3732);
#3730=VECTOR('',#3733,1.0);
#3731=VECTOR('',#3734,1.0);
#3732=VECTOR('',#3735,1.0);
#3733=DIRECTION('',(0.2902814432728781,0.9569413167438299,0));
#3734=DIRECTION('',(0.47139698917409245,0.8819211294654419,0));
#3735=DIRECTION('',(-0.38268189409971387,-0.9238801696801677,0));
#3736=FACE_SURFACE('',(#3741),#3737,.T.);
#3737=PLANE('',#3738);
#3738=AXIS2_PLACEMENT_3D('',#144,#3739,#3740);
#3739=DIRECTION('',(0,0,-1));
#3740=DIRECTION('',(0.6343900731285758,0.7730130885799543,0));
#3741=FACE_BOUND('',#3742,.T.);
#3742=EDGE_LOOP('',(#3743,#3744,#3745));
#3743=ORIENTED_EDGE('',*,*,#3746,.T.);
#3744=ORIENTED_EDGE('',*,*,#3747,.T.);
#3745=ORIENTED_EDGE('',*,*,#3748,.T.);
#3746=EDGE_CURVE('',#145,#149,#3749,.F.);
#3747=EDGE_CURVE('',#149,#153,#3750,.T.);
#3748=EDGE_CURVE('',#153,#145,#3751,.T.);
#3749=LINE('',#144,#3752);
#3750=LINE('',#148,#3753);
#3751=LINE('',#152,#3754);
#3752=VECTOR('',#3755,1.0);
#3753=VECTOR('',#3756,1.0);
#3754=VECTOR('',#3757,1.0);
#3755=DIRECTION('',(0.6343900731285758,0.7730130885799543,0));
#3756=DIRECTION('',(0.7730103362671278,0.6343934268450313,0));
#3757=DIRECTION('',(-0.707105063200391,-0.7071084991685301,0));
#3758=FACE_SURFACE('',(#3763),#3759,.T.);
#3759=PLANE('',#3760);
#3760=AXIS2_PLACEMENT_3D('',#152,#3761,#3762);
#3761=DIRECTION('',(0,0,-1));
#3762=DIRECTION('',(0.8819215093900825,0.47139627838488335,0));
#3763=FACE_BOUND('',#3764,.T.);
#3764=EDGE_LOOP('',(#3765,#3766,#3767));
#3765=ORIENTED_EDGE('',*,*,#3768,.T.);
#3766=ORIENTED_EDGE('',*,*,#3769,.T.);
#3767=ORIENTED_EDGE('',*,*,#3770,.T.);
#3768=EDGE_CURVE('',#153,#157,#3771,.F.);
#3769=EDGE_CURVE('',#157,#161,#3772,.T.);
#3770=EDGE_CURVE('',#161,#153,#3773,.T.);
#3771=LINE('',#152,#3774);
#3772=LINE('',#156,#3775);
#3773=LINE('',#160,#3776);
#3774=VECTOR('',#3777,1.0);
#3775=VECTOR('',#3778,1.0);
#3776=VECTOR('',#3779,1.0);
#3777=DIRECTION('',(0.8819215093900825,0.47139627838488335,0));
#3778=DIRECTION('',(0.9569391795437313,0.29028848866975465,0));
#3779=DIRECTION('',(-0.923878928825734,-0.3826848897876872,0));
#3780=FACE_SURFACE('',(#3785),#3781,.T.);
#3781=PLANE('',#3782);
#3782=AXIS2_PLACEMENT_3D('',#160,#3783,#3784);
#3783=DIRECTION('',(0,0,-1));
#3784=DIRECTION('',(0.19219050032590082,-0.9813576369420477,0));
#3785=FACE_BOUND('',#3786,.T.);
#3786=EDGE_LOOP('',(#3787,#3788,#3789));
#3787=ORIENTED_EDGE('',*,*,#3790,.T.);
#3788=ORIENTED_EDGE('',*,*,#3791,.T.);
#3789=ORIENTED_EDGE('',*,*,#3792,.T.);
#3790=EDGE_CURVE('',#161,#165,#3793,.F.);
#3791=EDGE_CURVE('',#165,#275,#3794,.T.);
#3792=EDGE_CURVE('',#275,#161,#3795,.T.);
#3793=LINE('',#160,#3796);
#3794=LINE('',#164,#3797);
#3795=LINE('',#274,#3798);
#3796=VECTOR('',#3799,1.0);
#3797=VECTOR('',#3800,1.0);
#3798=VECTOR('',#3801,1.0);
#3799=DIRECTION('',(0.19219050032590082,-0.9813576369420477,0));
#3800=DIRECTION('',(-0.9659288357084987,-0.25880781353510945,0));
#3801=DIRECTION('',(-0.07304535324472565,0.997328620049256,0));
#3802=FACE_SURFACE('',(#3807),#3803,.T.);
#3803=PLANE('',#3804);
#3804=AXIS2_PLACEMENT_3D('',#160,#3805,#3806);
#3805=DIRECTION('',(0,0,-1));
#3806=DIRECTION('',(0.07304535324472565,-0.997328620049256,0));
#3807=FACE_BOUND('',#3808,.T.);
#3808=EDGE_LOOP('',(#3809,#3810,#3811));
#3809=ORIENTED_EDGE('',*,*,#3812,.T.);
#3810=ORIENTED_EDGE('',*,*,#3813,.T.);
#3811=ORIENTED_EDGE('',*,*,#3814,.T.);
#3812=EDGE_CURVE('',#161,#275,#3815,.F.);
#3813=EDGE_CURVE('',#275,#277,#3816,.T.);
#3814=EDGE_CURVE('',#277,#161,#3817,.T.);
#3815=LINE('',#160,#3818);
#3816=LINE('',#274,#3819);
#3817=LINE('',#276,#3820);
#3818=VECTOR('',#3821,1.0);
#3819=VECTOR('',#3822,1.0);
#3820=VECTOR('',#3823,1.0);
#3821=DIRECTION('',(0.07304535324472565,-0.997328620049256,0));
#3822=DIRECTION('',(-0.965900058048587,-0.2589151943431211,0));
#3823=DIRECTION('',(-0.06099013915467784,0.9981383686272626,0));
#3824=FACE_SURFACE('',(#3829),#3825,.T.);
#3825=PLANE('',#3826);
#3826=AXIS2_PLACEMENT_3D('',#144,#3827,#3828);
#3827=DIRECTION('',(0,0,-1));
#3828=DIRECTION('',(0.707105063200391,0.7071084991685301,0));
#3829=FACE_BOUND('',#3830,.T.);
#3830=EDGE_LOOP('',(#3831,#3832,#3833));
#3831=ORIENTED_EDGE('',*,*,#3834,.T.);
#3832=ORIENTED_EDGE('',*,*,#3835,.T.);
#3833=ORIENTED_EDGE('',*,*,#3836,.T.);
#3834=EDGE_CURVE('',#145,#153,#3837,.F.);
#3835=EDGE_CURVE('',#153,#161,#3838,.T.);
#3836=EDGE_CURVE('',#161,#145,#3839,.T.);
#3837=LINE('',#144,#3840);
#3838=LINE('',#152,#3841);
#3839=LINE('',#160,#3842);
#3840=VECTOR('',#3843,1.0);
#3841=VECTOR('',#3844,1.0);
#3842=VECTOR('',#3845,1.0);
#3843=DIRECTION('',(0.707105063200391,0.7071084991685301,0));
#3844=DIRECTION('',(0.923878928825734,0.3826848897876872,0));
#3845=DIRECTION('',(-0.8314684266591373,-0.55557200745626,0));
#3846=FACE_SURFACE('',(#3851),#3847,.T.);
#3847=PLANE('',#3848);
#3848=AXIS2_PLACEMENT_3D('',#128,#3849,#3850);
#3849=DIRECTION('',(0,0,-1));
#3850=DIRECTION('',(-2.147478516619968E-06,0.9999999999976942,0));
#3851=FACE_BOUND('',#3852,.T.);
#3852=EDGE_LOOP('',(#3853,#3854,#3855));
#3853=ORIENTED_EDGE('',*,*,#3856,.T.);
#3854=ORIENTED_EDGE('',*,*,#3857,.T.);
#3855=ORIENTED_EDGE('',*,*,#3858,.T.);
#3856=EDGE_CURVE('',#129,#137,#3859,.F.);
#3857=EDGE_CURVE('',#137,#145,#3860,.T.);
#3858=EDGE_CURVE('',#145,#129,#3861,.T.);
#3859=LINE('',#128,#3862);
#3860=LINE('',#136,#3863);
#3861=LINE('',#144,#3864);
#3862=VECTOR('',#3865,1.0);
#3863=VECTOR('',#3866,1.0);
#3864=VECTOR('',#3867,1.0);
#3865=DIRECTION('',(-2.147478516619968E-06,0.9999999999976942,0));
#3866=DIRECTION('',(0.38268189409971387,0.9238801696801677,0));
#3867=DIRECTION('',(-0.1950880313239209,-0.9807857360474594,0));
#3868=FACE_SURFACE('',(#3873),#3869,.T.);
#3869=PLANE('',#3870);
#3870=AXIS2_PLACEMENT_3D('',#278,#3871,#3872);
#3871=DIRECTION('',(0,-0,-1));
#3872=DIRECTION('',(0.08715787511097786,-0.9961945115318289,0));
#3873=FACE_BOUND('',#3874,.T.);
#3874=EDGE_LOOP('',(#3875,#3876,#3877));
#3875=ORIENTED_EDGE('',*,*,#3878,.T.);
#3876=ORIENTED_EDGE('',*,*,#3879,.T.);
#3877=ORIENTED_EDGE('',*,*,#3880,.T.);
#3878=EDGE_CURVE('',#279,#273,#3881,.F.);
#3879=EDGE_CURVE('',#273,#129,#3882,.T.);
#3880=EDGE_CURVE('',#129,#279,#3883,.T.);
#3881=LINE('',#278,#3884);
#3882=LINE('',#272,#3885);
#3883=LINE('',#128,#3886);
#3884=VECTOR('',#3887,1.0);
#3885=VECTOR('',#3888,1.0);
#3886=VECTOR('',#3889,1.0);
#3887=DIRECTION('',(0.08715787511097786,-0.9961945115318289,0));
#3888=DIRECTION('',(-0.9873139553606506,-0.1587802051582854,0));
#3889=DIRECTION('',(0.958233548250339,0.28598683012957987,0));
#3890=FACE_SURFACE('',(#3895),#3891,.T.);
#3891=PLANE('',#3892);
#3892=AXIS2_PLACEMENT_3D('',#280,#3893,#3894);
#3893=DIRECTION('',(0,0,-1));
#3894=DIRECTION('',(-0.08712609030231906,-0.9961972918998686,0));
#3895=FACE_BOUND('',#3896,.T.);
#3896=EDGE_LOOP('',(#3897,#3898,#3899));
#3897=ORIENTED_EDGE('',*,*,#3900,.T.);
#3898=ORIENTED_EDGE('',*,*,#3901,.T.);
#3899=ORIENTED_EDGE('',*,*,#3902,.T.);
#3900=EDGE_CURVE('',#281,#279,#3903,.F.);
#3901=EDGE_CURVE('',#279,#129,#3904,.T.);
#3902=EDGE_CURVE('',#129,#281,#3905,.T.);
#3903=LINE('',#280,#3906);
#3904=LINE('',#278,#3907);
#3905=LINE('',#128,#3908);
#3906=VECTOR('',#3909,1.0);
#3907=VECTOR('',#3910,1.0);
#3908=VECTOR('',#3911,1.0);
#3909=DIRECTION('',(-0.08712609030231906,-0.9961972918998686,0));
#3910=DIRECTION('',(-0.958233548250339,-0.28598683012957987,0));
#3911=DIRECTION('',(0.954619739130319,0.29782738904063494,0));
#3912=FACE_SURFACE('',(#3917),#3913,.T.);
#3913=PLANE('',#3914);
#3914=AXIS2_PLACEMENT_3D('',#128,#3915,#3916);
#3915=DIRECTION('',(0,0,-1));
#3916=DIRECTION('',(0.1950880313239209,0.9807857360474594,0));
#3917=FACE_BOUND('',#3918,.T.);
#3918=EDGE_LOOP('',(#3919,#3920,#3921));
#3919=ORIENTED_EDGE('',*,*,#3922,.T.);
#3920=ORIENTED_EDGE('',*,*,#3923,.T.);
#3921=ORIENTED_EDGE('',*,*,#3924,.T.);
#3922=EDGE_CURVE('',#129,#145,#3925,.F.);
#3923=EDGE_CURVE('',#145,#161,#3926,.T.);
#3924=EDGE_CURVE('',#161,#129,#3927,.T.);
#3925=LINE('',#128,#3928);
#3926=LINE('',#144,#3929);
#3927=LINE('',#160,#3930);
#3928=VECTOR('',#3931,1.0);
#3929=VECTOR('',#3932,1.0);
#3930=VECTOR('',#3933,1.0);
#3931=DIRECTION('',(0.1950880313239209,0.9807857360474594,0));
#3932=DIRECTION('',(0.8314684266591373,0.55557200745626,0));
#3933=DIRECTION('',(-0.5555685012256367,-0.8314707694476696,0));
#3934=FACE_SURFACE('',(#3939),#3935,.T.);
#3935=PLANE('',#3936);
#3936=AXIS2_PLACEMENT_3D('',#160,#3937,#3938);
#3937=DIRECTION('',(0,-0,-1));
#3938=DIRECTION('',(0.06099013915467784,-0.9981383686272626,0));
#3939=FACE_BOUND('',#3940,.T.);
#3940=EDGE_LOOP('',(#3941,#3942,#3943));
#3941=ORIENTED_EDGE('',*,*,#3944,.T.);
#3942=ORIENTED_EDGE('',*,*,#3945,.T.);
#3943=ORIENTED_EDGE('',*,*,#3946,.T.);
#3944=EDGE_CURVE('',#161,#277,#3947,.F.);
#3945=EDGE_CURVE('',#277,#283,#3948,.T.);
#3946=EDGE_CURVE('',#283,#161,#3949,.T.);
#3947=LINE('',#160,#3950);
#3948=LINE('',#276,#3951);
#3949=LINE('',#282,#3952);
#3950=VECTOR('',#3953,1.0);
#3951=VECTOR('',#3954,1.0);
#3952=VECTOR('',#3955,1.0);
#3953=DIRECTION('',(0.06099013915467784,-0.9981383686272626,0));
#3954=DIRECTION('',(-0.9063129082908629,-0.42260727900186223,0));
#3955=DIRECTION('',(0.0454849797968414,0.9989650227174527,0));
#3956=FACE_SURFACE('',(#3961),#3957,.T.);
#3957=PLANE('',#3958);
#3958=AXIS2_PLACEMENT_3D('',#160,#3959,#3960);
#3959=DIRECTION('',(0,0,-1));
#3960=DIRECTION('',(-0.0454849797968414,-0.9989650227174527,0));
#3961=FACE_BOUND('',#3962,.T.);
#3962=EDGE_LOOP('',(#3963,#3964,#3965));
#3963=ORIENTED_EDGE('',*,*,#3966,.T.);
#3964=ORIENTED_EDGE('',*,*,#3967,.T.);
#3965=ORIENTED_EDGE('',*,*,#3968,.T.);
#3966=EDGE_CURVE('',#161,#283,#3969,.F.);
#3967=EDGE_CURVE('',#283,#285,#3970,.T.);
#3968=EDGE_CURVE('',#285,#161,#3971,.T.);
#3969=LINE('',#160,#3972);
#3970=LINE('',#282,#3973);
#3971=LINE('',#284,#3974);
#3972=VECTOR('',#3975,1.0);
#3973=VECTOR('',#3976,1.0);
#3974=VECTOR('',#3977,1.0);
#3975=DIRECTION('',(-0.0454849797968414,-0.9989650227174527,0));
#3976=DIRECTION('',(-0.9062771953490587,-0.4226838596282615,0));
#3977=DIRECTION('',(0.0557966465913326,0.9984421536719902,0));
#3978=FACE_SURFACE('',(#3983),#3979,.T.);
#3979=PLANE('',#3980);
#3980=AXIS2_PLACEMENT_3D('',#286,#3981,#3982);
#3981=DIRECTION('',(0,0,-1));
#3982=DIRECTION('',(-0.08715787511097786,-0.9961945115318289,0));
#3983=FACE_BOUND('',#3984,.T.);
#3984=EDGE_LOOP('',(#3985,#3986,#3987));
#3985=ORIENTED_EDGE('',*,*,#3988,.T.);
#3986=ORIENTED_EDGE('',*,*,#3989,.T.);
#3987=ORIENTED_EDGE('',*,*,#3990,.T.);
#3988=EDGE_CURVE('',#287,#281,#3991,.F.);
#3989=EDGE_CURVE('',#281,#129,#3992,.T.);
#3990=EDGE_CURVE('',#129,#287,#3993,.T.);
#3991=LINE('',#286,#3994);
#3992=LINE('',#280,#3995);
#3993=LINE('',#128,#3996);
#3994=VECTOR('',#3997,1.0);
#3995=VECTOR('',#3998,1.0);
#3996=VECTOR('',#3999,1.0);
#3997=DIRECTION('',(-0.08715787511097786,-0.9961945115318289,0));
#3998=DIRECTION('',(-0.954619739130319,-0.29782738904063494,0));
#3999=DIRECTION('',(0.9145390018098559,0.4044977307336003,0));
#4000=FACE_SURFACE('',(#4005),#4001,.T.);
#4001=PLANE('',#4002);
#4002=AXIS2_PLACEMENT_3D('',#288,#4003,#4004);
#4003=DIRECTION('',(0,0,-1));
#4004=DIRECTION('',(-0.2587970586508401,-0.9659317172728482,0));
#4005=FACE_BOUND('',#4006,.T.);
#4006=EDGE_LOOP('',(#4007,#4008,#4009));
#4007=ORIENTED_EDGE('',*,*,#4010,.T.);
#4008=ORIENTED_EDGE('',*,*,#4011,.T.);
#4009=ORIENTED_EDGE('',*,*,#4012,.T.);
#4010=EDGE_CURVE('',#289,#287,#4013,.F.);
#4011=EDGE_CURVE('',#287,#129,#4014,.T.);
#4012=EDGE_CURVE('',#129,#289,#4015,.T.);
#4013=LINE('',#288,#4016);
#4014=LINE('',#286,#4017);
#4015=LINE('',#128,#4018);
#4016=VECTOR('',#4019,1.0);
#4017=VECTOR('',#4020,1.0);
#4018=VECTOR('',#4021,1.0);
#4019=DIRECTION('',(-0.2587970586508401,-0.9659317172728482,0));
#4020=DIRECTION('',(-0.9145390018098559,-0.4044977307336003,0));
#4021=DIRECTION('',(0.9105555717273669,0.413386684348018,0));
#4022=FACE_SURFACE('',(#4027),#4023,.T.);
#4023=PLANE('',#4024);
#4024=AXIS2_PLACEMENT_3D('',#160,#4025,#4026);
#4025=DIRECTION('',(0,0,-1));
#4026=DIRECTION('',(-0.0557966465913326,-0.9984421536719902,0));
#4027=FACE_BOUND('',#4028,.T.);
#4028=EDGE_LOOP('',(#4029,#4030,#4031));
#4029=ORIENTED_EDGE('',*,*,#4032,.T.);
#4030=ORIENTED_EDGE('',*,*,#4033,.T.);
#4031=ORIENTED_EDGE('',*,*,#4034,.T.);
#4032=EDGE_CURVE('',#161,#285,#4035,.F.);
#4033=EDGE_CURVE('',#285,#291,#4036,.T.);
#4034=EDGE_CURVE('',#291,#161,#4037,.T.);
#4035=LINE('',#160,#4038);
#4036=LINE('',#284,#4039);
#4037=LINE('',#290,#4040);
#4038=VECTOR('',#4041,1.0);
#4039=VECTOR('',#4042,1.0);
#4040=VECTOR('',#4043,1.0);
#4041=DIRECTION('',(-0.0557966465913326,-0.9984421536719902,0));
#4042=DIRECTION('',(-0.8191533149472806,-0.5735746216586656,0));
#4043=DIRECTION('',(0.13863988143133527,0.9903428614761178,0));
#4044=FACE_SURFACE('',(#4049),#4045,.T.);
#4045=PLANE('',#4046);
#4046=AXIS2_PLACEMENT_3D('',#292,#4047,#4048);
#4047=DIRECTION('',(0,0,-1));
#4048=DIRECTION('',(-0.7071038502092155,-0.7071097121517306,0));
#4049=FACE_BOUND('',#4050,.T.);
#4050=EDGE_LOOP('',(#4051,#4052,#4053));
#4051=ORIENTED_EDGE('',*,*,#4054,.T.);
#4052=ORIENTED_EDGE('',*,*,#4055,.T.);
#4053=ORIENTED_EDGE('',*,*,#4056,.T.);
#4054=EDGE_CURVE('',#293,#295,#4057,.F.);
#4055=EDGE_CURVE('',#295,#297,#4058,.T.);
#4056=EDGE_CURVE('',#297,#293,#4059,.T.);
#4057=LINE('',#292,#4060);
#4058=LINE('',#294,#4061);
#4059=LINE('',#296,#4062);
#4060=VECTOR('',#4063,1.0);
#4061=VECTOR('',#4064,1.0);
#4062=VECTOR('',#4065,1.0);
#4063=DIRECTION('',(-0.7071038502092155,-0.7071097121517306,0));
#4064=DIRECTION('',(-0.7071296549077577,-0.7070839067253868,0));
#4065=DIRECTION('',(0.7071062494947324,0.7071073128779628,0));
#4066=FACE_SURFACE('',(#4071),#4067,.T.);
#4067=PLANE('',#4068);
#4068=AXIS2_PLACEMENT_3D('',#160,#4069,#4070);
#4069=DIRECTION('',(0,0,-1));
#4070=DIRECTION('',(-0.13863988143133527,-0.9903428614761178,0));
#4071=FACE_BOUND('',#4072,.T.);
#4072=EDGE_LOOP('',(#4073,#4074,#4075));
#4073=ORIENTED_EDGE('',*,*,#4076,.T.);
#4074=ORIENTED_EDGE('',*,*,#4077,.T.);
#4075=ORIENTED_EDGE('',*,*,#4078,.T.);
#4076=EDGE_CURVE('',#161,#291,#4079,.F.);
#4077=EDGE_CURVE('',#291,#293,#4080,.T.);
#4078=EDGE_CURVE('',#293,#161,#4081,.T.);
#4079=LINE('',#160,#4082);
#4080=LINE('',#290,#4083);
#4081=LINE('',#292,#4084);
#4082=VECTOR('',#4085,1.0);
#4083=VECTOR('',#4086,1.0);
#4084=VECTOR('',#4087,1.0);
#4085=DIRECTION('',(-0.13863988143133527,-0.9903428614761178,0));
#4086=DIRECTION('',(-0.819111017315314,-0.5736350244821802,0));
#4087=DIRECTION('',(0.14643889257320455,0.9892197181323943,0));
#4088=FACE_SURFACE('',(#4093),#4089,.T.);
#4089=PLANE('',#4090);
#4090=AXIS2_PLACEMENT_3D('',#298,#4091,#4092);
#4091=DIRECTION('',(0,0,-1));
#4092=DIRECTION('',(-0.258821096911312,-0.965925276506224,0));
#4093=FACE_BOUND('',#4094,.T.);
#4094=EDGE_LOOP('',(#4095,#4096,#4097));
#4095=ORIENTED_EDGE('',*,*,#4098,.T.);
#4096=ORIENTED_EDGE('',*,*,#4099,.T.);
#4097=ORIENTED_EDGE('',*,*,#4100,.T.);
#4098=EDGE_CURVE('',#299,#289,#4101,.F.);
#4099=EDGE_CURVE('',#289,#129,#4102,.T.);
#4100=EDGE_CURVE('',#129,#299,#4103,.T.);
#4101=LINE('',#298,#4104);
#4102=LINE('',#288,#4105);
#4103=LINE('',#128,#4106);
#4104=VECTOR('',#4107,1.0);
#4105=VECTOR('',#4108,1.0);
#4106=VECTOR('',#4109,1.0);
#4107=DIRECTION('',(-0.258821096911312,-0.965925276506224,0));
#4108=DIRECTION('',(-0.9105555717273669,-0.413386684348018,0));
#4109=DIRECTION('',(0.8710642160968827,0.4911691474792806,0));
#4110=FACE_SURFACE('',(#4115),#4111,.T.);
#4111=PLANE('',#4112);
#4112=AXIS2_PLACEMENT_3D('',#300,#4113,#4114);
#4113=DIRECTION('',(0,0,-1));
#4114=DIRECTION('',(-0.42259995031375847,-0.9063163255700566,0));
#4115=FACE_BOUND('',#4116,.T.);
#4116=EDGE_LOOP('',(#4117,#4118,#4119));
#4117=ORIENTED_EDGE('',*,*,#4120,.T.);
#4118=ORIENTED_EDGE('',*,*,#4121,.T.);
#4119=ORIENTED_EDGE('',*,*,#4122,.T.);
#4120=EDGE_CURVE('',#301,#299,#4123,.F.);
#4121=EDGE_CURVE('',#299,#129,#4124,.T.);
#4122=EDGE_CURVE('',#129,#301,#4125,.T.);
#4123=LINE('',#300,#4126);
#4124=LINE('',#298,#4127);
#4125=LINE('',#128,#4128);
#4126=VECTOR('',#4129,1.0);
#4127=VECTOR('',#4130,1.0);
#4128=VECTOR('',#4131,1.0);
#4129=DIRECTION('',(-0.42259995031375847,-0.9063163255700566,0));
#4130=DIRECTION('',(-0.8710642160968827,-0.4911691474792806,0));
#4131=DIRECTION('',(0.8677704489216876,0.4969652381990643,0));
#4132=FACE_SURFACE('',(#4137),#4133,.T.);
#4133=PLANE('',#4134);
#4134=AXIS2_PLACEMENT_3D('',#128,#4135,#4136);
#4135=DIRECTION('',(0,0,-1));
#4136=DIRECTION('',(0.5555685012256367,0.8314707694476696,0));
#4137=FACE_BOUND('',#4138,.T.);
#4138=EDGE_LOOP('',(#4139,#4140,#4141));
#4139=ORIENTED_EDGE('',*,*,#4142,.T.);
#4140=ORIENTED_EDGE('',*,*,#4143,.T.);
#4141=ORIENTED_EDGE('',*,*,#4144,.T.);
#4142=EDGE_CURVE('',#129,#161,#4145,.F.);
#4143=EDGE_CURVE('',#161,#293,#4146,.T.);
#4144=EDGE_CURVE('',#293,#129,#4147,.T.);
#4145=LINE('',#128,#4148);
#4146=LINE('',#160,#4149);
#4147=LINE('',#292,#4150);
#4148=VECTOR('',#4151,1.0);
#4149=VECTOR('',#4152,1.0);
#4150=VECTOR('',#4153,1.0);
#4151=DIRECTION('',(0.5555685012256367,0.8314707694476696,0));
#4152=DIRECTION('',(-0.14643889257320455,-0.9892197181323943,0));
#4153=DIRECTION('',(-0.8065517636232405,-0.591163473665483,0));
#4154=FACE_SURFACE('',(#4159),#4155,.T.);
#4155=PLANE('',#4156);
#4156=AXIS2_PLACEMENT_3D('',#128,#4157,#4158);
#4157=DIRECTION('',(0,0,-1));
#4158=DIRECTION('',(0.8065517636232405,0.591163473665483,0));
#4159=FACE_BOUND('',#4160,.T.);
#4160=EDGE_LOOP('',(#4161,#4162,#4163));
#4161=ORIENTED_EDGE('',*,*,#4164,.T.);
#4162=ORIENTED_EDGE('',*,*,#4165,.T.);
#4163=ORIENTED_EDGE('',*,*,#4166,.T.);
#4164=EDGE_CURVE('',#129,#293,#4167,.F.);
#4165=EDGE_CURVE('',#293,#297,#4168,.T.);
#4166=EDGE_CURVE('',#297,#129,#4169,.T.);
#4167=LINE('',#128,#4170);
#4168=LINE('',#292,#4171);
#4169=LINE('',#296,#4172);
#4170=VECTOR('',#4173,1.0);
#4171=VECTOR('',#4174,1.0);
#4172=VECTOR('',#4175,1.0);
#4173=DIRECTION('',(0.8065517636232405,0.591163473665483,0));
#4174=DIRECTION('',(-0.7071062494947324,-0.7071073128779628,0));
#4175=DIRECTION('',(-0.8156344666528772,-0.578567555958573,0));
#4176=FACE_SURFACE('',(#4181),#4177,.T.);
#4177=PLANE('',#4178);
#4178=AXIS2_PLACEMENT_3D('',#302,#4179,#4180);
#4179=DIRECTION('',(0,0,-1));
#4180=DIRECTION('',(-0.42261973314132173,-0.9063071009098175,0));
#4181=FACE_BOUND('',#4182,.T.);
#4182=EDGE_LOOP('',(#4183,#4184,#4185));
#4183=ORIENTED_EDGE('',*,*,#4186,.T.);
#4184=ORIENTED_EDGE('',*,*,#4187,.T.);
#4185=ORIENTED_EDGE('',*,*,#4188,.T.);
#4186=EDGE_CURVE('',#303,#301,#4189,.F.);
#4187=EDGE_CURVE('',#301,#129,#4190,.T.);
#4188=EDGE_CURVE('',#129,#303,#4191,.T.);
#4189=LINE('',#302,#4192);
#4190=LINE('',#300,#4193);
#4191=LINE('',#128,#4194);
#4192=VECTOR('',#4195,1.0);
#4193=VECTOR('',#4196,1.0);
#4194=VECTOR('',#4197,1.0);
#4195=DIRECTION('',(-0.42261973314132173,-0.9063071009098175,0));
#4196=DIRECTION('',(-0.8677704489216876,-0.4969652381990643,0));
#4197=DIRECTION('',(0.8369771810519413,0.5472377896292853,0));
#4198=FACE_SURFACE('',(#4203),#4199,.T.);
#4199=PLANE('',#4200);
#4200=AXIS2_PLACEMENT_3D('',#128,#4201,#4202);
#4201=DIRECTION('',(0,0,-1));
#4202=DIRECTION('',(0.8156344666528772,0.578567555958573,0));
#4203=FACE_BOUND('',#4204,.T.);
#4204=EDGE_LOOP('',(#4205,#4206,#4207));
#4205=ORIENTED_EDGE('',*,*,#4208,.T.);
#4206=ORIENTED_EDGE('',*,*,#4209,.T.);
#4207=ORIENTED_EDGE('',*,*,#4210,.T.);
#4208=EDGE_CURVE('',#129,#297,#4211,.F.);
#4209=EDGE_CURVE('',#297,#305,#4212,.T.);
#4210=EDGE_CURVE('',#305,#129,#4213,.T.);
#4211=LINE('',#128,#4214);
#4212=LINE('',#296,#4215);
#4213=LINE('',#304,#4216);
#4214=VECTOR('',#4217,1.0);
#4215=VECTOR('',#4218,1.0);
#4216=VECTOR('',#4219,1.0);
#4217=DIRECTION('',(0.8156344666528772,0.578567555958573,0));
#4218=DIRECTION('',(-0.5735750141989562,-0.8191530400887659,0));
#4219=DIRECTION('',(-0.8348593162624421,-0.5504633703070603,0));
#4220=FACE_SURFACE('',(#4225),#4221,.T.);
#4221=PLANE('',#4222);
#4222=AXIS2_PLACEMENT_3D('',#128,#4223,#4224);
#4223=DIRECTION('',(0,0,-1));
#4224=DIRECTION('',(0.8348593162624421,0.5504633703070603,0));
#4225=FACE_BOUND('',#4226,.T.);
#4226=EDGE_LOOP('',(#4227,#4228,#4229));
#4227=ORIENTED_EDGE('',*,*,#4230,.T.);
#4228=ORIENTED_EDGE('',*,*,#4231,.T.);
#4229=ORIENTED_EDGE('',*,*,#4232,.T.);
#4230=EDGE_CURVE('',#129,#305,#4233,.F.);
#4231=EDGE_CURVE('',#305,#303,#4234,.T.);
#4232=EDGE_CURVE('',#303,#129,#4235,.T.);
#4233=LINE('',#128,#4236);
#4234=LINE('',#304,#4237);
#4235=LINE('',#302,#4238);
#4236=VECTOR('',#4239,1.0);
#4237=VECTOR('',#4240,1.0);
#4238=VECTOR('',#4241,1.0);
#4239=DIRECTION('',(0.8348593162624421,0.5504633703070603,0));
#4240=DIRECTION('',(-0.573536023365786,-0.8191803402803076,0));
#4241=DIRECTION('',(-0.8369771810519413,-0.5472377896292853,0));
#4242=FACE_SURFACE('',(#4247),#4243,.T.);
#4243=PLANE('',#4244);
#4244=AXIS2_PLACEMENT_3D('',#306,#4245,#4246);
#4245=DIRECTION('',(0.08557450576610978,0.996331745705421,-0.00023761833750184306));
#4246=DIRECTION('',(0.9963317738330999,-0.08557450818198405,0));
#4247=FACE_BOUND('',#4248,.T.);
#4248=EDGE_LOOP('',(#4249,#4250,#4251));
#4249=ORIENTED_EDGE('',*,*,#4252,.T.);
#4250=ORIENTED_EDGE('',*,*,#4253,.T.);
#4251=ORIENTED_EDGE('',*,*,#4254,.T.);
#4252=EDGE_CURVE('',#307,#309,#4255,.F.);
#4253=EDGE_CURVE('',#309,#217,#4256,.T.);
#4254=EDGE_CURVE('',#217,#307,#4257,.T.);
#4255=LINE('',#306,#4258);
#4256=LINE('',#308,#4259);
#4257=LINE('',#216,#4260);
#4258=VECTOR('',#4261,1.0);
#4259=VECTOR('',#4262,1.0);
#4260=VECTOR('',#4263,1.0);
#4261=DIRECTION('',(0.9963317738330999,-0.08557450818198405,0));
#4262=DIRECTION('',(0.14726721434177145,-0.012884590619391944,-0.989012818372232));
#4263=DIRECTION('',(-0.14793337197936335,0.012941782723135224,0.9889126491833151));
#4264=FACE_SURFACE('',(#4269),#4265,.T.);
#4265=PLANE('',#4266);
#4266=AXIS2_PLACEMENT_3D('',#306,#4267,#4268);
#4267=DIRECTION('',(0.08715099598258642,0.9961951133684822,0));
#4268=DIRECTION('',(0.14793337197936335,-0.012941782723135224,-0.9889126491833151));
#4269=FACE_BOUND('',#4270,.T.);
#4270=EDGE_LOOP('',(#4271,#4272,#4273));
#4271=ORIENTED_EDGE('',*,*,#4274,.T.);
#4272=ORIENTED_EDGE('',*,*,#4275,.T.);
#4273=ORIENTED_EDGE('',*,*,#4276,.T.);
#4274=EDGE_CURVE('',#307,#217,#4277,.F.);
#4275=EDGE_CURVE('',#217,#199,#4278,.T.);
#4276=EDGE_CURVE('',#199,#307,#4279,.T.);
#4277=LINE('',#306,#4280);
#4278=LINE('',#216,#4281);
#4279=LINE('',#198,#4282);
#4280=VECTOR('',#4283,1.0);
#4281=VECTOR('',#4284,1.0);
#4282=VECTOR('',#4285,1.0);
#4283=DIRECTION('',(0.14793337197936335,-0.012941782723135224,-0.9889126491833151));
#4284=DIRECTION('',(-0.9961951133684823,0.08715099598258644,0));
#4285=DIRECTION('',(0,0,1));
#4286=FACE_SURFACE('',(#4291),#4287,.T.);
#4287=PLANE('',#4288);
#4288=AXIS2_PLACEMENT_3D('',#310,#4289,#4290);
#4289=DIRECTION('',(0.2588260935912803,0.965923937624634,0));
#4290=DIRECTION('',(0.965923937624634,-0.2588260935912803,0));
#4291=FACE_BOUND('',#4292,.T.);
#4292=EDGE_LOOP('',(#4293,#4294,#4295));
#4293=ORIENTED_EDGE('',*,*,#4296,.T.);
#4294=ORIENTED_EDGE('',*,*,#4297,.T.);
#4295=ORIENTED_EDGE('',*,*,#4298,.T.);
#4296=EDGE_CURVE('',#311,#307,#4299,.F.);
#4297=EDGE_CURVE('',#307,#199,#4300,.T.);
#4298=EDGE_CURVE('',#199,#311,#4301,.T.);
#4299=LINE('',#310,#4302);
#4300=LINE('',#306,#4303);
#4301=LINE('',#198,#4304);
#4302=VECTOR('',#4305,1.0);
#4303=VECTOR('',#4306,1.0);
#4304=VECTOR('',#4307,1.0);
#4305=DIRECTION('',(0.965923937624634,-0.2588260935912803,0));
#4306=DIRECTION('',(0,0,-1));
#4307=DIRECTION('',(-0.15712753980430327,0.042103426304111756,0.9866804131675572));
#4308=FACE_SURFACE('',(#4313),#4309,.T.);
#4309=PLANE('',#4310);
#4310=AXIS2_PLACEMENT_3D('',#310,#4311,#4312);
#4311=DIRECTION('',(0.2589151943131791,0.9659000579368865,1.5208160311828735E-05));
#4312=DIRECTION('',(0.15712753980430327,-0.042103426304111756,-0.9866804131675572));
#4313=FACE_BOUND('',#4314,.T.);
#4314=EDGE_LOOP('',(#4315,#4316,#4317));
#4315=ORIENTED_EDGE('',*,*,#4318,.T.);
#4316=ORIENTED_EDGE('',*,*,#4319,.T.);
#4317=ORIENTED_EDGE('',*,*,#4320,.T.);
#4318=EDGE_CURVE('',#311,#199,#4321,.F.);
#4319=EDGE_CURVE('',#199,#197,#4322,.T.);
#4320=EDGE_CURVE('',#197,#311,#4323,.T.);
#4321=LINE('',#310,#4324);
#4322=LINE('',#198,#4325);
#4323=LINE('',#196,#4326);
#4324=VECTOR('',#4327,1.0);
#4325=VECTOR('',#4328,1.0);
#4326=VECTOR('',#4329,1.0);
#4327=DIRECTION('',(0.15712753980430327,-0.042103426304111756,-0.9866804131675572));
#4328=DIRECTION('',(-0.965900058048587,0.2589151943431211,0));
#4329=DIRECTION('',(-0.14279311776672568,0.03826096340402531,0.9890127522928377));
#4330=FACE_SURFACE('',(#4335),#4331,.T.);
#4331=PLANE('',#4332);
#4332=AXIS2_PLACEMENT_3D('',#312,#4333,#4334);
#4333=DIRECTION('',(0.2567746497683856,0.9664712512115625,-0.00031593967725584754));
#4334=DIRECTION('',(0.9664712994471216,-0.2567746625837371,0));
#4335=FACE_BOUND('',#4336,.T.);
#4336=EDGE_LOOP('',(#4337,#4338,#4339));
#4337=ORIENTED_EDGE('',*,*,#4340,.T.);
#4338=ORIENTED_EDGE('',*,*,#4341,.T.);
#4339=ORIENTED_EDGE('',*,*,#4342,.T.);
#4340=EDGE_CURVE('',#313,#311,#4343,.F.);
#4341=EDGE_CURVE('',#311,#197,#4344,.T.);
#4342=EDGE_CURVE('',#197,#313,#4345,.T.);
#4343=LINE('',#312,#4346);
#4344=LINE('',#310,#4347);
#4345=LINE('',#196,#4348);
#4346=VECTOR('',#4349,1.0);
#4347=VECTOR('',#4350,1.0);
#4348=VECTOR('',#4351,1.0);
#4349=DIRECTION('',(0.9664712994471216,-0.2567746625837371,0));
#4350=DIRECTION('',(0.14279311776672568,-0.03826096340402531,-0.9890127522928377));
#4351=DIRECTION('',(-0.1434391877594699,0.038432580257336174,0.9889126029076922));
#4352=FACE_SURFACE('',(#4357),#4353,.T.);
#4353=PLANE('',#4354);
#4354=AXIS2_PLACEMENT_3D('',#312,#4355,#4356);
#4355=DIRECTION('',(0.25880752044930927,0.965928914236902,0));
#4356=DIRECTION('',(0.1434391877594699,-0.038432580257336174,-0.9889126029076922));
#4357=FACE_BOUND('',#4358,.T.);
#4358=EDGE_LOOP('',(#4359,#4360,#4361));
#4359=ORIENTED_EDGE('',*,*,#4362,.T.);
#4360=ORIENTED_EDGE('',*,*,#4363,.T.);
#4361=ORIENTED_EDGE('',*,*,#4364,.T.);
#4362=EDGE_CURVE('',#313,#197,#4365,.F.);
#4363=EDGE_CURVE('',#197,#195,#4366,.T.);
#4364=EDGE_CURVE('',#195,#313,#4367,.T.);
#4365=LINE('',#312,#4368);
#4366=LINE('',#196,#4369);
#4367=LINE('',#194,#4370);
#4368=VECTOR('',#4371,1.0);
#4369=VECTOR('',#4372,1.0);
#4370=VECTOR('',#4373,1.0);
#4371=DIRECTION('',(0.1434391877594699,-0.038432580257336174,-0.9889126029076922));
#4372=DIRECTION('',(-0.9659289142369021,0.2588075204493093,0));
#4373=DIRECTION('',(0,0,1));
#4374=FACE_SURFACE('',(#4379),#4375,.T.);
#4375=PLANE('',#4376);
#4376=AXIS2_PLACEMENT_3D('',#192,#4377,#4378);
#4377=DIRECTION('',(0.4226241395335449,0.9063050461531411,9.399893886089632E-07));
#4378=DIRECTION('',(-0.13397936870495933,0.06247563774799273,0.9890128024699186));
#4379=FACE_BOUND('',#4380,.T.);
#4380=EDGE_LOOP('',(#4381,#4382,#4383));
#4381=ORIENTED_EDGE('',*,*,#4384,.T.);
#4382=ORIENTED_EDGE('',*,*,#4385,.T.);
#4383=ORIENTED_EDGE('',*,*,#4386,.T.);
#4384=EDGE_CURVE('',#193,#315,#4387,.F.);
#4385=EDGE_CURVE('',#315,#313,#4388,.T.);
#4386=EDGE_CURVE('',#313,#193,#4389,.T.);
#4387=LINE('',#192,#4390);
#4388=LINE('',#314,#4391);
#4389=LINE('',#312,#4392);
#4390=VECTOR('',#4393,1.0);
#4391=VECTOR('',#4394,1.0);
#4392=VECTOR('',#4395,1.0);
#4393=DIRECTION('',(-0.13397936870495933,0.06247563774799273,0.9890128024699186));
#4394=DIRECTION('',(0.9063050461535415,-0.4226241395337316,0));
#4395=DIRECTION('',(-0.013949812190835085,0.006506051441357587,-0.9998815299996708));
#4396=FACE_SURFACE('',(#4401),#4397,.T.);
#4397=PLANE('',#4398);
#4398=AXIS2_PLACEMENT_3D('',#192,#4399,#4400);
#4399=DIRECTION('',(0.42267947879819984,0.9062792385368221,0));
#4400=DIRECTION('',(0.013949812190835085,-0.006506051441357587,0.9998815299996708));
#4401=FACE_BOUND('',#4402,.T.);
#4402=EDGE_LOOP('',(#4403,#4404,#4405));
#4403=ORIENTED_EDGE('',*,*,#4406,.T.);
#4404=ORIENTED_EDGE('',*,*,#4407,.T.);
#4405=ORIENTED_EDGE('',*,*,#4408,.T.);
#4406=EDGE_CURVE('',#193,#313,#4409,.F.);
#4407=EDGE_CURVE('',#313,#195,#4410,.T.);
#4408=EDGE_CURVE('',#195,#193,#4411,.T.);
#4409=LINE('',#192,#4412);
#4410=LINE('',#312,#4413);
#4411=LINE('',#194,#4414);
#4412=VECTOR('',#4415,1.0);
#4413=VECTOR('',#4416,1.0);
#4414=VECTOR('',#4417,1.0);
#4415=DIRECTION('',(0.013949812190835085,-0.006506051441357587,0.9998815299996708));
#4416=DIRECTION('',(0,0,-1));
#4417=DIRECTION('',(-0.906279238536822,0.42267947879819984,0));
#4418=FACE_SURFACE('',(#4423),#4419,.T.);
#4419=PLANE('',#4420);
#4420=AXIS2_PLACEMENT_3D('',#316,#4421,#4422);
#4421=DIRECTION('',(0.42009243252356326,0.9074812255970177,-0.0004163236362944215));
#4422=DIRECTION('',(0.9074813042417875,-0.42009246892990615,0));
#4423=FACE_BOUND('',#4424,.T.);
#4424=EDGE_LOOP('',(#4425,#4426,#4427));
#4425=ORIENTED_EDGE('',*,*,#4428,.T.);
#4426=ORIENTED_EDGE('',*,*,#4429,.T.);
#4427=ORIENTED_EDGE('',*,*,#4430,.T.);
#4428=EDGE_CURVE('',#317,#315,#4431,.F.);
#4429=EDGE_CURVE('',#315,#193,#4432,.T.);
#4430=EDGE_CURVE('',#193,#317,#4433,.T.);
#4431=LINE('',#316,#4434);
#4432=LINE('',#314,#4435);
#4433=LINE('',#192,#4436);
#4434=VECTOR('',#4437,1.0);
#4435=VECTOR('',#4438,1.0);
#4436=VECTOR('',#4439,1.0);
#4437=DIRECTION('',(0.9074813042417875,-0.42009246892990615,0));
#4438=DIRECTION('',(0.13397936870495933,-0.06247563774799273,-0.9890128024699186));
#4439=DIRECTION('',(-0.13458560155091998,0.06275622996062422,0.9889127218598749));
#4440=FACE_SURFACE('',(#4445),#4441,.T.);
#4441=PLANE('',#4442);
#4442=AXIS2_PLACEMENT_3D('',#316,#4443,#4444);
#4443=DIRECTION('',(0.42260682995692667,0.9063131176771951,0));
#4444=DIRECTION('',(0.13458560155091998,-0.06275622996062422,-0.9889127218598749));
#4445=FACE_BOUND('',#4446,.T.);
#4446=EDGE_LOOP('',(#4447,#4448,#4449));
#4447=ORIENTED_EDGE('',*,*,#4450,.T.);
#4448=ORIENTED_EDGE('',*,*,#4451,.T.);
#4449=ORIENTED_EDGE('',*,*,#4452,.T.);
#4450=EDGE_CURVE('',#317,#193,#4453,.F.);
#4451=EDGE_CURVE('',#193,#191,#4454,.T.);
#4452=EDGE_CURVE('',#191,#317,#4455,.T.);
#4453=LINE('',#316,#4456);
#4454=LINE('',#192,#4457);
#4455=LINE('',#190,#4458);
#4456=VECTOR('',#4459,1.0);
#4457=VECTOR('',#4460,1.0);
#4458=VECTOR('',#4461,1.0);
#4459=DIRECTION('',(0.13458560155091998,-0.06275622996062422,-0.9889127218598749));
#4460=DIRECTION('',(-0.9063131176771951,0.42260682995692667,0));
#4461=DIRECTION('',(0,0,1));
#4462=FACE_SURFACE('',(#4467),#4463,.T.);
#4463=PLANE('',#4464);
#4464=AXIS2_PLACEMENT_3D('',#318,#4465,#4466);
#4465=DIRECTION('',(0.5735887575236287,0.8191434167729725,0));
#4466=DIRECTION('',(0.8191434167729725,-0.5735887575236287,0));
#4467=FACE_BOUND('',#4468,.T.);
#4468=EDGE_LOOP('',(#4469,#4470,#4471));
#4469=ORIENTED_EDGE('',*,*,#4472,.T.);
#4470=ORIENTED_EDGE('',*,*,#4473,.T.);
#4471=ORIENTED_EDGE('',*,*,#4474,.T.);
#4472=EDGE_CURVE('',#319,#317,#4475,.F.);
#4473=EDGE_CURVE('',#317,#191,#4476,.T.);
#4474=EDGE_CURVE('',#191,#319,#4477,.T.);
#4475=LINE('',#318,#4478);
#4476=LINE('',#316,#4479);
#4477=LINE('',#190,#4480);
#4478=VECTOR('',#4481,1.0);
#4479=VECTOR('',#4482,1.0);
#4480=VECTOR('',#4483,1.0);
#4481=DIRECTION('',(0.8191434167729725,-0.5735887575236287,0));
#4482=DIRECTION('',(0,0,-1));
#4483=DIRECTION('',(-0.13325084912732085,0.0933062360325256,0.9866803725240968));
#4484=FACE_SURFACE('',(#4489),#4485,.T.);
#4485=PLANE('',#4486);
#4486=AXIS2_PLACEMENT_3D('',#318,#4487,#4488);
#4487=DIRECTION('',(0.5736296510093196,0.819114780366697,8.230676520277542E-06));
#4488=DIRECTION('',(0.13325084912732085,-0.0933062360325256,-0.9866803725240968));
#4489=FACE_BOUND('',#4490,.T.);
#4490=EDGE_LOOP('',(#4491,#4492,#4493));
#4491=ORIENTED_EDGE('',*,*,#4494,.T.);
#4492=ORIENTED_EDGE('',*,*,#4495,.T.);
#4493=ORIENTED_EDGE('',*,*,#4496,.T.);
#4494=EDGE_CURVE('',#319,#191,#4497,.F.);
#4495=EDGE_CURVE('',#191,#189,#4498,.T.);
#4496=EDGE_CURVE('',#189,#319,#4499,.T.);
#4497=LINE('',#318,#4500);
#4498=LINE('',#190,#4501);
#4499=LINE('',#188,#4502);
#4500=VECTOR('',#4503,1.0);
#4501=VECTOR('',#4504,1.0);
#4502=VECTOR('',#4505,1.0);
#4503=DIRECTION('',(0.13325084912732085,-0.0933062360325256,-0.9866803725240968));
#4504=DIRECTION('',(-0.8191147803944421,0.5736296510287495,0));
#4505=DIRECTION('',(-0.12109459791505328,0.08479313688614173,0.9890127513297287));
#4506=FACE_SURFACE('',(#4511),#4507,.T.);
#4507=PLANE('',#4508);
#4508=AXIS2_PLACEMENT_3D('',#320,#4509,#4510);
#4509=DIRECTION('',(0.571303540743377,0.8207387473715122,-0.0004158089967138639));
#4510=DIRECTION('',(0.8207388183232048,-0.5713035901317522,0));
#4511=FACE_BOUND('',#4512,.T.);
#4512=EDGE_LOOP('',(#4513,#4514,#4515));
#4513=ORIENTED_EDGE('',*,*,#4516,.T.);
#4514=ORIENTED_EDGE('',*,*,#4517,.T.);
#4515=ORIENTED_EDGE('',*,*,#4518,.T.);
#4516=EDGE_CURVE('',#321,#319,#4519,.F.);
#4517=EDGE_CURVE('',#319,#189,#4520,.T.);
#4518=EDGE_CURVE('',#189,#321,#4521,.T.);
#4519=LINE('',#320,#4522);
#4520=LINE('',#318,#4523);
#4521=LINE('',#188,#4524);
#4522=VECTOR('',#4525,1.0);
#4523=VECTOR('',#4526,1.0);
#4524=VECTOR('',#4527,1.0);
#4525=DIRECTION('',(0.8207388183232048,-0.5713035901317522,0));
#4526=DIRECTION('',(0.12109459791505328,-0.08479313688614173,-0.9890127513297287));
#4527=DIRECTION('',(-0.12164259943686895,0.08517454158823282,0.9889127238879455));
#4528=FACE_SURFACE('',(#4533),#4529,.T.);
#4529=PLANE('',#4530);
#4530=AXIS2_PLACEMENT_3D('',#320,#4531,#4532);
#4531=DIRECTION('',(0.5735740708130754,0.8191537006514206,0));
#4532=DIRECTION('',(0.12164259943686895,-0.08517454158823282,-0.9889127238879455));
#4533=FACE_BOUND('',#4534,.T.);
#4534=EDGE_LOOP('',(#4535,#4536,#4537));
#4535=ORIENTED_EDGE('',*,*,#4538,.T.);
#4536=ORIENTED_EDGE('',*,*,#4539,.T.);
#4537=ORIENTED_EDGE('',*,*,#4540,.T.);
#4538=EDGE_CURVE('',#321,#189,#4541,.F.);
#4539=EDGE_CURVE('',#189,#187,#4542,.T.);
#4540=EDGE_CURVE('',#187,#321,#4543,.T.);
#4541=LINE('',#320,#4544);
#4542=LINE('',#188,#4545);
#4543=LINE('',#186,#4546);
#4544=VECTOR('',#4547,1.0);
#4545=VECTOR('',#4548,1.0);
#4546=VECTOR('',#4549,1.0);
#4547=DIRECTION('',(0.12164259943686895,-0.08517454158823282,-0.9889127238879455));
#4548=DIRECTION('',(-0.8191537006514206,0.5735740708130754,0));
#4549=DIRECTION('',(0,0,1));
#4550=FACE_SURFACE('',(#4555),#4551,.T.);
#4551=PLANE('',#4552);
#4552=AXIS2_PLACEMENT_3D('',#184,#4553,#4554);
#4553=DIRECTION('',(0.7071099846754954,0.7071035776818921,1.29960419419133E-06));
#4554=DIRECTION('',(-0.10453181453606543,0.10453094395560633,0.9890128318204711));
#4555=FACE_BOUND('',#4556,.T.);
#4556=EDGE_LOOP('',(#4557,#4558,#4559));
#4557=ORIENTED_EDGE('',*,*,#4560,.T.);
#4558=ORIENTED_EDGE('',*,*,#4561,.T.);
#4559=ORIENTED_EDGE('',*,*,#4562,.T.);
#4560=EDGE_CURVE('',#185,#323,#4563,.F.);
#4561=EDGE_CURVE('',#323,#321,#4564,.T.);
#4562=EDGE_CURVE('',#321,#185,#4565,.T.);
#4563=LINE('',#184,#4566);
#4564=LINE('',#322,#4567);
#4565=LINE('',#320,#4568);
#4566=VECTOR('',#4569,1.0);
#4567=VECTOR('',#4570,1.0);
#4568=VECTOR('',#4571,1.0);
#4569=DIRECTION('',(-0.10453181453606543,0.10453094395560633,0.9890128318204711));
#4570=DIRECTION('',(0.7071035776824893,-0.7071099846760925,0));
#4571=DIRECTION('',(-0.010883729682611826,0.010885666007419097,-0.9998815163326956));
#4572=FACE_SURFACE('',(#4577),#4573,.T.);
#4573=PLANE('',#4574);
#4574=AXIS2_PLACEMENT_3D('',#184,#4575,#4576);
#4575=DIRECTION('',(0.7071696734929398,0.7070438832858178,0));
#4576=DIRECTION('',(0.010883729682611826,-0.010885666007419097,0.9998815163326956));
#4577=FACE_BOUND('',#4578,.T.);
#4578=EDGE_LOOP('',(#4579,#4580,#4581));
#4579=ORIENTED_EDGE('',*,*,#4582,.T.);
#4580=ORIENTED_EDGE('',*,*,#4583,.T.);
#4581=ORIENTED_EDGE('',*,*,#4584,.T.);
#4582=EDGE_CURVE('',#185,#321,#4585,.F.);
#4583=EDGE_CURVE('',#321,#187,#4586,.T.);
#4584=EDGE_CURVE('',#187,#185,#4587,.T.);
#4585=LINE('',#184,#4588);
#4586=LINE('',#320,#4589);
#4587=LINE('',#186,#4590);
#4588=VECTOR('',#4591,1.0);
#4589=VECTOR('',#4592,1.0);
#4590=VECTOR('',#4593,1.0);
#4591=DIRECTION('',(0.010883729682611826,-0.010885666007419097,0.9998815163326956));
#4592=DIRECTION('',(0,0,-1));
#4593=DIRECTION('',(-0.7070438832858177,0.7071696734929397,0));
#4594=FACE_SURFACE('',(#4599),#4595,.T.);
#4595=PLANE('',#4596);
#4596=AXIS2_PLACEMENT_3D('',#324,#4597,#4598);
#4597=DIRECTION('',(0.7060856736273742,0.7081263836667596,-0.00021506560433115843));
#4598=DIRECTION('',(0.708126400043321,-0.7060856899567407,0));
#4599=FACE_BOUND('',#4600,.T.);
#4600=EDGE_LOOP('',(#4601,#4602,#4603));
#4601=ORIENTED_EDGE('',*,*,#4604,.T.);
#4602=ORIENTED_EDGE('',*,*,#4605,.T.);
#4603=ORIENTED_EDGE('',*,*,#4606,.T.);
#4604=EDGE_CURVE('',#325,#323,#4607,.F.);
#4605=EDGE_CURVE('',#323,#185,#4608,.T.);
#4606=EDGE_CURVE('',#185,#325,#4609,.T.);
#4607=LINE('',#324,#4610);
#4608=LINE('',#322,#4611);
#4609=LINE('',#184,#4612);
#4610=VECTOR('',#4613,1.0);
#4611=VECTOR('',#4614,1.0);
#4612=VECTOR('',#4615,1.0);
#4613=DIRECTION('',(0.708126400043321,-0.7060856899567407,0));
#4614=DIRECTION('',(0.10453181453606543,-0.10453094395560633,-0.9890128318204711));
#4615=DIRECTION('',(-0.10500454149417124,0.10500227821386751,0.9889128211503259));
#4616=FACE_SURFACE('',(#4621),#4617,.T.);
#4617=PLANE('',#4618);
#4618=AXIS2_PLACEMENT_3D('',#324,#4619,#4620);
#4619=DIRECTION('',(0.7070991605317687,0.7071144017591975,0));
#4620=DIRECTION('',(0.10500454149417124,-0.10500227821386751,-0.9889128211503259));
#4621=FACE_BOUND('',#4622,.T.);
#4622=EDGE_LOOP('',(#4623,#4624,#4625));
#4623=ORIENTED_EDGE('',*,*,#4626,.T.);
#4624=ORIENTED_EDGE('',*,*,#4627,.T.);
#4625=ORIENTED_EDGE('',*,*,#4628,.T.);
#4626=EDGE_CURVE('',#325,#185,#4629,.F.);
#4627=EDGE_CURVE('',#185,#183,#4630,.T.);
#4628=EDGE_CURVE('',#183,#325,#4631,.T.);
#4629=LINE('',#324,#4632);
#4630=LINE('',#184,#4633);
#4631=LINE('',#182,#4634);
#4632=VECTOR('',#4635,1.0);
#4633=VECTOR('',#4636,1.0);
#4634=VECTOR('',#4637,1.0);
#4635=DIRECTION('',(0.10500454149417124,-0.10500227821386751,-0.9889128211503259));
#4636=DIRECTION('',(-0.7071144017591977,0.7070991605317688,0));
#4637=DIRECTION('',(0,0,1));
#4638=FACE_SURFACE('',(#4643),#4639,.T.);
#4639=PLANE('',#4640);
#4640=AXIS2_PLACEMENT_3D('',#180,#4641,#4642);
#4641=DIRECTION('',(0.8191490356374749,0.5735807331264626,5.518021138819437E-07));
#4642=DIRECTION('',(-0.08479177185007232,0.12109289658821132,0.989013076669061));
#4643=FACE_BOUND('',#4644,.T.);
#4644=EDGE_LOOP('',(#4645,#4646,#4647));
#4645=ORIENTED_EDGE('',*,*,#4648,.T.);
#4646=ORIENTED_EDGE('',*,*,#4649,.T.);
#4647=ORIENTED_EDGE('',*,*,#4650,.T.);
#4648=EDGE_CURVE('',#181,#327,#4651,.F.);
#4649=EDGE_CURVE('',#327,#325,#4652,.T.);
#4650=EDGE_CURVE('',#325,#181,#4653,.T.);
#4651=LINE('',#180,#4654);
#4652=LINE('',#326,#4655);
#4653=LINE('',#324,#4656);
#4654=VECTOR('',#4657,1.0);
#4655=VECTOR('',#4658,1.0);
#4656=VECTOR('',#4659,1.0);
#4657=DIRECTION('',(-0.08479177185007232,0.12109289658821132,0.989013076669061));
#4658=DIRECTION('',(0.57358073312655,-0.8191490356375996,0));
#4659=DIRECTION('',(-0.00882858500467681,0.012609347231626775,-0.9998815232062284));
#4660=FACE_SURFACE('',(#4665),#4661,.T.);
#4661=PLANE('',#4662);
#4662=AXIS2_PLACEMENT_3D('',#180,#4663,#4664);
#4663=DIRECTION('',(0.8191695943807882,0.5735513714062717,0));
#4664=DIRECTION('',(0.00882858500467681,-0.012609347231626775,0.9998815232062284));
#4665=FACE_BOUND('',#4666,.T.);
#4666=EDGE_LOOP('',(#4667,#4668,#4669));
#4667=ORIENTED_EDGE('',*,*,#4670,.T.);
#4668=ORIENTED_EDGE('',*,*,#4671,.T.);
#4669=ORIENTED_EDGE('',*,*,#4672,.T.);
#4670=EDGE_CURVE('',#181,#325,#4673,.F.);
#4671=EDGE_CURVE('',#325,#183,#4674,.T.);
#4672=EDGE_CURVE('',#183,#181,#4675,.T.);
#4673=LINE('',#180,#4676);
#4674=LINE('',#324,#4677);
#4675=LINE('',#182,#4678);
#4676=VECTOR('',#4679,1.0);
#4677=VECTOR('',#4680,1.0);
#4678=VECTOR('',#4681,1.0);
#4679=DIRECTION('',(0.00882858500467681,-0.012609347231626775,0.9998815232062284));
#4680=DIRECTION('',(0,0,-1));
#4681=DIRECTION('',(-0.5735513714062717,0.8191695943807882,0));
#4682=FACE_SURFACE('',(#4687),#4683,.T.);
#4683=PLANE('',#4684);
#4684=AXIS2_PLACEMENT_3D('',#174,#4685,#4686);
#4685=DIRECTION('',(0.8188968284845702,0.5739407498147454,-0));
#4686=DIRECTION('',(0,0,1));
#4687=FACE_BOUND('',#4688,.T.);
#4688=EDGE_LOOP('',(#4689,#4690,#4691));
#4689=ORIENTED_EDGE('',*,*,#4692,.T.);
#4690=ORIENTED_EDGE('',*,*,#4693,.T.);
#4691=ORIENTED_EDGE('',*,*,#4694,.T.);
#4692=EDGE_CURVE('',#175,#329,#4695,.F.);
#4693=EDGE_CURVE('',#329,#327,#4696,.T.);
#4694=EDGE_CURVE('',#327,#175,#4697,.T.);
#4695=LINE('',#174,#4698);
#4696=LINE('',#328,#4699);
#4697=LINE('',#326,#4700);
#4698=VECTOR('',#4701,1.0);
#4699=VECTOR('',#4702,1.0);
#4700=VECTOR('',#4703,1.0);
#4701=DIRECTION('',(0,0,1));
#4702=DIRECTION('',(0.5739407498147455,-0.8188968284845703,0));
#4703=DIRECTION('',(-0.0003968174775200671,0.0005661779093631481,-0.9999997609892036));
#4704=FACE_SURFACE('',(#4709),#4705,.T.);
#4705=PLANE('',#4706);
#4706=AXIS2_PLACEMENT_3D('',#174,#4707,#4708);
#4707=DIRECTION('',(0.8191457669994467,0.573585401145111,-2.9997379209645217E-07));
#4708=DIRECTION('',(0.0003968174775200671,-0.0005661779093631481,0.9999997609892036));
#4709=FACE_BOUND('',#4710,.T.);
#4710=EDGE_LOOP('',(#4711,#4712,#4713));
#4711=ORIENTED_EDGE('',*,*,#4714,.T.);
#4712=ORIENTED_EDGE('',*,*,#4715,.T.);
#4713=ORIENTED_EDGE('',*,*,#4716,.T.);
#4714=EDGE_CURVE('',#175,#327,#4717,.F.);
#4715=EDGE_CURVE('',#327,#181,#4718,.T.);
#4716=EDGE_CURVE('',#181,#175,#4719,.T.);
#4717=LINE('',#174,#4720);
#4718=LINE('',#326,#4721);
#4719=LINE('',#180,#4722);
#4720=VECTOR('',#4723,1.0);
#4721=VECTOR('',#4724,1.0);
#4722=VECTOR('',#4725,1.0);
#4723=DIRECTION('',(0.0003968174775200671,-0.0005661779093631481,0.9999997609892036));
#4724=DIRECTION('',(0.08479177185007232,-0.12109289658821132,-0.989013076669061));
#4725=DIRECTION('',(-0.5735854011451369,0.8191457669994837,0));
#4726=FACE_SURFACE('',(#4731),#4727,.T.);
#4727=PLANE('',#4728);
#4728=AXIS2_PLACEMENT_3D('',#172,#4729,#4730);
#4729=DIRECTION('',(0.9063078265266916,0.42261817705402127,-9.528954353055976E-09));
#4730=DIRECTION('',(-0.06247597733372356,0.13398022074302926,0.9890126655942508));
#4731=FACE_BOUND('',#4732,.T.);
#4732=EDGE_LOOP('',(#4733,#4734,#4735));
#4733=ORIENTED_EDGE('',*,*,#4736,.T.);
#4734=ORIENTED_EDGE('',*,*,#4737,.T.);
#4735=ORIENTED_EDGE('',*,*,#4738,.T.);
#4736=EDGE_CURVE('',#173,#331,#4739,.F.);
#4737=EDGE_CURVE('',#331,#329,#4740,.T.);
#4738=EDGE_CURVE('',#329,#173,#4741,.T.);
#4739=LINE('',#172,#4742);
#4740=LINE('',#330,#4743);
#4741=LINE('',#328,#4744);
#4742=VECTOR('',#4745,1.0);
#4743=VECTOR('',#4746,1.0);
#4744=VECTOR('',#4747,1.0);
#4745=DIRECTION('',(-0.06247597733372356,0.13398022074302926,0.9890126655942508));
#4746=DIRECTION('',(0.4226181770540213,-0.9063078265266917,0));
#4747=DIRECTION('',(-0.006504995292897646,0.013949988281960077,-0.9998815344145388));
#4748=FACE_SURFACE('',(#4753),#4749,.T.);
#4749=PLANE('',#4750);
#4750=AXIS2_PLACEMENT_3D('',#172,#4751,#4752);
#4751=DIRECTION('',(0.9063075649229102,0.42261873806482464,0));
#4752=DIRECTION('',(0.006504995292897646,-0.013949988281960077,0.9998815344145388));
#4753=FACE_BOUND('',#4754,.T.);
#4754=EDGE_LOOP('',(#4755,#4756,#4757));
#4755=ORIENTED_EDGE('',*,*,#4758,.T.);
#4756=ORIENTED_EDGE('',*,*,#4759,.T.);
#4757=ORIENTED_EDGE('',*,*,#4760,.T.);
#4758=EDGE_CURVE('',#173,#329,#4761,.F.);
#4759=EDGE_CURVE('',#329,#175,#4762,.T.);
#4760=EDGE_CURVE('',#175,#173,#4763,.T.);
#4761=LINE('',#172,#4764);
#4762=LINE('',#328,#4765);
#4763=LINE('',#174,#4766);
#4764=VECTOR('',#4767,1.0);
#4765=VECTOR('',#4768,1.0);
#4766=VECTOR('',#4769,1.0);
#4767=DIRECTION('',(0.006504995292897646,-0.013949988281960077,0.9998815344145388));
#4768=DIRECTION('',(0,0,-1));
#4769=DIRECTION('',(-0.42261873806482464,0.9063075649229102,0));
#4770=FACE_SURFACE('',(#4775),#4771,.T.);
#4771=PLANE('',#4772);
#4772=AXIS2_PLACEMENT_3D('',#170,#4773,#4774);
#4773=DIRECTION('',(0.9059484262467856,0.42338805956353154,-0));
#4774=DIRECTION('',(0,0,1));
#4775=FACE_BOUND('',#4776,.T.);
#4776=EDGE_LOOP('',(#4777,#4778,#4779));
#4777=ORIENTED_EDGE('',*,*,#4780,.T.);
#4778=ORIENTED_EDGE('',*,*,#4781,.T.);
#4779=ORIENTED_EDGE('',*,*,#4782,.T.);
#4780=EDGE_CURVE('',#171,#333,#4783,.F.);
#4781=EDGE_CURVE('',#333,#331,#4784,.T.);
#4782=EDGE_CURVE('',#331,#171,#4785,.T.);
#4783=LINE('',#170,#4786);
#4784=LINE('',#332,#4787);
#4785=LINE('',#330,#4788);
#4786=VECTOR('',#4789,1.0);
#4787=VECTOR('',#4790,1.0);
#4788=VECTOR('',#4791,1.0);
#4789=DIRECTION('',(0,0,1));
#4790=DIRECTION('',(0.42338805956353154,-0.9059484262467855,0));
#4791=DIRECTION('',(-0.00029224357284941187,0.0006253308257597054,-0.9999997617774978));
#4792=FACE_SURFACE('',(#4797),#4793,.T.);
#4793=PLANE('',#4794);
#4794=AXIS2_PLACEMENT_3D('',#170,#4795,#4796);
#4795=DIRECTION('',(0.9063062028005043,0.4226216591290492,-5.838118539750769E-07));
#4796=DIRECTION('',(0.00029224357284941187,-0.0006253308257597054,0.9999997617774978));
#4797=FACE_BOUND('',#4798,.T.);
#4798=EDGE_LOOP('',(#4799,#4800,#4801));
#4799=ORIENTED_EDGE('',*,*,#4802,.T.);
#4800=ORIENTED_EDGE('',*,*,#4803,.T.);
#4801=ORIENTED_EDGE('',*,*,#4804,.T.);
#4802=EDGE_CURVE('',#171,#331,#4805,.F.);
#4803=EDGE_CURVE('',#331,#173,#4806,.T.);
#4804=EDGE_CURVE('',#173,#171,#4807,.T.);
#4805=LINE('',#170,#4808);
#4806=LINE('',#330,#4809);
#4807=LINE('',#172,#4810);
#4808=VECTOR('',#4811,1.0);
#4809=VECTOR('',#4812,1.0);
#4810=VECTOR('',#4813,1.0);
#4811=DIRECTION('',(0.00029224357284941187,-0.0006253308257597054,0.9999997617774978));
#4812=DIRECTION('',(0.06247597733372356,-0.13398022074302926,-0.9890126655942508));
#4813=DIRECTION('',(-0.42262165912912125,0.9063062028006588,0));
#4814=FACE_SURFACE('',(#4819),#4815,.T.);
#4815=PLANE('',#4816);
#4816=AXIS2_PLACEMENT_3D('',#168,#4817,#4818);
#4817=DIRECTION('',(0.9659264692999813,0.25881664534101156,3.121605439786338E-07));
#4818=DIRECTION('',(-0.03826165028715895,0.1427946490539277,0.9890125046322058));
#4819=FACE_BOUND('',#4820,.T.);
#4820=EDGE_LOOP('',(#4821,#4822,#4823));
#4821=ORIENTED_EDGE('',*,*,#4824,.T.);
#4822=ORIENTED_EDGE('',*,*,#4825,.T.);
#4823=ORIENTED_EDGE('',*,*,#4826,.T.);
#4824=EDGE_CURVE('',#169,#335,#4827,.F.);
#4825=EDGE_CURVE('',#335,#333,#4828,.T.);
#4826=EDGE_CURVE('',#333,#169,#4829,.T.);
#4827=LINE('',#168,#4830);
#4828=LINE('',#334,#4831);
#4829=LINE('',#332,#4832);
#4830=VECTOR('',#4833,1.0);
#4831=VECTOR('',#4834,1.0);
#4832=VECTOR('',#4835,1.0);
#4833=DIRECTION('',(-0.03826165028715895,0.1427946490539277,0.9890125046322058));
#4834=DIRECTION('',(0.25881664534102417,-0.9659264693000283,0));
#4835=DIRECTION('',(-0.0039835482619863015,0.014868158214777329,-0.9998815275894164));
#4836=FACE_SURFACE('',(#4841),#4837,.T.);
#4837=PLANE('',#4838);
#4838=AXIS2_PLACEMENT_3D('',#168,#4839,#4840);
#4839=DIRECTION('',(0.9659317172728483,0.2587970586508401,0));
#4840=DIRECTION('',(0.0039835482619863015,-0.014868158214777329,0.9998815275894164));
#4841=FACE_BOUND('',#4842,.T.);
#4842=EDGE_LOOP('',(#4843,#4844,#4845));
#4843=ORIENTED_EDGE('',*,*,#4846,.T.);
#4844=ORIENTED_EDGE('',*,*,#4847,.T.);
#4845=ORIENTED_EDGE('',*,*,#4848,.T.);
#4846=EDGE_CURVE('',#169,#333,#4849,.F.);
#4847=EDGE_CURVE('',#333,#171,#4850,.T.);
#4848=EDGE_CURVE('',#171,#169,#4851,.T.);
#4849=LINE('',#168,#4852);
#4850=LINE('',#332,#4853);
#4851=LINE('',#170,#4854);
#4852=VECTOR('',#4855,1.0);
#4853=VECTOR('',#4856,1.0);
#4854=VECTOR('',#4857,1.0);
#4855=DIRECTION('',(0.0039835482619863015,-0.014868158214777329,0.9998815275894164));
#4856=DIRECTION('',(0,0,-1));
#4857=DIRECTION('',(-0.2587970586508401,0.9659317172728482,0));
#4858=FACE_SURFACE('',(#4863),#4859,.T.);
#4859=PLANE('',#4860);
#4860=AXIS2_PLACEMENT_3D('',#166,#4861,#4862);
#4861=DIRECTION('',(0.9659298596484693,0.25880399193112996,-0));
#4862=DIRECTION('',(0,0,1));
#4863=FACE_BOUND('',#4864,.T.);
#4864=EDGE_LOOP('',(#4865,#4866,#4867));
#4865=ORIENTED_EDGE('',*,*,#4868,.T.);
#4866=ORIENTED_EDGE('',*,*,#4869,.T.);
#4867=ORIENTED_EDGE('',*,*,#4870,.T.);
#4868=EDGE_CURVE('',#167,#337,#4871,.F.);
#4869=EDGE_CURVE('',#337,#335,#4872,.T.);
#4870=EDGE_CURVE('',#335,#167,#4873,.T.);
#4871=LINE('',#166,#4874);
#4872=LINE('',#336,#4875);
#4873=LINE('',#334,#4876);
#4874=VECTOR('',#4877,1.0);
#4875=VECTOR('',#4878,1.0);
#4876=VECTOR('',#4879,1.0);
#4877=DIRECTION('',(0,0,1));
#4878=DIRECTION('',(0.25880399193112996,-0.9659298596484693,0));
#4879=DIRECTION('',(-0.00017886715050274523,0.0006675829081756003,-0.999999761169773));
#4880=FACE_SURFACE('',(#4885),#4881,.T.);
#4881=PLANE('',#4882);
#4882=AXIS2_PLACEMENT_3D('',#166,#4883,#4884);
#4883=DIRECTION('',(0.9659259468798687,0.2588185950511071,1.044866156838994E-08));
#4884=DIRECTION('',(0.00017886715050274523,-0.0006675829081756003,0.999999761169773));
#4885=FACE_BOUND('',#4886,.T.);
#4886=EDGE_LOOP('',(#4887,#4888,#4889));
#4887=ORIENTED_EDGE('',*,*,#4890,.T.);
#4888=ORIENTED_EDGE('',*,*,#4891,.T.);
#4889=ORIENTED_EDGE('',*,*,#4892,.T.);
#4890=EDGE_CURVE('',#167,#335,#4893,.F.);
#4891=EDGE_CURVE('',#335,#169,#4894,.T.);
#4892=EDGE_CURVE('',#169,#167,#4895,.T.);
#4893=LINE('',#166,#4896);
#4894=LINE('',#334,#4897);
#4895=LINE('',#168,#4898);
#4896=VECTOR('',#4899,1.0);
#4897=VECTOR('',#4900,1.0);
#4898=VECTOR('',#4901,1.0);
#4899=DIRECTION('',(0.00017886715050274523,-0.0006675829081756003,0.999999761169773));
#4900=DIRECTION('',(0.03826165028715895,-0.1427946490539277,-0.9890125046322058));
#4901=DIRECTION('',(-0.2588185950511071,0.9659259468798688,0));
#4902=FACE_SURFACE('',(#4907),#4903,.T.);
#4903=PLANE('',#4904);
#4904=AXIS2_PLACEMENT_3D('',#336,#4905,#4906);
#4905=DIRECTION('',(0.9961933202382728,0.08717149025137898,0));
#4906=DIRECTION('',(0,0,-1));
#4907=FACE_BOUND('',#4908,.T.);
#4908=EDGE_LOOP('',(#4909,#4910,#4911));
#4909=ORIENTED_EDGE('',*,*,#4912,.T.);
#4910=ORIENTED_EDGE('',*,*,#4913,.T.);
#4911=ORIENTED_EDGE('',*,*,#4914,.T.);
#4912=EDGE_CURVE('',#337,#167,#4915,.F.);
#4913=EDGE_CURVE('',#167,#273,#4916,.T.);
#4914=EDGE_CURVE('',#273,#337,#4917,.T.);
#4915=LINE('',#336,#4918);
#4916=LINE('',#166,#4919);
#4917=LINE('',#272,#4920);
#4918=VECTOR('',#4921,1.0);
#4919=VECTOR('',#4922,1.0);
#4920=VECTOR('',#4923,1.0);
#4921=DIRECTION('',(0,0,-1));
#4922=DIRECTION('',(-0.08717149025137898,0.9961933202382728,0));
#4923=DIRECTION('',(0.0013416970995174858,-0.015332876430906727,0.9998815443587544));
#4924=FACE_SURFACE('',(#4929),#4925,.T.);
#4925=PLANE('',#4926);
#4926=AXIS2_PLACEMENT_3D('',#336,#4927,#4928);
#4927=DIRECTION('',(0.9961941254841653,0.08716228743452593,-1.4220289443749565E-07));
#4928=DIRECTION('',(-0.0013416970995174858,0.015332876430906727,-0.9998815443587544));
#4929=FACE_BOUND('',#4930,.T.);
#4930=EDGE_LOOP('',(#4931,#4932,#4933));
#4931=ORIENTED_EDGE('',*,*,#4934,.T.);
#4932=ORIENTED_EDGE('',*,*,#4935,.T.);
#4933=ORIENTED_EDGE('',*,*,#4936,.T.);
#4934=EDGE_CURVE('',#337,#273,#4937,.F.);
#4935=EDGE_CURVE('',#273,#339,#4938,.T.);
#4936=EDGE_CURVE('',#339,#337,#4939,.T.);
#4937=LINE('',#336,#4940);
#4938=LINE('',#272,#4941);
#4939=LINE('',#338,#4942);
#4940=VECTOR('',#4943,1.0);
#4941=VECTOR('',#4944,1.0);
#4942=VECTOR('',#4945,1.0);
#4943=DIRECTION('',(-0.0013416970995174858,0.015332876430906727,-0.9998815443587544));
#4944=DIRECTION('',(-0.012884941106480936,0.14726602130121785,0.9890129914529899));
#4945=DIRECTION('',(0.08716228743452682,-0.9961941254841754,0));
#4946=FACE_SURFACE('',(#4951),#4947,.T.);
#4947=PLANE('',#4948);
#4948=AXIS2_PLACEMENT_3D('',#278,#4949,#4950);
#4949=DIRECTION('',(0.9962596370606004,0.08641027464301126,-0));
#4950=DIRECTION('',(0,0,1));
#4951=FACE_BOUND('',#4952,.T.);
#4952=EDGE_LOOP('',(#4953,#4954,#4955));
#4953=ORIENTED_EDGE('',*,*,#4956,.T.);
#4954=ORIENTED_EDGE('',*,*,#4957,.T.);
#4955=ORIENTED_EDGE('',*,*,#4958,.T.);
#4956=EDGE_CURVE('',#279,#341,#4959,.F.);
#4957=EDGE_CURVE('',#341,#339,#4960,.T.);
#4958=EDGE_CURVE('',#339,#279,#4961,.T.);
#4959=LINE('',#278,#4962);
#4960=LINE('',#340,#4963);
#4961=LINE('',#338,#4964);
#4962=VECTOR('',#4965,1.0);
#4963=VECTOR('',#4966,1.0);
#4964=VECTOR('',#4967,1.0);
#4965=DIRECTION('',(0,0,1));
#4966=DIRECTION('',(0.08641027464301126,-0.9962596370606004,0));
#4967=DIRECTION('',(-5.98571172288487E-05,0.0006901173515796674,-0.9999997600775545));
#4968=FACE_SURFACE('',(#4973),#4969,.T.);
#4969=PLANE('',#4970);
#4970=AXIS2_PLACEMENT_3D('',#278,#4971,#4972);
#4971=DIRECTION('',(0.9961945115316942,0.08715787511096608,5.198304061220127E-07));
#4972=DIRECTION('',(5.98571172288487E-05,-0.0006901173515796674,0.9999997600775545));
#4973=FACE_BOUND('',#4974,.T.);
#4974=EDGE_LOOP('',(#4975,#4976,#4977));
#4975=ORIENTED_EDGE('',*,*,#4978,.T.);
#4976=ORIENTED_EDGE('',*,*,#4979,.T.);
#4977=ORIENTED_EDGE('',*,*,#4980,.T.);
#4978=EDGE_CURVE('',#279,#339,#4981,.F.);
#4979=EDGE_CURVE('',#339,#273,#4982,.T.);
#4980=EDGE_CURVE('',#273,#279,#4983,.T.);
#4981=LINE('',#278,#4984);
#4982=LINE('',#338,#4985);
#4983=LINE('',#272,#4986);
#4984=VECTOR('',#4987,1.0);
#4985=VECTOR('',#4988,1.0);
#4986=VECTOR('',#4989,1.0);
#4987=DIRECTION('',(5.98571172288487E-05,-0.0006901173515796674,0.9999997600775545));
#4988=DIRECTION('',(0.012884941106480936,-0.14726602130121785,-0.9890129914529899));
#4989=DIRECTION('',(-0.08715787511097786,0.9961945115318289,0));
#4990=FACE_SURFACE('',(#4995),#4991,.T.);
#4991=PLANE('',#4992);
#4992=AXIS2_PLACEMENT_3D('',#280,#4993,#4994);
#4993=DIRECTION('',(0.9961948672255011,-0.08715380951732722,-4.283175064158258E-07));
#4994=DIRECTION('',(0.012884244757620095,0.14726602262273325,0.9890130003280575));
#4995=FACE_BOUND('',#4996,.T.);
#4996=EDGE_LOOP('',(#4997,#4998,#4999));
#4997=ORIENTED_EDGE('',*,*,#5000,.T.);
#4998=ORIENTED_EDGE('',*,*,#5001,.T.);
#4999=ORIENTED_EDGE('',*,*,#5002,.T.);
#5000=EDGE_CURVE('',#281,#343,#5003,.F.);
#5001=EDGE_CURVE('',#343,#341,#5004,.T.);
#5002=EDGE_CURVE('',#341,#281,#5005,.T.);
#5003=LINE('',#280,#5006);
#5004=LINE('',#342,#5007);
#5005=LINE('',#340,#5008);
#5006=VECTOR('',#5009,1.0);
#5007=VECTOR('',#5010,1.0);
#5008=VECTOR('',#5011,1.0);
#5009=DIRECTION('',(0.012884244757620095,0.14726602262273325,0.9890130003280575));
#5010=DIRECTION('',(-0.08715380951733523,-0.9961948672255926,0));
#5011=DIRECTION('',(0.0013409929826525364,0.015332876445388098,-0.9998815453031079));
#5012=FACE_SURFACE('',(#5017),#5013,.T.);
#5013=PLANE('',#5014);
#5014=AXIS2_PLACEMENT_3D('',#280,#5015,#5016);
#5015=DIRECTION('',(0.9961972918998687,-0.08712609030231908,0));
#5016=DIRECTION('',(-0.0013409929826525364,-0.015332876445388098,0.9998815453031079));
#5017=FACE_BOUND('',#5018,.T.);
#5018=EDGE_LOOP('',(#5019,#5020,#5021));
#5019=ORIENTED_EDGE('',*,*,#5022,.T.);
#5020=ORIENTED_EDGE('',*,*,#5023,.T.);
#5021=ORIENTED_EDGE('',*,*,#5024,.T.);
#5022=EDGE_CURVE('',#281,#341,#5025,.F.);
#5023=EDGE_CURVE('',#341,#279,#5026,.T.);
#5024=EDGE_CURVE('',#279,#281,#5027,.T.);
#5025=LINE('',#280,#5028);
#5026=LINE('',#340,#5029);
#5027=LINE('',#278,#5030);
#5028=VECTOR('',#5031,1.0);
#5029=VECTOR('',#5032,1.0);
#5030=VECTOR('',#5033,1.0);
#5031=DIRECTION('',(-0.0013409929826525364,-0.015332876445388098,0.9998815453031079));
#5032=DIRECTION('',(0,0,-1));
#5033=DIRECTION('',(0.08712609030231906,0.9961972918998686,0));
#5034=FACE_SURFACE('',(#5039),#5035,.T.);
#5035=PLANE('',#5036);
#5036=AXIS2_PLACEMENT_3D('',#286,#5037,#5038);
#5037=DIRECTION('',(0.9961716185505776,-0.0874191420360711,0));
#5038=DIRECTION('',(0,0,1));
#5039=FACE_BOUND('',#5040,.T.);
#5040=EDGE_LOOP('',(#5041,#5042,#5043));
#5041=ORIENTED_EDGE('',*,*,#5044,.T.);
#5042=ORIENTED_EDGE('',*,*,#5045,.T.);
#5043=ORIENTED_EDGE('',*,*,#5046,.T.);
#5044=EDGE_CURVE('',#287,#345,#5047,.F.);
#5045=EDGE_CURVE('',#345,#343,#5048,.T.);
#5046=EDGE_CURVE('',#343,#287,#5049,.T.);
#5047=LINE('',#286,#5050);
#5048=LINE('',#344,#5051);
#5049=LINE('',#342,#5052);
#5050=VECTOR('',#5053,1.0);
#5051=VECTOR('',#5054,1.0);
#5052=VECTOR('',#5055,1.0);
#5053=DIRECTION('',(0,0,1));
#5054=DIRECTION('',(-0.08741914203607108,-0.9961716185505775,0));
#5055=DIRECTION('',(6.056131860544385E-05,0.0006901173515504067,-0.999999760035155));
#5056=FACE_SURFACE('',(#5061),#5057,.T.);
#5057=PLANE('',#5058);
#5058=AXIS2_PLACEMENT_3D('',#286,#5059,#5060);
#5059=DIRECTION('',(0.9961945115318125,-0.08715787511097643,1.816913111239711E-07));
#5060=DIRECTION('',(-6.056131860544385E-05,-0.0006901173515504067,0.999999760035155));
#5061=FACE_BOUND('',#5062,.T.);
#5062=EDGE_LOOP('',(#5063,#5064,#5065));
#5063=ORIENTED_EDGE('',*,*,#5066,.T.);
#5064=ORIENTED_EDGE('',*,*,#5067,.T.);
#5065=ORIENTED_EDGE('',*,*,#5068,.T.);
#5066=EDGE_CURVE('',#287,#343,#5069,.F.);
#5067=EDGE_CURVE('',#343,#281,#5070,.T.);
#5068=EDGE_CURVE('',#281,#287,#5071,.T.);
#5069=LINE('',#286,#5072);
#5070=LINE('',#342,#5073);
#5071=LINE('',#280,#5074);
#5072=VECTOR('',#5075,1.0);
#5073=VECTOR('',#5076,1.0);
#5074=VECTOR('',#5077,1.0);
#5075=DIRECTION('',(-6.056131860544385E-05,-0.0006901173515504067,0.999999760035155));
#5076=DIRECTION('',(-0.012884244757620095,-0.14726602262273325,-0.9890130003280575));
#5077=DIRECTION('',(0.08715787511097786,0.9961945115318289,0));
#5078=FACE_SURFACE('',(#5083),#5079,.T.);
#5079=PLANE('',#5080);
#5080=AXIS2_PLACEMENT_3D('',#288,#5081,#5082);
#5081=DIRECTION('',(0.9659258587261265,-0.25881892404550677,-3.4847723588290303E-07));
#5082=DIRECTION('',(0.03826131778529335,0.14279192190277834,0.9890129112406186));
#5083=FACE_BOUND('',#5084,.T.);
#5084=EDGE_LOOP('',(#5085,#5086,#5087));
#5085=ORIENTED_EDGE('',*,*,#5088,.T.);
#5086=ORIENTED_EDGE('',*,*,#5089,.T.);
#5087=ORIENTED_EDGE('',*,*,#5090,.T.);
#5088=EDGE_CURVE('',#289,#347,#5091,.F.);
#5089=EDGE_CURVE('',#347,#345,#5092,.T.);
#5090=EDGE_CURVE('',#345,#289,#5093,.T.);
#5091=LINE('',#288,#5094);
#5092=LINE('',#346,#5095);
#5093=LINE('',#344,#5096);
#5094=VECTOR('',#5097,1.0);
#5095=VECTOR('',#5098,1.0);
#5096=VECTOR('',#5099,1.0);
#5097=DIRECTION('',(0.03826131778529335,0.14279192190277834,0.9890129112406186));
#5098=DIRECTION('',(-0.25881892404552254,-0.9659258587261851,0));
#5099=DIRECTION('',(0.0039835482619863015,0.014868158214777329,-0.9998815275894164));
#5100=FACE_SURFACE('',(#5105),#5101,.T.);
#5101=PLANE('',#5102);
#5102=AXIS2_PLACEMENT_3D('',#288,#5103,#5104);
#5103=DIRECTION('',(0.9659317172728483,-0.2587970586508401,0));
#5104=DIRECTION('',(-0.0039835482619863015,-0.014868158214777329,0.9998815275894164));
#5105=FACE_BOUND('',#5106,.T.);
#5106=EDGE_LOOP('',(#5107,#5108,#5109));
#5107=ORIENTED_EDGE('',*,*,#5110,.T.);
#5108=ORIENTED_EDGE('',*,*,#5111,.T.);
#5109=ORIENTED_EDGE('',*,*,#5112,.T.);
#5110=EDGE_CURVE('',#289,#345,#5113,.F.);
#5111=EDGE_CURVE('',#345,#287,#5114,.T.);
#5112=EDGE_CURVE('',#287,#289,#5115,.T.);
#5113=LINE('',#288,#5116);
#5114=LINE('',#344,#5117);
#5115=LINE('',#286,#5118);
#5116=VECTOR('',#5119,1.0);
#5117=VECTOR('',#5120,1.0);
#5118=VECTOR('',#5121,1.0);
#5119=DIRECTION('',(-0.0039835482619863015,-0.014868158214777329,0.9998815275894164));
#5120=DIRECTION('',(0,0,-1));
#5121=DIRECTION('',(0.2587970586508401,0.9659317172728482,0));
#5122=FACE_SURFACE('',(#5127),#5123,.T.);
#5123=PLANE('',#5124);
#5124=AXIS2_PLACEMENT_3D('',#298,#5125,#5126);
#5125=DIRECTION('',(0.9659298596484693,-0.25880399193112996,0));
#5126=DIRECTION('',(0,0,1));
#5127=FACE_BOUND('',#5128,.T.);
#5128=EDGE_LOOP('',(#5129,#5130,#5131));
#5129=ORIENTED_EDGE('',*,*,#5132,.T.);
#5130=ORIENTED_EDGE('',*,*,#5133,.T.);
#5131=ORIENTED_EDGE('',*,*,#5134,.T.);
#5132=EDGE_CURVE('',#299,#349,#5135,.F.);
#5133=EDGE_CURVE('',#349,#347,#5136,.T.);
#5134=EDGE_CURVE('',#347,#299,#5137,.T.);
#5135=LINE('',#298,#5138);
#5136=LINE('',#348,#5139);
#5137=LINE('',#346,#5140);
#5138=VECTOR('',#5141,1.0);
#5139=VECTOR('',#5142,1.0);
#5140=VECTOR('',#5143,1.0);
#5141=DIRECTION('',(0,0,1));
#5142=DIRECTION('',(-0.25880399193112996,-0.9659298596484693,0));
#5143=DIRECTION('',(0.00017886715050274523,0.0006675829081756003,-0.999999761169773));
#5144=FACE_SURFACE('',(#5149),#5145,.T.);
#5145=PLANE('',#5146);
#5146=AXIS2_PLACEMENT_3D('',#298,#5147,#5148);
#5147=DIRECTION('',(0.9659252765062238,-0.25882109691131194,-1.2238768930967034E-08));
#5148=DIRECTION('',(-0.00017886715050274523,-0.0006675829081756003,0.999999761169773));
#5149=FACE_BOUND('',#5150,.T.);
#5150=EDGE_LOOP('',(#5151,#5152,#5153));
#5151=ORIENTED_EDGE('',*,*,#5154,.T.);
#5152=ORIENTED_EDGE('',*,*,#5155,.T.);
#5153=ORIENTED_EDGE('',*,*,#5156,.T.);
#5154=EDGE_CURVE('',#299,#347,#5157,.F.);
#5155=EDGE_CURVE('',#347,#289,#5158,.T.);
#5156=EDGE_CURVE('',#289,#299,#5159,.T.);
#5157=LINE('',#298,#5160);
#5158=LINE('',#346,#5161);
#5159=LINE('',#288,#5162);
#5160=VECTOR('',#5163,1.0);
#5161=VECTOR('',#5164,1.0);
#5162=VECTOR('',#5165,1.0);
#5163=DIRECTION('',(-0.00017886715050274523,-0.0006675829081756003,0.999999761169773));
#5164=DIRECTION('',(-0.03826131778529335,-0.14279192190277834,-0.9890129112406186));
#5165=DIRECTION('',(0.258821096911312,0.965925276506224,0));
#5166=FACE_SURFACE('',(#5171),#5167,.T.);
#5167=PLANE('',#5168);
#5168=AXIS2_PLACEMENT_3D('',#300,#5169,#5170);
#5169=DIRECTION('',(0.9063094625367698,-0.42261466860042735,-2.4999112493895485E-07));
#5170=DIRECTION('',(0.062475630460823384,0.13398022365791398,0.9890126871112919));
#5171=FACE_BOUND('',#5172,.T.);
#5172=EDGE_LOOP('',(#5173,#5174,#5175));
#5173=ORIENTED_EDGE('',*,*,#5176,.T.);
#5174=ORIENTED_EDGE('',*,*,#5177,.T.);
#5175=ORIENTED_EDGE('',*,*,#5178,.T.);
#5176=EDGE_CURVE('',#301,#351,#5179,.F.);
#5177=EDGE_CURVE('',#351,#349,#5180,.T.);
#5178=EDGE_CURVE('',#349,#301,#5181,.T.);
#5179=LINE('',#300,#5182);
#5180=LINE('',#350,#5183);
#5181=LINE('',#348,#5184);
#5182=VECTOR('',#5185,1.0);
#5183=VECTOR('',#5186,1.0);
#5184=VECTOR('',#5187,1.0);
#5185=DIRECTION('',(0.062475630460823384,0.13398022365791398,0.9890126871112919));
#5186=DIRECTION('',(-0.42261466860044056,-0.9063094625367981,0));
#5187=DIRECTION('',(0.006504643248731569,0.013949988313906673,-0.9998815367043481));
#5188=FACE_SURFACE('',(#5193),#5189,.T.);
#5189=PLANE('',#5190);
#5190=AXIS2_PLACEMENT_3D('',#300,#5191,#5192);
#5191=DIRECTION('',(0.9063163255700566,-0.42259995031375847,0));
#5192=DIRECTION('',(-0.006504643248731569,-0.013949988313906673,0.9998815367043481));
#5193=FACE_BOUND('',#5194,.T.);
#5194=EDGE_LOOP('',(#5195,#5196,#5197));
#5195=ORIENTED_EDGE('',*,*,#5198,.T.);
#5196=ORIENTED_EDGE('',*,*,#5199,.T.);
#5197=ORIENTED_EDGE('',*,*,#5200,.T.);
#5198=EDGE_CURVE('',#301,#349,#5201,.F.);
#5199=EDGE_CURVE('',#349,#299,#5202,.T.);
#5200=EDGE_CURVE('',#299,#301,#5203,.T.);
#5201=LINE('',#300,#5204);
#5202=LINE('',#348,#5205);
#5203=LINE('',#298,#5206);
#5204=VECTOR('',#5207,1.0);
#5205=VECTOR('',#5208,1.0);
#5206=VECTOR('',#5209,1.0);
#5207=DIRECTION('',(-0.006504643248731569,-0.013949988313906673,0.9998815367043481));
#5208=DIRECTION('',(0,0,-1));
#5209=DIRECTION('',(0.42259995031375847,0.9063163255700566,0));
#5210=FACE_SURFACE('',(#5215),#5211,.T.);
#5211=PLANE('',#5212);
#5212=AXIS2_PLACEMENT_3D('',#302,#5213,#5214);
#5213=DIRECTION('',(0.9059484262467856,-0.42338805956353154,0));
#5214=DIRECTION('',(0,0,1));
#5215=FACE_BOUND('',#5216,.T.);
#5216=EDGE_LOOP('',(#5217,#5218,#5219));
#5217=ORIENTED_EDGE('',*,*,#5220,.T.);
#5218=ORIENTED_EDGE('',*,*,#5221,.T.);
#5219=ORIENTED_EDGE('',*,*,#5222,.T.);
#5220=EDGE_CURVE('',#303,#353,#5223,.F.);
#5221=EDGE_CURVE('',#353,#351,#5224,.T.);
#5222=EDGE_CURVE('',#351,#303,#5225,.T.);
#5223=LINE('',#302,#5226);
#5224=LINE('',#352,#5227);
#5225=LINE('',#350,#5228);
#5226=VECTOR('',#5229,1.0);
#5227=VECTOR('',#5230,1.0);
#5228=VECTOR('',#5231,1.0);
#5229=DIRECTION('',(0,0,1));
#5230=DIRECTION('',(-0.42338805956353154,-0.9059484262467855,0));
#5231=DIRECTION('',(0.00029224357284941187,0.0006253308257597054,-0.9999997617774978));
#5232=FACE_SURFACE('',(#5237),#5233,.T.);
#5233=PLANE('',#5234);
#5234=AXIS2_PLACEMENT_3D('',#302,#5235,#5236);
#5235=DIRECTION('',(0.9063071009096623,-0.42261973314124934,5.85278700494911E-07));
#5236=DIRECTION('',(-0.00029224357284941187,-0.0006253308257597054,0.9999997617774978));
#5237=FACE_BOUND('',#5238,.T.);
#5238=EDGE_LOOP('',(#5239,#5240,#5241));
#5239=ORIENTED_EDGE('',*,*,#5242,.T.);
#5240=ORIENTED_EDGE('',*,*,#5243,.T.);
#5241=ORIENTED_EDGE('',*,*,#5244,.T.);
#5242=EDGE_CURVE('',#303,#351,#5245,.F.);
#5243=EDGE_CURVE('',#351,#301,#5246,.T.);
#5244=EDGE_CURVE('',#301,#303,#5247,.T.);
#5245=LINE('',#302,#5248);
#5246=LINE('',#350,#5249);
#5247=LINE('',#300,#5250);
#5248=VECTOR('',#5251,1.0);
#5249=VECTOR('',#5252,1.0);
#5250=VECTOR('',#5253,1.0);
#5251=DIRECTION('',(-0.00029224357284941187,-0.0006253308257597054,0.9999997617774978));
#5252=DIRECTION('',(-0.062475630460823384,-0.13398022365791398,-0.9890126871112919));
#5253=DIRECTION('',(0.42261973314132173,0.9063071009098175,0));
#5254=FACE_SURFACE('',(#5259),#5255,.T.);
#5255=PLANE('',#5256);
#5256=AXIS2_PLACEMENT_3D('',#304,#5257,#5258);
#5257=DIRECTION('',(0.8191566634329949,-0.5735698394728572,-6.35499051467453E-07));
#5258=DIRECTION('',(0.08479139751695018,0.12109564517018832,0.9890127722269002));
#5259=FACE_BOUND('',#5260,.T.);
#5260=EDGE_LOOP('',(#5261,#5262,#5263));
#5261=ORIENTED_EDGE('',*,*,#5264,.T.);
#5262=ORIENTED_EDGE('',*,*,#5265,.T.);
#5263=ORIENTED_EDGE('',*,*,#5266,.T.);
#5264=EDGE_CURVE('',#305,#355,#5267,.F.);
#5265=EDGE_CURVE('',#355,#353,#5268,.T.);
#5266=EDGE_CURVE('',#353,#305,#5269,.T.);
#5267=LINE('',#304,#5270);
#5268=LINE('',#354,#5271);
#5269=LINE('',#352,#5272);
#5270=VECTOR('',#5273,1.0);
#5271=VECTOR('',#5274,1.0);
#5272=VECTOR('',#5275,1.0);
#5273=DIRECTION('',(0.08479139751695018,0.12109564517018832,0.9890127722269002));
#5274=DIRECTION('',(-0.5735698394729731,-0.8191566634331603,0));
#5275=DIRECTION('',(0.008828232973057742,0.012609347270818156,-0.9998815263139815));
#5276=FACE_SURFACE('',(#5281),#5277,.T.);
#5277=PLANE('',#5278);
#5278=AXIS2_PLACEMENT_3D('',#304,#5279,#5280);
#5279=DIRECTION('',(0.8191803402803076,-0.573536023365786,0));
#5280=DIRECTION('',(-0.008828232973057742,-0.012609347270818156,0.9998815263139815));
#5281=FACE_BOUND('',#5282,.T.);
#5282=EDGE_LOOP('',(#5283,#5284,#5285));
#5283=ORIENTED_EDGE('',*,*,#5286,.T.);
#5284=ORIENTED_EDGE('',*,*,#5287,.T.);
#5285=ORIENTED_EDGE('',*,*,#5288,.T.);
#5286=EDGE_CURVE('',#305,#353,#5289,.F.);
#5287=EDGE_CURVE('',#353,#303,#5290,.T.);
#5288=EDGE_CURVE('',#303,#305,#5291,.T.);
#5289=LINE('',#304,#5292);
#5290=LINE('',#352,#5293);
#5291=LINE('',#302,#5294);
#5292=VECTOR('',#5295,1.0);
#5293=VECTOR('',#5296,1.0);
#5294=VECTOR('',#5297,1.0);
#5295=DIRECTION('',(-0.008828232973057742,-0.012609347270818156,0.9998815263139815));
#5296=DIRECTION('',(0,0,-1));
#5297=DIRECTION('',(0.573536023365786,0.8191803402803076,0));
#5298=FACE_SURFACE('',(#5303),#5299,.T.);
#5299=PLANE('',#5300);
#5300=AXIS2_PLACEMENT_3D('',#296,#5301,#5302);
#5301=DIRECTION('',(0.8188968284845702,-0.5739407498147454,0));
#5302=DIRECTION('',(0,0,1));
#5303=FACE_BOUND('',#5304,.T.);
#5304=EDGE_LOOP('',(#5305,#5306,#5307));
#5305=ORIENTED_EDGE('',*,*,#5308,.T.);
#5306=ORIENTED_EDGE('',*,*,#5309,.T.);
#5307=ORIENTED_EDGE('',*,*,#5310,.T.);
#5308=EDGE_CURVE('',#297,#357,#5311,.F.);
#5309=EDGE_CURVE('',#357,#355,#5312,.T.);
#5310=EDGE_CURVE('',#355,#297,#5313,.T.);
#5311=LINE('',#296,#5314);
#5312=LINE('',#356,#5315);
#5313=LINE('',#354,#5316);
#5314=VECTOR('',#5317,1.0);
#5315=VECTOR('',#5318,1.0);
#5316=VECTOR('',#5319,1.0);
#5317=DIRECTION('',(0,0,1));
#5318=DIRECTION('',(-0.5739407498147455,-0.8188968284845703,0));
#5319=DIRECTION('',(0.0003968174775200671,0.0005661779093631481,-0.9999997609892036));
#5320=FACE_SURFACE('',(#5325),#5321,.T.);
#5321=PLANE('',#5322);
#5322=AXIS2_PLACEMENT_3D('',#296,#5323,#5324);
#5323=DIRECTION('',(0.8191530400887267,-0.5735750141989288,3.08740742607856E-07));
#5324=DIRECTION('',(-0.0003968174775200671,-0.0005661779093631481,0.9999997609892036));
#5325=FACE_BOUND('',#5326,.T.);
#5326=EDGE_LOOP('',(#5327,#5328,#5329));
#5327=ORIENTED_EDGE('',*,*,#5330,.T.);
#5328=ORIENTED_EDGE('',*,*,#5331,.T.);
#5329=ORIENTED_EDGE('',*,*,#5332,.T.);
#5330=EDGE_CURVE('',#297,#355,#5333,.F.);
#5331=EDGE_CURVE('',#355,#305,#5334,.T.);
#5332=EDGE_CURVE('',#305,#297,#5335,.T.);
#5333=LINE('',#296,#5336);
#5334=LINE('',#354,#5337);
#5335=LINE('',#304,#5338);
#5336=VECTOR('',#5339,1.0);
#5337=VECTOR('',#5340,1.0);
#5338=VECTOR('',#5341,1.0);
#5339=DIRECTION('',(-0.0003968174775200671,-0.0005661779093631481,0.9999997609892036));
#5340=DIRECTION('',(-0.08479139751695018,-0.12109564517018832,-0.9890127722269002));
#5341=DIRECTION('',(0.5735750141989562,0.8191530400887659,0));
#5342=FACE_SURFACE('',(#5347),#5343,.T.);
#5343=PLANE('',#5344);
#5344=AXIS2_PLACEMENT_3D('',#356,#5345,#5346);
#5345=DIRECTION('',(0.7070839067253868,-0.7071296549077577,0));
#5346=DIRECTION('',(0,0,-1));
#5347=FACE_BOUND('',#5348,.T.);
#5348=EDGE_LOOP('',(#5349,#5350,#5351));
#5349=ORIENTED_EDGE('',*,*,#5352,.T.);
#5350=ORIENTED_EDGE('',*,*,#5353,.T.);
#5351=ORIENTED_EDGE('',*,*,#5354,.T.);
#5352=EDGE_CURVE('',#357,#297,#5355,.F.);
#5353=EDGE_CURVE('',#297,#295,#5356,.T.);
#5354=EDGE_CURVE('',#295,#357,#5357,.T.);
#5355=LINE('',#356,#5358);
#5356=LINE('',#296,#5359);
#5357=LINE('',#294,#5360);
#5358=VECTOR('',#5361,1.0);
#5359=VECTOR('',#5362,1.0);
#5360=VECTOR('',#5363,1.0);
#5361=DIRECTION('',(0,0,-1));
#5362=DIRECTION('',(0.7071296549077577,0.7070839067253868,0));
#5363=DIRECTION('',(-0.010883554007572729,-0.01088284988943806,0.9998815488998926));
#5364=FACE_SURFACE('',(#5369),#5365,.T.);
#5365=PLANE('',#5366);
#5366=AXIS2_PLACEMENT_3D('',#356,#5367,#5368);
#5367=DIRECTION('',(0.7071121203437185,-0.7071014419887951,6.141741504792897E-07));
#5368=DIRECTION('',(0.010883554007572729,0.01088284988943806,-0.9998815488998926));
#5369=FACE_BOUND('',#5370,.T.);
#5370=EDGE_LOOP('',(#5371,#5372,#5373));
#5371=ORIENTED_EDGE('',*,*,#5374,.T.);
#5372=ORIENTED_EDGE('',*,*,#5375,.T.);
#5373=ORIENTED_EDGE('',*,*,#5376,.T.);
#5374=EDGE_CURVE('',#357,#295,#5377,.F.);
#5375=EDGE_CURVE('',#295,#359,#5378,.T.);
#5376=EDGE_CURVE('',#359,#357,#5379,.T.);
#5377=LINE('',#356,#5380);
#5378=LINE('',#294,#5381);
#5379=LINE('',#358,#5382);
#5380=VECTOR('',#5383,1.0);
#5381=VECTOR('',#5384,1.0);
#5382=VECTOR('',#5385,1.0);
#5383=DIRECTION('',(0.010883554007572729,0.01088284988943806,-0.9998815488998926));
#5384=DIRECTION('',(0.1045312674546168,0.1045337050793255,0.9890125978099167));
#5385=DIRECTION('',(-0.7071014419889284,-0.7071121203438518,0));
#5386=FACE_SURFACE('',(#5391),#5387,.T.);
#5387=PLANE('',#5388);
#5388=AXIS2_PLACEMENT_3D('',#292,#5389,#5390);
#5389=DIRECTION('',(0.7059581576952773,-0.7082535418785351,0));
#5390=DIRECTION('',(0,0,1));
#5391=FACE_BOUND('',#5392,.T.);
#5392=EDGE_LOOP('',(#5393,#5394,#5395));
#5393=ORIENTED_EDGE('',*,*,#5396,.T.);
#5394=ORIENTED_EDGE('',*,*,#5397,.T.);
#5395=ORIENTED_EDGE('',*,*,#5398,.T.);
#5396=EDGE_CURVE('',#293,#361,#5399,.F.);
#5397=EDGE_CURVE('',#361,#359,#5400,.T.);
#5398=EDGE_CURVE('',#359,#293,#5401,.T.);
#5399=LINE('',#292,#5402);
#5400=LINE('',#360,#5403);
#5401=LINE('',#358,#5404);
#5402=VECTOR('',#5405,1.0);
#5403=VECTOR('',#5406,1.0);
#5404=VECTOR('',#5407,1.0);
#5405=DIRECTION('',(0,0,1));
#5406=DIRECTION('',(-0.7082535418785351,-0.7059581576952774,0));
#5407=DIRECTION('',(0.0004888918083054871,0.0004873073551997077,-0.9999997617581423));
#5408=FACE_SURFACE('',(#5413),#5409,.T.);
#5409=PLANE('',#5410);
#5410=AXIS2_PLACEMENT_3D('',#292,#5411,#5412);
#5411=DIRECTION('',(0.7071097121512845,-0.7071038502087694,1.1232390148507683E-06));
#5412=DIRECTION('',(-0.0004888918083054871,-0.0004873073551997077,0.9999997617581423));
#5413=FACE_BOUND('',#5414,.T.);
#5414=EDGE_LOOP('',(#5415,#5416,#5417));
#5415=ORIENTED_EDGE('',*,*,#5418,.T.);
#5416=ORIENTED_EDGE('',*,*,#5419,.T.);
#5417=ORIENTED_EDGE('',*,*,#5420,.T.);
#5418=EDGE_CURVE('',#293,#359,#5421,.F.);
#5419=EDGE_CURVE('',#359,#295,#5422,.T.);
#5420=EDGE_CURVE('',#295,#293,#5423,.T.);
#5421=LINE('',#292,#5424);
#5422=LINE('',#358,#5425);
#5423=LINE('',#294,#5426);
#5424=VECTOR('',#5427,1.0);
#5425=VECTOR('',#5428,1.0);
#5426=VECTOR('',#5429,1.0);
#5427=DIRECTION('',(-0.0004888918083054871,-0.0004873073551997077,0.9999997617581423));
#5428=DIRECTION('',(-0.1045312674546168,-0.1045337050793255,-0.9890125978099167));
#5429=DIRECTION('',(0.7071038502092155,0.7071097121517306,0));
#5430=FACE_SURFACE('',(#5435),#5431,.T.);
#5431=PLANE('',#5432);
#5432=AXIS2_PLACEMENT_3D('',#290,#5433,#5434);
#5433=DIRECTION('',(0.5735782966135212,-0.8191507417153419,-1.0661100008741E-06));
#5434=DIRECTION('',(0.12109445495684873,0.08479037284565125,0.9890130058049789));
#5435=FACE_BOUND('',#5436,.T.);
#5436=EDGE_LOOP('',(#5437,#5438,#5439));
#5437=ORIENTED_EDGE('',*,*,#5440,.T.);
#5438=ORIENTED_EDGE('',*,*,#5441,.T.);
#5439=ORIENTED_EDGE('',*,*,#5442,.T.);
#5440=EDGE_CURVE('',#291,#363,#5443,.F.);
#5441=EDGE_CURVE('',#363,#361,#5444,.T.);
#5442=EDGE_CURVE('',#361,#291,#5445,.T.);
#5443=LINE('',#290,#5446);
#5444=LINE('',#362,#5447);
#5445=LINE('',#360,#5448);
#5446=VECTOR('',#5449,1.0);
#5447=VECTOR('',#5450,1.0);
#5448=VECTOR('',#5451,1.0);
#5449=DIRECTION('',(0.12109445495684873,0.08479037284565125,0.9890130058049789));
#5450=DIRECTION('',(-0.8191507417158075,-0.5735782966138473,0));
#5451=DIRECTION('',(0.012608115103237512,0.008829641236696594,-0.9998815294169479));
#5452=FACE_SURFACE('',(#5457),#5453,.T.);
#5453=PLANE('',#5454);
#5454=AXIS2_PLACEMENT_3D('',#290,#5455,#5456);
#5455=DIRECTION('',(0.5736350244821801,-0.819111017315314,0));
#5456=DIRECTION('',(-0.012608115103237512,-0.008829641236696594,0.9998815294169479));
#5457=FACE_BOUND('',#5458,.T.);
#5458=EDGE_LOOP('',(#5459,#5460,#5461));
#5459=ORIENTED_EDGE('',*,*,#5462,.T.);
#5460=ORIENTED_EDGE('',*,*,#5463,.T.);
#5461=ORIENTED_EDGE('',*,*,#5464,.T.);
#5462=EDGE_CURVE('',#291,#361,#5465,.F.);
#5463=EDGE_CURVE('',#361,#293,#5466,.T.);
#5464=EDGE_CURVE('',#293,#291,#5467,.T.);
#5465=LINE('',#290,#5468);
#5466=LINE('',#360,#5469);
#5467=LINE('',#292,#5470);
#5468=VECTOR('',#5471,1.0);
#5469=VECTOR('',#5472,1.0);
#5470=VECTOR('',#5473,1.0);
#5471=DIRECTION('',(-0.012608115103237512,-0.008829641236696594,0.9998815294169479));
#5472=DIRECTION('',(0,0,-1));
#5473=DIRECTION('',(0.819111017315314,0.5736350244821802,0));
#5474=FACE_SURFACE('',(#5479),#5475,.T.);
#5475=PLANE('',#5476);
#5476=AXIS2_PLACEMENT_3D('',#284,#5477,#5478);
#5477=DIRECTION('',(0.5740428281628681,-0.8188252752784174,0));
#5478=DIRECTION('',(0,0,1));
#5479=FACE_BOUND('',#5480,.T.);
#5480=EDGE_LOOP('',(#5481,#5482,#5483));
#5481=ORIENTED_EDGE('',*,*,#5484,.T.);
#5482=ORIENTED_EDGE('',*,*,#5485,.T.);
#5483=ORIENTED_EDGE('',*,*,#5486,.T.);
#5484=EDGE_CURVE('',#285,#365,#5487,.F.);
#5485=EDGE_CURVE('',#365,#363,#5488,.T.);
#5486=EDGE_CURVE('',#363,#285,#5489,.T.);
#5487=LINE('',#284,#5490);
#5488=LINE('',#364,#5491);
#5489=LINE('',#362,#5492);
#5490=VECTOR('',#5493,1.0);
#5491=VECTOR('',#5494,1.0);
#5492=VECTOR('',#5495,1.0);
#5493=DIRECTION('',(0,0,1));
#5494=DIRECTION('',(-0.8188252752784173,-0.5740428281628681,0));
#5495=DIRECTION('',(0.0005665300098608862,0.00039716957807525146,-0.9999997606500084));
#5496=FACE_SURFACE('',(#5501),#5497,.T.);
#5497=PLANE('',#5498);
#5498=AXIS2_PLACEMENT_3D('',#284,#5499,#5500);
#5499=DIRECTION('',(0.5735746216586206,-0.8191533149472164,-3.955405069897319E-07));
#5500=DIRECTION('',(-0.0005665300098608862,-0.00039716957807525146,0.9999997606500084));
#5501=FACE_BOUND('',#5502,.T.);
#5502=EDGE_LOOP('',(#5503,#5504,#5505));
#5503=ORIENTED_EDGE('',*,*,#5506,.T.);
#5504=ORIENTED_EDGE('',*,*,#5507,.T.);
#5505=ORIENTED_EDGE('',*,*,#5508,.T.);
#5506=EDGE_CURVE('',#285,#363,#5509,.F.);
#5507=EDGE_CURVE('',#363,#291,#5510,.T.);
#5508=EDGE_CURVE('',#291,#285,#5511,.T.);
#5509=LINE('',#284,#5512);
#5510=LINE('',#362,#5513);
#5511=LINE('',#290,#5514);
#5512=VECTOR('',#5515,1.0);
#5513=VECTOR('',#5516,1.0);
#5514=VECTOR('',#5517,1.0);
#5515=DIRECTION('',(-0.0005665300098608862,-0.00039716957807525146,0.9999997606500084));
#5516=DIRECTION('',(-0.12109445495684873,-0.08479037284565125,-0.9890130058049789));
#5517=DIRECTION('',(0.8191533149472806,0.5735746216586656,0));
#5518=FACE_SURFACE('',(#5523),#5519,.T.);
#5519=PLANE('',#5520);
#5520=AXIS2_PLACEMENT_3D('',#282,#5521,#5522);
#5521=DIRECTION('',(0.4226245485435083,-0.9063048554252487,-1.0074452832467074E-06));
#5522=DIRECTION('',(0.13397936870495933,0.06247563774799273,0.9890128024699186));
#5523=FACE_BOUND('',#5524,.T.);
#5524=EDGE_LOOP('',(#5525,#5526,#5527));
#5525=ORIENTED_EDGE('',*,*,#5528,.T.);
#5526=ORIENTED_EDGE('',*,*,#5529,.T.);
#5527=ORIENTED_EDGE('',*,*,#5530,.T.);
#5528=EDGE_CURVE('',#283,#367,#5531,.F.);
#5529=EDGE_CURVE('',#367,#365,#5532,.T.);
#5530=EDGE_CURVE('',#365,#283,#5533,.T.);
#5531=LINE('',#282,#5534);
#5532=LINE('',#366,#5535);
#5533=LINE('',#364,#5536);
#5534=VECTOR('',#5537,1.0);
#5535=VECTOR('',#5538,1.0);
#5536=VECTOR('',#5539,1.0);
#5537=DIRECTION('',(0.13397936870495933,0.06247563774799273,0.9890128024699186));
#5538=DIRECTION('',(-0.9063048554257086,-0.4226245485437227,0));
#5539=DIRECTION('',(0.013949636195558963,0.00650605145733361,-0.9998815324549435));
#5540=FACE_SURFACE('',(#5545),#5541,.T.);
#5541=PLANE('',#5542);
#5542=AXIS2_PLACEMENT_3D('',#282,#5543,#5544);
#5543=DIRECTION('',(0.42268385962826155,-0.9062771953490588,0));
#5544=DIRECTION('',(-0.013949636195558963,-0.00650605145733361,0.9998815324549435));
#5545=FACE_BOUND('',#5546,.T.);
#5546=EDGE_LOOP('',(#5547,#5548,#5549));
#5547=ORIENTED_EDGE('',*,*,#5550,.T.);
#5548=ORIENTED_EDGE('',*,*,#5551,.T.);
#5549=ORIENTED_EDGE('',*,*,#5552,.T.);
#5550=EDGE_CURVE('',#283,#365,#5553,.F.);
#5551=EDGE_CURVE('',#365,#285,#5554,.T.);
#5552=EDGE_CURVE('',#285,#283,#5555,.T.);
#5553=LINE('',#282,#5556);
#5554=LINE('',#364,#5557);
#5555=LINE('',#284,#5558);
#5556=VECTOR('',#5559,1.0);
#5557=VECTOR('',#5560,1.0);
#5558=VECTOR('',#5561,1.0);
#5559=DIRECTION('',(-0.013949636195558963,-0.00650605145733361,0.9998815324549435));
#5560=DIRECTION('',(0,0,-1));
#5561=DIRECTION('',(0.9062771953490587,0.4226838596282615,0));
#5562=FACE_SURFACE('',(#5567),#5563,.T.);
#5563=PLANE('',#5564);
#5564=AXIS2_PLACEMENT_3D('',#276,#5565,#5566);
#5565=DIRECTION('',(0.42018966752258025,-0.9074363026170286,0));
#5566=DIRECTION('',(0,0,1));
#5567=FACE_BOUND('',#5568,.T.);
#5568=EDGE_LOOP('',(#5569,#5570,#5571));
#5569=ORIENTED_EDGE('',*,*,#5572,.T.);
#5570=ORIENTED_EDGE('',*,*,#5573,.T.);
#5571=ORIENTED_EDGE('',*,*,#5574,.T.);
#5572=EDGE_CURVE('',#277,#369,#5575,.F.);
#5573=EDGE_CURVE('',#369,#367,#5576,.T.);
#5574=EDGE_CURVE('',#367,#277,#5577,.T.);
#5575=LINE('',#276,#5578);
#5576=LINE('',#368,#5579);
#5577=LINE('',#366,#5580);
#5578=VECTOR('',#5581,1.0);
#5579=VECTOR('',#5582,1.0);
#5580=VECTOR('',#5583,1.0);
#5581=DIRECTION('',(0,0,1));
#5582=DIRECTION('',(-0.9074363026170286,-0.42018966752258025,0));
#5583=DIRECTION('',(0.0006265631780774513,0.0002901309686630064,-0.999999761621274));
#5584=FACE_SURFACE('',(#5589),#5585,.T.);
#5585=PLANE('',#5586);
#5586=AXIS2_PLACEMENT_3D('',#276,#5587,#5588);
#5587=DIRECTION('',(0.4226072790011463,-0.9063129082893275,1.8407182546413936E-06));
#5588=DIRECTION('',(-0.0006265631780774513,-0.0002901309686630064,0.999999761621274));
#5589=FACE_BOUND('',#5590,.T.);
#5590=EDGE_LOOP('',(#5591,#5592,#5593));
#5591=ORIENTED_EDGE('',*,*,#5594,.T.);
#5592=ORIENTED_EDGE('',*,*,#5595,.T.);
#5593=ORIENTED_EDGE('',*,*,#5596,.T.);
#5594=EDGE_CURVE('',#277,#367,#5597,.F.);
#5595=EDGE_CURVE('',#367,#283,#5598,.T.);
#5596=EDGE_CURVE('',#283,#277,#5599,.T.);
#5597=LINE('',#276,#5600);
#5598=LINE('',#366,#5601);
#5599=LINE('',#282,#5602);
#5600=VECTOR('',#5603,1.0);
#5601=VECTOR('',#5604,1.0);
#5602=VECTOR('',#5605,1.0);
#5603=DIRECTION('',(-0.0006265631780774513,-0.0002901309686630064,0.999999761621274));
#5604=DIRECTION('',(-0.13397936870495933,-0.06247563774799273,-0.9890128024699186));
#5605=DIRECTION('',(0.9063129082908629,0.42260727900186223,0));
#5606=FACE_SURFACE('',(#5611),#5607,.T.);
#5607=PLANE('',#5608);
#5608=AXIS2_PLACEMENT_3D('',#274,#5609,#5610);
#5609=DIRECTION('',(0.25882636055675873,-0.9659238660882846,-1.4157823564630363E-06));
#5610=DIRECTION('',(0.14279294720084648,0.03826096435529094,0.9890127768822299));
#5611=FACE_BOUND('',#5612,.T.);
#5612=EDGE_LOOP('',(#5613,#5614,#5615));
#5613=ORIENTED_EDGE('',*,*,#5616,.T.);
#5614=ORIENTED_EDGE('',*,*,#5617,.T.);
#5615=ORIENTED_EDGE('',*,*,#5618,.T.);
#5616=EDGE_CURVE('',#275,#371,#5619,.F.);
#5617=EDGE_CURVE('',#371,#369,#5620,.T.);
#5618=EDGE_CURVE('',#369,#275,#5621,.T.);
#5619=LINE('',#274,#5622);
#5620=LINE('',#370,#5623);
#5621=LINE('',#368,#5624);
#5622=VECTOR('',#5625,1.0);
#5623=VECTOR('',#5626,1.0);
#5624=VECTOR('',#5627,1.0);
#5625=DIRECTION('',(0.14279294720084648,0.03826096435529094,0.9890127768822299));
#5626=DIRECTION('',(-0.9659238660892526,-0.25882636055701813,0));
#5627=DIRECTION('',(0.014867454148023549,0.0039853085710543825,-0.9998815310439282));
#5628=FACE_SURFACE('',(#5633),#5629,.T.);
#5629=PLANE('',#5630);
#5630=AXIS2_PLACEMENT_3D('',#274,#5631,#5632);
#5631=DIRECTION('',(0.25891519434312116,-0.965900058048587,0));
#5632=DIRECTION('',(-0.014867454148023549,-0.0039853085710543825,0.9998815310439282));
#5633=FACE_BOUND('',#5634,.T.);
#5634=EDGE_LOOP('',(#5635,#5636,#5637));
#5635=ORIENTED_EDGE('',*,*,#5638,.T.);
#5636=ORIENTED_EDGE('',*,*,#5639,.T.);
#5637=ORIENTED_EDGE('',*,*,#5640,.T.);
#5638=EDGE_CURVE('',#275,#369,#5641,.F.);
#5639=EDGE_CURVE('',#369,#277,#5642,.T.);
#5640=EDGE_CURVE('',#277,#275,#5643,.T.);
#5641=LINE('',#274,#5644);
#5642=LINE('',#368,#5645);
#5643=LINE('',#276,#5646);
#5644=VECTOR('',#5647,1.0);
#5645=VECTOR('',#5648,1.0);
#5646=VECTOR('',#5649,1.0);
#5647=DIRECTION('',(-0.014867454148023549,-0.0039853085710543825,0.9998815310439282));
#5648=DIRECTION('',(0,0,-1));
#5649=DIRECTION('',(0.965900058048587,0.2589151943431211,0));
#5650=FACE_SURFACE('',(#5655),#5651,.T.);
#5651=PLANE('',#5652);
#5652=AXIS2_PLACEMENT_3D('',#164,#5653,#5654);
#5653=DIRECTION('',(0.2567746625837371,-0.9664712994471216,0));
#5654=DIRECTION('',(0,0,1));
#5655=FACE_BOUND('',#5656,.T.);
#5656=EDGE_LOOP('',(#5657,#5658,#5659));
#5657=ORIENTED_EDGE('',*,*,#5660,.T.);
#5658=ORIENTED_EDGE('',*,*,#5661,.T.);
#5659=ORIENTED_EDGE('',*,*,#5662,.T.);
#5660=EDGE_CURVE('',#165,#373,#5663,.F.);
#5661=EDGE_CURVE('',#373,#371,#5664,.T.);
#5662=EDGE_CURVE('',#371,#165,#5665,.T.);
#5663=LINE('',#164,#5666);
#5664=LINE('',#372,#5667);
#5665=LINE('',#370,#5668);
#5666=VECTOR('',#5669,1.0);
#5667=VECTOR('',#5670,1.0);
#5668=VECTOR('',#5671,1.0);
#5669=DIRECTION('',(0,0,1));
#5670=DIRECTION('',(-0.9664712994471216,-0.2567746625837371,0));
#5671=DIRECTION('',(0.0006679350088761243,0.00017745874774568614,-0.9999997611855799));
#5672=FACE_SURFACE('',(#5677),#5673,.T.);
#5673=PLANE('',#5674);
#5674=AXIS2_PLACEMENT_3D('',#164,#5675,#5676);
#5675=DIRECTION('',(0.25880781353483573,-0.9659288357074772,1.4542779818058418E-06));
#5676=DIRECTION('',(-0.0006679350088761243,-0.00017745874774568614,0.9999997611855799));
#5677=FACE_BOUND('',#5678,.T.);
#5678=EDGE_LOOP('',(#5679,#5680,#5681));
#5679=ORIENTED_EDGE('',*,*,#5682,.T.);
#5680=ORIENTED_EDGE('',*,*,#5683,.T.);
#5681=ORIENTED_EDGE('',*,*,#5684,.T.);
#5682=EDGE_CURVE('',#165,#371,#5685,.F.);
#5683=EDGE_CURVE('',#371,#275,#5686,.T.);
#5684=EDGE_CURVE('',#275,#165,#5687,.T.);
#5685=LINE('',#164,#5688);
#5686=LINE('',#370,#5689);
#5687=LINE('',#274,#5690);
#5688=VECTOR('',#5691,1.0);
#5689=VECTOR('',#5692,1.0);
#5690=VECTOR('',#5693,1.0);
#5691=DIRECTION('',(-0.0006679350088761243,-0.00017745874774568614,0.9999997611855799));
#5692=DIRECTION('',(-0.14279294720084648,-0.03826096435529094,-0.9890127768822299));
#5693=DIRECTION('',(0.9659288357084987,0.25880781353510945,0));
#5694=FACE_SURFACE('',(#5699),#5695,.T.);
#5695=PLANE('',#5696);
#5696=AXIS2_PLACEMENT_3D('',#372,#5697,#5698);
#5697=DIRECTION('',(0.08728299890565201,-0.9961835564302575,0));
#5698=DIRECTION('',(0,0,-1));
#5699=FACE_BOUND('',#5700,.T.);
#5700=EDGE_LOOP('',(#5701,#5702,#5703));
#5701=ORIENTED_EDGE('',*,*,#5704,.T.);
#5702=ORIENTED_EDGE('',*,*,#5705,.T.);
#5703=ORIENTED_EDGE('',*,*,#5706,.T.);
#5704=EDGE_CURVE('',#373,#165,#5707,.F.);
#5705=EDGE_CURVE('',#165,#163,#5708,.T.);
#5706=EDGE_CURVE('',#163,#373,#5709,.T.);
#5707=LINE('',#372,#5710);
#5708=LINE('',#164,#5711);
#5709=LINE('',#162,#5712);
#5710=VECTOR('',#5713,1.0);
#5711=VECTOR('',#5714,1.0);
#5712=VECTOR('',#5715,1.0);
#5713=DIRECTION('',(0,0,-1));
#5714=DIRECTION('',(0.9961835564302575,0.08728299890565203,0));
#5715=DIRECTION('',(-0.015333228370964031,-0.001343457384418955,0.9998815365982013));
#5716=FACE_SURFACE('',(#5721),#5717,.T.);
#5717=PLANE('',#5718);
#5718=AXIS2_PLACEMENT_3D('',#372,#5719,#5720);
#5719=DIRECTION('',(0.08716993076162442,-0.9961934566980256,-1.7472072418106646E-06));
#5720=DIRECTION('',(0.015333228370964031,0.001343457384418955,-0.9998815365982013));
#5721=FACE_BOUND('',#5722,.T.);
#5722=EDGE_LOOP('',(#5723,#5724,#5725));
#5723=ORIENTED_EDGE('',*,*,#5726,.T.);
#5724=ORIENTED_EDGE('',*,*,#5727,.T.);
#5725=ORIENTED_EDGE('',*,*,#5728,.T.);
#5726=EDGE_CURVE('',#373,#163,#5729,.F.);
#5727=EDGE_CURVE('',#163,#375,#5730,.T.);
#5728=EDGE_CURVE('',#375,#373,#5731,.T.);
#5729=LINE('',#372,#5732);
#5730=LINE('',#162,#5733);
#5731=LINE('',#374,#5734);
#5732=VECTOR('',#5735,1.0);
#5733=VECTOR('',#5736,1.0);
#5734=VECTOR('',#5737,1.0);
#5735=DIRECTION('',(0.015333228370964031,0.001343457384418955,-0.9998815365982013));
#5736=DIRECTION('',(0.14726721434177145,0.012884590619391944,0.989012818372232));
#5737=DIRECTION('',(-0.9961934566995461,-0.08716993076175746,0));
#5738=FACE_SURFACE('',(#5743),#5739,.T.);
#5739=PLANE('',#5740);
#5740=AXIS2_PLACEMENT_3D('',#176,#5741,#5742);
#5741=DIRECTION('',(0.08555279898576462,-0.9963336381883839,0));
#5742=DIRECTION('',(0,0,1));
#5743=FACE_BOUND('',#5744,.T.);
#5744=EDGE_LOOP('',(#5745,#5746,#5747));
#5745=ORIENTED_EDGE('',*,*,#5748,.T.);
#5746=ORIENTED_EDGE('',*,*,#5749,.T.);
#5747=ORIENTED_EDGE('',*,*,#5750,.T.);
#5748=EDGE_CURVE('',#177,#377,#5751,.F.);
#5749=EDGE_CURVE('',#377,#375,#5752,.T.);
#5750=EDGE_CURVE('',#375,#177,#5753,.T.);
#5751=LINE('',#176,#5754);
#5752=LINE('',#376,#5755);
#5753=LINE('',#374,#5756);
#5754=VECTOR('',#5757,1.0);
#5755=VECTOR('',#5758,1.0);
#5756=VECTOR('',#5759,1.0);
#5757=DIRECTION('',(0,0,1));
#5758=DIRECTION('',(-0.9963336381883838,-0.08555279898576462,0));
#5759=DIRECTION('',(0.0006888849997803503,5.9152915902427217E-05,-0.9999997609691663));
#5760=FACE_SURFACE('',(#5765),#5761,.T.);
#5761=PLANE('',#5762);
#5762=AXIS2_PLACEMENT_3D('',#176,#5763,#5764);
#5763=DIRECTION('',(0.08715089419621048,-0.9961951222725248,1.1090977041274827E-06));
#5764=DIRECTION('',(-0.0006888849997803503,-5.9152915902427217E-05,0.9999997609691663));
#5765=FACE_BOUND('',#5766,.T.);
#5766=EDGE_LOOP('',(#5767,#5768,#5769));
#5767=ORIENTED_EDGE('',*,*,#5770,.T.);
#5768=ORIENTED_EDGE('',*,*,#5771,.T.);
#5769=ORIENTED_EDGE('',*,*,#5772,.T.);
#5770=EDGE_CURVE('',#177,#375,#5773,.F.);
#5771=EDGE_CURVE('',#375,#163,#5774,.T.);
#5772=EDGE_CURVE('',#163,#177,#5775,.T.);
#5773=LINE('',#176,#5776);
#5774=LINE('',#374,#5777);
#5775=LINE('',#162,#5778);
#5776=VECTOR('',#5779,1.0);
#5777=VECTOR('',#5780,1.0);
#5778=VECTOR('',#5781,1.0);
#5779=DIRECTION('',(-0.0006888849997803503,-5.9152915902427217E-05,0.9999997609691663));
#5780=DIRECTION('',(-0.14726721434177145,-0.012884590619391944,-0.989012818372232));
#5781=DIRECTION('',(0.9961951222731377,0.0871508941962641,0));
#5782=FACE_SURFACE('',(#5787),#5783,.T.);
#5783=PLANE('',#5784);
#5784=AXIS2_PLACEMENT_3D('',#178,#5785,#5786);
#5785=DIRECTION('',(-0.08715288239476424,-0.9961949483357421,-7.954391952458608E-07));
#5786=DIRECTION('',(0.1472673846816886,-0.012884590289010352,0.9890127930123552));
#5787=FACE_BOUND('',#5788,.T.);
#5788=EDGE_LOOP('',(#5789,#5790,#5791));
#5789=ORIENTED_EDGE('',*,*,#5792,.T.);
#5790=ORIENTED_EDGE('',*,*,#5793,.T.);
#5791=ORIENTED_EDGE('',*,*,#5794,.T.);
#5792=EDGE_CURVE('',#179,#379,#5795,.F.);
#5793=EDGE_CURVE('',#379,#377,#5796,.T.);
#5794=EDGE_CURVE('',#377,#179,#5797,.T.);
#5795=LINE('',#178,#5798);
#5796=LINE('',#378,#5799);
#5797=LINE('',#376,#5800);
#5798=VECTOR('',#5801,1.0);
#5799=VECTOR('',#5802,1.0);
#5800=VECTOR('',#5803,1.0);
#5801=DIRECTION('',(0.1472673846816886,-0.012884590289010352,0.9890127930123552));
#5802=DIRECTION('',(-0.9961949483360572,0.0871528823947918,0));
#5803=DIRECTION('',(0.015333228428921252,-0.001340640916982346,-0.9998815403775981));
#5804=FACE_SURFACE('',(#5809),#5805,.T.);
#5805=PLANE('',#5806);
#5806=AXIS2_PLACEMENT_3D('',#178,#5807,#5808);
#5807=DIRECTION('',(-0.08710140535714826,-0.9961994505041698,0));
#5808=DIRECTION('',(-0.015333228428921252,0.001340640916982346,0.9998815403775981));
#5809=FACE_BOUND('',#5810,.T.);
#5810=EDGE_LOOP('',(#5811,#5812,#5813));
#5811=ORIENTED_EDGE('',*,*,#5814,.T.);
#5812=ORIENTED_EDGE('',*,*,#5815,.T.);
#5813=ORIENTED_EDGE('',*,*,#5816,.T.);
#5814=EDGE_CURVE('',#179,#377,#5817,.F.);
#5815=EDGE_CURVE('',#377,#177,#5818,.T.);
#5816=EDGE_CURVE('',#177,#179,#5819,.T.);
#5817=LINE('',#178,#5820);
#5818=LINE('',#376,#5821);
#5819=LINE('',#176,#5822);
#5820=VECTOR('',#5823,1.0);
#5821=VECTOR('',#5824,1.0);
#5822=VECTOR('',#5825,1.0);
#5823=DIRECTION('',(-0.015333228428921252,0.001340640916982346,0.9998815403775981));
#5824=DIRECTION('',(0,0,-1));
#5825=DIRECTION('',(0.9961994505041697,-0.08710140535714826,0));
#5826=FACE_SURFACE('',(#5831),#5827,.T.);
#5827=PLANE('',#5828);
#5828=AXIS2_PLACEMENT_3D('',#200,#5829,#5830);
#5829=DIRECTION('',(-0.08557450818198406,-0.9963317738331,0));
#5830=DIRECTION('',(0,0,1));
#5831=FACE_BOUND('',#5832,.T.);
#5832=EDGE_LOOP('',(#5833,#5834,#5835));
#5833=ORIENTED_EDGE('',*,*,#5836,.T.);
#5834=ORIENTED_EDGE('',*,*,#5837,.T.);
#5835=ORIENTED_EDGE('',*,*,#5838,.T.);
#5836=EDGE_CURVE('',#201,#381,#5839,.F.);
#5837=EDGE_CURVE('',#381,#379,#5840,.T.);
#5838=EDGE_CURVE('',#379,#201,#5841,.T.);
#5839=LINE('',#200,#5842);
#5840=LINE('',#380,#5843);
#5841=LINE('',#378,#5844);
#5842=VECTOR('',#5845,1.0);
#5843=VECTOR('',#5846,1.0);
#5844=VECTOR('',#5847,1.0);
#5845=DIRECTION('',(0,0,1));
#5846=DIRECTION('',(-0.9963317738330999,0.08557450818198405,0));
#5847=DIRECTION('',(0.0006887089495189175,-5.915291590960027E-05,-0.9999997610904292));
#5848=FACE_SURFACE('',(#5853),#5849,.T.);
#5849=PLANE('',#5850);
#5850=AXIS2_PLACEMENT_3D('',#200,#5851,#5852);
#5851=DIRECTION('',(-0.08715089419621197,-0.9961951222725417,-1.0937547554743201E-06));
#5852=DIRECTION('',(-0.0006887089495189175,5.915291590960027E-05,0.9999997610904292));
#5853=FACE_BOUND('',#5854,.T.);
#5854=EDGE_LOOP('',(#5855,#5856,#5857));
#5855=ORIENTED_EDGE('',*,*,#5858,.T.);
#5856=ORIENTED_EDGE('',*,*,#5859,.T.);
#5857=ORIENTED_EDGE('',*,*,#5860,.T.);
#5858=EDGE_CURVE('',#201,#379,#5861,.F.);
#5859=EDGE_CURVE('',#379,#179,#5862,.T.);
#5860=EDGE_CURVE('',#179,#201,#5863,.T.);
#5861=LINE('',#200,#5864);
#5862=LINE('',#378,#5865);
#5863=LINE('',#178,#5866);
#5864=VECTOR('',#5867,1.0);
#5865=VECTOR('',#5868,1.0);
#5866=VECTOR('',#5869,1.0);
#5867=DIRECTION('',(-0.0006887089495189175,5.915291590960027E-05,0.9999997610904292));
#5868=DIRECTION('',(-0.1472673846816886,0.012884590289010352,-0.9890127930123552));
#5869=DIRECTION('',(0.9961951222731377,-0.0871508941962641,0));
#5870=FACE_SURFACE('',(#5875),#5871,.T.);
#5871=PLANE('',#5872);
#5872=AXIS2_PLACEMENT_3D('',#204,#5873,#5874);
#5873=DIRECTION('',(-0.25882662752302904,-0.9659237945526877,1.4115276522023025E-06));
#5874=DIRECTION('',(0.14279277663495454,-0.038260965306555476,0.989012801471594));
#5875=FACE_BOUND('',#5876,.T.);
#5876=EDGE_LOOP('',(#5877,#5878,#5879));
#5877=ORIENTED_EDGE('',*,*,#5880,.T.);
#5878=ORIENTED_EDGE('',*,*,#5881,.T.);
#5879=ORIENTED_EDGE('',*,*,#5882,.T.);
#5880=EDGE_CURVE('',#205,#383,#5883,.F.);
#5881=EDGE_CURVE('',#383,#381,#5884,.T.);
#5882=EDGE_CURVE('',#381,#205,#5885,.T.);
#5883=LINE('',#204,#5886);
#5884=LINE('',#382,#5887);
#5885=LINE('',#380,#5888);
#5886=VECTOR('',#5889,1.0);
#5887=VECTOR('',#5890,1.0);
#5888=VECTOR('',#5891,1.0);
#5889=DIRECTION('',(0.14279277663495454,-0.038260965306555476,0.989012801471594));
#5890=DIRECTION('',(-0.9659237945536499,0.25882662752328683,0));
#5891=DIRECTION('',(0.014867454148023549,-0.0039853085710543825,-0.9998815310439282));
#5892=FACE_SURFACE('',(#5897),#5893,.T.);
#5893=PLANE('',#5894);
#5894=AXIS2_PLACEMENT_3D('',#204,#5895,#5896);
#5895=DIRECTION('',(-0.25891519434312116,-0.965900058048587,0));
#5896=DIRECTION('',(-0.014867454148023549,0.0039853085710543825,0.9998815310439282));
#5897=FACE_BOUND('',#5898,.T.);
#5898=EDGE_LOOP('',(#5899,#5900,#5901));
#5899=ORIENTED_EDGE('',*,*,#5902,.T.);
#5900=ORIENTED_EDGE('',*,*,#5903,.T.);
#5901=ORIENTED_EDGE('',*,*,#5904,.T.);
#5902=EDGE_CURVE('',#205,#381,#5905,.F.);
#5903=EDGE_CURVE('',#381,#201,#5906,.T.);
#5904=EDGE_CURVE('',#201,#205,#5907,.T.);
#5905=LINE('',#204,#5908);
#5906=LINE('',#380,#5909);
#5907=LINE('',#200,#5910);
#5908=VECTOR('',#5911,1.0);
#5909=VECTOR('',#5912,1.0);
#5910=VECTOR('',#5913,1.0);
#5911=DIRECTION('',(-0.014867454148023549,0.0039853085710543825,0.9998815310439282));
#5912=DIRECTION('',(0,0,-1));
#5913=DIRECTION('',(0.965900058048587,-0.2589151943431211,0));
#5914=FACE_SURFACE('',(#5919),#5915,.T.);
#5915=PLANE('',#5916);
#5916=AXIS2_PLACEMENT_3D('',#202,#5917,#5918);
#5917=DIRECTION('',(-0.2567746625837371,-0.9664712994471216,0));
#5918=DIRECTION('',(0,0,1));
#5919=FACE_BOUND('',#5920,.T.);
#5920=EDGE_LOOP('',(#5921,#5922,#5923));
#5921=ORIENTED_EDGE('',*,*,#5924,.T.);
#5922=ORIENTED_EDGE('',*,*,#5925,.T.);
#5923=ORIENTED_EDGE('',*,*,#5926,.T.);
#5924=EDGE_CURVE('',#203,#385,#5927,.F.);
#5925=EDGE_CURVE('',#385,#383,#5928,.T.);
#5926=EDGE_CURVE('',#383,#203,#5929,.T.);
#5927=LINE('',#202,#5930);
#5928=LINE('',#384,#5931);
#5929=LINE('',#382,#5932);
#5930=VECTOR('',#5933,1.0);
#5931=VECTOR('',#5934,1.0);
#5932=VECTOR('',#5935,1.0);
#5933=DIRECTION('',(0,0,1));
#5934=DIRECTION('',(-0.9664712994471216,0.2567746625837371,0));
#5935=DIRECTION('',(0.0006679350088761243,-0.00017745874774568614,-0.9999997611855799));
#5936=FACE_SURFACE('',(#5941),#5937,.T.);
#5937=PLANE('',#5938);
#5938=AXIS2_PLACEMENT_3D('',#202,#5939,#5940);
#5939=DIRECTION('',(-0.2588081066212758,-0.9659287571788071,-1.4544876801493378E-06));
#5940=DIRECTION('',(-0.0006679350088761243,0.00017745874774568614,0.9999997611855799));
#5941=FACE_BOUND('',#5942,.T.);
#5942=EDGE_LOOP('',(#5943,#5944,#5945));
#5943=ORIENTED_EDGE('',*,*,#5946,.T.);
#5944=ORIENTED_EDGE('',*,*,#5947,.T.);
#5945=ORIENTED_EDGE('',*,*,#5948,.T.);
#5946=EDGE_CURVE('',#203,#383,#5949,.F.);
#5947=EDGE_CURVE('',#383,#205,#5950,.T.);
#5948=EDGE_CURVE('',#205,#203,#5951,.T.);
#5949=LINE('',#202,#5952);
#5950=LINE('',#382,#5953);
#5951=LINE('',#204,#5954);
#5952=VECTOR('',#5955,1.0);
#5953=VECTOR('',#5956,1.0);
#5954=VECTOR('',#5957,1.0);
#5955=DIRECTION('',(-0.0006679350088761243,0.00017745874774568614,0.9999997611855799));
#5956=DIRECTION('',(-0.14279277663495454,0.038260965306555476,-0.989012801471594));
#5957=DIRECTION('',(0.9659287571798287,-0.2588081066215495,0));
#5958=FACE_SURFACE('',(#5963),#5959,.T.);
#5959=PLANE('',#5960);
#5960=AXIS2_PLACEMENT_3D('',#384,#5961,#5962);
#5961=DIRECTION('',(-0.42267947879819984,-0.9062792385368221,-0));
#5962=DIRECTION('',(0,0,-1));
#5963=FACE_BOUND('',#5964,.T.);
#5964=EDGE_LOOP('',(#5965,#5966,#5967));
#5965=ORIENTED_EDGE('',*,*,#5968,.T.);
#5966=ORIENTED_EDGE('',*,*,#5969,.T.);
#5967=ORIENTED_EDGE('',*,*,#5970,.T.);
#5968=EDGE_CURVE('',#385,#203,#5971,.F.);
#5969=EDGE_CURVE('',#203,#209,#5972,.T.);
#5970=EDGE_CURVE('',#209,#385,#5973,.T.);
#5971=LINE('',#384,#5974);
#5972=LINE('',#202,#5975);
#5973=LINE('',#208,#5976);
#5974=VECTOR('',#5977,1.0);
#5975=VECTOR('',#5978,1.0);
#5976=VECTOR('',#5979,1.0);
#5977=DIRECTION('',(0,0,-1));
#5978=DIRECTION('',(0.906279238536822,-0.42267947879819984,0));
#5979=DIRECTION('',(-0.013949812190835085,0.006506051441357587,0.9998815299996708));
#5980=FACE_SURFACE('',(#5985),#5981,.T.);
#5981=PLANE('',#5982);
#5982=AXIS2_PLACEMENT_3D('',#384,#5983,#5984);
#5983=DIRECTION('',(-0.4226237305242566,-0.9063052368804143,9.469366958630498E-07));
#5984=DIRECTION('',(0.013949812190835085,-0.006506051441357587,-0.9998815299996708));
#5985=FACE_BOUND('',#5986,.T.);
#5986=EDGE_LOOP('',(#5987,#5988,#5989));
#5987=ORIENTED_EDGE('',*,*,#5990,.T.);
#5988=ORIENTED_EDGE('',*,*,#5991,.T.);
#5989=ORIENTED_EDGE('',*,*,#5992,.T.);
#5990=EDGE_CURVE('',#385,#209,#5993,.F.);
#5991=EDGE_CURVE('',#209,#387,#5994,.T.);
#5992=EDGE_CURVE('',#387,#385,#5995,.T.);
#5993=LINE('',#384,#5996);
#5994=LINE('',#208,#5997);
#5995=LINE('',#386,#5998);
#5996=VECTOR('',#5999,1.0);
#5997=VECTOR('',#6000,1.0);
#5998=VECTOR('',#6001,1.0);
#5999=DIRECTION('',(0.013949812190835085,-0.006506051441357587,-0.9998815299996708));
#6000=DIRECTION('',(0.1339795396955742,-0.06247563629056244,0.9890127793982499));
#6001=DIRECTION('',(-0.9063052368808207,0.4226237305244461,0));
#6002=FACE_SURFACE('',(#6007),#6003,.T.);
#6003=PLANE('',#6004);
#6004=AXIS2_PLACEMENT_3D('',#206,#6005,#6006);
#6005=DIRECTION('',(-0.42009246892990615,-0.9074813042417875,0));
#6006=DIRECTION('',(0,0,1));
#6007=FACE_BOUND('',#6008,.T.);
#6008=EDGE_LOOP('',(#6009,#6010,#6011));
#6009=ORIENTED_EDGE('',*,*,#6012,.T.);
#6010=ORIENTED_EDGE('',*,*,#6013,.T.);
#6011=ORIENTED_EDGE('',*,*,#6014,.T.);
#6012=EDGE_CURVE('',#207,#389,#6015,.F.);
#6013=EDGE_CURVE('',#389,#387,#6016,.T.);
#6014=EDGE_CURVE('',#387,#207,#6017,.T.);
#6015=LINE('',#206,#6018);
#6016=LINE('',#388,#6019);
#6017=LINE('',#386,#6020);
#6018=VECTOR('',#6021,1.0);
#6019=VECTOR('',#6022,1.0);
#6020=VECTOR('',#6023,1.0);
#6021=DIRECTION('',(0,0,1));
#6022=DIRECTION('',(-0.9074813042417875,0.42009246892990615,0));
#6023=DIRECTION('',(0.0006267392283533706,-0.0002901309686309985,-0.9999997615109518));
#6024=FACE_SURFACE('',(#6029),#6025,.T.);
#6025=PLANE('',#6026);
#6026=AXIS2_PLACEMENT_3D('',#206,#6027,#6028);
#6027=DIRECTION('',(-0.4226063809120671,-0.9063133270611988,-1.914434063162494E-06));
#6028=DIRECTION('',(-0.0006267392283533706,0.0002901309686309985,0.9999997615109518));
#6029=FACE_BOUND('',#6030,.T.);
#6030=EDGE_LOOP('',(#6031,#6032,#6033));
#6031=ORIENTED_EDGE('',*,*,#6034,.T.);
#6032=ORIENTED_EDGE('',*,*,#6035,.T.);
#6033=ORIENTED_EDGE('',*,*,#6036,.T.);
#6034=EDGE_CURVE('',#207,#387,#6037,.F.);
#6035=EDGE_CURVE('',#387,#209,#6038,.T.);
#6036=EDGE_CURVE('',#209,#207,#6039,.T.);
#6037=LINE('',#206,#6040);
#6038=LINE('',#386,#6041);
#6039=LINE('',#208,#6042);
#6040=VECTOR('',#6043,1.0);
#6041=VECTOR('',#6044,1.0);
#6042=VECTOR('',#6045,1.0);
#6043=DIRECTION('',(-0.0006267392283533706,0.0002901309686309985,0.9999997615109518));
#6044=DIRECTION('',(-0.1339795396955742,0.06247563629056244,-0.9890127793982499));
#6045=DIRECTION('',(0.9063133270628598,-0.4226063809128416,0));
#6046=FACE_SURFACE('',(#6051),#6047,.T.);
#6047=PLANE('',#6048);
#6048=AXIS2_PLACEMENT_3D('',#212,#6049,#6050);
#6049=DIRECTION('',(-0.5735767914440976,-0.8191517956493146,1.094396560209848E-06));
#6050=DIRECTION('',(0.12109496964552025,-0.08479036748235311,0.9890129432463248));
#6051=FACE_BOUND('',#6052,.T.);
#6052=EDGE_LOOP('',(#6053,#6054,#6055));
#6053=ORIENTED_EDGE('',*,*,#6056,.T.);
#6054=ORIENTED_EDGE('',*,*,#6057,.T.);
#6055=ORIENTED_EDGE('',*,*,#6058,.T.);
#6056=EDGE_CURVE('',#213,#391,#6059,.F.);
#6057=EDGE_CURVE('',#391,#389,#6060,.T.);
#6058=EDGE_CURVE('',#389,#213,#6061,.T.);
#6059=LINE('',#212,#6062);
#6060=LINE('',#390,#6063);
#6061=LINE('',#388,#6064);
#6062=VECTOR('',#6065,1.0);
#6063=VECTOR('',#6066,1.0);
#6064=VECTOR('',#6067,1.0);
#6065=DIRECTION('',(0.12109496964552025,-0.08479036748235311,0.9890129432463248));
#6066=DIRECTION('',(-0.8191517956498051,0.5735767914444411,0));
#6067=DIRECTION('',(0.012608115103237512,-0.008829641236696594,-0.9998815294169479));
#6068=FACE_SURFACE('',(#6073),#6069,.T.);
#6069=PLANE('',#6070);
#6070=AXIS2_PLACEMENT_3D('',#212,#6071,#6072);
#6071=DIRECTION('',(-0.5736350244821801,-0.819111017315314,0));
#6072=DIRECTION('',(-0.012608115103237512,0.008829641236696594,0.9998815294169479));
#6073=FACE_BOUND('',#6074,.T.);
#6074=EDGE_LOOP('',(#6075,#6076,#6077));
#6075=ORIENTED_EDGE('',*,*,#6078,.T.);
#6076=ORIENTED_EDGE('',*,*,#6079,.T.);
#6077=ORIENTED_EDGE('',*,*,#6080,.T.);
#6078=EDGE_CURVE('',#213,#389,#6081,.F.);
#6079=EDGE_CURVE('',#389,#207,#6082,.T.);
#6080=EDGE_CURVE('',#207,#213,#6083,.T.);
#6081=LINE('',#212,#6084);
#6082=LINE('',#388,#6085);
#6083=LINE('',#206,#6086);
#6084=VECTOR('',#6087,1.0);
#6085=VECTOR('',#6088,1.0);
#6086=VECTOR('',#6089,1.0);
#6087=DIRECTION('',(-0.012608115103237512,0.008829641236696594,0.9998815294169479));
#6088=DIRECTION('',(0,0,-1));
#6089=DIRECTION('',(0.819111017315314,-0.5736350244821802,0));
#6090=FACE_SURFACE('',(#6095),#6091,.T.);
#6091=PLANE('',#6092);
#6092=AXIS2_PLACEMENT_3D('',#210,#6093,#6094);
#6093=DIRECTION('',(-0.5740428281628681,-0.8188252752784174,0));
#6094=DIRECTION('',(0,0,1));
#6095=FACE_BOUND('',#6096,.T.);
#6096=EDGE_LOOP('',(#6097,#6098,#6099));
#6097=ORIENTED_EDGE('',*,*,#6100,.T.);
#6098=ORIENTED_EDGE('',*,*,#6101,.T.);
#6099=ORIENTED_EDGE('',*,*,#6102,.T.);
#6100=EDGE_CURVE('',#211,#393,#6103,.F.);
#6101=EDGE_CURVE('',#393,#391,#6104,.T.);
#6102=EDGE_CURVE('',#391,#211,#6105,.T.);
#6103=LINE('',#210,#6106);
#6104=LINE('',#392,#6107);
#6105=LINE('',#390,#6108);
#6106=VECTOR('',#6109,1.0);
#6107=VECTOR('',#6110,1.0);
#6108=VECTOR('',#6111,1.0);
#6109=DIRECTION('',(0,0,1));
#6110=DIRECTION('',(-0.8188252752784173,0.5740428281628681,0));
#6111=DIRECTION('',(0.0005665300098608862,-0.00039716957807525146,-0.9999997606500084));
#6112=FACE_SURFACE('',(#6117),#6113,.T.);
#6113=PLANE('',#6114);
#6114=AXIS2_PLACEMENT_3D('',#210,#6115,#6116);
#6115=DIRECTION('',(-0.5735729691242459,-0.8191544720563023,3.969362861668327E-07));
#6116=DIRECTION('',(-0.0005665300098608862,0.00039716957807525146,0.9999997606500084));
#6117=FACE_BOUND('',#6118,.T.);
#6118=EDGE_LOOP('',(#6119,#6120,#6121));
#6119=ORIENTED_EDGE('',*,*,#6122,.T.);
#6120=ORIENTED_EDGE('',*,*,#6123,.T.);
#6121=ORIENTED_EDGE('',*,*,#6124,.T.);
#6122=EDGE_CURVE('',#211,#391,#6125,.F.);
#6123=EDGE_CURVE('',#391,#213,#6126,.T.);
#6124=EDGE_CURVE('',#213,#211,#6127,.T.);
#6125=LINE('',#210,#6128);
#6126=LINE('',#390,#6129);
#6127=LINE('',#212,#6130);
#6128=VECTOR('',#6131,1.0);
#6129=VECTOR('',#6132,1.0);
#6130=VECTOR('',#6133,1.0);
#6131=DIRECTION('',(-0.0005665300098608862,0.00039716957807525146,0.9999997606500084));
#6132=DIRECTION('',(-0.12109496964552025,0.08479036748235311,-0.9890129432463248));
#6133=DIRECTION('',(0.8191544720563668,-0.5735729691242911,0));
#6134=FACE_SURFACE('',(#6139),#6135,.T.);
#6135=PLANE('',#6136);
#6136=AXIS2_PLACEMENT_3D('',#214,#6137,#6138);
#6137=DIRECTION('',(-0.7071014419404985,-0.7071121203921781,-3.817161763407082E-07));
#6138=DIRECTION('',(0.10453198674960337,-0.10453094205307148,0.9890128138197594));
#6139=FACE_BOUND('',#6140,.T.);
#6140=EDGE_LOOP('',(#6141,#6142,#6143));
#6141=ORIENTED_EDGE('',*,*,#6144,.T.);
#6142=ORIENTED_EDGE('',*,*,#6145,.T.);
#6143=ORIENTED_EDGE('',*,*,#6146,.T.);
#6144=EDGE_CURVE('',#215,#395,#6147,.F.);
#6145=EDGE_CURVE('',#395,#393,#6148,.T.);
#6146=EDGE_CURVE('',#393,#215,#6149,.T.);
#6147=LINE('',#214,#6150);
#6148=LINE('',#394,#6151);
#6149=LINE('',#392,#6152);
#6150=VECTOR('',#6153,1.0);
#6151=VECTOR('',#6154,1.0);
#6152=VECTOR('',#6155,1.0);
#6153=DIRECTION('',(0.10453198674960337,-0.10453094205307148,0.9890128138197594));
#6154=DIRECTION('',(-0.7071121203922296,0.70710144194055,0));
#6155=DIRECTION('',(0.010883554007572729,-0.01088284988943806,-0.9998815488998926));
#6156=FACE_SURFACE('',(#6161),#6157,.T.);
#6157=PLANE('',#6158);
#6158=AXIS2_PLACEMENT_3D('',#214,#6159,#6160);
#6159=DIRECTION('',(-0.7070839067253868,-0.7071296549077577,0));
#6160=DIRECTION('',(-0.010883554007572729,0.01088284988943806,0.9998815488998926));
#6161=FACE_BOUND('',#6162,.T.);
#6162=EDGE_LOOP('',(#6163,#6164,#6165));
#6163=ORIENTED_EDGE('',*,*,#6166,.T.);
#6164=ORIENTED_EDGE('',*,*,#6167,.T.);
#6165=ORIENTED_EDGE('',*,*,#6168,.T.);
#6166=EDGE_CURVE('',#215,#393,#6169,.F.);
#6167=EDGE_CURVE('',#393,#211,#6170,.T.);
#6168=EDGE_CURVE('',#211,#215,#6171,.T.);
#6169=LINE('',#214,#6172);
#6170=LINE('',#392,#6173);
#6171=LINE('',#210,#6174);
#6172=VECTOR('',#6175,1.0);
#6173=VECTOR('',#6176,1.0);
#6174=VECTOR('',#6177,1.0);
#6175=DIRECTION('',(-0.010883554007572729,0.01088284988943806,0.9998815488998926));
#6176=DIRECTION('',(0,0,-1));
#6177=DIRECTION('',(0.7071296549077577,-0.7070839067253868,0));
#6178=FACE_SURFACE('',(#6183),#6179,.T.);
#6179=PLANE('',#6180);
#6180=AXIS2_PLACEMENT_3D('',#396,#6181,#6182);
#6181=DIRECTION('',(-0.7081234515161087,-0.706088614011752,0.00021581444889972218));
#6182=DIRECTION('',(-0.7060886304551006,0.7081234680068444,0));
#6183=FACE_BOUND('',#6184,.T.);
#6184=EDGE_LOOP('',(#6185,#6186,#6187));
#6185=ORIENTED_EDGE('',*,*,#6188,.T.);
#6186=ORIENTED_EDGE('',*,*,#6189,.T.);
#6187=ORIENTED_EDGE('',*,*,#6190,.T.);
#6188=EDGE_CURVE('',#397,#395,#6191,.F.);
#6189=EDGE_CURVE('',#395,#215,#6192,.T.);
#6190=EDGE_CURVE('',#215,#397,#6193,.T.);
#6191=LINE('',#396,#6194);
#6192=LINE('',#394,#6195);
#6193=LINE('',#214,#6196);
#6194=VECTOR('',#6197,1.0);
#6195=VECTOR('',#6198,1.0);
#6196=VECTOR('',#6199,1.0);
#6197=DIRECTION('',(-0.7060886304551006,0.7081234680068444,0));
#6198=DIRECTION('',(-0.10453198674960337,0.10453094205307148,-0.9890128138197594));
#6199=DIRECTION('',(0.105004682959639,-0.10500503115650059,0.9889125138192802));
#6200=FACE_SURFACE('',(#6205),#6201,.T.);
#6201=PLANE('',#6202);
#6202=AXIS2_PLACEMENT_3D('',#396,#6203,#6204);
#6203=DIRECTION('',(-0.707107953571163,-0.7071056087999883,-0));
#6204=DIRECTION('',(-0.105004682959639,0.10500503115650059,-0.9889125138192802));
#6205=FACE_BOUND('',#6206,.T.);
#6206=EDGE_LOOP('',(#6207,#6208,#6209));
#6207=ORIENTED_EDGE('',*,*,#6210,.T.);
#6208=ORIENTED_EDGE('',*,*,#6211,.T.);
#6209=ORIENTED_EDGE('',*,*,#6212,.T.);
#6210=EDGE_CURVE('',#397,#215,#6213,.F.);
#6211=EDGE_CURVE('',#215,#219,#6214,.T.);
#6212=EDGE_CURVE('',#219,#397,#6215,.T.);
#6213=LINE('',#396,#6216);
#6214=LINE('',#214,#6217);
#6215=LINE('',#218,#6218);
#6216=VECTOR('',#6219,1.0);
#6217=VECTOR('',#6220,1.0);
#6218=VECTOR('',#6221,1.0);
#6219=DIRECTION('',(-0.105004682959639,0.10500503115650059,-0.9889125138192802));
#6220=DIRECTION('',(0.7071056087999883,-0.7071079535711629,0));
#6221=DIRECTION('',(0,0,1));
#6222=FACE_SURFACE('',(#6227),#6223,.T.);
#6223=PLANE('',#6224);
#6224=AXIS2_PLACEMENT_3D('',#398,#6225,#6226);
#6225=DIRECTION('',(-0.8191490356375996,-0.5735807331265499,0));
#6226=DIRECTION('',(-0.57358073312655,0.8191490356375996,0));
#6227=FACE_BOUND('',#6228,.T.);
#6228=EDGE_LOOP('',(#6229,#6230,#6231));
#6229=ORIENTED_EDGE('',*,*,#6232,.T.);
#6230=ORIENTED_EDGE('',*,*,#6233,.T.);
#6231=ORIENTED_EDGE('',*,*,#6234,.T.);
#6232=EDGE_CURVE('',#399,#397,#6235,.F.);
#6233=EDGE_CURVE('',#397,#219,#6236,.T.);
#6234=EDGE_CURVE('',#219,#399,#6237,.T.);
#6235=LINE('',#398,#6238);
#6236=LINE('',#396,#6239);
#6237=LINE('',#218,#6240);
#6238=VECTOR('',#6241,1.0);
#6239=VECTOR('',#6242,1.0);
#6240=VECTOR('',#6243,1.0);
#6241=DIRECTION('',(-0.57358073312655,0.8191490356375996,0));
#6242=DIRECTION('',(0,0,-1));
#6243=DIRECTION('',(0.09330383396586504,-0.13325019687780595,0.9866806877603798));
#6244=FACE_SURFACE('',(#6249),#6245,.T.);
#6245=PLANE('',#6246);
#6246=AXIS2_PLACEMENT_3D('',#398,#6247,#6248);
#6247=DIRECTION('',(-0.8191695943664852,-0.5735513713962572,5.909373357557702E-06));
#6248=DIRECTION('',(-0.09330383396586504,0.13325019687780595,-0.9866806877603798));
#6249=FACE_BOUND('',#6250,.T.);
#6250=EDGE_LOOP('',(#6251,#6252,#6253));
#6251=ORIENTED_EDGE('',*,*,#6254,.T.);
#6252=ORIENTED_EDGE('',*,*,#6255,.T.);
#6253=ORIENTED_EDGE('',*,*,#6256,.T.);
#6254=EDGE_CURVE('',#399,#219,#6257,.F.);
#6255=EDGE_CURVE('',#219,#223,#6258,.T.);
#6256=EDGE_CURVE('',#223,#399,#6259,.T.);
#6257=LINE('',#398,#6260);
#6258=LINE('',#218,#6261);
#6259=LINE('',#222,#6262);
#6260=VECTOR('',#6263,1.0);
#6261=VECTOR('',#6264,1.0);
#6262=VECTOR('',#6265,1.0);
#6263=DIRECTION('',(-0.09330383396586504,0.13325019687780595,-0.9866806877603798));
#6264=DIRECTION('',(0.5735513714062717,-0.8191695943807882,0));
#6265=DIRECTION('',(0.08479177185007232,-0.12109289658821132,0.989013076669061));
#6266=FACE_SURFACE('',(#6271),#6267,.T.);
#6267=PLANE('',#6268);
#6268=AXIS2_PLACEMENT_3D('',#400,#6269,#6270);
#6269=DIRECTION('',(-0.8190165043370211,-0.573769957795805,-3.3978911294572036E-05));
#6270=DIRECTION('',(-0.5737699581270327,0.8190165048098256,0));
#6271=FACE_BOUND('',#6272,.T.);
#6272=EDGE_LOOP('',(#6273,#6274,#6275));
#6273=ORIENTED_EDGE('',*,*,#6276,.T.);
#6274=ORIENTED_EDGE('',*,*,#6277,.T.);
#6275=ORIENTED_EDGE('',*,*,#6278,.T.);
#6276=EDGE_CURVE('',#401,#399,#6279,.F.);
#6277=EDGE_CURVE('',#399,#223,#6280,.T.);
#6278=EDGE_CURVE('',#223,#401,#6281,.T.);
#6279=LINE('',#400,#6282);
#6280=LINE('',#398,#6283);
#6281=LINE('',#222,#6284);
#6282=VECTOR('',#6285,1.0);
#6283=VECTOR('',#6286,1.0);
#6284=VECTOR('',#6287,1.0);
#6285=DIRECTION('',(-0.5737699581270327,0.8190165048098256,0));
#6286=DIRECTION('',(-0.08479177185007232,0.12109289658821132,-0.989013076669061));
#6287=DIRECTION('',(0.08517542741105423,-0.12164053214898846,0.9889129018795614));
#6288=FACE_SURFACE('',(#6293),#6289,.T.);
#6289=PLANE('',#6290);
#6290=AXIS2_PLACEMENT_3D('',#400,#6291,#6292);
#6291=DIRECTION('',(-0.8191463178543392,-0.5735846144603934,-0));
#6292=DIRECTION('',(-0.08517542741105423,0.12164053214898846,-0.9889129018795614));
#6293=FACE_BOUND('',#6294,.T.);
#6294=EDGE_LOOP('',(#6295,#6296,#6297));
#6295=ORIENTED_EDGE('',*,*,#6298,.T.);
#6296=ORIENTED_EDGE('',*,*,#6299,.T.);
#6297=ORIENTED_EDGE('',*,*,#6300,.T.);
#6298=EDGE_CURVE('',#401,#223,#6301,.F.);
#6299=EDGE_CURVE('',#223,#221,#6302,.T.);
#6300=EDGE_CURVE('',#221,#401,#6303,.T.);
#6301=LINE('',#400,#6304);
#6302=LINE('',#222,#6305);
#6303=LINE('',#220,#6306);
#6304=VECTOR('',#6307,1.0);
#6305=VECTOR('',#6308,1.0);
#6306=VECTOR('',#6309,1.0);
#6307=DIRECTION('',(-0.08517542741105423,0.12164053214898846,-0.9889129018795614));
#6308=DIRECTION('',(0.5735846144603933,-0.8191463178543391,0));
#6309=DIRECTION('',(0,0,1));
#6310=FACE_SURFACE('',(#6315),#6311,.T.);
#6311=PLANE('',#6312);
#6312=AXIS2_PLACEMENT_3D('',#402,#6313,#6314);
#6313=DIRECTION('',(-0.9063080310283746,-0.4226177384983627,0));
#6314=DIRECTION('',(-0.42261773849836276,0.9063080310283748,0));
#6315=FACE_BOUND('',#6316,.T.);
#6316=EDGE_LOOP('',(#6317,#6318,#6319));
#6317=ORIENTED_EDGE('',*,*,#6320,.T.);
#6318=ORIENTED_EDGE('',*,*,#6321,.T.);
#6319=ORIENTED_EDGE('',*,*,#6322,.T.);
#6320=EDGE_CURVE('',#403,#401,#6323,.F.);
#6321=EDGE_CURVE('',#401,#221,#6324,.T.);
#6322=EDGE_CURVE('',#221,#403,#6325,.T.);
#6323=LINE('',#402,#6326);
#6324=LINE('',#400,#6327);
#6325=LINE('',#220,#6328);
#6326=VECTOR('',#6329,1.0);
#6327=VECTOR('',#6330,1.0);
#6328=VECTOR('',#6331,1.0);
#6329=DIRECTION('',(-0.42261773849836276,0.9063080310283748,0));
#6330=DIRECTION('',(0,0,-1));
#6331=DIRECTION('',(0.0687476700815464,-0.14743007648183704,0.9866803587823763));
#6332=FACE_SURFACE('',(#6337),#6333,.T.);
#6333=PLANE('',#6334);
#6334=AXIS2_PLACEMENT_3D('',#402,#6335,#6336);
#6335=DIRECTION('',(-0.9063097551051261,-0.4226140411780395,6.725810155446598E-07));
#6336=DIRECTION('',(-0.0687476700815464,0.14743007648183704,-0.9866803587823763));
#6337=FACE_BOUND('',#6338,.T.);
#6338=EDGE_LOOP('',(#6339,#6340,#6341));
#6339=ORIENTED_EDGE('',*,*,#6342,.T.);
#6340=ORIENTED_EDGE('',*,*,#6343,.T.);
#6341=ORIENTED_EDGE('',*,*,#6344,.T.);
#6342=EDGE_CURVE('',#403,#221,#6345,.F.);
#6343=EDGE_CURVE('',#221,#227,#6346,.T.);
#6344=EDGE_CURVE('',#227,#403,#6347,.T.);
#6345=LINE('',#402,#6348);
#6346=LINE('',#220,#6349);
#6347=LINE('',#226,#6350);
#6348=VECTOR('',#6351,1.0);
#6349=VECTOR('',#6352,1.0);
#6350=VECTOR('',#6353,1.0);
#6351=DIRECTION('',(-0.0687476700815464,0.14743007648183704,-0.9866803587823763));
#6352=DIRECTION('',(0.4226140411781352,-0.9063097551053313,0));
#6353=DIRECTION('',(0.06247597733372356,-0.13398022074302926,0.9890126655942508));
#6354=FACE_SURFACE('',(#6359),#6355,.T.);
#6355=PLANE('',#6356);
#6356=AXIS2_PLACEMENT_3D('',#404,#6357,#6358);
#6357=DIRECTION('',(-0.9059973324470358,-0.4232833820934279,-0.00010973789025567415));
#6358=DIRECTION('',(-0.42328338464210274,0.9059973379022289,0));
#6359=FACE_BOUND('',#6360,.T.);
#6360=EDGE_LOOP('',(#6361,#6362,#6363));
#6361=ORIENTED_EDGE('',*,*,#6364,.T.);
#6362=ORIENTED_EDGE('',*,*,#6365,.T.);
#6363=ORIENTED_EDGE('',*,*,#6366,.T.);
#6364=EDGE_CURVE('',#405,#403,#6367,.F.);
#6365=EDGE_CURVE('',#403,#227,#6368,.T.);
#6366=EDGE_CURVE('',#227,#405,#6369,.T.);
#6367=LINE('',#404,#6370);
#6368=LINE('',#402,#6371);
#6369=LINE('',#226,#6372);
#6370=VECTOR('',#6373,1.0);
#6371=VECTOR('',#6374,1.0);
#6372=VECTOR('',#6375,1.0);
#6373=DIRECTION('',(-0.42328338464210274,0.9059973379022289,0));
#6374=DIRECTION('',(-0.06247597733372356,0.13398022074302926,-0.9890126655942508));
#6375=DIRECTION('',(0.06275857544451667,-0.13458506886457314,0.9889126455086379));
#6376=FACE_SURFACE('',(#6381),#6377,.T.);
#6377=PLANE('',#6378);
#6378=AXIS2_PLACEMENT_3D('',#404,#6379,#6380);
#6379=DIRECTION('',(-0.9063064273281652,-0.4226211776327081,-0));
#6380=DIRECTION('',(-0.06275857544451667,0.13458506886457314,-0.9889126455086379));
#6381=FACE_BOUND('',#6382,.T.);
#6382=EDGE_LOOP('',(#6383,#6384,#6385));
#6383=ORIENTED_EDGE('',*,*,#6386,.T.);
#6384=ORIENTED_EDGE('',*,*,#6387,.T.);
#6385=ORIENTED_EDGE('',*,*,#6388,.T.);
#6386=EDGE_CURVE('',#405,#227,#6389,.F.);
#6387=EDGE_CURVE('',#227,#225,#6390,.T.);
#6388=EDGE_CURVE('',#225,#405,#6391,.T.);
#6389=LINE('',#404,#6392);
#6390=LINE('',#226,#6393);
#6391=LINE('',#224,#6394);
#6392=VECTOR('',#6395,1.0);
#6393=VECTOR('',#6396,1.0);
#6394=VECTOR('',#6397,1.0);
#6395=DIRECTION('',(-0.06275857544451667,0.13458506886457314,-0.9889126455086379));
#6396=DIRECTION('',(0.4226211776327081,-0.9063064273281652,0));
#6397=DIRECTION('',(0,0,1));
#6398=FACE_SURFACE('',(#6403),#6399,.T.);
#6399=PLANE('',#6400);
#6400=AXIS2_PLACEMENT_3D('',#406,#6401,#6402);
#6401=DIRECTION('',(-0.9659249243607086,-0.2588224111215247,0));
#6402=DIRECTION('',(-0.25882241112152465,0.9659249243607085,0));
#6403=FACE_BOUND('',#6404,.T.);
#6404=EDGE_LOOP('',(#6405,#6406,#6407));
#6405=ORIENTED_EDGE('',*,*,#6408,.T.);
#6406=ORIENTED_EDGE('',*,*,#6409,.T.);
#6407=ORIENTED_EDGE('',*,*,#6410,.T.);
#6408=EDGE_CURVE('',#407,#405,#6411,.F.);
#6409=EDGE_CURVE('',#405,#225,#6412,.T.);
#6410=EDGE_CURVE('',#225,#407,#6413,.T.);
#6411=LINE('',#406,#6414);
#6412=LINE('',#404,#6415);
#6413=LINE('',#224,#6416);
#6414=VECTOR('',#6417,1.0);
#6415=VECTOR('',#6418,1.0);
#6416=VECTOR('',#6419,1.0);
#6417=DIRECTION('',(-0.25882241112152465,0.9659249243607085,0));
#6418=DIRECTION('',(0,0,-1));
#6419=DIRECTION('',(0.04210264946257069,-0.1571270367249002,0.9866805264310651));
#6420=FACE_SURFACE('',(#6425),#6421,.T.);
#6421=PLANE('',#6422);
#6422=AXIS2_PLACEMENT_3D('',#406,#6423,#6424);
#6423=DIRECTION('',(-0.9659288584405953,-0.25880772868167634,2.506022350142137E-06));
#6424=DIRECTION('',(-0.04210264946257069,0.1571270367249002,-0.9866805264310651));
#6425=FACE_BOUND('',#6426,.T.);
#6426=EDGE_LOOP('',(#6427,#6428,#6429));
#6427=ORIENTED_EDGE('',*,*,#6430,.T.);
#6428=ORIENTED_EDGE('',*,*,#6431,.T.);
#6429=ORIENTED_EDGE('',*,*,#6432,.T.);
#6430=EDGE_CURVE('',#407,#225,#6433,.F.);
#6431=EDGE_CURVE('',#225,#231,#6434,.T.);
#6432=EDGE_CURVE('',#231,#407,#6435,.T.);
#6433=LINE('',#406,#6436);
#6434=LINE('',#224,#6437);
#6435=LINE('',#230,#6438);
#6436=VECTOR('',#6439,1.0);
#6437=VECTOR('',#6440,1.0);
#6438=VECTOR('',#6441,1.0);
#6439=DIRECTION('',(-0.04210264946257069,0.1571270367249002,-0.9866805264310651));
#6440=DIRECTION('',(0.2588077286824891,-0.9659288584436284,0));
#6441=DIRECTION('',(0.03826175243831319,-0.14279191952459694,0.9890128947687336));
#6442=FACE_SURFACE('',(#6447),#6443,.T.);
#6443=PLANE('',#6444);
#6444=AXIS2_PLACEMENT_3D('',#408,#6445,#6446);
#6445=DIRECTION('',(-0.9661696262562406,-0.2579074120508058,0.00014180667170261783));
#6446=DIRECTION('',(-0.257907414643953,0.9661696359706572,0));
#6447=FACE_BOUND('',#6448,.T.);
#6448=EDGE_LOOP('',(#6449,#6450,#6451));
#6449=ORIENTED_EDGE('',*,*,#6452,.T.);
#6450=ORIENTED_EDGE('',*,*,#6453,.T.);
#6451=ORIENTED_EDGE('',*,*,#6454,.T.);
#6452=EDGE_CURVE('',#409,#407,#6455,.F.);
#6453=EDGE_CURVE('',#407,#231,#6456,.T.);
#6454=EDGE_CURVE('',#231,#409,#6457,.T.);
#6455=LINE('',#408,#6458);
#6456=LINE('',#406,#6459);
#6457=LINE('',#230,#6460);
#6458=VECTOR('',#6461,1.0);
#6459=VECTOR('',#6462,1.0);
#6460=VECTOR('',#6463,1.0);
#6461=DIRECTION('',(-0.257907414643953,0.9661696359706572,0));
#6462=DIRECTION('',(-0.03826175243831319,0.14279191952459694,-0.9890128947687336));
#6463=DIRECTION('',(0.03843483347510354,-0.14344036889666256,0.9889123440156516));
#6464=FACE_SURFACE('',(#6469),#6465,.T.);
#6465=PLANE('',#6466);
#6466=AXIS2_PLACEMENT_3D('',#408,#6467,#6468);
#6467=DIRECTION('',(-0.9659256537856079,-0.2588196888933416,-0));
#6468=DIRECTION('',(-0.03843483347510354,0.14344036889666256,-0.9889123440156516));
#6469=FACE_BOUND('',#6470,.T.);
#6470=EDGE_LOOP('',(#6471,#6472,#6473));
#6471=ORIENTED_EDGE('',*,*,#6474,.T.);
#6472=ORIENTED_EDGE('',*,*,#6475,.T.);
#6473=ORIENTED_EDGE('',*,*,#6476,.T.);
#6474=EDGE_CURVE('',#409,#231,#6477,.F.);
#6475=EDGE_CURVE('',#231,#229,#6478,.T.);
#6476=EDGE_CURVE('',#229,#409,#6479,.T.);
#6477=LINE('',#408,#6480);
#6478=LINE('',#230,#6481);
#6479=LINE('',#228,#6482);
#6480=VECTOR('',#6483,1.0);
#6481=VECTOR('',#6484,1.0);
#6482=VECTOR('',#6485,1.0);
#6483=DIRECTION('',(-0.03843483347510354,0.14344036889666256,-0.9889123440156516));
#6484=DIRECTION('',(0.2588196888933416,-0.9659256537856078,0));
#6485=DIRECTION('',(0,0,1));
#6486=FACE_SURFACE('',(#6491),#6487,.T.);
#6487=PLANE('',#6488);
#6488=AXIS2_PLACEMENT_3D('',#240,#6489,#6490);
#6489=DIRECTION('',(-0.9961942182057353,-0.0871612276959133,-7.088789079306617E-08));
#6490=DIRECTION('',(0.012884854062874354,-0.14726602146641116,0.9890129925623995));
#6491=FACE_BOUND('',#6492,.T.);
#6492=EDGE_LOOP('',(#6493,#6494,#6495));
#6493=ORIENTED_EDGE('',*,*,#6496,.T.);
#6494=ORIENTED_EDGE('',*,*,#6497,.T.);
#6495=ORIENTED_EDGE('',*,*,#6498,.T.);
#6496=EDGE_CURVE('',#241,#411,#6499,.F.);
#6497=EDGE_CURVE('',#411,#409,#6500,.T.);
#6498=EDGE_CURVE('',#409,#241,#6501,.T.);
#6499=LINE('',#240,#6502);
#6500=LINE('',#410,#6503);
#6501=LINE('',#408,#6504);
#6502=VECTOR('',#6505,1.0);
#6503=VECTOR('',#6506,1.0);
#6504=VECTOR('',#6507,1.0);
#6505=DIRECTION('',(0.012884854062874354,-0.14726602146641116,0.9890129925623995));
#6506=DIRECTION('',(-0.08716122769591352,0.9961942182057377,0));
#6507=DIRECTION('',(0.001341609084909476,-0.015332876432717314,-0.9998815444768256));
#6508=FACE_SURFACE('',(#6513),#6509,.T.);
#6509=PLANE('',#6510);
#6510=AXIS2_PLACEMENT_3D('',#240,#6511,#6512);
#6511=DIRECTION('',(-0.9961938168073897,-0.08716581528744399,0));
#6512=DIRECTION('',(-0.001341609084909476,0.015332876432717314,0.9998815444768256));
#6513=FACE_BOUND('',#6514,.T.);
#6514=EDGE_LOOP('',(#6515,#6516,#6517));
#6515=ORIENTED_EDGE('',*,*,#6518,.T.);
#6516=ORIENTED_EDGE('',*,*,#6519,.T.);
#6517=ORIENTED_EDGE('',*,*,#6520,.T.);
#6518=EDGE_CURVE('',#241,#409,#6521,.F.);
#6519=EDGE_CURVE('',#409,#229,#6522,.T.);
#6520=EDGE_CURVE('',#229,#241,#6523,.T.);
#6521=LINE('',#240,#6524);
#6522=LINE('',#408,#6525);
#6523=LINE('',#228,#6526);
#6524=VECTOR('',#6527,1.0);
#6525=VECTOR('',#6528,1.0);
#6526=VECTOR('',#6529,1.0);
#6527=DIRECTION('',(-0.001341609084909476,0.015332876432717314,0.9998815444768256));
#6528=DIRECTION('',(0,0,-1));
#6529=DIRECTION('',(0.08716581528744399,-0.9961938168073898,0));
#6530=FACE_SURFACE('',(#6535),#6531,.T.);
#6531=PLANE('',#6532);
#6532=AXIS2_PLACEMENT_3D('',#412,#6533,#6534);
#6533=DIRECTION('',(-0.9962047432321003,-0.08704084810127408,1.7990995553930658E-05));
#6534=DIRECTION('',(-0.08704084811536059,0.9962047433933241,0));
#6535=FACE_BOUND('',#6536,.T.);
#6536=EDGE_LOOP('',(#6537,#6538,#6539));
#6537=ORIENTED_EDGE('',*,*,#6540,.T.);
#6538=ORIENTED_EDGE('',*,*,#6541,.T.);
#6539=ORIENTED_EDGE('',*,*,#6542,.T.);
#6540=EDGE_CURVE('',#413,#411,#6543,.F.);
#6541=EDGE_CURVE('',#411,#241,#6544,.T.);
#6542=EDGE_CURVE('',#241,#413,#6545,.T.);
#6543=LINE('',#412,#6546);
#6544=LINE('',#410,#6547);
#6545=LINE('',#240,#6548);
#6546=VECTOR('',#6549,1.0);
#6547=VECTOR('',#6550,1.0);
#6548=VECTOR('',#6551,1.0);
#6549=DIRECTION('',(-0.08704084811536059,0.9962047433933241,0));
#6550=DIRECTION('',(-0.012884854062874354,0.14726602146641116,-0.9890129925623995));
#6551=DIRECTION('',(0.012943174944105665,-0.14793353960112332,0.9889126058876231));
#6552=FACE_SURFACE('',(#6557),#6553,.T.);
#6553=PLANE('',#6554);
#6554=AXIS2_PLACEMENT_3D('',#412,#6555,#6556);
#6555=DIRECTION('',(-0.9961943079406882,-0.08716020207969585,-0));
#6556=DIRECTION('',(-0.012943174944105665,0.14793353960112332,-0.9889126058876231));
#6557=FACE_BOUND('',#6558,.T.);
#6558=EDGE_LOOP('',(#6559,#6560,#6561));
#6559=ORIENTED_EDGE('',*,*,#6562,.T.);
#6560=ORIENTED_EDGE('',*,*,#6563,.T.);
#6561=ORIENTED_EDGE('',*,*,#6564,.T.);
#6562=EDGE_CURVE('',#413,#241,#6565,.F.);
#6563=EDGE_CURVE('',#241,#247,#6566,.T.);
#6564=EDGE_CURVE('',#247,#413,#6567,.T.);
#6565=LINE('',#412,#6568);
#6566=LINE('',#240,#6569);
#6567=LINE('',#246,#6570);
#6568=VECTOR('',#6571,1.0);
#6569=VECTOR('',#6572,1.0);
#6570=VECTOR('',#6573,1.0);
#6571=DIRECTION('',(-0.012943174944105665,0.14793353960112332,-0.9889126058876231));
#6572=DIRECTION('',(0.08716020207969585,-0.9961943079406882,0));
#6573=DIRECTION('',(0,0,1));
#6574=FACE_SURFACE('',(#6579),#6575,.T.);
#6575=PLANE('',#6576);
#6576=AXIS2_PLACEMENT_3D('',#414,#6577,#6578);
#6577=DIRECTION('',(-0.9961945890808866,0.08715698873850128,0));
#6578=DIRECTION('',(0.08715698873850128,0.9961945890808868,0));
#6579=FACE_BOUND('',#6580,.T.);
#6580=EDGE_LOOP('',(#6581,#6582,#6583));
#6581=ORIENTED_EDGE('',*,*,#6584,.T.);
#6582=ORIENTED_EDGE('',*,*,#6585,.T.);
#6583=ORIENTED_EDGE('',*,*,#6586,.T.);
#6584=EDGE_CURVE('',#415,#413,#6587,.F.);
#6585=EDGE_CURVE('',#413,#247,#6588,.T.);
#6586=EDGE_CURVE('',#247,#415,#6589,.T.);
#6587=LINE('',#414,#6590);
#6588=LINE('',#412,#6591);
#6589=LINE('',#246,#6592);
#6590=VECTOR('',#6593,1.0);
#6591=VECTOR('',#6594,1.0);
#6592=VECTOR('',#6595,1.0);
#6593=DIRECTION('',(0.08715698873850128,0.9961945890808868,0));
#6594=DIRECTION('',(0,0,-1));
#6595=DIRECTION('',(-0.014177672549702282,-0.16204920436328624,0.9866808242619796));
#6596=FACE_SURFACE('',(#6601),#6597,.T.);
#6597=PLANE('',#6598);
#6598=AXIS2_PLACEMENT_3D('',#414,#6599,#6600);
#6599=DIRECTION('',(-0.996193816806327,0.087165815287351,1.4607401286773675E-06));
#6600=DIRECTION('',(0.014177672549702282,0.16204920436328624,-0.9866808242619796));
#6601=FACE_BOUND('',#6602,.T.);
#6602=EDGE_LOOP('',(#6603,#6604,#6605));
#6603=ORIENTED_EDGE('',*,*,#6606,.T.);
#6604=ORIENTED_EDGE('',*,*,#6607,.T.);
#6605=ORIENTED_EDGE('',*,*,#6608,.T.);
#6606=EDGE_CURVE('',#415,#247,#6609,.F.);
#6607=EDGE_CURVE('',#247,#245,#6610,.T.);
#6608=EDGE_CURVE('',#245,#415,#6611,.T.);
#6609=LINE('',#414,#6612);
#6610=LINE('',#246,#6613);
#6611=LINE('',#244,#6614);
#6612=VECTOR('',#6615,1.0);
#6613=VECTOR('',#6616,1.0);
#6614=VECTOR('',#6617,1.0);
#6615=DIRECTION('',(0.014177672549702282,0.16204920436328624,-0.9866808242619796));
#6616=DIRECTION('',(-0.08716581528744399,-0.9961938168073898,0));
#6617=DIRECTION('',(-0.012884157714011172,-0.14726602278791767,0.9890130014374073));
#6618=FACE_SURFACE('',(#6623),#6619,.T.);
#6619=PLANE('',#6620);
#6620=AXIS2_PLACEMENT_3D('',#416,#6621,#6622);
#6621=DIRECTION('',(-0.9962047432444285,0.08704084810235121,-1.728946663171939E-05));
#6622=DIRECTION('',(0.08704084811536059,0.9962047433933241,0));
#6623=FACE_BOUND('',#6624,.T.);
#6624=EDGE_LOOP('',(#6625,#6626,#6627));
#6625=ORIENTED_EDGE('',*,*,#6628,.T.);
#6626=ORIENTED_EDGE('',*,*,#6629,.T.);
#6627=ORIENTED_EDGE('',*,*,#6630,.T.);
#6628=EDGE_CURVE('',#417,#415,#6631,.F.);
#6629=EDGE_CURVE('',#415,#245,#6632,.T.);
#6630=EDGE_CURVE('',#245,#417,#6633,.T.);
#6631=LINE('',#416,#6634);
#6632=LINE('',#414,#6635);
#6633=LINE('',#244,#6636);
#6634=VECTOR('',#6637,1.0);
#6635=VECTOR('',#6638,1.0);
#6636=VECTOR('',#6639,1.0);
#6637=DIRECTION('',(0.08704084811536059,0.9962047433933241,0));
#6638=DIRECTION('',(0.012884157714011172,0.14726602278791767,-0.9890130014374073));
#6639=DIRECTION('',(-0.012942478666972144,-0.14793354093449335,0.9889126148009932));
#6640=FACE_SURFACE('',(#6645),#6641,.T.);
#6641=PLANE('',#6642);
#6642=AXIS2_PLACEMENT_3D('',#416,#6643,#6644);
#6643=DIRECTION('',(-0.9961947151176174,0.08715554814083322,0));
#6644=DIRECTION('',(0.012942478666972144,0.14793354093449335,-0.9889126148009932));
#6645=FACE_BOUND('',#6646,.T.);
#6646=EDGE_LOOP('',(#6647,#6648,#6649));
#6647=ORIENTED_EDGE('',*,*,#6650,.T.);
#6648=ORIENTED_EDGE('',*,*,#6651,.T.);
#6649=ORIENTED_EDGE('',*,*,#6652,.T.);
#6650=EDGE_CURVE('',#417,#245,#6653,.F.);
#6651=EDGE_CURVE('',#245,#243,#6654,.T.);
#6652=EDGE_CURVE('',#243,#417,#6655,.T.);
#6653=LINE('',#416,#6656);
#6654=LINE('',#244,#6657);
#6655=LINE('',#242,#6658);
#6656=VECTOR('',#6659,1.0);
#6657=VECTOR('',#6660,1.0);
#6658=VECTOR('',#6661,1.0);
#6659=DIRECTION('',(0.012942478666972144,0.14793354093449335,-0.9889126148009932));
#6660=DIRECTION('',(-0.08715554814083322,-0.9961947151176174,0));
#6661=DIRECTION('',(0,0,1));
#6662=FACE_SURFACE('',(#6667),#6663,.T.);
#6663=PLANE('',#6664);
#6664=AXIS2_PLACEMENT_3D('',#418,#6665,#6666);
#6665=DIRECTION('',(-0.9659259922060873,0.2588184258909818,0));
#6666=DIRECTION('',(0.2588184258909818,0.9659259922060873,0));
#6667=FACE_BOUND('',#6668,.T.);
#6668=EDGE_LOOP('',(#6669,#6670,#6671));
#6669=ORIENTED_EDGE('',*,*,#6672,.T.);
#6670=ORIENTED_EDGE('',*,*,#6673,.T.);
#6671=ORIENTED_EDGE('',*,*,#6674,.T.);
#6672=EDGE_CURVE('',#419,#417,#6675,.F.);
#6673=EDGE_CURVE('',#417,#243,#6676,.T.);
#6674=EDGE_CURVE('',#243,#419,#6677,.T.);
#6675=LINE('',#418,#6678);
#6676=LINE('',#416,#6679);
#6677=LINE('',#242,#6680);
#6678=VECTOR('',#6681,1.0);
#6679=VECTOR('',#6682,1.0);
#6680=VECTOR('',#6683,1.0);
#6681=DIRECTION('',(0.2588184258909818,0.9659259922060873,0));
#6682=DIRECTION('',(0,0,-1));
#6683=DIRECTION('',(-0.042101955872250435,-0.15712704132143246,0.9866805552950275));
#6684=FACE_SURFACE('',(#6689),#6685,.T.);
#6685=PLANE('',#6686);
#6686=AXIS2_PLACEMENT_3D('',#418,#6687,#6688);
#6687=DIRECTION('',(-0.9659302878672398,0.258802393677538,-2.7363972929787894E-06));
#6688=DIRECTION('',(0.042101955872250435,0.15712704132143246,-0.9866805552950275));
#6689=FACE_BOUND('',#6690,.T.);
#6690=EDGE_LOOP('',(#6691,#6692,#6693));
#6691=ORIENTED_EDGE('',*,*,#6694,.T.);
#6692=ORIENTED_EDGE('',*,*,#6695,.T.);
#6693=ORIENTED_EDGE('',*,*,#6696,.T.);
#6694=EDGE_CURVE('',#419,#243,#6697,.F.);
#6695=EDGE_CURVE('',#243,#253,#6698,.T.);
#6696=EDGE_CURVE('',#253,#419,#6699,.T.);
#6697=LINE('',#418,#6700);
#6698=LINE('',#242,#6701);
#6699=LINE('',#252,#6702);
#6700=VECTOR('',#6703,1.0);
#6701=VECTOR('',#6704,1.0);
#6702=VECTOR('',#6705,1.0);
#6703=DIRECTION('',(0.042101955872250435,0.15712704132143246,-0.9866805552950275));
#6704=DIRECTION('',(-0.25880239367850694,-0.9659302878708561,0));
#6705=DIRECTION('',(-0.038261143924079324,-0.14279192285404338,0.9890129178293203));
#6706=FACE_SURFACE('',(#6711),#6707,.T.);
#6707=PLANE('',#6708);
#6708=AXIS2_PLACEMENT_3D('',#420,#6709,#6710);
#6709=DIRECTION('',(-0.9658661553986415,0.2590416350317559,3.4285884161735594E-05));
#6710=DIRECTION('',(0.25904163518401047,0.9658661559663398,0));
#6711=FACE_BOUND('',#6712,.T.);
#6712=EDGE_LOOP('',(#6713,#6714,#6715));
#6713=ORIENTED_EDGE('',*,*,#6716,.T.);
#6714=ORIENTED_EDGE('',*,*,#6717,.T.);
#6715=ORIENTED_EDGE('',*,*,#6718,.T.);
#6716=EDGE_CURVE('',#421,#419,#6719,.F.);
#6717=EDGE_CURVE('',#419,#253,#6720,.T.);
#6718=EDGE_CURVE('',#253,#421,#6721,.T.);
#6719=LINE('',#420,#6722);
#6720=LINE('',#418,#6723);
#6721=LINE('',#252,#6724);
#6722=VECTOR('',#6725,1.0);
#6723=VECTOR('',#6726,1.0);
#6724=VECTOR('',#6727,1.0);
#6725=DIRECTION('',(0.25904163518401047,0.9658661559663398,0));
#6726=DIRECTION('',(0.038261143924079324,0.14279192285404338,-0.9890129178293203));
#6727=DIRECTION('',(-0.0384343273082599,-0.14343764351359217,0.9889127589972886));
#6728=FACE_SURFACE('',(#6733),#6729,.T.);
#6729=PLANE('',#6730);
#6730=AXIS2_PLACEMENT_3D('',#420,#6731,#6732);
#6731=DIRECTION('',(-0.9659252765062241,0.258821096911312,0));
#6732=DIRECTION('',(0.0384343273082599,0.14343764351359217,-0.9889127589972886));
#6733=FACE_BOUND('',#6734,.T.);
#6734=EDGE_LOOP('',(#6735,#6736,#6737));
#6735=ORIENTED_EDGE('',*,*,#6738,.T.);
#6736=ORIENTED_EDGE('',*,*,#6739,.T.);
#6737=ORIENTED_EDGE('',*,*,#6740,.T.);
#6738=EDGE_CURVE('',#421,#253,#6741,.F.);
#6739=EDGE_CURVE('',#253,#259,#6742,.T.);
#6740=EDGE_CURVE('',#259,#421,#6743,.T.);
#6741=LINE('',#420,#6744);
#6742=LINE('',#252,#6745);
#6743=LINE('',#258,#6746);
#6744=VECTOR('',#6747,1.0);
#6745=VECTOR('',#6748,1.0);
#6746=VECTOR('',#6749,1.0);
#6747=DIRECTION('',(0.0384343273082599,0.14343764351359217,-0.9889127589972886));
#6748=DIRECTION('',(-0.258821096911312,-0.965925276506224,0));
#6749=DIRECTION('',(0,0,1));
#6750=FACE_SURFACE('',(#6755),#6751,.T.);
#6751=PLANE('',#6752);
#6752=AXIS2_PLACEMENT_3D('',#422,#6753,#6754);
#6753=DIRECTION('',(-0.9063098715381255,0.4226137914840767,0));
#6754=DIRECTION('',(0.42261379148407663,0.9063098715381254,0));
#6755=FACE_BOUND('',#6756,.T.);
#6756=EDGE_LOOP('',(#6757,#6758,#6759));
#6757=ORIENTED_EDGE('',*,*,#6760,.T.);
#6758=ORIENTED_EDGE('',*,*,#6761,.T.);
#6759=ORIENTED_EDGE('',*,*,#6762,.T.);
#6760=EDGE_CURVE('',#423,#421,#6763,.F.);
#6761=EDGE_CURVE('',#421,#259,#6764,.T.);
#6762=EDGE_CURVE('',#259,#423,#6765,.T.);
#6763=LINE('',#422,#6766);
#6764=LINE('',#420,#6767);
#6765=LINE('',#258,#6768);
#6766=VECTOR('',#6769,1.0);
#6767=VECTOR('',#6770,1.0);
#6768=VECTOR('',#6771,1.0);
#6769=DIRECTION('',(0.42261379148407663,0.9063098715381254,0));
#6770=DIRECTION('',(0,0,-1));
#6771=DIRECTION('',(-0.06874689210130129,-0.14743008440443506,0.9866804118046092));
#6772=FACE_SURFACE('',(#6777),#6773,.T.);
#6773=PLANE('',#6774);
#6774=AXIS2_PLACEMENT_3D('',#422,#6775,#6776);
#6775=DIRECTION('',(-0.906314135427651,0.4226046473020174,-1.6634126575523568E-06));
#6776=DIRECTION('',(0.06874689210130129,0.14743008440443506,-0.9866804118046092));
#6777=FACE_BOUND('',#6778,.T.);
#6778=EDGE_LOOP('',(#6779,#6780,#6781));
#6779=ORIENTED_EDGE('',*,*,#6782,.T.);
#6780=ORIENTED_EDGE('',*,*,#6783,.T.);
#6781=ORIENTED_EDGE('',*,*,#6784,.T.);
#6782=EDGE_CURVE('',#423,#259,#6785,.F.);
#6783=EDGE_CURVE('',#259,#261,#6786,.T.);
#6784=EDGE_CURVE('',#261,#423,#6787,.T.);
#6785=LINE('',#422,#6788);
#6786=LINE('',#258,#6789);
#6787=LINE('',#260,#6790);
#6788=VECTOR('',#6791,1.0);
#6789=VECTOR('',#6792,1.0);
#6790=VECTOR('',#6793,1.0);
#6791=DIRECTION('',(0.06874689210130129,0.14743008440443506,-0.9866804118046092));
#6792=DIRECTION('',(-0.422604647302602,-0.9063141354289048,0));
#6793=DIRECTION('',(-0.0624753703061334,-0.133980225844067,0.9890127032489949));
#6794=FACE_SURFACE('',(#6799),#6795,.T.);
#6795=PLANE('',#6796);
#6796=AXIS2_PLACEMENT_3D('',#424,#6797,#6798);
#6797=DIRECTION('',(-0.9059484188754937,0.42338805611861474,0.000127566036852237));
#6798=DIRECTION('',(0.42338805956353154,0.9059484262467855,0));
#6799=FACE_BOUND('',#6800,.T.);
#6800=EDGE_LOOP('',(#6801,#6802,#6803));
#6801=ORIENTED_EDGE('',*,*,#6804,.T.);
#6802=ORIENTED_EDGE('',*,*,#6805,.T.);
#6803=ORIENTED_EDGE('',*,*,#6806,.T.);
#6804=EDGE_CURVE('',#425,#423,#6807,.F.);
#6805=EDGE_CURVE('',#423,#261,#6808,.T.);
#6806=EDGE_CURVE('',#261,#425,#6809,.T.);
#6807=LINE('',#424,#6810);
#6808=LINE('',#422,#6811);
#6809=LINE('',#260,#6812);
#6810=VECTOR('',#6813,1.0);
#6811=VECTOR('',#6814,1.0);
#6812=VECTOR('',#6815,1.0);
#6813=DIRECTION('',(0.42338805956353154,0.9059484262467855,0));
#6814=DIRECTION('',(0.0624753703061334,0.133980225844067,-0.9890127032489949));
#6815=DIRECTION('',(-0.06275805520626193,-0.13458507327605343,0.9889126779235905));
#6816=FACE_SURFACE('',(#6821),#6817,.T.);
#6817=PLANE('',#6818);
#6818=AXIS2_PLACEMENT_3D('',#424,#6819,#6820);
#6819=DIRECTION('',(-0.9063077744901685,0.4226182886467146,0));
#6820=DIRECTION('',(0.06275805520626193,0.13458507327605343,-0.9889126779235905));
#6821=FACE_BOUND('',#6822,.T.);
#6822=EDGE_LOOP('',(#6823,#6824,#6825));
#6823=ORIENTED_EDGE('',*,*,#6826,.T.);
#6824=ORIENTED_EDGE('',*,*,#6827,.T.);
#6825=ORIENTED_EDGE('',*,*,#6828,.T.);
#6826=EDGE_CURVE('',#425,#261,#6829,.F.);
#6827=EDGE_CURVE('',#261,#269,#6830,.T.);
#6828=EDGE_CURVE('',#269,#425,#6831,.T.);
#6829=LINE('',#424,#6832);
#6830=LINE('',#260,#6833);
#6831=LINE('',#268,#6834);
#6832=VECTOR('',#6835,1.0);
#6833=VECTOR('',#6836,1.0);
#6834=VECTOR('',#6837,1.0);
#6835=DIRECTION('',(0.06275805520626193,0.13458507327605343,-0.9889126779235905));
#6836=DIRECTION('',(-0.4226182886467146,-0.9063077744901685,0));
#6837=DIRECTION('',(0,0,1));
#6838=FACE_SURFACE('',(#6843),#6839,.T.);
#6839=PLANE('',#6840);
#6840=AXIS2_PLACEMENT_3D('',#426,#6841,#6842);
#6841=DIRECTION('',(-0.8191564125757443,0.5735701977404658,0));
#6842=DIRECTION('',(0.5735701977404658,0.8191564125757442,0));
#6843=FACE_BOUND('',#6844,.T.);
#6844=EDGE_LOOP('',(#6845,#6846,#6847));
#6845=ORIENTED_EDGE('',*,*,#6848,.T.);
#6846=ORIENTED_EDGE('',*,*,#6849,.T.);
#6847=ORIENTED_EDGE('',*,*,#6850,.T.);
#6848=EDGE_CURVE('',#427,#425,#6851,.F.);
#6849=EDGE_CURVE('',#425,#269,#6852,.T.);
#6850=EDGE_CURVE('',#269,#427,#6853,.T.);
#6851=LINE('',#426,#6854);
#6852=LINE('',#424,#6855);
#6853=LINE('',#268,#6856);
#6854=VECTOR('',#6857,1.0);
#6855=VECTOR('',#6858,1.0);
#6856=VECTOR('',#6859,1.0);
#6857=DIRECTION('',(0.5735701977404658,0.8191564125757442,0));
#6858=DIRECTION('',(0,0,-1));
#6859=DIRECTION('',(-0.09330319673491541,-0.13325293437544658,0.9866803783188245));
#6860=FACE_SURFACE('',(#6865),#6861,.T.);
#6861=PLANE('',#6862);
#6862=AXIS2_PLACEMENT_3D('',#426,#6863,#6864);
#6863=DIRECTION('',(-0.8191776537906864,0.5735398604218422,-6.105736078967782E-06));
#6864=DIRECTION('',(0.09330319673491541,0.13325293437544658,-0.9866803783188245));
#6865=FACE_BOUND('',#6866,.T.);
#6866=EDGE_LOOP('',(#6867,#6868,#6869));
#6867=ORIENTED_EDGE('',*,*,#6870,.T.);
#6868=ORIENTED_EDGE('',*,*,#6871,.T.);
#6869=ORIENTED_EDGE('',*,*,#6872,.T.);
#6870=EDGE_CURVE('',#427,#269,#6873,.F.);
#6871=EDGE_CURVE('',#269,#271,#6874,.T.);
#6872=EDGE_CURVE('',#271,#427,#6875,.T.);
#6873=LINE('',#426,#6876);
#6874=LINE('',#268,#6877);
#6875=LINE('',#270,#6878);
#6876=VECTOR('',#6879,1.0);
#6877=VECTOR('',#6880,1.0);
#6878=VECTOR('',#6881,1.0);
#6879=DIRECTION('',(0.09330319673491541,0.13325293437544658,-0.9866803783188245));
#6880=DIRECTION('',(-0.573539860432533,-0.819177653805956,0));
#6881=DIRECTION('',(-0.08479139751695018,-0.12109564517018832,0.9890127722269002));
#6882=FACE_SURFACE('',(#6887),#6883,.T.);
#6883=PLANE('',#6884);
#6884=AXIS2_PLACEMENT_3D('',#428,#6885,#6886);
#6885=DIRECTION('',(-0.8190165042825328,0.5737699577576326,3.588348640749896E-05));
#6886=DIRECTION('',(0.5737699581270327,0.8190165048098256,0));
#6887=FACE_BOUND('',#6888,.T.);
#6888=EDGE_LOOP('',(#6889,#6890,#6891));
#6889=ORIENTED_EDGE('',*,*,#6892,.T.);
#6890=ORIENTED_EDGE('',*,*,#6893,.T.);
#6891=ORIENTED_EDGE('',*,*,#6894,.T.);
#6892=EDGE_CURVE('',#429,#427,#6895,.F.);
#6893=EDGE_CURVE('',#427,#271,#6896,.T.);
#6894=EDGE_CURVE('',#271,#429,#6897,.T.);
#6895=LINE('',#428,#6898);
#6896=LINE('',#426,#6899);
#6897=LINE('',#270,#6900);
#6898=VECTOR('',#6901,1.0);
#6899=VECTOR('',#6902,1.0);
#6900=VECTOR('',#6903,1.0);
#6901=DIRECTION('',(0.5737699581270327,0.8190165048098256,0));
#6902=DIRECTION('',(0.08479139751695018,0.12109564517018832,-0.9890127722269002));
#6903=DIRECTION('',(-0.08517505287920646,-0.12164328011469554,0.9889125961226108));
#6904=FACE_SURFACE('',(#6909),#6905,.T.);
#6905=PLANE('',#6906);
#6906=AXIS2_PLACEMENT_3D('',#428,#6907,#6908);
#6907=DIRECTION('',(-0.8191535909308134,0.573574227511273,0));
#6908=DIRECTION('',(0.08517505287920646,0.12164328011469554,-0.9889125961226108));
#6909=FACE_BOUND('',#6910,.T.);
#6910=EDGE_LOOP('',(#6911,#6912,#6913));
#6911=ORIENTED_EDGE('',*,*,#6914,.T.);
#6912=ORIENTED_EDGE('',*,*,#6915,.T.);
#6913=ORIENTED_EDGE('',*,*,#6916,.T.);
#6914=EDGE_CURVE('',#429,#271,#6917,.F.);
#6915=EDGE_CURVE('',#271,#267,#6918,.T.);
#6916=EDGE_CURVE('',#267,#429,#6919,.T.);
#6917=LINE('',#428,#6920);
#6918=LINE('',#270,#6921);
#6919=LINE('',#266,#6922);
#6920=VECTOR('',#6923,1.0);
#6921=VECTOR('',#6924,1.0);
#6922=VECTOR('',#6925,1.0);
#6923=DIRECTION('',(0.08517505287920646,0.12164328011469554,-0.9889125961226108));
#6924=DIRECTION('',(-0.573574227511273,-0.8191535909308134,0));
#6925=DIRECTION('',(0,0,1));
#6926=FACE_SURFACE('',(#6931),#6927,.T.);
#6927=PLANE('',#6928);
#6928=AXIS2_PLACEMENT_3D('',#264,#6929,#6930);
#6929=DIRECTION('',(-0.7071030437100124,0.7071105186431208,5.410706106515417E-07));
#6930=DIRECTION('',(-0.10453129789539517,-0.10453094966319251,0.9890128858224322));
#6931=FACE_BOUND('',#6932,.T.);
#6932=EDGE_LOOP('',(#6933,#6934,#6935));
#6933=ORIENTED_EDGE('',*,*,#6936,.T.);
#6934=ORIENTED_EDGE('',*,*,#6937,.T.);
#6935=ORIENTED_EDGE('',*,*,#6938,.T.);
#6936=EDGE_CURVE('',#265,#431,#6939,.F.);
#6937=EDGE_CURVE('',#431,#429,#6940,.T.);
#6938=EDGE_CURVE('',#429,#265,#6941,.T.);
#6939=LINE('',#264,#6942);
#6940=LINE('',#430,#6943);
#6941=LINE('',#428,#6944);
#6942=VECTOR('',#6945,1.0);
#6943=VECTOR('',#6946,1.0);
#6944=VECTOR('',#6947,1.0);
#6945=DIRECTION('',(-0.10453129789539517,-0.10453094966319251,0.9890128858224322));
#6946=DIRECTION('',(0.7071105186432244,0.707103043710116,0));
#6947=DIRECTION('',(-0.010883730016254886,-0.010882849868588236,-0.9998815469842771));
#6948=FACE_SURFACE('',(#6953),#6949,.T.);
#6949=PLANE('',#6950);
#6950=AXIS2_PLACEMENT_3D('',#264,#6951,#6952);
#6951=DIRECTION('',(-0.7070781882257298,0.7071353729912113,0));
#6952=DIRECTION('',(0.010883730016254886,0.010882849868588236,0.9998815469842771));
#6953=FACE_BOUND('',#6954,.T.);
#6954=EDGE_LOOP('',(#6955,#6956,#6957));
#6955=ORIENTED_EDGE('',*,*,#6958,.T.);
#6956=ORIENTED_EDGE('',*,*,#6959,.T.);
#6957=ORIENTED_EDGE('',*,*,#6960,.T.);
#6958=EDGE_CURVE('',#265,#429,#6961,.F.);
#6959=EDGE_CURVE('',#429,#267,#6962,.T.);
#6960=EDGE_CURVE('',#267,#265,#6963,.T.);
#6961=LINE('',#264,#6964);
#6962=LINE('',#428,#6965);
#6963=LINE('',#266,#6966);
#6964=VECTOR('',#6967,1.0);
#6965=VECTOR('',#6968,1.0);
#6966=VECTOR('',#6969,1.0);
#6967=DIRECTION('',(0.010883730016254886,0.010882849868588236,0.9998815469842771));
#6968=DIRECTION('',(0,0,-1));
#6969=DIRECTION('',(-0.7071353729912112,-0.7070781882257297,0));
#6970=FACE_SURFACE('',(#6975),#6971,.T.);
#6971=PLANE('',#6972);
#6972=AXIS2_PLACEMENT_3D('',#432,#6973,#6974);
#6973=DIRECTION('',(-0.7081234515922278,0.7060886140876523,-0.00021531578729205197));
#6974=DIRECTION('',(0.7060886304551006,0.7081234680068444,0));
#6975=FACE_BOUND('',#6976,.T.);
#6976=EDGE_LOOP('',(#6977,#6978,#6979));
#6977=ORIENTED_EDGE('',*,*,#6980,.T.);
#6978=ORIENTED_EDGE('',*,*,#6981,.T.);
#6979=ORIENTED_EDGE('',*,*,#6982,.T.);
#6980=EDGE_CURVE('',#433,#431,#6983,.F.);
#6981=EDGE_CURVE('',#431,#265,#6984,.T.);
#6982=EDGE_CURVE('',#265,#433,#6985,.T.);
#6983=LINE('',#432,#6986);
#6984=LINE('',#430,#6987);
#6985=LINE('',#264,#6988);
#6986=VECTOR('',#6989,1.0);
#6987=VECTOR('',#6990,1.0);
#6988=VECTOR('',#6991,1.0);
#6989=DIRECTION('',(0.7060886304551006,0.7081234680068444,0));
#6990=DIRECTION('',(0.10453129789539517,0.10453094966319251,-0.9890128858224322));
#6991=DIRECTION('',(-0.10500399424426593,-0.1050050388349271,0.9889125861328825));
#6992=FACE_SURFACE('',(#6997),#6993,.T.);
#6993=PLANE('',#6994);
#6994=AXIS2_PLACEMENT_3D('',#432,#6995,#6996);
#6995=DIRECTION('',(-0.7071102983462251,0.7071032640093755,0));
#6996=DIRECTION('',(0.10500399424426593,0.1050050388349271,-0.9889125861328825));
#6997=FACE_BOUND('',#6998,.T.);
#6998=EDGE_LOOP('',(#6999,#7000,#7001));
#6999=ORIENTED_EDGE('',*,*,#7002,.T.);
#7000=ORIENTED_EDGE('',*,*,#7003,.T.);
#7001=ORIENTED_EDGE('',*,*,#7004,.T.);
#7002=EDGE_CURVE('',#433,#265,#7005,.F.);
#7003=EDGE_CURVE('',#265,#263,#7006,.T.);
#7004=EDGE_CURVE('',#263,#433,#7007,.T.);
#7005=LINE('',#432,#7008);
#7006=LINE('',#264,#7009);
#7007=LINE('',#262,#7010);
#7008=VECTOR('',#7011,1.0);
#7009=VECTOR('',#7012,1.0);
#7010=VECTOR('',#7013,1.0);
#7011=DIRECTION('',(0.10500399424426593,0.1050050388349271,-0.9889125861328825));
#7012=DIRECTION('',(-0.7071032640093755,-0.7071102983462251,0));
#7013=DIRECTION('',(0,0,1));
#7014=FACE_SURFACE('',(#7019),#7015,.T.);
#7015=PLANE('',#7016);
#7016=AXIS2_PLACEMENT_3D('',#434,#7017,#7018);
#7017=DIRECTION('',(-0.573577293166914,0.8191514443393945,0));
#7018=DIRECTION('',(0.8191514443393946,0.573577293166914,0));
#7019=FACE_BOUND('',#7020,.T.);
#7020=EDGE_LOOP('',(#7021,#7022,#7023));
#7021=ORIENTED_EDGE('',*,*,#7024,.T.);
#7022=ORIENTED_EDGE('',*,*,#7025,.T.);
#7023=ORIENTED_EDGE('',*,*,#7026,.T.);
#7024=EDGE_CURVE('',#435,#433,#7027,.F.);
#7025=EDGE_CURVE('',#433,#263,#7028,.T.);
#7026=EDGE_CURVE('',#263,#435,#7029,.T.);
#7027=LINE('',#434,#7030);
#7028=LINE('',#432,#7031);
#7029=LINE('',#262,#7032);
#7030=VECTOR('',#7033,1.0);
#7031=VECTOR('',#7034,1.0);
#7032=VECTOR('',#7035,1.0);
#7033=DIRECTION('',(0.8191514443393946,0.573577293166914,0));
#7034=DIRECTION('',(0,0,-1));
#7035=DIRECTION('',(-0.13325088368207538,-0.09330348094069577,0.9866806283911198));
#7036=FACE_SURFACE('',(#7041),#7037,.T.);
#7037=PLANE('',#7038);
#7038=AXIS2_PLACEMENT_3D('',#434,#7039,#7040);
#7039=DIRECTION('',(-0.5736296509968991,0.8191147803489613,-1.0537964105727311E-05));
#7040=DIRECTION('',(0.13325088368207538,0.09330348094069577,-0.9866806283911198));
#7041=FACE_BOUND('',#7042,.T.);
#7042=EDGE_LOOP('',(#7043,#7044,#7045));
#7043=ORIENTED_EDGE('',*,*,#7046,.T.);
#7044=ORIENTED_EDGE('',*,*,#7047,.T.);
#7045=ORIENTED_EDGE('',*,*,#7048,.T.);
#7046=EDGE_CURVE('',#435,#263,#7049,.F.);
#7047=EDGE_CURVE('',#263,#257,#7050,.T.);
#7048=EDGE_CURVE('',#257,#435,#7051,.T.);
#7049=LINE('',#434,#7052);
#7050=LINE('',#262,#7053);
#7051=LINE('',#256,#7054);
#7052=VECTOR('',#7055,1.0);
#7053=VECTOR('',#7056,1.0);
#7054=VECTOR('',#7057,1.0);
#7055=DIRECTION('',(0.13325088368207538,0.09330348094069577,-0.9866806283911198));
#7056=DIRECTION('',(-0.8191147803944421,-0.5736296510287495,0));
#7057=DIRECTION('',(-0.1210946265197501,-0.08479037105788766,0.9890129849521229));
#7058=FACE_SURFACE('',(#7063),#7059,.T.);
#7059=PLANE('',#7060);
#7060=AXIS2_PLACEMENT_3D('',#436,#7061,#7062);
#7061=DIRECTION('',(-0.5740428260426603,0.818825272254114,-8.59472638569479E-05));
#7062=DIRECTION('',(0.8188252752784173,0.5740428281628681,0));
#7063=FACE_BOUND('',#7064,.T.);
#7064=EDGE_LOOP('',(#7065,#7066,#7067));
#7065=ORIENTED_EDGE('',*,*,#7068,.T.);
#7066=ORIENTED_EDGE('',*,*,#7069,.T.);
#7067=ORIENTED_EDGE('',*,*,#7070,.T.);
#7068=EDGE_CURVE('',#437,#435,#7071,.F.);
#7069=EDGE_CURVE('',#435,#257,#7072,.T.);
#7070=EDGE_CURVE('',#257,#437,#7073,.T.);
#7071=LINE('',#436,#7074);
#7072=LINE('',#434,#7075);
#7073=LINE('',#256,#7076);
#7074=VECTOR('',#7077,1.0);
#7075=VECTOR('',#7078,1.0);
#7076=VECTOR('',#7079,1.0);
#7077=DIRECTION('',(0.8188252752784173,0.5740428281628681,0));
#7078=DIRECTION('',(0.1210946265197501,0.08479037105788766,-0.9890129849521229));
#7079=DIRECTION('',(-0.12164259943686895,-0.08517454158823282,0.9889127238879455));
#7080=FACE_SURFACE('',(#7085),#7081,.T.);
#7081=PLANE('',#7082);
#7082=AXIS2_PLACEMENT_3D('',#436,#7083,#7084);
#7083=DIRECTION('',(-0.5735740708130754,0.8191537006514206,0));
#7084=DIRECTION('',(0.12164259943686895,0.08517454158823282,-0.9889127238879455));
#7085=FACE_BOUND('',#7086,.T.);
#7086=EDGE_LOOP('',(#7087,#7088,#7089));
#7087=ORIENTED_EDGE('',*,*,#7090,.T.);
#7088=ORIENTED_EDGE('',*,*,#7091,.T.);
#7089=ORIENTED_EDGE('',*,*,#7092,.T.);
#7090=EDGE_CURVE('',#437,#257,#7093,.F.);
#7091=EDGE_CURVE('',#257,#255,#7094,.T.);
#7092=EDGE_CURVE('',#255,#437,#7095,.T.);
#7093=LINE('',#436,#7096);
#7094=LINE('',#256,#7097);
#7095=LINE('',#254,#7098);
#7096=VECTOR('',#7099,1.0);
#7097=VECTOR('',#7100,1.0);
#7098=VECTOR('',#7101,1.0);
#7099=DIRECTION('',(0.12164259943686895,0.08517454158823282,-0.9889127238879455));
#7100=DIRECTION('',(-0.8191537006514206,-0.5735740708130754,0));
#7101=DIRECTION('',(0,0,1));
#7102=FACE_SURFACE('',(#7107),#7103,.T.);
#7103=PLANE('',#7104);
#7104=AXIS2_PLACEMENT_3D('',#438,#7105,#7106);
#7105=DIRECTION('',(-0.4226241395337316,0.9063050461535416,0));
#7106=DIRECTION('',(0.9063050461535415,0.4226241395337316,0));
#7107=FACE_BOUND('',#7108,.T.);
#7108=EDGE_LOOP('',(#7109,#7110,#7111));
#7109=ORIENTED_EDGE('',*,*,#7112,.T.);
#7110=ORIENTED_EDGE('',*,*,#7113,.T.);
#7111=ORIENTED_EDGE('',*,*,#7114,.T.);
#7112=EDGE_CURVE('',#439,#437,#7115,.F.);
#7113=EDGE_CURVE('',#437,#255,#7116,.T.);
#7114=EDGE_CURVE('',#255,#439,#7117,.T.);
#7115=LINE('',#438,#7118);
#7116=LINE('',#436,#7119);
#7117=LINE('',#254,#7120);
#7118=VECTOR('',#7121,1.0);
#7119=VECTOR('',#7122,1.0);
#7120=VECTOR('',#7123,1.0);
#7121=DIRECTION('',(0.9063050461535415,0.4226241395337316,0));
#7122=DIRECTION('',(0,0,-1));
#7123=DIRECTION('',(-0.14742904897979617,-0.06874845862527283,0.9866804573688291));
#7124=FACE_SURFACE('',(#7129),#7125,.T.);
#7125=PLANE('',#7126);
#7126=AXIS2_PLACEMENT_3D('',#438,#7127,#7128);
#7127=DIRECTION('',(-0.4226838596033181,0.9062771952955776,-1.0863878513555811E-05));
#7128=DIRECTION('',(0.14742904897979617,0.06874845862527283,-0.9866804573688291));
#7129=FACE_BOUND('',#7130,.T.);
#7130=EDGE_LOOP('',(#7131,#7132,#7133));
#7131=ORIENTED_EDGE('',*,*,#7134,.T.);
#7132=ORIENTED_EDGE('',*,*,#7135,.T.);
#7133=ORIENTED_EDGE('',*,*,#7136,.T.);
#7134=EDGE_CURVE('',#439,#255,#7137,.F.);
#7135=EDGE_CURVE('',#255,#251,#7138,.T.);
#7136=EDGE_CURVE('',#251,#439,#7139,.T.);
#7137=LINE('',#438,#7140);
#7138=LINE('',#254,#7141);
#7139=LINE('',#250,#7142);
#7140=VECTOR('',#7143,1.0);
#7141=VECTOR('',#7144,1.0);
#7142=VECTOR('',#7145,1.0);
#7143=DIRECTION('',(0.14742904897979617,0.06874845862527283,-0.9866804573688291));
#7144=DIRECTION('',(-0.9062771953490587,-0.4226838596282615,0));
#7145=DIRECTION('',(-0.1339795396955742,-0.06247563629056244,0.9890127793982499));
#7146=FACE_SURFACE('',(#7151),#7147,.T.);
#7147=PLANE('',#7148);
#7148=AXIS2_PLACEMENT_3D('',#440,#7149,#7150);
#7149=DIRECTION('',(-0.42018963386711417,0.9074362299351088,0.00040023964925719503));
#7150=DIRECTION('',(0.9074363026170286,0.42018966752258025,0));
#7151=FACE_BOUND('',#7152,.T.);
#7152=EDGE_LOOP('',(#7153,#7154,#7155));
#7153=ORIENTED_EDGE('',*,*,#7156,.T.);
#7154=ORIENTED_EDGE('',*,*,#7157,.T.);
#7155=ORIENTED_EDGE('',*,*,#7158,.T.);
#7156=EDGE_CURVE('',#441,#439,#7159,.F.);
#7157=EDGE_CURVE('',#439,#251,#7160,.T.);
#7158=EDGE_CURVE('',#251,#441,#7161,.T.);
#7159=LINE('',#440,#7162);
#7160=LINE('',#438,#7163);
#7161=LINE('',#250,#7164);
#7162=VECTOR('',#7165,1.0);
#7163=VECTOR('',#7166,1.0);
#7164=VECTOR('',#7167,1.0);
#7165=DIRECTION('',(0.9074363026170286,0.42018966752258025,0));
#7166=DIRECTION('',(0.1339795396955742,0.06247563629056244,-0.9890127793982499));
#7167=DIRECTION('',(-0.13458560155091998,-0.06275622996062422,0.9889127218598749));
#7168=FACE_SURFACE('',(#7173),#7169,.T.);
#7169=PLANE('',#7170);
#7170=AXIS2_PLACEMENT_3D('',#440,#7171,#7172);
#7171=DIRECTION('',(-0.42260682995692667,0.9063131176771951,0));
#7172=DIRECTION('',(0.13458560155091998,0.06275622996062422,-0.9889127218598749));
#7173=FACE_BOUND('',#7174,.T.);
#7174=EDGE_LOOP('',(#7175,#7176,#7177));
#7175=ORIENTED_EDGE('',*,*,#7178,.T.);
#7176=ORIENTED_EDGE('',*,*,#7179,.T.);
#7177=ORIENTED_EDGE('',*,*,#7180,.T.);
#7178=EDGE_CURVE('',#441,#251,#7181,.F.);
#7179=EDGE_CURVE('',#251,#249,#7182,.T.);
#7180=EDGE_CURVE('',#249,#441,#7183,.T.);
#7181=LINE('',#440,#7184);
#7182=LINE('',#250,#7185);
#7183=LINE('',#248,#7186);
#7184=VECTOR('',#7187,1.0);
#7185=VECTOR('',#7188,1.0);
#7186=VECTOR('',#7189,1.0);
#7187=DIRECTION('',(0.13458560155091998,0.06275622996062422,-0.9889127218598749));
#7188=DIRECTION('',(-0.9063131176771951,-0.42260682995692667,0));
#7189=DIRECTION('',(0,0,1));
#7190=FACE_SURFACE('',(#7195),#7191,.T.);
#7191=PLANE('',#7192);
#7192=AXIS2_PLACEMENT_3D('',#442,#7193,#7194);
#7193=DIRECTION('',(-0.25882689449008656,0.9659237230178258,0));
#7194=DIRECTION('',(0.9659237230178259,0.25882689449008656,0));
#7195=FACE_BOUND('',#7196,.T.);
#7196=EDGE_LOOP('',(#7197,#7198,#7199));
#7197=ORIENTED_EDGE('',*,*,#7200,.T.);
#7198=ORIENTED_EDGE('',*,*,#7201,.T.);
#7199=ORIENTED_EDGE('',*,*,#7202,.T.);
#7200=EDGE_CURVE('',#443,#441,#7203,.F.);
#7201=EDGE_CURVE('',#441,#249,#7204,.T.);
#7202=EDGE_CURVE('',#249,#443,#7205,.T.);
#7203=LINE('',#442,#7206);
#7204=LINE('',#440,#7207);
#7205=LINE('',#248,#7208);
#7206=VECTOR('',#7209,1.0);
#7207=VECTOR('',#7210,1.0);
#7208=VECTOR('',#7211,1.0);
#7209=DIRECTION('',(0.9659237230178259,0.25882689449008656,0));
#7210=DIRECTION('',(0,0,-1));
#7211=DIRECTION('',(-0.1571270315537112,-0.04210342975160822,0.986680493958541));
#7212=FACE_SURFACE('',(#7217),#7213,.T.);
#7213=PLANE('',#7214);
#7214=AXIS2_PLACEMENT_3D('',#442,#7215,#7216);
#7215=DIRECTION('',(-0.2589151943137151,0.9659000579388861,-1.5071413951360234E-05));
#7216=DIRECTION('',(0.1571270315537112,0.04210342975160822,-0.986680493958541));
#7217=FACE_BOUND('',#7218,.T.);
#7218=EDGE_LOOP('',(#7219,#7220,#7221));
#7219=ORIENTED_EDGE('',*,*,#7222,.T.);
#7220=ORIENTED_EDGE('',*,*,#7223,.T.);
#7221=ORIENTED_EDGE('',*,*,#7224,.T.);
#7222=EDGE_CURVE('',#443,#249,#7225,.F.);
#7223=EDGE_CURVE('',#249,#239,#7226,.T.);
#7224=EDGE_CURVE('',#239,#443,#7227,.T.);
#7225=LINE('',#442,#7228);
#7226=LINE('',#248,#7229);
#7227=LINE('',#238,#7230);
#7228=VECTOR('',#7231,1.0);
#7229=VECTOR('',#7232,1.0);
#7230=VECTOR('',#7233,1.0);
#7231=DIRECTION('',(0.1571270315537112,0.04210342975160822,-0.986680493958541));
#7232=DIRECTION('',(-0.965900058048587,-0.2589151943431211,0));
#7233=DIRECTION('',(-0.1427926060690499,-0.038260966257818926,0.98901282606093));
#7234=FACE_SURFACE('',(#7239),#7235,.T.);
#7235=PLANE('',#7236);
#7236=AXIS2_PLACEMENT_3D('',#444,#7237,#7238);
#7237=DIRECTION('',(-0.2567746497573814,0.9664712511701439,0.000316075293071715));
#7238=DIRECTION('',(0.9664712994471216,0.2567746625837371,0));
#7239=FACE_BOUND('',#7240,.T.);
#7240=EDGE_LOOP('',(#7241,#7242,#7243));
#7241=ORIENTED_EDGE('',*,*,#7244,.T.);
#7242=ORIENTED_EDGE('',*,*,#7245,.T.);
#7243=ORIENTED_EDGE('',*,*,#7246,.T.);
#7244=EDGE_CURVE('',#445,#443,#7247,.F.);
#7245=EDGE_CURVE('',#443,#239,#7248,.T.);
#7246=EDGE_CURVE('',#239,#445,#7249,.T.);
#7247=LINE('',#444,#7250);
#7248=LINE('',#442,#7251);
#7249=LINE('',#238,#7252);
#7250=VECTOR('',#7253,1.0);
#7251=VECTOR('',#7254,1.0);
#7252=VECTOR('',#7255,1.0);
#7253=DIRECTION('',(0.9664712994471216,0.2567746625837371,0));
#7254=DIRECTION('',(0.1427926060690499,0.038260966257818926,-0.98901282606093));
#7255=DIRECTION('',(-0.14343867621019543,-0.03843258313660867,0.9889126769945434));
#7256=FACE_SURFACE('',(#7261),#7257,.T.);
#7257=PLANE('',#7258);
#7258=AXIS2_PLACEMENT_3D('',#444,#7259,#7260);
#7259=DIRECTION('',(-0.2588083997086296,0.9659286786508919,0));
#7260=DIRECTION('',(0.14343867621019543,0.03843258313660867,-0.9889126769945434));
#7261=FACE_BOUND('',#7262,.T.);
#7262=EDGE_LOOP('',(#7263,#7264,#7265));
#7263=ORIENTED_EDGE('',*,*,#7266,.T.);
#7264=ORIENTED_EDGE('',*,*,#7267,.T.);
#7265=ORIENTED_EDGE('',*,*,#7268,.T.);
#7266=EDGE_CURVE('',#445,#239,#7269,.F.);
#7267=EDGE_CURVE('',#239,#237,#7270,.T.);
#7268=EDGE_CURVE('',#237,#445,#7271,.T.);
#7269=LINE('',#444,#7272);
#7270=LINE('',#238,#7273);
#7271=LINE('',#236,#7274);
#7272=VECTOR('',#7275,1.0);
#7273=VECTOR('',#7276,1.0);
#7274=VECTOR('',#7277,1.0);
#7275=DIRECTION('',(0.14343867621019543,0.03843258313660867,-0.9889126769945434));
#7276=DIRECTION('',(-0.965928678650892,-0.2588083997086297,0));
#7277=DIRECTION('',(0,0,1));
#7278=FACE_SURFACE('',(#7283),#7279,.T.);
#7279=PLANE('',#7280);
#7280=AXIS2_PLACEMENT_3D('',#234,#7281,#7282);
#7281=DIRECTION('',(-0.08716983803249323,0.9961934648120973,-1.748640149412472E-06));
#7282=DIRECTION('',(-0.1472673846816886,-0.012884590289010352,0.9890127930123552));
#7283=FACE_BOUND('',#7284,.T.);
#7284=EDGE_LOOP('',(#7285,#7286,#7287));
#7285=ORIENTED_EDGE('',*,*,#7288,.T.);
#7286=ORIENTED_EDGE('',*,*,#7289,.T.);
#7287=ORIENTED_EDGE('',*,*,#7290,.T.);
#7288=EDGE_CURVE('',#235,#447,#7291,.F.);
#7289=EDGE_CURVE('',#447,#445,#7292,.T.);
#7290=EDGE_CURVE('',#445,#235,#7293,.T.);
#7291=LINE('',#234,#7294);
#7292=LINE('',#446,#7295);
#7293=LINE('',#444,#7296);
#7294=VECTOR('',#7297,1.0);
#7295=VECTOR('',#7298,1.0);
#7296=VECTOR('',#7299,1.0);
#7297=DIRECTION('',(-0.1472673846816886,-0.012884590289010352,0.9890127930123552));
#7298=DIRECTION('',(0.9961934648136203,0.08716983803262648,0));
#7299=DIRECTION('',(-0.015333228370964031,-0.001343457384418955,-0.9998815365982013));
#7300=FACE_SURFACE('',(#7305),#7301,.T.);
#7301=PLANE('',#7302);
#7302=AXIS2_PLACEMENT_3D('',#234,#7303,#7304);
#7303=DIRECTION('',(-0.08728299890565201,0.9961835564302575,0));
#7304=DIRECTION('',(0.015333228370964031,0.001343457384418955,0.9998815365982013));
#7305=FACE_BOUND('',#7306,.T.);
#7306=EDGE_LOOP('',(#7307,#7308,#7309));
#7307=ORIENTED_EDGE('',*,*,#7310,.T.);
#7308=ORIENTED_EDGE('',*,*,#7311,.T.);
#7309=ORIENTED_EDGE('',*,*,#7312,.T.);
#7310=EDGE_CURVE('',#235,#445,#7313,.F.);
#7311=EDGE_CURVE('',#445,#237,#7314,.T.);
#7312=EDGE_CURVE('',#237,#235,#7315,.T.);
#7313=LINE('',#234,#7316);
#7314=LINE('',#444,#7317);
#7315=LINE('',#236,#7318);
#7316=VECTOR('',#7319,1.0);
#7317=VECTOR('',#7320,1.0);
#7318=VECTOR('',#7321,1.0);
#7319=DIRECTION('',(0.015333228370964031,0.001343457384418955,0.9998815365982013));
#7320=DIRECTION('',(0,0,-1));
#7321=DIRECTION('',(-0.9961835564302575,-0.08728299890565203,0));
#7322=FACE_SURFACE('',(#7327),#7323,.T.);
#7323=PLANE('',#7324);
#7324=AXIS2_PLACEMENT_3D('',#448,#7325,#7326);
#7325=DIRECTION('',(-0.08557450576641612,0.9963317457089876,0.00023760327207783367));
#7326=DIRECTION('',(0.9963317738330999,0.08557450818198405,0));
#7327=FACE_BOUND('',#7328,.T.);
#7328=EDGE_LOOP('',(#7329,#7330,#7331));
#7329=ORIENTED_EDGE('',*,*,#7332,.T.);
#7330=ORIENTED_EDGE('',*,*,#7333,.T.);
#7331=ORIENTED_EDGE('',*,*,#7334,.T.);
#7332=EDGE_CURVE('',#449,#447,#7335,.F.);
#7333=EDGE_CURVE('',#447,#235,#7336,.T.);
#7334=EDGE_CURVE('',#235,#449,#7337,.T.);
#7335=LINE('',#448,#7338);
#7336=LINE('',#446,#7339);
#7337=LINE('',#234,#7340);
#7338=VECTOR('',#7341,1.0);
#7339=VECTOR('',#7342,1.0);
#7340=VECTOR('',#7343,1.0);
#7341=DIRECTION('',(0.9963317738330999,0.08557450818198405,0));
#7342=DIRECTION('',(0.1472673846816886,0.012884590289010352,-0.9890127930123552));
#7343=DIRECTION('',(-0.14793354226779162,-0.012941782389819797,0.9889126237138841));
#7344=FACE_SURFACE('',(#7349),#7345,.T.);
#7345=PLANE('',#7346);
#7346=AXIS2_PLACEMENT_3D('',#448,#7347,#7348);
#7347=DIRECTION('',(-0.08715089419626411,0.9961951222731377,0));
#7348=DIRECTION('',(0.14793354226779162,0.012941782389819797,-0.9889126237138841));
#7349=FACE_BOUND('',#7350,.T.);
#7350=EDGE_LOOP('',(#7351,#7352,#7353));
#7351=ORIENTED_EDGE('',*,*,#7354,.T.);
#7352=ORIENTED_EDGE('',*,*,#7355,.T.);
#7353=ORIENTED_EDGE('',*,*,#7356,.T.);
#7354=EDGE_CURVE('',#449,#235,#7357,.F.);
#7355=EDGE_CURVE('',#235,#233,#7358,.T.);
#7356=EDGE_CURVE('',#233,#449,#7359,.T.);
#7357=LINE('',#448,#7360);
#7358=LINE('',#234,#7361);
#7359=LINE('',#232,#7362);
#7360=VECTOR('',#7363,1.0);
#7361=VECTOR('',#7364,1.0);
#7362=VECTOR('',#7365,1.0);
#7363=DIRECTION('',(0.14793354226779162,0.012941782389819797,-0.9889126237138841));
#7364=DIRECTION('',(-0.9961951222731377,-0.0871508941962641,0));
#7365=DIRECTION('',(0,0,1));
#7366=FACE_SURFACE('',(#7371),#7367,.T.);
#7367=PLANE('',#7368);
#7368=AXIS2_PLACEMENT_3D('',#308,#7369,#7370);
#7369=DIRECTION('',(0.0871528823947918,0.9961949483360572,0));
#7370=DIRECTION('',(0.9961949483360572,-0.0871528823947918,0));
#7371=FACE_BOUND('',#7372,.T.);
#7372=EDGE_LOOP('',(#7373,#7374,#7375));
#7373=ORIENTED_EDGE('',*,*,#7376,.T.);
#7374=ORIENTED_EDGE('',*,*,#7377,.T.);
#7375=ORIENTED_EDGE('',*,*,#7378,.T.);
#7376=EDGE_CURVE('',#309,#449,#7379,.F.);
#7377=EDGE_CURVE('',#449,#233,#7380,.T.);
#7378=EDGE_CURVE('',#233,#309,#7381,.T.);
#7379=LINE('',#308,#7382);
#7380=LINE('',#448,#7383);
#7381=LINE('',#232,#7384);
#7382=VECTOR('',#7385,1.0);
#7383=VECTOR('',#7386,1.0);
#7384=VECTOR('',#7387,1.0);
#7385=DIRECTION('',(0.9961949483360572,-0.0871528823947918,0));
#7386=DIRECTION('',(0,0,-1));
#7387=DIRECTION('',(-0.16205089700024816,0.014177147547097193,0.9866805538110309));
#7388=FACE_SURFACE('',(#7393),#7389,.T.);
#7389=PLANE('',#7390);
#7390=AXIS2_PLACEMENT_3D('',#308,#7391,#7392);
#7391=DIRECTION('',(0.08710041300412964,0.9961995372309245,-8.683427709585053E-06));
#7392=DIRECTION('',(0.16205089700024816,-0.014177147547097193,-0.9866805538110309));
#7393=FACE_BOUND('',#7394,.T.);
#7394=EDGE_LOOP('',(#7395,#7396,#7397));
#7395=ORIENTED_EDGE('',*,*,#7398,.T.);
#7396=ORIENTED_EDGE('',*,*,#7399,.T.);
#7397=ORIENTED_EDGE('',*,*,#7400,.T.);
#7398=EDGE_CURVE('',#309,#233,#7401,.F.);
#7399=EDGE_CURVE('',#233,#217,#7402,.T.);
#7400=EDGE_CURVE('',#217,#309,#7403,.T.);
#7401=LINE('',#308,#7404);
#7402=LINE('',#232,#7405);
#7403=LINE('',#216,#7406);
#7404=VECTOR('',#7407,1.0);
#7405=VECTOR('',#7408,1.0);
#7406=VECTOR('',#7409,1.0);
#7407=DIRECTION('',(0.16205089700024816,-0.014177147547097193,-0.9866805538110309));
#7408=DIRECTION('',(-0.9961995372684822,0.08710041300741342,0));
#7409=DIRECTION('',(-0.14726721434177145,0.012884590619391944,0.989012818372232));
#7410=FACE_SURFACE('',(#7415),#7411,.T.);
#7411=PLANE('',#7412);
#7412=AXIS2_PLACEMENT_3D('',#54,#7413,#7414);
#7413=DIRECTION('',(0.8819214052825152,0.4713964731566347,-0));
#7414=DIRECTION('',(0,0,1));
#7415=FACE_BOUND('',#7416,.T.);
#7416=EDGE_LOOP('',(#7417,#7418,#7419));
#7417=ORIENTED_EDGE('',*,*,#7420,.T.);
#7418=ORIENTED_EDGE('',*,*,#7421,.T.);
#7419=ORIENTED_EDGE('',*,*,#7422,.T.);
#7420=EDGE_CURVE('',#55,#451,#7423,.F.);
#7421=EDGE_CURVE('',#451,#453,#7424,.T.);
#7422=EDGE_CURVE('',#453,#55,#7425,.T.);
#7423=LINE('',#54,#7426);
#7424=LINE('',#450,#7427);
#7425=LINE('',#452,#7428);
#7426=VECTOR('',#7429,1.0);
#7427=VECTOR('',#7430,1.0);
#7428=VECTOR('',#7431,1.0);
#7429=DIRECTION('',(0,0,1));
#7430=DIRECTION('',(0.47139647315663463,-0.8819214052825151,0));
#7431=DIRECTION('',(-0.2416549138029616,0.4521048699142848,-0.8586058986721852));
#7432=FACE_SURFACE('',(#7437),#7433,.T.);
#7433=PLANE('',#7434);
#7434=AXIS2_PLACEMENT_3D('',#54,#7435,#7436);
#7435=DIRECTION('',(0.8819214052825152,0.4713964731566347,0));
#7436=DIRECTION('',(0.2416549138029616,-0.4521048699142848,0.8586058986721852));
#7437=FACE_BOUND('',#7438,.T.);
#7438=EDGE_LOOP('',(#7439,#7440,#7441));
#7439=ORIENTED_EDGE('',*,*,#7442,.T.);
#7440=ORIENTED_EDGE('',*,*,#7443,.T.);
#7441=ORIENTED_EDGE('',*,*,#7444,.T.);
#7442=EDGE_CURVE('',#55,#453,#7445,.F.);
#7443=EDGE_CURVE('',#453,#59,#7446,.T.);
#7444=EDGE_CURVE('',#59,#55,#7447,.T.);
#7445=LINE('',#54,#7448);
#7446=LINE('',#452,#7449);
#7447=LINE('',#58,#7450);
#7448=VECTOR('',#7451,1.0);
#7449=VECTOR('',#7452,1.0);
#7450=VECTOR('',#7453,1.0);
#7451=DIRECTION('',(0.2416549138029616,-0.4521048699142848,0.8586058986721852));
#7452=DIRECTION('',(0,0,-1));
#7453=DIRECTION('',(-0.47139647315663463,0.8819214052825151,0));
#7454=FACE_SURFACE('',(#7459),#7455,.T.);
#7455=PLANE('',#7456);
#7456=AXIS2_PLACEMENT_3D('',#90,#7457,#7458);
#7457=DIRECTION('',(0.2902884886697547,-0.9569391795437313,0));
#7458=DIRECTION('',(0,0,1));
#7459=FACE_BOUND('',#7460,.T.);
#7460=EDGE_LOOP('',(#7461,#7462,#7463));
#7461=ORIENTED_EDGE('',*,*,#7464,.T.);
#7462=ORIENTED_EDGE('',*,*,#7465,.T.);
#7463=ORIENTED_EDGE('',*,*,#7466,.T.);
#7464=EDGE_CURVE('',#91,#455,#7467,.F.);
#7465=EDGE_CURVE('',#455,#457,#7468,.T.);
#7466=EDGE_CURVE('',#457,#91,#7469,.T.);
#7467=LINE('',#90,#7470);
#7468=LINE('',#454,#7471);
#7469=LINE('',#456,#7472);
#7470=VECTOR('',#7473,1.0);
#7471=VECTOR('',#7474,1.0);
#7472=VECTOR('',#7475,1.0);
#7473=DIRECTION('',(0,0,1));
#7474=DIRECTION('',(-0.9569391795437313,-0.29028848866975465,0));
#7475=DIRECTION('',(0.49056068469712905,0.14881209047102445,-0.8586065317473003));
#7476=FACE_SURFACE('',(#7481),#7477,.T.);
#7477=PLANE('',#7478);
#7478=AXIS2_PLACEMENT_3D('',#90,#7479,#7480);
#7479=DIRECTION('',(0.2902884886697547,-0.9569391795437313,0));
#7480=DIRECTION('',(-0.49056068469712905,-0.14881209047102445,0.8586065317473003));
#7481=FACE_BOUND('',#7482,.T.);
#7482=EDGE_LOOP('',(#7483,#7484,#7485));
#7483=ORIENTED_EDGE('',*,*,#7486,.T.);
#7484=ORIENTED_EDGE('',*,*,#7487,.T.);
#7485=ORIENTED_EDGE('',*,*,#7488,.T.);
#7486=EDGE_CURVE('',#91,#457,#7489,.F.);
#7487=EDGE_CURVE('',#457,#95,#7490,.T.);
#7488=EDGE_CURVE('',#95,#91,#7491,.T.);
#7489=LINE('',#90,#7492);
#7490=LINE('',#456,#7493);
#7491=LINE('',#94,#7494);
#7492=VECTOR('',#7495,1.0);
#7493=VECTOR('',#7496,1.0);
#7494=VECTOR('',#7497,1.0);
#7495=DIRECTION('',(-0.49056068469712905,-0.14881209047102445,0.8586065317473003));
#7496=DIRECTION('',(0,0,-1));
#7497=DIRECTION('',(0.9569391795437313,0.29028848866975465,0));
#7498=FACE_SURFACE('',(#7503),#7499,.T.);
#7499=PLANE('',#7500);
#7500=AXIS2_PLACEMENT_3D('',#126,#7501,#7502);
#7501=DIRECTION('',(-0.9951844558395175,-0.098019890100954,0));
#7502=DIRECTION('',(0,0,1));
#7503=FACE_BOUND('',#7504,.T.);
#7504=EDGE_LOOP('',(#7505,#7506,#7507));
#7505=ORIENTED_EDGE('',*,*,#7508,.T.);
#7506=ORIENTED_EDGE('',*,*,#7509,.T.);
#7507=ORIENTED_EDGE('',*,*,#7510,.T.);
#7508=EDGE_CURVE('',#127,#459,#7511,.F.);
#7509=EDGE_CURVE('',#459,#461,#7512,.T.);
#7510=EDGE_CURVE('',#461,#127,#7513,.T.);
#7511=LINE('',#126,#7514);
#7512=LINE('',#458,#7515);
#7513=LINE('',#460,#7516);
#7514=VECTOR('',#7517,1.0);
#7515=VECTOR('',#7518,1.0);
#7516=VECTOR('',#7519,1.0);
#7517=DIRECTION('',(0,0,1));
#7518=DIRECTION('',(-0.09801989010095401,0.9951844558395176,0));
#7519=DIRECTION('',(0.05024860695782625,-0.5101682170885378,-0.8586055367696509));
#7520=FACE_SURFACE('',(#7525),#7521,.T.);
#7521=PLANE('',#7522);
#7522=AXIS2_PLACEMENT_3D('',#126,#7523,#7524);
#7523=DIRECTION('',(-0.9951844558395175,-0.098019890100954,0));
#7524=DIRECTION('',(-0.05024860695782625,0.5101682170885378,0.8586055367696509));
#7525=FACE_BOUND('',#7526,.T.);
#7526=EDGE_LOOP('',(#7527,#7528,#7529));
#7527=ORIENTED_EDGE('',*,*,#7530,.T.);
#7528=ORIENTED_EDGE('',*,*,#7531,.T.);
#7529=ORIENTED_EDGE('',*,*,#7532,.T.);
#7530=EDGE_CURVE('',#127,#461,#7533,.F.);
#7531=EDGE_CURVE('',#461,#131,#7534,.T.);
#7532=EDGE_CURVE('',#131,#127,#7535,.T.);
#7533=LINE('',#126,#7536);
#7534=LINE('',#460,#7537);
#7535=LINE('',#130,#7538);
#7536=VECTOR('',#7539,1.0);
#7537=VECTOR('',#7540,1.0);
#7538=VECTOR('',#7541,1.0);
#7539=DIRECTION('',(-0.05024860695782625,0.5101682170885378,0.8586055367696509));
#7540=DIRECTION('',(0,0,-1));
#7541=DIRECTION('',(0.09801989010095401,-0.9951844558395176,0));
#7542=FACE_SURFACE('',(#7547),#7543,.T.);
#7543=PLANE('',#7544);
#7544=AXIS2_PLACEMENT_3D('',#38,#7545,#7546);
#7545=DIRECTION('',(0.2902819886324209,0.9569411513126641,-0));
#7546=DIRECTION('',(0,0,1));
#7547=FACE_BOUND('',#7548,.T.);
#7548=EDGE_LOOP('',(#7549,#7550,#7551));
#7549=ORIENTED_EDGE('',*,*,#7552,.T.);
#7550=ORIENTED_EDGE('',*,*,#7553,.T.);
#7551=ORIENTED_EDGE('',*,*,#7554,.T.);
#7552=EDGE_CURVE('',#39,#463,#7555,.F.);
#7553=EDGE_CURVE('',#463,#465,#7556,.T.);
#7554=EDGE_CURVE('',#465,#39,#7557,.T.);
#7555=LINE('',#38,#7558);
#7556=LINE('',#462,#7559);
#7557=LINE('',#464,#7560);
#7558=VECTOR('',#7561,1.0);
#7559=VECTOR('',#7562,1.0);
#7560=VECTOR('',#7563,1.0);
#7561=DIRECTION('',(0,0,1));
#7562=DIRECTION('',(0.9569411513126641,-0.29028198863242094,0));
#7563=DIRECTION('',(-0.49056127339421995,0.14880863028159166,-0.8586067951044632));
#7564=FACE_SURFACE('',(#7569),#7565,.T.);
#7565=PLANE('',#7566);
#7566=AXIS2_PLACEMENT_3D('',#38,#7567,#7568);
#7567=DIRECTION('',(0.2902819886324209,0.9569411513126641,0));
#7568=DIRECTION('',(0.49056127339421995,-0.14880863028159166,0.8586067951044632));
#7569=FACE_BOUND('',#7570,.T.);
#7570=EDGE_LOOP('',(#7571,#7572,#7573));
#7571=ORIENTED_EDGE('',*,*,#7574,.T.);
#7572=ORIENTED_EDGE('',*,*,#7575,.T.);
#7573=ORIENTED_EDGE('',*,*,#7576,.T.);
#7574=EDGE_CURVE('',#39,#465,#7577,.F.);
#7575=EDGE_CURVE('',#465,#43,#7578,.T.);
#7576=EDGE_CURVE('',#43,#39,#7579,.T.);
#7577=LINE('',#38,#7580);
#7578=LINE('',#464,#7581);
#7579=LINE('',#42,#7582);
#7580=VECTOR('',#7583,1.0);
#7581=VECTOR('',#7584,1.0);
#7582=VECTOR('',#7585,1.0);
#7583=DIRECTION('',(0.49056127339421995,-0.14880863028159166,0.8586067951044632));
#7584=DIRECTION('',(0,0,-1));
#7585=DIRECTION('',(-0.9569411513126641,0.29028198863242094,0));
#7586=FACE_SURFACE('',(#7591),#7587,.T.);
#7587=PLANE('',#7588);
#7588=AXIS2_PLACEMENT_3D('',#74,#7589,#7590);
#7589=DIRECTION('',(0.8819228268493613,-0.4713938135805684,0));
#7590=DIRECTION('',(0,0,1));
#7591=FACE_BOUND('',#7592,.T.);
#7592=EDGE_LOOP('',(#7593,#7594,#7595));
#7593=ORIENTED_EDGE('',*,*,#7596,.T.);
#7594=ORIENTED_EDGE('',*,*,#7597,.T.);
#7595=ORIENTED_EDGE('',*,*,#7598,.T.);
#7596=EDGE_CURVE('',#75,#467,#7599,.F.);
#7597=EDGE_CURVE('',#467,#469,#7600,.T.);
#7598=EDGE_CURVE('',#469,#75,#7601,.T.);
#7599=LINE('',#74,#7602);
#7600=LINE('',#466,#7603);
#7601=LINE('',#468,#7604);
#7602=VECTOR('',#7605,1.0);
#7603=VECTOR('',#7606,1.0);
#7604=VECTOR('',#7607,1.0);
#7605=DIRECTION('',(0,0,1));
#7606=DIRECTION('',(-0.47139381358056837,-0.8819228268493612,0));
#7607=DIRECTION('',(0.24165326325189732,0.45210506142559026,-0.8586062623770411));
#7608=FACE_SURFACE('',(#7613),#7609,.T.);
#7609=PLANE('',#7610);
#7610=AXIS2_PLACEMENT_3D('',#74,#7611,#7612);
#7611=DIRECTION('',(0.8819228268493613,-0.4713938135805684,0));
#7612=DIRECTION('',(-0.24165326325189732,-0.45210506142559026,0.8586062623770411));
#7613=FACE_BOUND('',#7614,.T.);
#7614=EDGE_LOOP('',(#7615,#7616,#7617));
#7615=ORIENTED_EDGE('',*,*,#7618,.T.);
#7616=ORIENTED_EDGE('',*,*,#7619,.T.);
#7617=ORIENTED_EDGE('',*,*,#7620,.T.);
#7618=EDGE_CURVE('',#75,#469,#7621,.F.);
#7619=EDGE_CURVE('',#469,#79,#7622,.T.);
#7620=EDGE_CURVE('',#79,#75,#7623,.T.);
#7621=LINE('',#74,#7624);
#7622=LINE('',#468,#7625);
#7623=LINE('',#78,#7626);
#7624=VECTOR('',#7627,1.0);
#7625=VECTOR('',#7628,1.0);
#7626=VECTOR('',#7629,1.0);
#7627=DIRECTION('',(-0.24165326325189732,-0.45210506142559026,0.8586062623770411));
#7628=DIRECTION('',(0,0,-1));
#7629=DIRECTION('',(0.47139381358056837,0.8819228268493612,0));
#7630=FACE_SURFACE('',(#7635),#7631,.T.);
#7631=PLANE('',#7632);
#7632=AXIS2_PLACEMENT_3D('',#110,#7633,#7634);
#7633=DIRECTION('',(-0.6343925884137126,-0.7730110243494267,0));
#7634=DIRECTION('',(0,0,1));
#7635=FACE_BOUND('',#7636,.T.);
#7636=EDGE_LOOP('',(#7637,#7638,#7639));
#7637=ORIENTED_EDGE('',*,*,#7640,.T.);
#7638=ORIENTED_EDGE('',*,*,#7641,.T.);
#7639=ORIENTED_EDGE('',*,*,#7642,.T.);
#7640=EDGE_CURVE('',#111,#471,#7643,.F.);
#7641=EDGE_CURVE('',#471,#473,#7644,.T.);
#7642=EDGE_CURVE('',#473,#111,#7645,.T.);
#7643=LINE('',#110,#7646);
#7644=LINE('',#470,#7647);
#7645=LINE('',#472,#7648);
#7646=VECTOR('',#7649,1.0);
#7647=VECTOR('',#7650,1.0);
#7648=VECTOR('',#7651,1.0);
#7649=DIRECTION('',(0,0,1));
#7650=DIRECTION('',(-0.7730110243494266,0.6343925884137125,0));
#7651=DIRECTION('',(0.3962723048177146,-0.32521167907217324,-0.8586067925596177));
#7652=FACE_SURFACE('',(#7657),#7653,.T.);
#7653=PLANE('',#7654);
#7654=AXIS2_PLACEMENT_3D('',#110,#7655,#7656);
#7655=DIRECTION('',(-0.6343925884137126,-0.7730110243494267,0));
#7656=DIRECTION('',(-0.3962723048177146,0.32521167907217324,0.8586067925596177));
#7657=FACE_BOUND('',#7658,.T.);
#7658=EDGE_LOOP('',(#7659,#7660,#7661));
#7659=ORIENTED_EDGE('',*,*,#7662,.T.);
#7660=ORIENTED_EDGE('',*,*,#7663,.T.);
#7661=ORIENTED_EDGE('',*,*,#7664,.T.);
#7662=EDGE_CURVE('',#111,#473,#7665,.F.);
#7663=EDGE_CURVE('',#473,#115,#7666,.T.);
#7664=EDGE_CURVE('',#115,#111,#7667,.T.);
#7665=LINE('',#110,#7668);
#7666=LINE('',#472,#7669);
#7667=LINE('',#114,#7670);
#7668=VECTOR('',#7671,1.0);
#7669=VECTOR('',#7672,1.0);
#7670=VECTOR('',#7673,1.0);
#7671=DIRECTION('',(-0.3962723048177146,0.32521167907217324,0.8586067925596177));
#7672=DIRECTION('',(0,0,-1));
#7673=DIRECTION('',(0.7730110243494266,-0.6343925884137125,0));
#7674=FACE_SURFACE('',(#7679),#7675,.T.);
#7675=PLANE('',#7676);
#7676=AXIS2_PLACEMENT_3D('',#146,#7677,#7678);
#7677=DIRECTION('',(-0.6343934268450312,0.7730103362671277,0));
#7678=DIRECTION('',(0,0,1));
#7679=FACE_BOUND('',#7680,.T.);
#7680=EDGE_LOOP('',(#7681,#7682,#7683));
#7681=ORIENTED_EDGE('',*,*,#7684,.T.);
#7682=ORIENTED_EDGE('',*,*,#7685,.T.);
#7683=ORIENTED_EDGE('',*,*,#7686,.T.);
#7684=EDGE_CURVE('',#147,#475,#7687,.F.);
#7685=EDGE_CURVE('',#475,#477,#7688,.T.);
#7686=EDGE_CURVE('',#477,#147,#7689,.T.);
#7687=LINE('',#146,#7690);
#7688=LINE('',#474,#7691);
#7689=LINE('',#476,#7692);
#7690=VECTOR('',#7693,1.0);
#7691=VECTOR('',#7694,1.0);
#7692=VECTOR('',#7695,1.0);
#7693=DIRECTION('',(0,0,1));
#7694=DIRECTION('',(0.7730103362671278,0.6343934268450313,0));
#7695=DIRECTION('',(-0.3962715659906331,-0.32521179202340134,-0.858607090767517));
#7696=FACE_SURFACE('',(#7701),#7697,.T.);
#7697=PLANE('',#7698);
#7698=AXIS2_PLACEMENT_3D('',#146,#7699,#7700);
#7699=DIRECTION('',(-0.6343934268450312,0.7730103362671277,0));
#7700=DIRECTION('',(0.3962715659906331,0.32521179202340134,0.858607090767517));
#7701=FACE_BOUND('',#7702,.T.);
#7702=EDGE_LOOP('',(#7703,#7704,#7705));
#7703=ORIENTED_EDGE('',*,*,#7706,.T.);
#7704=ORIENTED_EDGE('',*,*,#7707,.T.);
#7705=ORIENTED_EDGE('',*,*,#7708,.T.);
#7706=EDGE_CURVE('',#147,#477,#7709,.F.);
#7707=EDGE_CURVE('',#477,#151,#7710,.T.);
#7708=EDGE_CURVE('',#151,#147,#7711,.T.);
#7709=LINE('',#146,#7712);
#7710=LINE('',#476,#7713);
#7711=LINE('',#150,#7714);
#7712=VECTOR('',#7715,1.0);
#7713=VECTOR('',#7716,1.0);
#7714=VECTOR('',#7717,1.0);
#7715=DIRECTION('',(0.3962715659906331,0.32521179202340134,0.858607090767517));
#7716=DIRECTION('',(0,0,-1));
#7717=DIRECTION('',(-0.7730103362671278,-0.6343934268450313,0));
#7718=FACE_SURFACE('',(#7723),#7719,.T.);
#7719=PLANE('',#7720);
#7720=AXIS2_PLACEMENT_3D('',#58,#7721,#7722);
#7721=DIRECTION('',(0.9569391969246246,0.29028843137344384,-0));
#7722=DIRECTION('',(0,0,1));
#7723=FACE_BOUND('',#7724,.T.);
#7724=EDGE_LOOP('',(#7725,#7726,#7727));
#7725=ORIENTED_EDGE('',*,*,#7728,.T.);
#7726=ORIENTED_EDGE('',*,*,#7729,.T.);
#7727=ORIENTED_EDGE('',*,*,#7730,.T.);
#7728=EDGE_CURVE('',#59,#453,#7731,.F.);
#7729=EDGE_CURVE('',#453,#479,#7732,.T.);
#7730=EDGE_CURVE('',#479,#59,#7733,.T.);
#7731=LINE('',#58,#7734);
#7732=LINE('',#452,#7735);
#7733=LINE('',#478,#7736);
#7734=VECTOR('',#7737,1.0);
#7735=VECTOR('',#7738,1.0);
#7736=VECTOR('',#7739,1.0);
#7737=DIRECTION('',(0,0,1));
#7738=DIRECTION('',(0.29028843137344384,-0.9569391969246246,0));
#7739=DIRECTION('',(-0.14881127508803468,0.4905581025131429,-0.8586081483804926));
#7740=FACE_SURFACE('',(#7745),#7741,.T.);
#7741=PLANE('',#7742);
#7742=AXIS2_PLACEMENT_3D('',#58,#7743,#7744);
#7743=DIRECTION('',(0.9569391969246246,0.29028843137344384,0));
#7744=DIRECTION('',(0.14881127508803468,-0.4905581025131429,0.8586081483804926));
#7745=FACE_BOUND('',#7746,.T.);
#7746=EDGE_LOOP('',(#7747,#7748,#7749));
#7747=ORIENTED_EDGE('',*,*,#7750,.T.);
#7748=ORIENTED_EDGE('',*,*,#7751,.T.);
#7749=ORIENTED_EDGE('',*,*,#7752,.T.);
#7750=EDGE_CURVE('',#59,#479,#7753,.F.);
#7751=EDGE_CURVE('',#479,#63,#7754,.T.);
#7752=EDGE_CURVE('',#63,#59,#7755,.T.);
#7753=LINE('',#58,#7756);
#7754=LINE('',#478,#7757);
#7755=LINE('',#62,#7758);
#7756=VECTOR('',#7759,1.0);
#7757=VECTOR('',#7760,1.0);
#7758=VECTOR('',#7761,1.0);
#7759=DIRECTION('',(0.14881127508803468,-0.4905581025131429,0.8586081483804926));
#7760=DIRECTION('',(0,0,-1));
#7761=DIRECTION('',(-0.29028843137344384,0.9569391969246246,0));
#7762=FACE_SURFACE('',(#7767),#7763,.T.);
#7763=PLANE('',#7764);
#7764=AXIS2_PLACEMENT_3D('',#94,#7765,#7766);
#7765=DIRECTION('',(0.09801450562462131,-0.9951849861644623,0));
#7766=DIRECTION('',(0,0,1));
#7767=FACE_BOUND('',#7768,.T.);
#7768=EDGE_LOOP('',(#7769,#7770,#7771));
#7769=ORIENTED_EDGE('',*,*,#7772,.T.);
#7770=ORIENTED_EDGE('',*,*,#7773,.T.);
#7771=ORIENTED_EDGE('',*,*,#7774,.T.);
#7772=EDGE_CURVE('',#95,#457,#7775,.F.);
#7773=EDGE_CURVE('',#457,#481,#7776,.T.);
#7774=EDGE_CURVE('',#481,#95,#7777,.T.);
#7775=LINE('',#94,#7778);
#7776=LINE('',#456,#7779);
#7777=LINE('',#480,#7780);
#7778=VECTOR('',#7781,1.0);
#7779=VECTOR('',#7782,1.0);
#7780=VECTOR('',#7783,1.0);
#7781=DIRECTION('',(0,0,1));
#7782=DIRECTION('',(-0.9951849861644623,-0.09801450562462131,0));
#7783=DIRECTION('',(0.5101661886142107,0.050245620119469585,-0.858606916844757));
#7784=FACE_SURFACE('',(#7789),#7785,.T.);
#7785=PLANE('',#7786);
#7786=AXIS2_PLACEMENT_3D('',#94,#7787,#7788);
#7787=DIRECTION('',(0.09801450562462131,-0.9951849861644623,0));
#7788=DIRECTION('',(-0.5101661886142107,-0.050245620119469585,0.858606916844757));
#7789=FACE_BOUND('',#7790,.T.);
#7790=EDGE_LOOP('',(#7791,#7792,#7793));
#7791=ORIENTED_EDGE('',*,*,#7794,.T.);
#7792=ORIENTED_EDGE('',*,*,#7795,.T.);
#7793=ORIENTED_EDGE('',*,*,#7796,.T.);
#7794=EDGE_CURVE('',#95,#481,#7797,.F.);
#7795=EDGE_CURVE('',#481,#99,#7798,.T.);
#7796=EDGE_CURVE('',#99,#95,#7799,.T.);
#7797=LINE('',#94,#7800);
#7798=LINE('',#480,#7801);
#7799=LINE('',#98,#7802);
#7800=VECTOR('',#7803,1.0);
#7801=VECTOR('',#7804,1.0);
#7802=VECTOR('',#7805,1.0);
#7803=DIRECTION('',(-0.5101661886142107,-0.050245620119469585,0.858606916844757));
#7804=DIRECTION('',(0,0,-1));
#7805=DIRECTION('',(0.9951849861644623,0.09801450562462131,0));
#7806=FACE_SURFACE('',(#7811),#7807,.T.);
#7807=PLANE('',#7808);
#7808=AXIS2_PLACEMENT_3D('',#130,#7809,#7810);
#7809=DIRECTION('',(-0.9951848070739595,0.09801632399333253,0));
#7810=DIRECTION('',(0,0,1));
#7811=FACE_BOUND('',#7812,.T.);
#7812=EDGE_LOOP('',(#7813,#7814,#7815));
#7813=ORIENTED_EDGE('',*,*,#7816,.T.);
#7814=ORIENTED_EDGE('',*,*,#7817,.T.);
#7815=ORIENTED_EDGE('',*,*,#7818,.T.);
#7816=EDGE_CURVE('',#131,#461,#7819,.F.);
#7817=EDGE_CURVE('',#461,#483,#7820,.T.);
#7818=EDGE_CURVE('',#483,#131,#7821,.T.);
#7819=LINE('',#130,#7822);
#7820=LINE('',#460,#7823);
#7821=LINE('',#482,#7824);
#7822=VECTOR('',#7825,1.0);
#7823=VECTOR('',#7826,1.0);
#7824=VECTOR('',#7827,1.0);
#7825=DIRECTION('',(0,0,1));
#7826=DIRECTION('',(0.09801632399333254,0.9951848070739596,0));
#7827=DIRECTION('',(-0.050246511215703504,-0.5101656798896167,-0.858607166970679));
#7828=FACE_SURFACE('',(#7833),#7829,.T.);
#7829=PLANE('',#7830);
#7830=AXIS2_PLACEMENT_3D('',#130,#7831,#7832);
#7831=DIRECTION('',(-0.9951848070739595,0.09801632399333253,0));
#7832=DIRECTION('',(0.050246511215703504,0.5101656798896167,0.858607166970679));
#7833=FACE_BOUND('',#7834,.T.);
#7834=EDGE_LOOP('',(#7835,#7836,#7837));
#7835=ORIENTED_EDGE('',*,*,#7838,.T.);
#7836=ORIENTED_EDGE('',*,*,#7839,.T.);
#7837=ORIENTED_EDGE('',*,*,#7840,.T.);
#7838=EDGE_CURVE('',#131,#483,#7841,.F.);
#7839=EDGE_CURVE('',#483,#135,#7842,.T.);
#7840=EDGE_CURVE('',#135,#131,#7843,.T.);
#7841=LINE('',#130,#7844);
#7842=LINE('',#482,#7845);
#7843=LINE('',#134,#7846);
#7844=VECTOR('',#7847,1.0);
#7845=VECTOR('',#7848,1.0);
#7846=VECTOR('',#7849,1.0);
#7847=DIRECTION('',(0.050246511215703504,0.5101656798896167,0.858607166970679));
#7848=DIRECTION('',(0,0,-1));
#7849=DIRECTION('',(-0.09801632399333254,-0.9951848070739596,0));
#7850=FACE_SURFACE('',(#7855),#7851,.T.);
#7851=PLANE('',#7852);
#7852=AXIS2_PLACEMENT_3D('',#42,#7853,#7854);
#7853=DIRECTION('',(0.4713952122045147,0.8819220792738213,-0));
#7854=DIRECTION('',(0,0,1));
#7855=FACE_BOUND('',#7856,.T.);
#7856=EDGE_LOOP('',(#7857,#7858,#7859));
#7857=ORIENTED_EDGE('',*,*,#7860,.T.);
#7858=ORIENTED_EDGE('',*,*,#7861,.T.);
#7859=ORIENTED_EDGE('',*,*,#7862,.T.);
#7860=EDGE_CURVE('',#43,#465,#7863,.F.);
#7861=EDGE_CURVE('',#465,#485,#7864,.T.);
#7862=EDGE_CURVE('',#485,#43,#7865,.T.);
#7863=LINE('',#42,#7866);
#7864=LINE('',#464,#7867);
#7865=LINE('',#484,#7868);
#7866=VECTOR('',#7869,1.0);
#7867=VECTOR('',#7870,1.0);
#7868=VECTOR('',#7871,1.0);
#7869=DIRECTION('',(0,0,1));
#7870=DIRECTION('',(0.8819220792738215,-0.4713952122045148,0));
#7871=DIRECTION('',(-0.45210399151957464,0.24165361320397113,-0.8586067272491719));
#7872=FACE_SURFACE('',(#7877),#7873,.T.);
#7873=PLANE('',#7874);
#7874=AXIS2_PLACEMENT_3D('',#42,#7875,#7876);
#7875=DIRECTION('',(0.4713952122045147,0.8819220792738213,0));
#7876=DIRECTION('',(0.45210399151957464,-0.24165361320397113,0.8586067272491719));
#7877=FACE_BOUND('',#7878,.T.);
#7878=EDGE_LOOP('',(#7879,#7880,#7881));
#7879=ORIENTED_EDGE('',*,*,#7882,.T.);
#7880=ORIENTED_EDGE('',*,*,#7883,.T.);
#7881=ORIENTED_EDGE('',*,*,#7884,.T.);
#7882=EDGE_CURVE('',#43,#485,#7885,.F.);
#7883=EDGE_CURVE('',#485,#47,#7886,.T.);
#7884=EDGE_CURVE('',#47,#43,#7887,.T.);
#7885=LINE('',#42,#7888);
#7886=LINE('',#484,#7889);
#7887=LINE('',#46,#7890);
#7888=VECTOR('',#7891,1.0);
#7889=VECTOR('',#7892,1.0);
#7890=VECTOR('',#7893,1.0);
#7891=DIRECTION('',(0.45210399151957464,-0.24165361320397113,0.8586067272491719));
#7892=DIRECTION('',(0,0,-1));
#7893=DIRECTION('',(-0.8819220792738215,0.4713952122045148,0));
#7894=FACE_SURFACE('',(#7899),#7895,.T.);
#7895=PLANE('',#7896);
#7896=AXIS2_PLACEMENT_3D('',#78,#7897,#7898);
#7897=DIRECTION('',(0.7730103362671277,-0.6343934268450312,0));
#7898=DIRECTION('',(0,0,1));
#7899=FACE_BOUND('',#7900,.T.);
#7900=EDGE_LOOP('',(#7901,#7902,#7903));
#7901=ORIENTED_EDGE('',*,*,#7904,.T.);
#7902=ORIENTED_EDGE('',*,*,#7905,.T.);
#7903=ORIENTED_EDGE('',*,*,#7906,.T.);
#7904=EDGE_CURVE('',#79,#469,#7907,.F.);
#7905=EDGE_CURVE('',#469,#487,#7908,.T.);
#7906=EDGE_CURVE('',#487,#79,#7909,.T.);
#7907=LINE('',#78,#7910);
#7908=LINE('',#468,#7911);
#7909=LINE('',#486,#7912);
#7910=VECTOR('',#7913,1.0);
#7911=VECTOR('',#7914,1.0);
#7912=VECTOR('',#7915,1.0);
#7913=DIRECTION('',(0,0,1));
#7914=DIRECTION('',(-0.6343934268450313,-0.7730103362671278,0));
#7915=DIRECTION('',(0.32521179202340134,0.3962715659906331,-0.858607090767517));
#7916=FACE_SURFACE('',(#7921),#7917,.T.);
#7917=PLANE('',#7918);
#7918=AXIS2_PLACEMENT_3D('',#78,#7919,#7920);
#7919=DIRECTION('',(0.7730103362671277,-0.6343934268450312,0));
#7920=DIRECTION('',(-0.32521179202340134,-0.3962715659906331,0.858607090767517));
#7921=FACE_BOUND('',#7922,.T.);
#7922=EDGE_LOOP('',(#7923,#7924,#7925));
#7923=ORIENTED_EDGE('',*,*,#7926,.T.);
#7924=ORIENTED_EDGE('',*,*,#7927,.T.);
#7925=ORIENTED_EDGE('',*,*,#7928,.T.);
#7926=EDGE_CURVE('',#79,#487,#7929,.F.);
#7927=EDGE_CURVE('',#487,#83,#7930,.T.);
#7928=EDGE_CURVE('',#83,#79,#7931,.T.);
#7929=LINE('',#78,#7932);
#7930=LINE('',#486,#7933);
#7931=LINE('',#82,#7934);
#7932=VECTOR('',#7935,1.0);
#7933=VECTOR('',#7936,1.0);
#7934=VECTOR('',#7937,1.0);
#7935=DIRECTION('',(-0.32521179202340134,-0.3962715659906331,0.858607090767517));
#7936=DIRECTION('',(0,0,-1));
#7937=DIRECTION('',(0.6343934268450313,0.7730103362671278,0));
#7938=FACE_SURFACE('',(#7943),#7939,.T.);
#7939=PLANE('',#7940);
#7940=AXIS2_PLACEMENT_3D('',#114,#7941,#7942);
#7941=DIRECTION('',(-0.7730086594039577,-0.6343954701024404,0));
#7942=DIRECTION('',(0,0,1));
#7943=FACE_BOUND('',#7944,.T.);
#7944=EDGE_LOOP('',(#7945,#7946,#7947));
#7945=ORIENTED_EDGE('',*,*,#7948,.T.);
#7946=ORIENTED_EDGE('',*,*,#7949,.T.);
#7947=ORIENTED_EDGE('',*,*,#7950,.T.);
#7948=EDGE_CURVE('',#115,#473,#7951,.F.);
#7949=EDGE_CURVE('',#473,#489,#7952,.T.);
#7950=EDGE_CURVE('',#489,#115,#7953,.T.);
#7951=LINE('',#114,#7954);
#7952=LINE('',#472,#7955);
#7953=LINE('',#488,#7956);
#7954=VECTOR('',#7957,1.0);
#7955=VECTOR('',#7958,1.0);
#7956=VECTOR('',#7959,1.0);
#7957=DIRECTION('',(0,0,1));
#7958=DIRECTION('',(-0.6343954701024402,0.7730086594039576,0));
#7959=DIRECTION('',(0.32521335954635233,-0.3962713400878934,-0.8586066013009218));
#7960=FACE_SURFACE('',(#7965),#7961,.T.);
#7961=PLANE('',#7962);
#7962=AXIS2_PLACEMENT_3D('',#114,#7963,#7964);
#7963=DIRECTION('',(-0.7730086594039577,-0.6343954701024404,0));
#7964=DIRECTION('',(-0.32521335954635233,0.3962713400878934,0.8586066013009218));
#7965=FACE_BOUND('',#7966,.T.);
#7966=EDGE_LOOP('',(#7967,#7968,#7969));
#7967=ORIENTED_EDGE('',*,*,#7970,.T.);
#7968=ORIENTED_EDGE('',*,*,#7971,.T.);
#7969=ORIENTED_EDGE('',*,*,#7972,.T.);
#7970=EDGE_CURVE('',#115,#489,#7973,.F.);
#7971=EDGE_CURVE('',#489,#119,#7974,.T.);
#7972=EDGE_CURVE('',#119,#115,#7975,.T.);
#7973=LINE('',#114,#7976);
#7974=LINE('',#488,#7977);
#7975=LINE('',#118,#7978);
#7976=VECTOR('',#7979,1.0);
#7977=VECTOR('',#7980,1.0);
#7978=VECTOR('',#7981,1.0);
#7979=DIRECTION('',(-0.32521335954635233,0.3962713400878934,0.8586066013009218));
#7980=DIRECTION('',(0,0,-1));
#7981=DIRECTION('',(0.6343954701024402,-0.7730086594039576,0));
#7982=FACE_SURFACE('',(#7987),#7983,.T.);
#7983=PLANE('',#7984);
#7984=AXIS2_PLACEMENT_3D('',#150,#7985,#7986);
#7985=DIRECTION('',(-0.4713962783848834,0.8819215093900826,0));
#7986=DIRECTION('',(0,0,1));
#7987=FACE_BOUND('',#7988,.T.);
#7988=EDGE_LOOP('',(#7989,#7990,#7991));
#7989=ORIENTED_EDGE('',*,*,#7992,.T.);
#7990=ORIENTED_EDGE('',*,*,#7993,.T.);
#7991=ORIENTED_EDGE('',*,*,#7994,.T.);
#7992=EDGE_CURVE('',#151,#477,#7995,.F.);
#7993=EDGE_CURVE('',#477,#491,#7996,.T.);
#7994=EDGE_CURVE('',#491,#151,#7997,.T.);
#7995=LINE('',#150,#7998);
#7996=LINE('',#476,#7999);
#7997=LINE('',#490,#8000);
#7998=VECTOR('',#8001,1.0);
#7999=VECTOR('',#8002,1.0);
#8000=VECTOR('',#8003,1.0);
#8001=DIRECTION('',(0,0,1));
#8002=DIRECTION('',(0.8819215093900825,0.47139627838488335,0));
#8003=DIRECTION('',(-0.4521029455505444,-0.2416537568368857,-0.8586072375837166));
#8004=FACE_SURFACE('',(#8009),#8005,.T.);
#8005=PLANE('',#8006);
#8006=AXIS2_PLACEMENT_3D('',#150,#8007,#8008);
#8007=DIRECTION('',(-0.4713962783848834,0.8819215093900826,0));
#8008=DIRECTION('',(0.4521029455505444,0.2416537568368857,0.8586072375837166));
#8009=FACE_BOUND('',#8010,.T.);
#8010=EDGE_LOOP('',(#8011,#8012,#8013));
#8011=ORIENTED_EDGE('',*,*,#8014,.T.);
#8012=ORIENTED_EDGE('',*,*,#8015,.T.);
#8013=ORIENTED_EDGE('',*,*,#8016,.T.);
#8014=EDGE_CURVE('',#151,#491,#8017,.F.);
#8015=EDGE_CURVE('',#491,#155,#8018,.T.);
#8016=EDGE_CURVE('',#155,#151,#8019,.T.);
#8017=LINE('',#150,#8020);
#8018=LINE('',#490,#8021);
#8019=LINE('',#154,#8022);
#8020=VECTOR('',#8023,1.0);
#8021=VECTOR('',#8024,1.0);
#8022=VECTOR('',#8025,1.0);
#8023=DIRECTION('',(0.4521029455505444,0.2416537568368857,0.8586072375837166));
#8024=DIRECTION('',(0,0,-1));
#8025=DIRECTION('',(-0.8819215093900825,-0.47139627838488335,0));
#8026=FACE_SURFACE('',(#8031),#8027,.T.);
#8027=PLANE('',#8028);
#8028=AXIS2_PLACEMENT_3D('',#62,#8029,#8030);
#8029=DIRECTION('',(0.9951845152165801,0.09801928725072491,-0));
#8030=DIRECTION('',(0,0,1));
#8031=FACE_BOUND('',#8032,.T.);
#8032=EDGE_LOOP('',(#8033,#8034,#8035));
#8033=ORIENTED_EDGE('',*,*,#8036,.T.);
#8034=ORIENTED_EDGE('',*,*,#8037,.T.);
#8035=ORIENTED_EDGE('',*,*,#8038,.T.);
#8036=EDGE_CURVE('',#63,#479,#8039,.F.);
#8037=EDGE_CURVE('',#479,#493,#8040,.T.);
#8038=EDGE_CURVE('',#493,#63,#8041,.T.);
#8039=LINE('',#62,#8042);
#8040=LINE('',#478,#8043);
#8041=LINE('',#492,#8044);
#8042=VECTOR('',#8045,1.0);
#8043=VECTOR('',#8046,1.0);
#8044=VECTOR('',#8047,1.0);
#8045=DIRECTION('',(0,0,1));
#8046=DIRECTION('',(0.09801928725072492,-0.9951845152165802,0));
#8047=DIRECTION('',(-0.05024804114615843,0.510165640571444,-0.8586071007983234));
#8048=FACE_SURFACE('',(#8053),#8049,.T.);
#8049=PLANE('',#8050);
#8050=AXIS2_PLACEMENT_3D('',#62,#8051,#8052);
#8051=DIRECTION('',(0.9951845152165801,0.09801928725072491,0));
#8052=DIRECTION('',(0.05024804114615843,-0.510165640571444,0.8586071007983234));
#8053=FACE_BOUND('',#8054,.T.);
#8054=EDGE_LOOP('',(#8055,#8056,#8057));
#8055=ORIENTED_EDGE('',*,*,#8058,.T.);
#8056=ORIENTED_EDGE('',*,*,#8059,.T.);
#8057=ORIENTED_EDGE('',*,*,#8060,.T.);
#8058=EDGE_CURVE('',#63,#493,#8061,.F.);
#8059=EDGE_CURVE('',#493,#67,#8062,.T.);
#8060=EDGE_CURVE('',#67,#63,#8063,.T.);
#8061=LINE('',#62,#8064);
#8062=LINE('',#492,#8065);
#8063=LINE('',#66,#8066);
#8064=VECTOR('',#8067,1.0);
#8065=VECTOR('',#8068,1.0);
#8066=VECTOR('',#8069,1.0);
#8067=DIRECTION('',(0.05024804114615843,-0.510165640571444,0.8586071007983234));
#8068=DIRECTION('',(0,0,-1));
#8069=DIRECTION('',(-0.09801928725072492,0.9951845152165802,0));
#8070=FACE_SURFACE('',(#8075),#8071,.T.);
#8071=PLANE('',#8072);
#8072=AXIS2_PLACEMENT_3D('',#98,#8073,#8074);
#8073=DIRECTION('',(-0.09801442223972968,-0.995184994376931,0));
#8074=DIRECTION('',(0,0,1));
#8075=FACE_BOUND('',#8076,.T.);
#8076=EDGE_LOOP('',(#8077,#8078,#8079));
#8077=ORIENTED_EDGE('',*,*,#8080,.T.);
#8078=ORIENTED_EDGE('',*,*,#8081,.T.);
#8079=ORIENTED_EDGE('',*,*,#8082,.T.);
#8080=EDGE_CURVE('',#99,#481,#8083,.F.);
#8081=EDGE_CURVE('',#481,#495,#8084,.T.);
#8082=EDGE_CURVE('',#495,#99,#8085,.T.);
#8083=LINE('',#98,#8086);
#8084=LINE('',#480,#8087);
#8085=LINE('',#494,#8088);
#8086=VECTOR('',#8089,1.0);
#8087=VECTOR('',#8090,1.0);
#8088=VECTOR('',#8091,1.0);
#8089=DIRECTION('',(0,0,1));
#8090=DIRECTION('',(-0.9951849943769308,0.09801442223972967,0));
#8091=DIRECTION('',(0.5101665127856733,-0.05024560888606637,-0.8586067248861808));
#8092=FACE_SURFACE('',(#8097),#8093,.T.);
#8093=PLANE('',#8094);
#8094=AXIS2_PLACEMENT_3D('',#98,#8095,#8096);
#8095=DIRECTION('',(-0.09801442223972968,-0.995184994376931,0));
#8096=DIRECTION('',(-0.5101665127856733,0.05024560888606637,0.8586067248861808));
#8097=FACE_BOUND('',#8098,.T.);
#8098=EDGE_LOOP('',(#8099,#8100,#8101));
#8099=ORIENTED_EDGE('',*,*,#8102,.T.);
#8100=ORIENTED_EDGE('',*,*,#8103,.T.);
#8101=ORIENTED_EDGE('',*,*,#8104,.T.);
#8102=EDGE_CURVE('',#99,#495,#8105,.F.);
#8103=EDGE_CURVE('',#495,#103,#8106,.T.);
#8104=EDGE_CURVE('',#103,#99,#8107,.T.);
#8105=LINE('',#98,#8108);
#8106=LINE('',#494,#8109);
#8107=LINE('',#102,#8110);
#8108=VECTOR('',#8111,1.0);
#8109=VECTOR('',#8112,1.0);
#8110=VECTOR('',#8113,1.0);
#8111=DIRECTION('',(-0.5101665127856733,0.05024560888606637,0.8586067248861808));
#8112=DIRECTION('',(0,0,-1));
#8113=DIRECTION('',(0.9951849943769308,-0.09801442223972967,0));
#8114=FACE_SURFACE('',(#8119),#8115,.T.);
#8115=PLANE('',#8116);
#8116=AXIS2_PLACEMENT_3D('',#134,#8117,#8118);
#8117=DIRECTION('',(-0.9569413167438299,0.2902814432728781,0));
#8118=DIRECTION('',(0,0,1));
#8119=FACE_BOUND('',#8120,.T.);
#8120=EDGE_LOOP('',(#8121,#8122,#8123));
#8121=ORIENTED_EDGE('',*,*,#8124,.T.);
#8122=ORIENTED_EDGE('',*,*,#8125,.T.);
#8123=ORIENTED_EDGE('',*,*,#8126,.T.);
#8124=EDGE_CURVE('',#135,#483,#8127,.F.);
#8125=EDGE_CURVE('',#483,#497,#8128,.T.);
#8126=EDGE_CURVE('',#497,#135,#8129,.T.);
#8127=LINE('',#134,#8130);
#8128=LINE('',#482,#8131);
#8129=LINE('',#496,#8132);
#8130=VECTOR('',#8133,1.0);
#8131=VECTOR('',#8134,1.0);
#8132=VECTOR('',#8135,1.0);
#8133=DIRECTION('',(0,0,1));
#8134=DIRECTION('',(0.2902814432728781,0.9569413167438299,0));
#8135=DIRECTION('',(-0.1488082337469854,-0.49056097261546444,-0.8586070356779475));
#8136=FACE_SURFACE('',(#8141),#8137,.T.);
#8137=PLANE('',#8138);
#8138=AXIS2_PLACEMENT_3D('',#134,#8139,#8140);
#8139=DIRECTION('',(-0.9569413167438299,0.2902814432728781,0));
#8140=DIRECTION('',(0.1488082337469854,0.49056097261546444,0.8586070356779475));
#8141=FACE_BOUND('',#8142,.T.);
#8142=EDGE_LOOP('',(#8143,#8144,#8145));
#8143=ORIENTED_EDGE('',*,*,#8146,.T.);
#8144=ORIENTED_EDGE('',*,*,#8147,.T.);
#8145=ORIENTED_EDGE('',*,*,#8148,.T.);
#8146=EDGE_CURVE('',#135,#497,#8149,.F.);
#8147=EDGE_CURVE('',#497,#139,#8150,.T.);
#8148=EDGE_CURVE('',#139,#135,#8151,.T.);
#8149=LINE('',#134,#8152);
#8150=LINE('',#496,#8153);
#8151=LINE('',#138,#8154);
#8152=VECTOR('',#8155,1.0);
#8153=VECTOR('',#8156,1.0);
#8154=VECTOR('',#8157,1.0);
#8155=DIRECTION('',(0.1488082337469854,0.49056097261546444,0.8586070356779475));
#8156=DIRECTION('',(0,0,-1));
#8157=DIRECTION('',(-0.2902814432728781,-0.9569413167438299,0));
#8158=FACE_SURFACE('',(#8163),#8159,.T.);
#8159=PLANE('',#8160);
#8160=AXIS2_PLACEMENT_3D('',#36,#8161,#8162);
#8161=DIRECTION('',(-0.09802127877547405,0.9951843190621628,0));
#8162=DIRECTION('',(-0.9951843190621629,-0.09802127877547406,0));
#8163=FACE_BOUND('',#8164,.T.);
#8164=EDGE_LOOP('',(#8165,#8166,#8167));
#8165=ORIENTED_EDGE('',*,*,#8168,.T.);
#8166=ORIENTED_EDGE('',*,*,#8169,.T.);
#8167=ORIENTED_EDGE('',*,*,#8170,.T.);
#8168=EDGE_CURVE('',#37,#159,#8171,.F.);
#8169=EDGE_CURVE('',#159,#499,#8172,.T.);
#8170=EDGE_CURVE('',#499,#37,#8173,.T.);
#8171=LINE('',#36,#8174);
#8172=LINE('',#158,#8175);
#8173=LINE('',#498,#8176);
#8174=VECTOR('',#8177,1.0);
#8175=VECTOR('',#8178,1.0);
#8176=VECTOR('',#8179,1.0);
#8177=DIRECTION('',(-0.9951843190621629,-0.09802127877547406,0));
#8178=DIRECTION('',(0,0,1));
#8179=DIRECTION('',(0.5101660987438821,0.05024911710214202,-0.8586067655934834));
#8180=FACE_SURFACE('',(#8185),#8181,.T.);
#8181=PLANE('',#8182);
#8182=AXIS2_PLACEMENT_3D('',#36,#8183,#8184);
#8183=DIRECTION('',(-0.09802127877547405,0.9951843190621628,0));
#8184=DIRECTION('',(-0.5101660987438821,-0.05024911710214202,0.8586067655934834));
#8185=FACE_BOUND('',#8186,.T.);
#8186=EDGE_LOOP('',(#8187,#8188,#8189));
#8187=ORIENTED_EDGE('',*,*,#8190,.T.);
#8188=ORIENTED_EDGE('',*,*,#8191,.T.);
#8189=ORIENTED_EDGE('',*,*,#8192,.T.);
#8190=EDGE_CURVE('',#37,#499,#8193,.F.);
#8191=EDGE_CURVE('',#499,#501,#8194,.T.);
#8192=EDGE_CURVE('',#501,#37,#8195,.T.);
#8193=LINE('',#36,#8196);
#8194=LINE('',#498,#8197);
#8195=LINE('',#500,#8198);
#8196=VECTOR('',#8199,1.0);
#8197=VECTOR('',#8200,1.0);
#8198=VECTOR('',#8201,1.0);
#8199=DIRECTION('',(-0.5101660987438821,-0.05024911710214202,0.8586067655934834));
#8200=DIRECTION('',(0.9951843190621629,0.09802127877547406,0));
#8201=DIRECTION('',(0,0,-1));
#8202=FACE_SURFACE('',(#8207),#8203,.T.);
#8203=PLANE('',#8204);
#8204=AXIS2_PLACEMENT_3D('',#46,#8205,#8206);
#8205=DIRECTION('',(0.6343923788061125,0.773011196369575,-0));
#8206=DIRECTION('',(0,0,1));
#8207=FACE_BOUND('',#8208,.T.);
#8208=EDGE_LOOP('',(#8209,#8210,#8211));
#8209=ORIENTED_EDGE('',*,*,#8212,.T.);
#8210=ORIENTED_EDGE('',*,*,#8213,.T.);
#8211=ORIENTED_EDGE('',*,*,#8214,.T.);
#8212=EDGE_CURVE('',#47,#485,#8215,.F.);
#8213=EDGE_CURVE('',#485,#503,#8216,.T.);
#8214=EDGE_CURVE('',#503,#47,#8217,.T.);
#8215=LINE('',#46,#8218);
#8216=LINE('',#484,#8219);
#8217=LINE('',#502,#8220);
#8218=VECTOR('',#8221,1.0);
#8219=VECTOR('',#8222,1.0);
#8220=VECTOR('',#8223,1.0);
#8221=DIRECTION('',(0,0,1));
#8222=DIRECTION('',(0.773011196369575,-0.6343923788061125,0));
#8223=DIRECTION('',(-0.3962724895243646,0.32521165083434556,-0.8586067180075881));
#8224=FACE_SURFACE('',(#8229),#8225,.T.);
#8225=PLANE('',#8226);
#8226=AXIS2_PLACEMENT_3D('',#46,#8227,#8228);
#8227=DIRECTION('',(0.6343923788061125,0.773011196369575,0));
#8228=DIRECTION('',(0.3962724895243646,-0.32521165083434556,0.8586067180075881));
#8229=FACE_BOUND('',#8230,.T.);
#8230=EDGE_LOOP('',(#8231,#8232,#8233));
#8231=ORIENTED_EDGE('',*,*,#8234,.T.);
#8232=ORIENTED_EDGE('',*,*,#8235,.T.);
#8233=ORIENTED_EDGE('',*,*,#8236,.T.);
#8234=EDGE_CURVE('',#47,#503,#8237,.F.);
#8235=EDGE_CURVE('',#503,#51,#8238,.T.);
#8236=EDGE_CURVE('',#51,#47,#8239,.T.);
#8237=LINE('',#46,#8240);
#8238=LINE('',#502,#8241);
#8239=LINE('',#50,#8242);
#8240=VECTOR('',#8243,1.0);
#8241=VECTOR('',#8244,1.0);
#8242=VECTOR('',#8245,1.0);
#8243=DIRECTION('',(0.3962724895243646,-0.32521165083434556,0.8586067180075881));
#8244=DIRECTION('',(0,0,-1));
#8245=DIRECTION('',(-0.773011196369575,0.6343923788061125,0));
#8246=FACE_SURFACE('',(#8251),#8247,.T.);
#8247=PLANE('',#8248);
#8248=AXIS2_PLACEMENT_3D('',#158,#8249,#8250);
#8249=DIRECTION('',(-0.2902884886697547,0.9569391795437313,0));
#8250=DIRECTION('',(-0.9569391795437313,-0.29028848866975465,0));
#8251=FACE_BOUND('',#8252,.T.);
#8252=EDGE_LOOP('',(#8253,#8254,#8255));
#8253=ORIENTED_EDGE('',*,*,#8256,.T.);
#8254=ORIENTED_EDGE('',*,*,#8257,.T.);
#8255=ORIENTED_EDGE('',*,*,#8258,.T.);
#8256=EDGE_CURVE('',#159,#155,#8259,.F.);
#8257=EDGE_CURVE('',#155,#491,#8260,.T.);
#8258=EDGE_CURVE('',#491,#159,#8261,.T.);
#8259=LINE('',#158,#8262);
#8260=LINE('',#154,#8263);
#8261=LINE('',#490,#8264);
#8262=VECTOR('',#8265,1.0);
#8263=VECTOR('',#8266,1.0);
#8264=VECTOR('',#8267,1.0);
#8265=DIRECTION('',(-0.9569391795437313,-0.29028848866975465,0));
#8266=DIRECTION('',(0,0,1));
#8267=DIRECTION('',(0.49056068469712905,0.14881209047102445,-0.8586065317473003));
#8268=FACE_SURFACE('',(#8273),#8269,.T.);
#8269=PLANE('',#8270);
#8270=AXIS2_PLACEMENT_3D('',#158,#8271,#8272);
#8271=DIRECTION('',(-0.2902884886697547,0.9569391795437313,0));
#8272=DIRECTION('',(-0.49056068469712905,-0.14881209047102445,0.8586065317473003));
#8273=FACE_BOUND('',#8274,.T.);
#8274=EDGE_LOOP('',(#8275,#8276,#8277));
#8275=ORIENTED_EDGE('',*,*,#8278,.T.);
#8276=ORIENTED_EDGE('',*,*,#8279,.T.);
#8277=ORIENTED_EDGE('',*,*,#8280,.T.);
#8278=EDGE_CURVE('',#159,#491,#8281,.F.);
#8279=EDGE_CURVE('',#491,#499,#8282,.T.);
#8280=EDGE_CURVE('',#499,#159,#8283,.T.);
#8281=LINE('',#158,#8284);
#8282=LINE('',#490,#8285);
#8283=LINE('',#498,#8286);
#8284=VECTOR('',#8287,1.0);
#8285=VECTOR('',#8288,1.0);
#8286=VECTOR('',#8289,1.0);
#8287=DIRECTION('',(-0.49056068469712905,-0.14881209047102445,0.8586065317473003));
#8288=DIRECTION('',(0.9569391795437313,0.29028848866975465,0));
#8289=DIRECTION('',(0,0,-1));
#8290=FACE_SURFACE('',(#8295),#8291,.T.);
#8291=PLANE('',#8292);
#8292=AXIS2_PLACEMENT_3D('',#82,#8293,#8294);
#8293=DIRECTION('',(0.6343978277579728,-0.7730067245088917,0));
#8294=DIRECTION('',(0,0,1));
#8295=FACE_BOUND('',#8296,.T.);
#8296=EDGE_LOOP('',(#8297,#8298,#8299));
#8297=ORIENTED_EDGE('',*,*,#8300,.T.);
#8298=ORIENTED_EDGE('',*,*,#8301,.T.);
#8299=ORIENTED_EDGE('',*,*,#8302,.T.);
#8300=EDGE_CURVE('',#83,#487,#8303,.F.);
#8301=EDGE_CURVE('',#487,#505,#8304,.T.);
#8302=EDGE_CURVE('',#505,#83,#8305,.T.);
#8303=LINE('',#82,#8306);
#8304=LINE('',#486,#8307);
#8305=LINE('',#504,#8308);
#8306=VECTOR('',#8309,1.0);
#8307=VECTOR('',#8310,1.0);
#8308=VECTOR('',#8311,1.0);
#8309=DIRECTION('',(0,0,1));
#8310=DIRECTION('',(-0.7730067245088916,-0.6343978277579727,0));
#8311=DIRECTION('',(0.39627083712416655,0.3252149694236107,-0.8586062236600154));
#8312=FACE_SURFACE('',(#8317),#8313,.T.);
#8313=PLANE('',#8314);
#8314=AXIS2_PLACEMENT_3D('',#82,#8315,#8316);
#8315=DIRECTION('',(0.6343978277579728,-0.7730067245088917,0));
#8316=DIRECTION('',(-0.39627083712416655,-0.3252149694236107,0.8586062236600154));
#8317=FACE_BOUND('',#8318,.T.);
#8318=EDGE_LOOP('',(#8319,#8320,#8321));
#8319=ORIENTED_EDGE('',*,*,#8322,.T.);
#8320=ORIENTED_EDGE('',*,*,#8323,.T.);
#8321=ORIENTED_EDGE('',*,*,#8324,.T.);
#8322=EDGE_CURVE('',#83,#505,#8325,.F.);
#8323=EDGE_CURVE('',#505,#87,#8326,.T.);
#8324=EDGE_CURVE('',#87,#83,#8327,.T.);
#8325=LINE('',#82,#8328);
#8326=LINE('',#504,#8329);
#8327=LINE('',#86,#8330);
#8328=VECTOR('',#8331,1.0);
#8329=VECTOR('',#8332,1.0);
#8330=VECTOR('',#8333,1.0);
#8331=DIRECTION('',(-0.39627083712416655,-0.3252149694236107,0.8586062236600154));
#8332=DIRECTION('',(0,0,-1));
#8333=DIRECTION('',(0.7730067245088916,0.6343978277579727,0));
#8334=FACE_SURFACE('',(#8339),#8335,.T.);
#8335=PLANE('',#8336);
#8336=AXIS2_PLACEMENT_3D('',#118,#8337,#8338);
#8337=DIRECTION('',(-0.8819197078834676,-0.4713996487554261,0));
#8338=DIRECTION('',(0,0,1));
#8339=FACE_BOUND('',#8340,.T.);
#8340=EDGE_LOOP('',(#8341,#8342,#8343));
#8341=ORIENTED_EDGE('',*,*,#8344,.T.);
#8342=ORIENTED_EDGE('',*,*,#8345,.T.);
#8343=ORIENTED_EDGE('',*,*,#8346,.T.);
#8344=EDGE_CURVE('',#119,#489,#8347,.F.);
#8345=EDGE_CURVE('',#489,#507,#8348,.T.);
#8346=EDGE_CURVE('',#507,#119,#8349,.T.);
#8347=LINE('',#118,#8350);
#8348=LINE('',#488,#8351);
#8349=LINE('',#506,#8352);
#8350=VECTOR('',#8353,1.0);
#8351=VECTOR('',#8354,1.0);
#8352=VECTOR('',#8355,1.0);
#8353=DIRECTION('',(0,0,1));
#8354=DIRECTION('',(-0.47139964875542606,0.8819197078834676,0));
#8355=DIRECTION('',(0.241655503145166,-0.45210205672594717,-0.8586072140995701));
#8356=FACE_SURFACE('',(#8361),#8357,.T.);
#8357=PLANE('',#8358);
#8358=AXIS2_PLACEMENT_3D('',#118,#8359,#8360);
#8359=DIRECTION('',(-0.8819197078834676,-0.4713996487554261,0));
#8360=DIRECTION('',(-0.241655503145166,0.45210205672594717,0.8586072140995701));
#8361=FACE_BOUND('',#8362,.T.);
#8362=EDGE_LOOP('',(#8363,#8364,#8365));
#8363=ORIENTED_EDGE('',*,*,#8366,.T.);
#8364=ORIENTED_EDGE('',*,*,#8367,.T.);
#8365=ORIENTED_EDGE('',*,*,#8368,.T.);
#8366=EDGE_CURVE('',#119,#507,#8369,.F.);
#8367=EDGE_CURVE('',#507,#123,#8370,.T.);
#8368=EDGE_CURVE('',#123,#119,#8371,.T.);
#8369=LINE('',#118,#8372);
#8370=LINE('',#506,#8373);
#8371=LINE('',#122,#8374);
#8372=VECTOR('',#8375,1.0);
#8373=VECTOR('',#8376,1.0);
#8374=VECTOR('',#8377,1.0);
#8375=DIRECTION('',(-0.241655503145166,0.45210205672594717,0.8586072140995701));
#8376=DIRECTION('',(0,0,-1));
#8377=DIRECTION('',(0.47139964875542606,-0.8819197078834676,0));
#8378=FACE_SURFACE('',(#8383),#8379,.T.);
#8379=PLANE('',#8380);
#8380=AXIS2_PLACEMENT_3D('',#66,#8381,#8382);
#8381=DIRECTION('',(0.9951849561607355,-0.09801481026535996,0));
#8382=DIRECTION('',(0,0,1));
#8383=FACE_BOUND('',#8384,.T.);
#8384=EDGE_LOOP('',(#8385,#8386,#8387));
#8385=ORIENTED_EDGE('',*,*,#8388,.T.);
#8386=ORIENTED_EDGE('',*,*,#8389,.T.);
#8387=ORIENTED_EDGE('',*,*,#8390,.T.);
#8388=EDGE_CURVE('',#67,#493,#8391,.F.);
#8389=EDGE_CURVE('',#493,#509,#8392,.T.);
#8390=EDGE_CURVE('',#509,#67,#8393,.T.);
#8391=LINE('',#66,#8394);
#8392=LINE('',#492,#8395);
#8393=LINE('',#508,#8396);
#8394=VECTOR('',#8397,1.0);
#8395=VECTOR('',#8398,1.0);
#8396=VECTOR('',#8399,1.0);
#8397=DIRECTION('',(0,0,1));
#8398=DIRECTION('',(-0.09801481026535999,-0.9951849561607358,0));
#8399=DIRECTION('',(0.05024598422461401,0.5101682844913668,-0.8586056502076117));
#8400=FACE_SURFACE('',(#8405),#8401,.T.);
#8401=PLANE('',#8402);
#8402=AXIS2_PLACEMENT_3D('',#66,#8403,#8404);
#8403=DIRECTION('',(0.9951849561607355,-0.09801481026535996,0));
#8404=DIRECTION('',(-0.05024598422461401,-0.5101682844913668,0.8586056502076117));
#8405=FACE_BOUND('',#8406,.T.);
#8406=EDGE_LOOP('',(#8407,#8408,#8409));
#8407=ORIENTED_EDGE('',*,*,#8410,.T.);
#8408=ORIENTED_EDGE('',*,*,#8411,.T.);
#8409=ORIENTED_EDGE('',*,*,#8412,.T.);
#8410=EDGE_CURVE('',#67,#509,#8413,.F.);
#8411=EDGE_CURVE('',#509,#71,#8414,.T.);
#8412=EDGE_CURVE('',#71,#67,#8415,.T.);
#8413=LINE('',#66,#8416);
#8414=LINE('',#508,#8417);
#8415=LINE('',#70,#8418);
#8416=VECTOR('',#8419,1.0);
#8417=VECTOR('',#8420,1.0);
#8418=VECTOR('',#8421,1.0);
#8419=DIRECTION('',(-0.05024598422461401,-0.5101682844913668,0.8586056502076117));
#8420=DIRECTION('',(0,0,-1));
#8421=DIRECTION('',(0.09801481026535999,0.9951849561607358,0));
#8422=FACE_SURFACE('',(#8427),#8423,.T.);
#8423=PLANE('',#8424);
#8424=AXIS2_PLACEMENT_3D('',#102,#8425,#8426);
#8425=DIRECTION('',(-0.2902817511681281,-0.956941223345909,0));
#8426=DIRECTION('',(0,0,1));
#8427=FACE_BOUND('',#8428,.T.);
#8428=EDGE_LOOP('',(#8429,#8430,#8431));
#8429=ORIENTED_EDGE('',*,*,#8432,.T.);
#8430=ORIENTED_EDGE('',*,*,#8433,.T.);
#8431=ORIENTED_EDGE('',*,*,#8434,.T.);
#8432=EDGE_CURVE('',#103,#495,#8435,.F.);
#8433=EDGE_CURVE('',#495,#511,#8436,.T.);
#8434=EDGE_CURVE('',#511,#103,#8437,.T.);
#8435=LINE('',#102,#8438);
#8436=LINE('',#494,#8439);
#8437=LINE('',#510,#8440);
#8438=VECTOR('',#8441,1.0);
#8439=VECTOR('',#8442,1.0);
#8440=VECTOR('',#8443,1.0);
#8441=DIRECTION('',(0,0,1));
#8442=DIRECTION('',(-0.956941223345909,0.2902817511681281,0));
#8443=DIRECTION('',(0.49056160616333533,-0.1488085982909614,-0.8586066105226118));
#8444=FACE_SURFACE('',(#8449),#8445,.T.);
#8445=PLANE('',#8446);
#8446=AXIS2_PLACEMENT_3D('',#102,#8447,#8448);
#8447=DIRECTION('',(-0.2902817511681281,-0.956941223345909,0));
#8448=DIRECTION('',(-0.49056160616333533,0.1488085982909614,0.8586066105226118));
#8449=FACE_BOUND('',#8450,.T.);
#8450=EDGE_LOOP('',(#8451,#8452,#8453));
#8451=ORIENTED_EDGE('',*,*,#8454,.T.);
#8452=ORIENTED_EDGE('',*,*,#8455,.T.);
#8453=ORIENTED_EDGE('',*,*,#8456,.T.);
#8454=EDGE_CURVE('',#103,#511,#8457,.F.);
#8455=EDGE_CURVE('',#511,#107,#8458,.T.);
#8456=EDGE_CURVE('',#107,#103,#8459,.T.);
#8457=LINE('',#102,#8460);
#8458=LINE('',#510,#8461);
#8459=LINE('',#106,#8462);
#8460=VECTOR('',#8463,1.0);
#8461=VECTOR('',#8464,1.0);
#8462=VECTOR('',#8465,1.0);
#8463=DIRECTION('',(-0.49056160616333533,0.1488085982909614,0.8586066105226118));
#8464=DIRECTION('',(0,0,-1));
#8465=DIRECTION('',(0.956941223345909,-0.2902817511681281,0));
#8466=FACE_SURFACE('',(#8471),#8467,.T.);
#8467=PLANE('',#8468);
#8468=AXIS2_PLACEMENT_3D('',#138,#8469,#8470);
#8469=DIRECTION('',(-0.8819211294654418,0.4713969891740924,0));
#8470=DIRECTION('',(0,0,1));
#8471=FACE_BOUND('',#8472,.T.);
#8472=EDGE_LOOP('',(#8473,#8474,#8475));
#8473=ORIENTED_EDGE('',*,*,#8476,.T.);
#8474=ORIENTED_EDGE('',*,*,#8477,.T.);
#8475=ORIENTED_EDGE('',*,*,#8478,.T.);
#8476=EDGE_CURVE('',#139,#497,#8479,.F.);
#8477=EDGE_CURVE('',#497,#513,#8480,.T.);
#8478=EDGE_CURVE('',#513,#139,#8481,.T.);
#8479=LINE('',#138,#8482);
#8480=LINE('',#496,#8483);
#8481=LINE('',#512,#8484);
#8482=VECTOR('',#8485,1.0);
#8483=VECTOR('',#8486,1.0);
#8484=VECTOR('',#8487,1.0);
#8485=DIRECTION('',(0,0,1));
#8486=DIRECTION('',(0.47139698917409245,0.8819211294654419,0));
#8487=DIRECTION('',(-0.24165385259207228,-0.45210224823682144,-0.8586075778064275));
#8488=FACE_SURFACE('',(#8493),#8489,.T.);
#8489=PLANE('',#8490);
#8490=AXIS2_PLACEMENT_3D('',#138,#8491,#8492);
#8491=DIRECTION('',(-0.8819211294654418,0.4713969891740924,0));
#8492=DIRECTION('',(0.24165385259207228,0.45210224823682144,0.8586075778064275));
#8493=FACE_BOUND('',#8494,.T.);
#8494=EDGE_LOOP('',(#8495,#8496,#8497));
#8495=ORIENTED_EDGE('',*,*,#8498,.T.);
#8496=ORIENTED_EDGE('',*,*,#8499,.T.);
#8497=ORIENTED_EDGE('',*,*,#8500,.T.);
#8498=EDGE_CURVE('',#139,#513,#8501,.F.);
#8499=EDGE_CURVE('',#513,#143,#8502,.T.);
#8500=EDGE_CURVE('',#143,#139,#8503,.T.);
#8501=LINE('',#138,#8504);
#8502=LINE('',#512,#8505);
#8503=LINE('',#142,#8506);
#8504=VECTOR('',#8507,1.0);
#8505=VECTOR('',#8508,1.0);
#8506=VECTOR('',#8509,1.0);
#8507=DIRECTION('',(0.24165385259207228,0.45210224823682144,0.8586075778064275));
#8508=DIRECTION('',(0,0,-1));
#8509=DIRECTION('',(-0.47139698917409245,-0.8819211294654419,0));
#8510=FACE_SURFACE('',(#8515),#8511,.T.);
#8511=PLANE('',#8512);
#8512=AXIS2_PLACEMENT_3D('',#50,#8513,#8514);
#8513=DIRECTION('',(0.7730086594039577,0.6343954701024404,-0));
#8514=DIRECTION('',(0,0,1));
#8515=FACE_BOUND('',#8516,.T.);
#8516=EDGE_LOOP('',(#8517,#8518,#8519));
#8517=ORIENTED_EDGE('',*,*,#8520,.T.);
#8518=ORIENTED_EDGE('',*,*,#8521,.T.);
#8519=ORIENTED_EDGE('',*,*,#8522,.T.);
#8520=EDGE_CURVE('',#51,#503,#8523,.F.);
#8521=EDGE_CURVE('',#503,#451,#8524,.T.);
#8522=EDGE_CURVE('',#451,#51,#8525,.T.);
#8523=LINE('',#50,#8526);
#8524=LINE('',#502,#8527);
#8525=LINE('',#450,#8528);
#8526=VECTOR('',#8529,1.0);
#8527=VECTOR('',#8530,1.0);
#8528=VECTOR('',#8531,1.0);
#8529=DIRECTION('',(0,0,1));
#8530=DIRECTION('',(0.6343954701024402,-0.7730086594039576,0));
#8531=DIRECTION('',(-0.32521335954635233,0.3962713400878934,-0.8586066013009218));
#8532=FACE_SURFACE('',(#8537),#8533,.T.);
#8533=PLANE('',#8534);
#8534=AXIS2_PLACEMENT_3D('',#50,#8535,#8536);
#8535=DIRECTION('',(0.7730086594039577,0.6343954701024404,0));
#8536=DIRECTION('',(0.32521335954635233,-0.3962713400878934,0.8586066013009218));
#8537=FACE_BOUND('',#8538,.T.);
#8538=EDGE_LOOP('',(#8539,#8540,#8541));
#8539=ORIENTED_EDGE('',*,*,#8542,.T.);
#8540=ORIENTED_EDGE('',*,*,#8543,.T.);
#8541=ORIENTED_EDGE('',*,*,#8544,.T.);
#8542=EDGE_CURVE('',#51,#451,#8545,.F.);
#8543=EDGE_CURVE('',#451,#55,#8546,.T.);
#8544=EDGE_CURVE('',#55,#51,#8547,.T.);
#8545=LINE('',#50,#8548);
#8546=LINE('',#450,#8549);
#8547=LINE('',#54,#8550);
#8548=VECTOR('',#8551,1.0);
#8549=VECTOR('',#8552,1.0);
#8550=VECTOR('',#8553,1.0);
#8551=DIRECTION('',(0.32521335954635233,-0.3962713400878934,0.8586066013009218));
#8552=DIRECTION('',(0,0,-1));
#8553=DIRECTION('',(-0.6343954701024402,0.7730086594039576,0));
#8554=FACE_SURFACE('',(#8559),#8555,.T.);
#8555=PLANE('',#8556);
#8556=AXIS2_PLACEMENT_3D('',#86,#8557,#8558);
#8557=DIRECTION('',(0.47139601183940366,-0.8819216518613798,0));
#8558=DIRECTION('',(0,0,1));
#8559=FACE_BOUND('',#8560,.T.);
#8560=EDGE_LOOP('',(#8561,#8562,#8563));
#8561=ORIENTED_EDGE('',*,*,#8564,.T.);
#8562=ORIENTED_EDGE('',*,*,#8565,.T.);
#8563=ORIENTED_EDGE('',*,*,#8566,.T.);
#8564=EDGE_CURVE('',#87,#505,#8567,.F.);
#8565=EDGE_CURVE('',#505,#455,#8568,.T.);
#8566=EDGE_CURVE('',#455,#87,#8569,.T.);
#8567=LINE('',#86,#8570);
#8568=LINE('',#504,#8571);
#8569=LINE('',#454,#8572);
#8570=VECTOR('',#8573,1.0);
#8571=VECTOR('',#8574,1.0);
#8572=VECTOR('',#8575,1.0);
#8573=DIRECTION('',(0,0,1));
#8574=DIRECTION('',(-0.8819216518613798,-0.4713960118394037,0));
#8575=DIRECTION('',(0.45210320704297685,0.24165372092867218,-0.8586071100001342));
#8576=FACE_SURFACE('',(#8581),#8577,.T.);
#8577=PLANE('',#8578);
#8578=AXIS2_PLACEMENT_3D('',#86,#8579,#8580);
#8579=DIRECTION('',(0.47139601183940366,-0.8819216518613798,0));
#8580=DIRECTION('',(-0.45210320704297685,-0.24165372092867218,0.8586071100001342));
#8581=FACE_BOUND('',#8582,.T.);
#8582=EDGE_LOOP('',(#8583,#8584,#8585));
#8583=ORIENTED_EDGE('',*,*,#8586,.T.);
#8584=ORIENTED_EDGE('',*,*,#8587,.T.);
#8585=ORIENTED_EDGE('',*,*,#8588,.T.);
#8586=EDGE_CURVE('',#87,#455,#8589,.F.);
#8587=EDGE_CURVE('',#455,#91,#8590,.T.);
#8588=EDGE_CURVE('',#91,#87,#8591,.T.);
#8589=LINE('',#86,#8592);
#8590=LINE('',#454,#8593);
#8591=LINE('',#90,#8594);
#8592=VECTOR('',#8595,1.0);
#8593=VECTOR('',#8596,1.0);
#8594=VECTOR('',#8597,1.0);
#8595=DIRECTION('',(-0.45210320704297685,-0.24165372092867218,0.8586071100001342));
#8596=DIRECTION('',(0,0,-1));
#8597=DIRECTION('',(0.8819216518613798,0.4713960118394037,0));
#8598=FACE_SURFACE('',(#8603),#8599,.T.);
#8599=PLANE('',#8600);
#8600=AXIS2_PLACEMENT_3D('',#122,#8601,#8602);
#8601=DIRECTION('',(-0.956940129415667,-0.2902853573880817,0));
#8602=DIRECTION('',(0,0,1));
#8603=FACE_BOUND('',#8604,.T.);
#8604=EDGE_LOOP('',(#8605,#8606,#8607));
#8605=ORIENTED_EDGE('',*,*,#8608,.T.);
#8606=ORIENTED_EDGE('',*,*,#8609,.T.);
#8607=ORIENTED_EDGE('',*,*,#8610,.T.);
#8608=EDGE_CURVE('',#123,#507,#8611,.F.);
#8609=EDGE_CURVE('',#507,#459,#8612,.T.);
#8610=EDGE_CURVE('',#459,#123,#8613,.T.);
#8611=LINE('',#122,#8614);
#8612=LINE('',#506,#8615);
#8613=LINE('',#458,#8616);
#8614=VECTOR('',#8617,1.0);
#8615=VECTOR('',#8618,1.0);
#8616=VECTOR('',#8619,1.0);
#8617=DIRECTION('',(0,0,1));
#8618=DIRECTION('',(-0.29028535738808176,0.9569401294156671,0));
#8619=DIRECTION('',(0.1488103763722899,-0.4905608126617131,-0.858606755718016));
#8620=FACE_SURFACE('',(#8625),#8621,.T.);
#8621=PLANE('',#8622);
#8622=AXIS2_PLACEMENT_3D('',#122,#8623,#8624);
#8623=DIRECTION('',(-0.956940129415667,-0.2902853573880817,0));
#8624=DIRECTION('',(-0.1488103763722899,0.4905608126617131,0.858606755718016));
#8625=FACE_BOUND('',#8626,.T.);
#8626=EDGE_LOOP('',(#8627,#8628,#8629));
#8627=ORIENTED_EDGE('',*,*,#8630,.T.);
#8628=ORIENTED_EDGE('',*,*,#8631,.T.);
#8629=ORIENTED_EDGE('',*,*,#8632,.T.);
#8630=EDGE_CURVE('',#123,#459,#8633,.F.);
#8631=EDGE_CURVE('',#459,#127,#8634,.T.);
#8632=EDGE_CURVE('',#127,#123,#8635,.T.);
#8633=LINE('',#122,#8636);
#8634=LINE('',#458,#8637);
#8635=LINE('',#126,#8638);
#8636=VECTOR('',#8639,1.0);
#8637=VECTOR('',#8640,1.0);
#8638=VECTOR('',#8641,1.0);
#8639=DIRECTION('',(-0.1488103763722899,0.4905608126617131,0.858606755718016));
#8640=DIRECTION('',(0,0,-1));
#8641=DIRECTION('',(0.29028535738808176,-0.9569401294156671,0));
#8642=FACE_SURFACE('',(#8647),#8643,.T.);
#8643=PLANE('',#8644);
#8644=AXIS2_PLACEMENT_3D('',#36,#8645,#8646);
#8645=DIRECTION('',(0.09801442223972968,0.995184994376931,-0));
#8646=DIRECTION('',(0,0,1));
#8647=FACE_BOUND('',#8648,.T.);
#8648=EDGE_LOOP('',(#8649,#8650,#8651));
#8649=ORIENTED_EDGE('',*,*,#8652,.T.);
#8650=ORIENTED_EDGE('',*,*,#8653,.T.);
#8651=ORIENTED_EDGE('',*,*,#8654,.T.);
#8652=EDGE_CURVE('',#37,#501,#8655,.F.);
#8653=EDGE_CURVE('',#501,#463,#8656,.T.);
#8654=EDGE_CURVE('',#463,#37,#8657,.T.);
#8655=LINE('',#36,#8658);
#8656=LINE('',#500,#8659);
#8657=LINE('',#462,#8660);
#8658=VECTOR('',#8661,1.0);
#8659=VECTOR('',#8662,1.0);
#8660=VECTOR('',#8663,1.0);
#8661=DIRECTION('',(0,0,1));
#8662=DIRECTION('',(0.9951849943769308,-0.09801442223972967,0));
#8663=DIRECTION('',(-0.5101665127856733,0.05024560888606637,-0.8586067248861808));
#8664=FACE_SURFACE('',(#8669),#8665,.T.);
#8665=PLANE('',#8666);
#8666=AXIS2_PLACEMENT_3D('',#36,#8667,#8668);
#8667=DIRECTION('',(0.09801442223972968,0.995184994376931,0));
#8668=DIRECTION('',(0.5101665127856733,-0.05024560888606637,0.8586067248861808));
#8669=FACE_BOUND('',#8670,.T.);
#8670=EDGE_LOOP('',(#8671,#8672,#8673));
#8671=ORIENTED_EDGE('',*,*,#8674,.T.);
#8672=ORIENTED_EDGE('',*,*,#8675,.T.);
#8673=ORIENTED_EDGE('',*,*,#8676,.T.);
#8674=EDGE_CURVE('',#37,#463,#8677,.F.);
#8675=EDGE_CURVE('',#463,#39,#8678,.T.);
#8676=EDGE_CURVE('',#39,#37,#8679,.T.);
#8677=LINE('',#36,#8680);
#8678=LINE('',#462,#8681);
#8679=LINE('',#38,#8682);
#8680=VECTOR('',#8683,1.0);
#8681=VECTOR('',#8684,1.0);
#8682=VECTOR('',#8685,1.0);
#8683=DIRECTION('',(0.5101665127856733,-0.05024560888606637,0.8586067248861808));
#8684=DIRECTION('',(0,0,-1));
#8685=DIRECTION('',(-0.9951849943769308,0.09801442223972967,0));
#8686=FACE_SURFACE('',(#8691),#8687,.T.);
#8687=PLANE('',#8688);
#8688=AXIS2_PLACEMENT_3D('',#70,#8689,#8690);
#8689=DIRECTION('',(0.9569409605467526,-0.2902826175089689,0));
#8690=DIRECTION('',(0,0,1));
#8691=FACE_BOUND('',#8692,.T.);
#8692=EDGE_LOOP('',(#8693,#8694,#8695));
#8693=ORIENTED_EDGE('',*,*,#8696,.T.);
#8694=ORIENTED_EDGE('',*,*,#8697,.T.);
#8695=ORIENTED_EDGE('',*,*,#8698,.T.);
#8696=EDGE_CURVE('',#71,#509,#8699,.F.);
#8697=EDGE_CURVE('',#509,#467,#8700,.T.);
#8698=EDGE_CURVE('',#467,#71,#8701,.T.);
#8699=LINE('',#70,#8702);
#8700=LINE('',#508,#8703);
#8701=LINE('',#466,#8704);
#8702=VECTOR('',#8705,1.0);
#8703=VECTOR('',#8706,1.0);
#8704=VECTOR('',#8707,1.0);
#8705=DIRECTION('',(0,0,1));
#8706=DIRECTION('',(-0.29028261750896894,-0.9569409605467526,0));
#8707=DIRECTION('',(0.1488088765347968,0.49056092462956985,-0.858606951690372));
#8708=FACE_SURFACE('',(#8713),#8709,.T.);
#8709=PLANE('',#8710);
#8710=AXIS2_PLACEMENT_3D('',#70,#8711,#8712);
#8711=DIRECTION('',(0.9569409605467526,-0.2902826175089689,0));
#8712=DIRECTION('',(-0.1488088765347968,-0.49056092462956985,0.858606951690372));
#8713=FACE_BOUND('',#8714,.T.);
#8714=EDGE_LOOP('',(#8715,#8716,#8717));
#8715=ORIENTED_EDGE('',*,*,#8718,.T.);
#8716=ORIENTED_EDGE('',*,*,#8719,.T.);
#8717=ORIENTED_EDGE('',*,*,#8720,.T.);
#8718=EDGE_CURVE('',#71,#467,#8721,.F.);
#8719=EDGE_CURVE('',#467,#75,#8722,.T.);
#8720=EDGE_CURVE('',#75,#71,#8723,.T.);
#8721=LINE('',#70,#8724);
#8722=LINE('',#466,#8725);
#8723=LINE('',#74,#8726);
#8724=VECTOR('',#8727,1.0);
#8725=VECTOR('',#8728,1.0);
#8726=VECTOR('',#8729,1.0);
#8727=DIRECTION('',(-0.1488088765347968,-0.49056092462956985,0.858606951690372));
#8728=DIRECTION('',(0,0,-1));
#8729=DIRECTION('',(0.29028261750896894,0.9569409605467526,0));
#8730=FACE_SURFACE('',(#8735),#8731,.T.);
#8731=PLANE('',#8732);
#8732=AXIS2_PLACEMENT_3D('',#106,#8733,#8734);
#8733=DIRECTION('',(-0.47139556759751167,-0.8819218893130049,0));
#8734=DIRECTION('',(0,0,1));
#8735=FACE_BOUND('',#8736,.T.);
#8736=EDGE_LOOP('',(#8737,#8738,#8739));
#8737=ORIENTED_EDGE('',*,*,#8740,.T.);
#8738=ORIENTED_EDGE('',*,*,#8741,.T.);
#8739=ORIENTED_EDGE('',*,*,#8742,.T.);
#8740=EDGE_CURVE('',#107,#511,#8743,.F.);
#8741=EDGE_CURVE('',#511,#471,#8744,.T.);
#8742=EDGE_CURVE('',#471,#107,#8745,.T.);
#8743=LINE('',#106,#8746);
#8744=LINE('',#510,#8747);
#8745=LINE('',#470,#8748);
#8746=VECTOR('',#8749,1.0);
#8747=VECTOR('',#8750,1.0);
#8748=VECTOR('',#8751,1.0);
#8749=DIRECTION('',(0,0,1));
#8750=DIRECTION('',(-0.8819218893130049,0.47139556759751167,0));
#8751=DIRECTION('',(0.4521036428634385,-0.2416536610816273,-0.8586068973607506));
#8752=FACE_SURFACE('',(#8757),#8753,.T.);
#8753=PLANE('',#8754);
#8754=AXIS2_PLACEMENT_3D('',#106,#8755,#8756);
#8755=DIRECTION('',(-0.47139556759751167,-0.8819218893130049,0));
#8756=DIRECTION('',(-0.4521036428634385,0.2416536610816273,0.8586068973607506));
#8757=FACE_BOUND('',#8758,.T.);
#8758=EDGE_LOOP('',(#8759,#8760,#8761));
#8759=ORIENTED_EDGE('',*,*,#8762,.T.);
#8760=ORIENTED_EDGE('',*,*,#8763,.T.);
#8761=ORIENTED_EDGE('',*,*,#8764,.T.);
#8762=EDGE_CURVE('',#107,#471,#8765,.F.);
#8763=EDGE_CURVE('',#471,#111,#8766,.T.);
#8764=EDGE_CURVE('',#111,#107,#8767,.T.);
#8765=LINE('',#106,#8768);
#8766=LINE('',#470,#8769);
#8767=LINE('',#110,#8770);
#8768=VECTOR('',#8771,1.0);
#8769=VECTOR('',#8772,1.0);
#8770=VECTOR('',#8773,1.0);
#8771=DIRECTION('',(-0.4521036428634385,0.2416536610816273,0.8586068973607506));
#8772=DIRECTION('',(0,0,-1));
#8773=DIRECTION('',(0.8819218893130049,-0.47139556759751167,0));
#8774=FACE_SURFACE('',(#8779),#8775,.T.);
#8775=PLANE('',#8776);
#8776=AXIS2_PLACEMENT_3D('',#142,#8777,#8778);
#8777=DIRECTION('',(-0.7730130885799543,0.6343900731285758,0));
#8778=DIRECTION('',(0,0,1));
#8779=FACE_BOUND('',#8780,.T.);
#8780=EDGE_LOOP('',(#8781,#8782,#8783));
#8781=ORIENTED_EDGE('',*,*,#8784,.T.);
#8782=ORIENTED_EDGE('',*,*,#8785,.T.);
#8783=ORIENTED_EDGE('',*,*,#8786,.T.);
#8784=EDGE_CURVE('',#143,#513,#8787,.F.);
#8785=EDGE_CURVE('',#513,#475,#8788,.T.);
#8786=EDGE_CURVE('',#475,#143,#8789,.T.);
#8787=LINE('',#142,#8790);
#8788=LINE('',#512,#8791);
#8789=LINE('',#474,#8792);
#8790=VECTOR('',#8793,1.0);
#8791=VECTOR('',#8794,1.0);
#8792=VECTOR('',#8795,1.0);
#8793=DIRECTION('',(0,0,1));
#8794=DIRECTION('',(0.6343900731285758,0.7730130885799543,0));
#8795=DIRECTION('',(-0.32521134021769604,-0.3962745212943397,-0.858605897933826));
#8796=FACE_SURFACE('',(#8801),#8797,.T.);
#8797=PLANE('',#8798);
#8798=AXIS2_PLACEMENT_3D('',#142,#8799,#8800);
#8799=DIRECTION('',(-0.7730130885799543,0.6343900731285758,0));
#8800=DIRECTION('',(0.32521134021769604,0.3962745212943397,0.858605897933826));
#8801=FACE_BOUND('',#8802,.T.);
#8802=EDGE_LOOP('',(#8803,#8804,#8805));
#8803=ORIENTED_EDGE('',*,*,#8806,.T.);
#8804=ORIENTED_EDGE('',*,*,#8807,.T.);
#8805=ORIENTED_EDGE('',*,*,#8808,.T.);
#8806=EDGE_CURVE('',#143,#475,#8809,.F.);
#8807=EDGE_CURVE('',#475,#147,#8810,.T.);
#8808=EDGE_CURVE('',#147,#143,#8811,.T.);
#8809=LINE('',#142,#8812);
#8810=LINE('',#474,#8813);
#8811=LINE('',#146,#8814);
#8812=VECTOR('',#8815,1.0);
#8813=VECTOR('',#8816,1.0);
#8814=VECTOR('',#8817,1.0);
#8815=DIRECTION('',(0.32521134021769604,0.3962745212943397,0.858605897933826));
#8816=DIRECTION('',(0,0,-1));
#8817=DIRECTION('',(-0.6343900731285758,-0.7730130885799543,0));
#8818=FACE_SURFACE('',(#8823),#8819,.T.);
#8819=PLANE('',#8820);
#8820=AXIS2_PLACEMENT_3D('',#462,#8821,#8822);
#8821=DIRECTION('',(0,0,1));
#8822=DIRECTION('',(-0.9951849943769308,0.09801442223972967,0));
#8823=FACE_BOUND('',#8824,.T.);
#8824=EDGE_LOOP('',(#8825,#8826,#8827));
#8825=ORIENTED_EDGE('',*,*,#8828,.T.);
#8826=ORIENTED_EDGE('',*,*,#8829,.T.);
#8827=ORIENTED_EDGE('',*,*,#8830,.T.);
#8828=EDGE_CURVE('',#463,#501,#8831,.F.);
#8829=EDGE_CURVE('',#501,#499,#8832,.T.);
#8830=EDGE_CURVE('',#499,#463,#8833,.T.);
#8831=LINE('',#462,#8834);
#8832=LINE('',#500,#8835);
#8833=LINE('',#498,#8836);
#8834=VECTOR('',#8837,1.0);
#8835=VECTOR('',#8838,1.0);
#8836=VECTOR('',#8839,1.0);
#8837=DIRECTION('',(-0.9951849943769308,0.09801442223972967,0));
#8838=DIRECTION('',(-0.9951843190621629,-0.09802127877547406,0));
#8839=DIRECTION('',(0.999999999994097,3.4359715295196235E-06,0));
#8840=FACE_SURFACE('',(#8845),#8841,.T.);
#8841=PLANE('',#8842);
#8842=AXIS2_PLACEMENT_3D('',#498,#8843,#8844);
#8843=DIRECTION('',(0,0,1));
#8844=DIRECTION('',(-0.9569391795437313,-0.29028848866975465,0));
#8845=FACE_BOUND('',#8846,.T.);
#8846=EDGE_LOOP('',(#8847,#8848,#8849));
#8847=ORIENTED_EDGE('',*,*,#8850,.T.);
#8848=ORIENTED_EDGE('',*,*,#8851,.T.);
#8849=ORIENTED_EDGE('',*,*,#8852,.T.);
#8850=EDGE_CURVE('',#499,#491,#8853,.F.);
#8851=EDGE_CURVE('',#491,#477,#8854,.T.);
#8852=EDGE_CURVE('',#477,#499,#8855,.T.);
#8853=LINE('',#498,#8856);
#8854=LINE('',#490,#8857);
#8855=LINE('',#476,#8858);
#8856=VECTOR('',#8859,1.0);
#8857=VECTOR('',#8860,1.0);
#8858=VECTOR('',#8861,1.0);
#8859=DIRECTION('',(-0.9569391795437313,-0.29028848866975465,0));
#8860=DIRECTION('',(-0.8819215093900825,-0.47139627838488335,0));
#8861=DIRECTION('',(0.923878928825734,0.3826848897876872,0));
#8862=FACE_SURFACE('',(#8867),#8863,.T.);
#8863=PLANE('',#8864);
#8864=AXIS2_PLACEMENT_3D('',#476,#8865,#8866);
#8865=DIRECTION('',(0,0,1));
#8866=DIRECTION('',(-0.7730103362671278,-0.6343934268450313,0));
#8867=FACE_BOUND('',#8868,.T.);
#8868=EDGE_LOOP('',(#8869,#8870,#8871));
#8869=ORIENTED_EDGE('',*,*,#8872,.T.);
#8870=ORIENTED_EDGE('',*,*,#8873,.T.);
#8871=ORIENTED_EDGE('',*,*,#8874,.T.);
#8872=EDGE_CURVE('',#477,#475,#8875,.F.);
#8873=EDGE_CURVE('',#475,#513,#8876,.T.);
#8874=EDGE_CURVE('',#513,#477,#8877,.T.);
#8875=LINE('',#476,#8878);
#8876=LINE('',#474,#8879);
#8877=LINE('',#512,#8880);
#8878=VECTOR('',#8881,1.0);
#8879=VECTOR('',#8882,1.0);
#8880=VECTOR('',#8883,1.0);
#8881=DIRECTION('',(-0.7730103362671278,-0.6343934268450313,0));
#8882=DIRECTION('',(-0.6343900731285758,-0.7730130885799543,0));
#8883=DIRECTION('',(0.707105063200391,0.7071084991685301,0));
#8884=FACE_SURFACE('',(#8889),#8885,.T.);
#8885=PLANE('',#8886);
#8886=AXIS2_PLACEMENT_3D('',#512,#8887,#8888);
#8887=DIRECTION('',(0,0,1));
#8888=DIRECTION('',(-0.47139698917409245,-0.8819211294654419,0));
#8889=FACE_BOUND('',#8890,.T.);
#8890=EDGE_LOOP('',(#8891,#8892,#8893));
#8891=ORIENTED_EDGE('',*,*,#8894,.T.);
#8892=ORIENTED_EDGE('',*,*,#8895,.T.);
#8893=ORIENTED_EDGE('',*,*,#8896,.T.);
#8894=EDGE_CURVE('',#513,#497,#8897,.F.);
#8895=EDGE_CURVE('',#497,#483,#8898,.T.);
#8896=EDGE_CURVE('',#483,#513,#8899,.T.);
#8897=LINE('',#512,#8900);
#8898=LINE('',#496,#8901);
#8899=LINE('',#482,#8902);
#8900=VECTOR('',#8903,1.0);
#8901=VECTOR('',#8904,1.0);
#8902=VECTOR('',#8905,1.0);
#8903=DIRECTION('',(-0.47139698917409245,-0.8819211294654419,0));
#8904=DIRECTION('',(-0.2902814432728781,-0.9569413167438299,0));
#8905=DIRECTION('',(0.38268189409971387,0.9238801696801677,0));
#8906=FACE_SURFACE('',(#8911),#8907,.T.);
#8907=PLANE('',#8908);
#8908=AXIS2_PLACEMENT_3D('',#482,#8909,#8910);
#8909=DIRECTION('',(0,0,1));
#8910=DIRECTION('',(-0.09801632399333254,-0.9951848070739596,0));
#8911=FACE_BOUND('',#8912,.T.);
#8912=EDGE_LOOP('',(#8913,#8914,#8915));
#8913=ORIENTED_EDGE('',*,*,#8916,.T.);
#8914=ORIENTED_EDGE('',*,*,#8917,.T.);
#8915=ORIENTED_EDGE('',*,*,#8918,.T.);
#8916=EDGE_CURVE('',#483,#461,#8919,.F.);
#8917=EDGE_CURVE('',#461,#459,#8920,.T.);
#8918=EDGE_CURVE('',#459,#483,#8921,.T.);
#8919=LINE('',#482,#8922);
#8920=LINE('',#460,#8923);
#8921=LINE('',#458,#8924);
#8922=VECTOR('',#8925,1.0);
#8923=VECTOR('',#8926,1.0);
#8924=VECTOR('',#8927,1.0);
#8925=DIRECTION('',(-0.09801632399333254,-0.9951848070739596,0));
#8926=DIRECTION('',(0.09801989010095401,-0.9951844558395176,0));
#8927=DIRECTION('',(-2.147478516619968E-06,0.9999999999976942,0));
#8928=FACE_SURFACE('',(#8933),#8929,.T.);
#8929=PLANE('',#8930);
#8930=AXIS2_PLACEMENT_3D('',#458,#8931,#8932);
#8931=DIRECTION('',(0,0,1));
#8932=DIRECTION('',(0.29028535738808176,-0.9569401294156671,0));
#8933=FACE_BOUND('',#8934,.T.);
#8934=EDGE_LOOP('',(#8935,#8936,#8937));
#8935=ORIENTED_EDGE('',*,*,#8938,.T.);
#8936=ORIENTED_EDGE('',*,*,#8939,.T.);
#8937=ORIENTED_EDGE('',*,*,#8940,.T.);
#8938=EDGE_CURVE('',#459,#507,#8941,.F.);
#8939=EDGE_CURVE('',#507,#489,#8942,.T.);
#8940=EDGE_CURVE('',#489,#459,#8943,.T.);
#8941=LINE('',#458,#8944);
#8942=LINE('',#506,#8945);
#8943=LINE('',#488,#8946);
#8944=VECTOR('',#8947,1.0);
#8945=VECTOR('',#8948,1.0);
#8946=VECTOR('',#8949,1.0);
#8947=DIRECTION('',(0.29028535738808176,-0.9569401294156671,0));
#8948=DIRECTION('',(0.47139964875542606,-0.8819197078834676,0));
#8949=DIRECTION('',(-0.3826851934888108,0.92387880302799,0));
#8950=FACE_SURFACE('',(#8955),#8951,.T.);
#8951=PLANE('',#8952);
#8952=AXIS2_PLACEMENT_3D('',#488,#8953,#8954);
#8953=DIRECTION('',(0,0,1));
#8954=DIRECTION('',(0.6343954701024402,-0.7730086594039576,0));
#8955=FACE_BOUND('',#8956,.T.);
#8956=EDGE_LOOP('',(#8957,#8958,#8959));
#8957=ORIENTED_EDGE('',*,*,#8960,.T.);
#8958=ORIENTED_EDGE('',*,*,#8961,.T.);
#8959=ORIENTED_EDGE('',*,*,#8962,.T.);
#8960=EDGE_CURVE('',#489,#473,#8963,.F.);
#8961=EDGE_CURVE('',#473,#471,#8964,.T.);
#8962=EDGE_CURVE('',#471,#489,#8965,.T.);
#8963=LINE('',#488,#8966);
#8964=LINE('',#472,#8967);
#8965=LINE('',#470,#8968);
#8966=VECTOR('',#8969,1.0);
#8967=VECTOR('',#8970,1.0);
#8968=VECTOR('',#8971,1.0);
#8969=DIRECTION('',(0.6343954701024402,-0.7730086594039576,0));
#8970=DIRECTION('',(0.7730110243494266,-0.6343925884137125,0));
#8971=DIRECTION('',(-0.7071080696742085,0.7071054926965388,0));
#8972=FACE_SURFACE('',(#8977),#8973,.T.);
#8973=PLANE('',#8974);
#8974=AXIS2_PLACEMENT_3D('',#470,#8975,#8976);
#8975=DIRECTION('',(0,0,1));
#8976=DIRECTION('',(0.8819218893130049,-0.47139556759751167,0));
#8977=FACE_BOUND('',#8978,.T.);
#8978=EDGE_LOOP('',(#8979,#8980,#8981));
#8979=ORIENTED_EDGE('',*,*,#8982,.T.);
#8980=ORIENTED_EDGE('',*,*,#8983,.T.);
#8981=ORIENTED_EDGE('',*,*,#8984,.T.);
#8982=EDGE_CURVE('',#471,#511,#8985,.F.);
#8983=EDGE_CURVE('',#511,#495,#8986,.T.);
#8984=EDGE_CURVE('',#495,#471,#8987,.T.);
#8985=LINE('',#470,#8988);
#8986=LINE('',#510,#8989);
#8987=LINE('',#494,#8990);
#8988=VECTOR('',#8991,1.0);
#8989=VECTOR('',#8992,1.0);
#8990=VECTOR('',#8993,1.0);
#8991=DIRECTION('',(0.8819218893130049,-0.47139556759751167,0));
#8992=DIRECTION('',(0.956941223345909,-0.2902817511681281,0));
#8993=DIRECTION('',(-0.9238803952173533,0.3826813496017633,0));
#8994=FACE_SURFACE('',(#8999),#8995,.T.);
#8995=PLANE('',#8996);
#8996=AXIS2_PLACEMENT_3D('',#494,#8997,#8998);
#8997=DIRECTION('',(-0,0,1));
#8998=DIRECTION('',(0.9951849943769308,-0.09801442223972967,0));
#8999=FACE_BOUND('',#9000,.T.);
#9000=EDGE_LOOP('',(#9001,#9002,#9003));
#9001=ORIENTED_EDGE('',*,*,#9004,.T.);
#9002=ORIENTED_EDGE('',*,*,#9005,.T.);
#9003=ORIENTED_EDGE('',*,*,#9006,.T.);
#9004=EDGE_CURVE('',#495,#481,#9007,.F.);
#9005=EDGE_CURVE('',#481,#457,#9008,.T.);
#9006=EDGE_CURVE('',#457,#495,#9009,.T.);
#9007=LINE('',#494,#9010);
#9008=LINE('',#480,#9011);
#9009=LINE('',#456,#9012);
#9010=VECTOR('',#9013,1.0);
#9011=VECTOR('',#9014,1.0);
#9012=VECTOR('',#9015,1.0);
#9013=DIRECTION('',(0.9951849943769308,-0.09801442223972967,0));
#9014=DIRECTION('',(0.9951849861644623,0.09801450562462131,0));
#9015=DIRECTION('',(-1,0,0));
#9016=FACE_SURFACE('',(#9021),#9017,.T.);
#9017=PLANE('',#9018);
#9018=AXIS2_PLACEMENT_3D('',#456,#9019,#9020);
#9019=DIRECTION('',(0,0,1));
#9020=DIRECTION('',(0.9569391795437313,0.29028848866975465,0));
#9021=FACE_BOUND('',#9022,.T.);
#9022=EDGE_LOOP('',(#9023,#9024,#9025));
#9023=ORIENTED_EDGE('',*,*,#9026,.T.);
#9024=ORIENTED_EDGE('',*,*,#9027,.T.);
#9025=ORIENTED_EDGE('',*,*,#9028,.T.);
#9026=EDGE_CURVE('',#457,#455,#9029,.F.);
#9027=EDGE_CURVE('',#455,#505,#9030,.T.);
#9028=EDGE_CURVE('',#505,#457,#9031,.T.);
#9029=LINE('',#456,#9032);
#9030=LINE('',#454,#9033);
#9031=LINE('',#504,#9034);
#9032=VECTOR('',#9035,1.0);
#9033=VECTOR('',#9036,1.0);
#9034=VECTOR('',#9037,1.0);
#9035=DIRECTION('',(0.9569391795437313,0.29028848866975465,0));
#9036=DIRECTION('',(0.8819216518613798,0.4713960118394037,0));
#9037=DIRECTION('',(-0.9238789759998108,-0.38268477589987954,0));
#9038=FACE_SURFACE('',(#9043),#9039,.T.);
#9039=PLANE('',#9040);
#9040=AXIS2_PLACEMENT_3D('',#504,#9041,#9042);
#9041=DIRECTION('',(0,0,1));
#9042=DIRECTION('',(0.7730067245088916,0.6343978277579727,0));
#9043=FACE_BOUND('',#9044,.T.);
#9044=EDGE_LOOP('',(#9045,#9046,#9047));
#9045=ORIENTED_EDGE('',*,*,#9048,.T.);
#9046=ORIENTED_EDGE('',*,*,#9049,.T.);
#9047=ORIENTED_EDGE('',*,*,#9050,.T.);
#9048=EDGE_CURVE('',#505,#487,#9051,.F.);
#9049=EDGE_CURVE('',#487,#469,#9052,.T.);
#9050=EDGE_CURVE('',#469,#505,#9053,.T.);
#9051=LINE('',#504,#9054);
#9052=LINE('',#486,#9055);
#9053=LINE('',#468,#9056);
#9054=VECTOR('',#9057,1.0);
#9055=VECTOR('',#9058,1.0);
#9056=VECTOR('',#9059,1.0);
#9057=DIRECTION('',(0.7730067245088916,0.6343978277579727,0));
#9058=DIRECTION('',(0.6343934268450313,0.7730103362671278,0));
#9059=DIRECTION('',(-0.7071049021385467,-0.7071086602295549,0));
#9060=FACE_SURFACE('',(#9065),#9061,.T.);
#9061=PLANE('',#9062);
#9062=AXIS2_PLACEMENT_3D('',#468,#9063,#9064);
#9063=DIRECTION('',(0,0,1));
#9064=DIRECTION('',(0.47139381358056837,0.8819228268493612,0));
#9065=FACE_BOUND('',#9066,.T.);
#9066=EDGE_LOOP('',(#9067,#9068,#9069));
#9067=ORIENTED_EDGE('',*,*,#9070,.T.);
#9068=ORIENTED_EDGE('',*,*,#9071,.T.);
#9069=ORIENTED_EDGE('',*,*,#9072,.T.);
#9070=EDGE_CURVE('',#469,#467,#9073,.F.);
#9071=EDGE_CURVE('',#467,#509,#9074,.T.);
#9072=EDGE_CURVE('',#509,#469,#9075,.T.);
#9073=LINE('',#468,#9076);
#9074=LINE('',#466,#9077);
#9075=LINE('',#508,#9078);
#9076=VECTOR('',#9079,1.0);
#9077=VECTOR('',#9080,1.0);
#9078=VECTOR('',#9081,1.0);
#9079=DIRECTION('',(0.47139381358056837,0.8819228268493612,0));
#9080=DIRECTION('',(0.29028261750896894,0.9569409605467526,0));
#9081=DIRECTION('',(-0.3826810459034906,-0.9238805210124362,0));
#9082=FACE_SURFACE('',(#9087),#9083,.T.);
#9083=PLANE('',#9084);
#9084=AXIS2_PLACEMENT_3D('',#508,#9085,#9086);
#9085=DIRECTION('',(0,-0,1));
#9086=DIRECTION('',(0.09801481026535999,0.9951849561607358,0));
#9087=FACE_BOUND('',#9088,.T.);
#9088=EDGE_LOOP('',(#9089,#9090,#9091));
#9089=ORIENTED_EDGE('',*,*,#9092,.T.);
#9090=ORIENTED_EDGE('',*,*,#9093,.T.);
#9091=ORIENTED_EDGE('',*,*,#9094,.T.);
#9092=EDGE_CURVE('',#509,#493,#9095,.F.);
#9093=EDGE_CURVE('',#493,#479,#9096,.T.);
#9094=EDGE_CURVE('',#479,#509,#9097,.T.);
#9095=LINE('',#508,#9098);
#9096=LINE('',#492,#9099);
#9097=LINE('',#478,#9100);
#9098=VECTOR('',#9101,1.0);
#9099=VECTOR('',#9102,1.0);
#9100=VECTOR('',#9103,1.0);
#9101=DIRECTION('',(0.09801481026535999,0.9951849561607358,0));
#9102=DIRECTION('',(-0.09801928725072492,0.9951845152165802,0));
#9103=DIRECTION('',(1.9327306649588176E-06,-0.9999999999981322,0));
#9104=FACE_SURFACE('',(#9109),#9105,.T.);
#9105=PLANE('',#9106);
#9106=AXIS2_PLACEMENT_3D('',#478,#9107,#9108);
#9107=DIRECTION('',(0,0,1));
#9108=DIRECTION('',(-0.29028843137344384,0.9569391969246246,0));
#9109=FACE_BOUND('',#9110,.T.);
#9110=EDGE_LOOP('',(#9111,#9112,#9113));
#9111=ORIENTED_EDGE('',*,*,#9114,.T.);
#9112=ORIENTED_EDGE('',*,*,#9115,.T.);
#9113=ORIENTED_EDGE('',*,*,#9116,.T.);
#9114=EDGE_CURVE('',#479,#453,#9117,.F.);
#9115=EDGE_CURVE('',#453,#451,#9118,.T.);
#9116=EDGE_CURVE('',#451,#479,#9119,.T.);
#9117=LINE('',#478,#9120);
#9118=LINE('',#452,#9121);
#9119=LINE('',#450,#9122);
#9120=VECTOR('',#9123,1.0);
#9121=VECTOR('',#9124,1.0);
#9122=VECTOR('',#9125,1.0);
#9123=DIRECTION('',(-0.29028843137344384,0.9569391969246246,0));
#9124=DIRECTION('',(-0.47139647315663463,0.8819214052825151,0));
#9125=DIRECTION('',(0.3826855600866956,-0.9238786511772702,0));
#9126=FACE_SURFACE('',(#9131),#9127,.T.);
#9127=PLANE('',#9128);
#9128=AXIS2_PLACEMENT_3D('',#450,#9129,#9130);
#9129=DIRECTION('',(0,0,1));
#9130=DIRECTION('',(-0.6343954701024402,0.7730086594039576,0));
#9131=FACE_BOUND('',#9132,.T.);
#9132=EDGE_LOOP('',(#9133,#9134,#9135));
#9133=ORIENTED_EDGE('',*,*,#9136,.T.);
#9134=ORIENTED_EDGE('',*,*,#9137,.T.);
#9135=ORIENTED_EDGE('',*,*,#9138,.T.);
#9136=EDGE_CURVE('',#451,#503,#9139,.F.);
#9137=EDGE_CURVE('',#503,#485,#9140,.T.);
#9138=EDGE_CURVE('',#485,#451,#9141,.T.);
#9139=LINE('',#450,#9142);
#9140=LINE('',#502,#9143);
#9141=LINE('',#484,#9144);
#9142=VECTOR('',#9145,1.0);
#9143=VECTOR('',#9146,1.0);
#9144=VECTOR('',#9147,1.0);
#9145=DIRECTION('',(-0.6343954701024402,0.7730086594039576,0));
#9146=DIRECTION('',(-0.773011196369575,0.6343923788061125,0));
#9147=DIRECTION('',(0.7071081770478622,-0.7071053853224774,0));
#9148=FACE_SURFACE('',(#9153),#9149,.T.);
#9149=PLANE('',#9150);
#9150=AXIS2_PLACEMENT_3D('',#484,#9151,#9152);
#9151=DIRECTION('',(0,0,1));
#9152=DIRECTION('',(-0.8819220792738215,0.4713952122045148,0));
#9153=FACE_BOUND('',#9154,.T.);
#9154=EDGE_LOOP('',(#9155,#9156,#9157));
#9155=ORIENTED_EDGE('',*,*,#9158,.T.);
#9156=ORIENTED_EDGE('',*,*,#9159,.T.);
#9157=ORIENTED_EDGE('',*,*,#9160,.T.);
#9158=EDGE_CURVE('',#485,#465,#9161,.F.);
#9159=EDGE_CURVE('',#465,#463,#9162,.T.);
#9160=EDGE_CURVE('',#463,#485,#9163,.T.);
#9161=LINE('',#484,#9164);
#9162=LINE('',#464,#9165);
#9163=LINE('',#462,#9166);
#9164=VECTOR('',#9167,1.0);
#9165=VECTOR('',#9168,1.0);
#9166=VECTOR('',#9169,1.0);
#9167=DIRECTION('',(-0.8819220792738215,0.4713952122045148,0));
#9168=DIRECTION('',(-0.9569411513126641,0.29028198863242094,0));
#9169=DIRECTION('',(0.9238803952173533,-0.3826813496017633,0));
#9170=FACE_SURFACE('',(#9175),#9171,.T.);
#9171=PLANE('',#9172);
#9172=AXIS2_PLACEMENT_3D('',#462,#9173,#9174);
#9173=DIRECTION('',(0,0,1));
#9174=DIRECTION('',(-0.999999999994097,-3.4359715295196235E-06,0));
#9175=FACE_BOUND('',#9176,.T.);
#9176=EDGE_LOOP('',(#9177,#9178,#9179));
#9177=ORIENTED_EDGE('',*,*,#9180,.T.);
#9178=ORIENTED_EDGE('',*,*,#9181,.T.);
#9179=ORIENTED_EDGE('',*,*,#9182,.T.);
#9180=EDGE_CURVE('',#463,#499,#9183,.F.);
#9181=EDGE_CURVE('',#499,#477,#9184,.T.);
#9182=EDGE_CURVE('',#477,#463,#9185,.T.);
#9183=LINE('',#462,#9186);
#9184=LINE('',#498,#9187);
#9185=LINE('',#476,#9188);
#9186=VECTOR('',#9189,1.0);
#9187=VECTOR('',#9190,1.0);
#9188=VECTOR('',#9191,1.0);
#9189=DIRECTION('',(-0.999999999994097,-3.4359715295196235E-06,0));
#9190=DIRECTION('',(-0.923878928825734,-0.3826848897876872,0));
#9191=DIRECTION('',(0.9807847976833447,0.19509274879718297,0));
#9192=FACE_SURFACE('',(#9197),#9193,.T.);
#9193=PLANE('',#9194);
#9194=AXIS2_PLACEMENT_3D('',#476,#9195,#9196);
#9195=DIRECTION('',(0,0,1));
#9196=DIRECTION('',(-0.707105063200391,-0.7071084991685301,0));
#9197=FACE_BOUND('',#9198,.T.);
#9198=EDGE_LOOP('',(#9199,#9200,#9201));
#9199=ORIENTED_EDGE('',*,*,#9202,.T.);
#9200=ORIENTED_EDGE('',*,*,#9203,.T.);
#9201=ORIENTED_EDGE('',*,*,#9204,.T.);
#9202=EDGE_CURVE('',#477,#513,#9205,.F.);
#9203=EDGE_CURVE('',#513,#483,#9206,.T.);
#9204=EDGE_CURVE('',#483,#477,#9207,.T.);
#9205=LINE('',#476,#9208);
#9206=LINE('',#512,#9209);
#9207=LINE('',#482,#9210);
#9208=VECTOR('',#9211,1.0);
#9209=VECTOR('',#9212,1.0);
#9210=VECTOR('',#9213,1.0);
#9211=DIRECTION('',(-0.707105063200391,-0.7071084991685301,0));
#9212=DIRECTION('',(-0.38268189409971387,-0.9238801696801677,0));
#9213=DIRECTION('',(0.5555688272500584,0.8314705516060052,0));
#9214=FACE_SURFACE('',(#9219),#9215,.T.);
#9215=PLANE('',#9216);
#9216=AXIS2_PLACEMENT_3D('',#482,#9217,#9218);
#9217=DIRECTION('',(0,0,1));
#9218=DIRECTION('',(2.147478516619968E-06,-0.9999999999976942,0));
#9219=FACE_BOUND('',#9220,.T.);
#9220=EDGE_LOOP('',(#9221,#9222,#9223));
#9221=ORIENTED_EDGE('',*,*,#9224,.T.);
#9222=ORIENTED_EDGE('',*,*,#9225,.T.);
#9223=ORIENTED_EDGE('',*,*,#9226,.T.);
#9224=EDGE_CURVE('',#483,#459,#9227,.F.);
#9225=EDGE_CURVE('',#459,#489,#9228,.T.);
#9226=EDGE_CURVE('',#489,#483,#9229,.T.);
#9227=LINE('',#482,#9230);
#9228=LINE('',#458,#9231);
#9229=LINE('',#488,#9232);
#9230=VECTOR('',#9233,1.0);
#9231=VECTOR('',#9234,1.0);
#9232=VECTOR('',#9235,1.0);
#9233=DIRECTION('',(2.147478516619968E-06,-0.9999999999976942,0));
#9234=DIRECTION('',(0.3826851934888108,-0.92387880302799,0));
#9235=DIRECTION('',(-0.195092033140703,0.9807849400378387,0));
#9236=FACE_SURFACE('',(#9241),#9237,.T.);
#9237=PLANE('',#9238);
#9238=AXIS2_PLACEMENT_3D('',#488,#9239,#9240);
#9239=DIRECTION('',(0,0,1));
#9240=DIRECTION('',(0.7071080696742085,-0.7071054926965388,0));
#9241=FACE_BOUND('',#9242,.T.);
#9242=EDGE_LOOP('',(#9243,#9244,#9245));
#9243=ORIENTED_EDGE('',*,*,#9246,.T.);
#9244=ORIENTED_EDGE('',*,*,#9247,.T.);
#9245=ORIENTED_EDGE('',*,*,#9248,.T.);
#9246=EDGE_CURVE('',#489,#471,#9249,.F.);
#9247=EDGE_CURVE('',#471,#495,#9250,.T.);
#9248=EDGE_CURVE('',#495,#489,#9251,.T.);
#9249=LINE('',#488,#9252);
#9250=LINE('',#470,#9253);
#9251=LINE('',#494,#9254);
#9252=VECTOR('',#9255,1.0);
#9253=VECTOR('',#9256,1.0);
#9254=VECTOR('',#9257,1.0);
#9255=DIRECTION('',(0.7071080696742085,-0.7071054926965388,0));
#9256=DIRECTION('',(0.9238803952173533,-0.3826813496017633,0));
#9257=DIRECTION('',(-0.8314707207900957,0.5555685740471636,0));
#9258=FACE_SURFACE('',(#9263),#9259,.T.);
#9259=PLANE('',#9260);
#9260=AXIS2_PLACEMENT_3D('',#494,#9261,#9262);
#9261=DIRECTION('',(0,0,1));
#9262=DIRECTION('',(1,0,0));
#9263=FACE_BOUND('',#9264,.T.);
#9264=EDGE_LOOP('',(#9265,#9266,#9267));
#9265=ORIENTED_EDGE('',*,*,#9268,.T.);
#9266=ORIENTED_EDGE('',*,*,#9269,.T.);
#9267=ORIENTED_EDGE('',*,*,#9270,.T.);
#9268=EDGE_CURVE('',#495,#457,#9271,.F.);
#9269=EDGE_CURVE('',#457,#505,#9272,.T.);
#9270=EDGE_CURVE('',#505,#495,#9273,.T.);
#9271=LINE('',#494,#9274);
#9272=LINE('',#456,#9275);
#9273=LINE('',#504,#9276);
#9274=VECTOR('',#9277,1.0);
#9275=VECTOR('',#9278,1.0);
#9276=VECTOR('',#9279,1.0);
#9277=DIRECTION('',(1,0,0));
#9278=DIRECTION('',(0.9238789759998108,0.38268477589987954,0));
#9279=DIRECTION('',(-0.9807851390985727,-0.19509103240127026,0));
#9280=FACE_SURFACE('',(#9285),#9281,.T.);
#9281=PLANE('',#9282);
#9282=AXIS2_PLACEMENT_3D('',#504,#9283,#9284);
#9283=DIRECTION('',(0,0,1));
#9284=DIRECTION('',(0.7071049021385467,0.7071086602295549,0));
#9285=FACE_BOUND('',#9286,.T.);
#9286=EDGE_LOOP('',(#9287,#9288,#9289));
#9287=ORIENTED_EDGE('',*,*,#9290,.T.);
#9288=ORIENTED_EDGE('',*,*,#9291,.T.);
#9289=ORIENTED_EDGE('',*,*,#9292,.T.);
#9290=EDGE_CURVE('',#505,#469,#9293,.F.);
#9291=EDGE_CURVE('',#469,#509,#9294,.T.);
#9292=EDGE_CURVE('',#509,#505,#9295,.T.);
#9293=LINE('',#504,#9296);
#9294=LINE('',#468,#9297);
#9295=LINE('',#508,#9298);
#9296=VECTOR('',#9299,1.0);
#9297=VECTOR('',#9300,1.0);
#9298=VECTOR('',#9301,1.0);
#9299=DIRECTION('',(0.7071049021385467,0.7071086602295549,0));
#9300=DIRECTION('',(0.3826810459034906,0.9238805210124362,0));
#9301=DIRECTION('',(-0.5555680559412681,-0.8314710669756585,0));
#9302=FACE_SURFACE('',(#9307),#9303,.T.);
#9303=PLANE('',#9304);
#9304=AXIS2_PLACEMENT_3D('',#508,#9305,#9306);
#9305=DIRECTION('',(0,0,1));
#9306=DIRECTION('',(-1.9327306649588176E-06,0.9999999999981322,0));
#9307=FACE_BOUND('',#9308,.T.);
#9308=EDGE_LOOP('',(#9309,#9310,#9311));
#9309=ORIENTED_EDGE('',*,*,#9312,.T.);
#9310=ORIENTED_EDGE('',*,*,#9313,.T.);
#9311=ORIENTED_EDGE('',*,*,#9314,.T.);
#9312=EDGE_CURVE('',#509,#479,#9315,.F.);
#9313=EDGE_CURVE('',#479,#451,#9316,.T.);
#9314=EDGE_CURVE('',#451,#509,#9317,.T.);
#9315=LINE('',#508,#9318);
#9316=LINE('',#478,#9319);
#9317=LINE('',#450,#9320);
#9318=VECTOR('',#9321,1.0);
#9319=VECTOR('',#9322,1.0);
#9320=VECTOR('',#9323,1.0);
#9321=DIRECTION('',(-1.9327306649588176E-06,0.9999999999981322,0));
#9322=DIRECTION('',(-0.3826855600866956,0.9238786511772702,0));
#9323=DIRECTION('',(0.19509213845153936,-0.9807849190900141,0));
#9324=FACE_SURFACE('',(#9329),#9325,.T.);
#9325=PLANE('',#9326);
#9326=AXIS2_PLACEMENT_3D('',#450,#9327,#9328);
#9327=DIRECTION('',(0,0,1));
#9328=DIRECTION('',(-0.7071081770478622,0.7071053853224774,0));
#9329=FACE_BOUND('',#9330,.T.);
#9330=EDGE_LOOP('',(#9331,#9332,#9333));
#9331=ORIENTED_EDGE('',*,*,#9334,.T.);
#9332=ORIENTED_EDGE('',*,*,#9335,.T.);
#9333=ORIENTED_EDGE('',*,*,#9336,.T.);
#9334=EDGE_CURVE('',#451,#485,#9337,.F.);
#9335=EDGE_CURVE('',#485,#463,#9338,.T.);
#9336=EDGE_CURVE('',#463,#451,#9339,.T.);
#9337=LINE('',#450,#9340);
#9338=LINE('',#484,#9341);
#9339=LINE('',#462,#9342);
#9340=VECTOR('',#9343,1.0);
#9341=VECTOR('',#9344,1.0);
#9342=VECTOR('',#9345,1.0);
#9343=DIRECTION('',(-0.7071081770478622,0.7071053853224774,0));
#9344=DIRECTION('',(-0.9238803952173533,0.3826813496017633,0));
#9345=DIRECTION('',(0.8314707545810822,-0.5555685234751567,0));
#9346=FACE_SURFACE('',(#9351),#9347,.T.);
#9347=PLANE('',#9348);
#9348=AXIS2_PLACEMENT_3D('',#462,#9349,#9350);
#9349=DIRECTION('',(0,0,1));
#9350=DIRECTION('',(-0.9807847976833447,-0.19509274879718297,0));
#9351=FACE_BOUND('',#9352,.T.);
#9352=EDGE_LOOP('',(#9353,#9354,#9355));
#9353=ORIENTED_EDGE('',*,*,#9356,.T.);
#9354=ORIENTED_EDGE('',*,*,#9357,.T.);
#9355=ORIENTED_EDGE('',*,*,#9358,.T.);
#9356=EDGE_CURVE('',#463,#477,#9359,.F.);
#9357=EDGE_CURVE('',#477,#483,#9360,.T.);
#9358=EDGE_CURVE('',#483,#463,#9361,.T.);
#9359=LINE('',#462,#9362);
#9360=LINE('',#476,#9363);
#9361=LINE('',#482,#9364);
#9362=VECTOR('',#9365,1.0);
#9363=VECTOR('',#9366,1.0);
#9364=VECTOR('',#9367,1.0);
#9365=DIRECTION('',(-0.9807847976833447,-0.19509274879718297,0));
#9366=DIRECTION('',(-0.5555688272500584,-0.8314705516060052,0));
#9367=DIRECTION('',(0.831468541828594,0.5555718350937454,0));
#9368=FACE_SURFACE('',(#9373),#9369,.T.);
#9369=PLANE('',#9370);
#9370=AXIS2_PLACEMENT_3D('',#482,#9371,#9372);
#9371=DIRECTION('',(0,0,1));
#9372=DIRECTION('',(0.195092033140703,-0.9807849400378387,0));
#9373=FACE_BOUND('',#9374,.T.);
#9374=EDGE_LOOP('',(#9375,#9376,#9377));
#9375=ORIENTED_EDGE('',*,*,#9378,.T.);
#9376=ORIENTED_EDGE('',*,*,#9379,.T.);
#9377=ORIENTED_EDGE('',*,*,#9380,.T.);
#9378=EDGE_CURVE('',#483,#489,#9381,.F.);
#9379=EDGE_CURVE('',#489,#495,#9382,.T.);
#9380=EDGE_CURVE('',#495,#483,#9383,.T.);
#9381=LINE('',#482,#9384);
#9382=LINE('',#488,#9385);
#9383=LINE('',#494,#9386);
#9384=VECTOR('',#9387,1.0);
#9385=VECTOR('',#9388,1.0);
#9386=VECTOR('',#9389,1.0);
#9387=DIRECTION('',(0.195092033140703,-0.9807849400378387,0));
#9388=DIRECTION('',(0.8314707207900957,-0.5555685740471636,0));
#9389=DIRECTION('',(-0.5555717527992169,0.8314685968162634,0));
#9390=FACE_SURFACE('',(#9395),#9391,.T.);
#9391=PLANE('',#9392);
#9392=AXIS2_PLACEMENT_3D('',#494,#9393,#9394);
#9393=DIRECTION('',(0,0,1));
#9394=DIRECTION('',(0.9807851390985727,0.19509103240127026,0));
#9395=FACE_BOUND('',#9396,.T.);
#9396=EDGE_LOOP('',(#9397,#9398,#9399));
#9397=ORIENTED_EDGE('',*,*,#9400,.T.);
#9398=ORIENTED_EDGE('',*,*,#9401,.T.);
#9399=ORIENTED_EDGE('',*,*,#9402,.T.);
#9400=EDGE_CURVE('',#495,#505,#9403,.F.);
#9401=EDGE_CURVE('',#505,#509,#9404,.T.);
#9402=EDGE_CURVE('',#509,#495,#9405,.T.);
#9403=LINE('',#494,#9406);
#9404=LINE('',#504,#9407);
#9405=LINE('',#508,#9408);
#9406=VECTOR('',#9409,1.0);
#9407=VECTOR('',#9410,1.0);
#9408=VECTOR('',#9411,1.0);
#9409=DIRECTION('',(0.9807851390985727,0.19509103240127026,0));
#9410=DIRECTION('',(0.5555680559412681,0.8314710669756585,0));
#9411=DIRECTION('',(-0.8314685784041346,-0.555571780354805,0));
#9412=FACE_SURFACE('',(#9417),#9413,.T.);
#9413=PLANE('',#9414);
#9414=AXIS2_PLACEMENT_3D('',#508,#9415,#9416);
#9415=DIRECTION('',(0,0,1));
#9416=DIRECTION('',(-0.19509213845153936,0.9807849190900141,0));
#9417=FACE_BOUND('',#9418,.T.);
#9418=EDGE_LOOP('',(#9419,#9420,#9421));
#9419=ORIENTED_EDGE('',*,*,#9422,.T.);
#9420=ORIENTED_EDGE('',*,*,#9423,.T.);
#9421=ORIENTED_EDGE('',*,*,#9424,.T.);
#9422=EDGE_CURVE('',#509,#451,#9425,.F.);
#9423=EDGE_CURVE('',#451,#463,#9426,.T.);
#9424=EDGE_CURVE('',#463,#509,#9427,.T.);
#9425=LINE('',#508,#9428);
#9426=LINE('',#450,#9429);
#9427=LINE('',#462,#9430);
#9428=VECTOR('',#9431,1.0);
#9429=VECTOR('',#9432,1.0);
#9430=VECTOR('',#9433,1.0);
#9431=DIRECTION('',(-0.19509213845153936,0.9807849190900141,0));
#9432=DIRECTION('',(-0.8314707545810822,0.5555685234751567,0));
#9433=DIRECTION('',(0.5555718347214682,-0.8314685420773426,0));
#9434=FACE_SURFACE('',(#9439),#9435,.T.);
#9435=PLANE('',#9436);
#9436=AXIS2_PLACEMENT_3D('',#462,#9437,#9438);
#9437=DIRECTION('',(0,0,1));
#9438=DIRECTION('',(-0.831468541828594,-0.5555718350937454,0));
#9439=FACE_BOUND('',#9440,.T.);
#9440=EDGE_LOOP('',(#9441,#9442,#9443));
#9441=ORIENTED_EDGE('',*,*,#9444,.T.);
#9442=ORIENTED_EDGE('',*,*,#9445,.T.);
#9443=ORIENTED_EDGE('',*,*,#9446,.T.);
#9444=EDGE_CURVE('',#463,#483,#9447,.F.);
#9445=EDGE_CURVE('',#483,#495,#9448,.T.);
#9446=EDGE_CURVE('',#495,#463,#9449,.T.);
#9447=LINE('',#462,#9450);
#9448=LINE('',#482,#9451);
#9449=LINE('',#494,#9452);
#9450=VECTOR('',#9453,1.0);
#9451=VECTOR('',#9454,1.0);
#9452=VECTOR('',#9455,1.0);
#9453=DIRECTION('',(-0.831468541828594,-0.5555718350937454,0));
#9454=DIRECTION('',(0.5555717527992169,-0.8314685968162634,0));
#9455=DIRECTION('',(0.1950883035402163,0.9807856819008934,0));
#9456=FACE_SURFACE('',(#9461),#9457,.T.);
#9457=PLANE('',#9458);
#9458=AXIS2_PLACEMENT_3D('',#494,#9459,#9460);
#9459=DIRECTION('',(0,0,1));
#9460=DIRECTION('',(0.8314685784041346,0.555571780354805,0));
#9461=FACE_BOUND('',#9462,.T.);
#9462=EDGE_LOOP('',(#9463,#9464,#9465));
#9463=ORIENTED_EDGE('',*,*,#9466,.T.);
#9464=ORIENTED_EDGE('',*,*,#9467,.T.);
#9465=ORIENTED_EDGE('',*,*,#9468,.T.);
#9466=EDGE_CURVE('',#495,#509,#9469,.F.);
#9467=EDGE_CURVE('',#509,#463,#9470,.T.);
#9468=EDGE_CURVE('',#463,#495,#9471,.T.);
#9469=LINE('',#494,#9472);
#9470=LINE('',#508,#9473);
#9471=LINE('',#462,#9474);
#9472=VECTOR('',#9475,1.0);
#9473=VECTOR('',#9476,1.0);
#9474=VECTOR('',#9477,1.0);
#9475=DIRECTION('',(0.8314685784041346,0.555571780354805,0));
#9476=DIRECTION('',(-0.5555718347214682,0.8314685420773426,0));
#9477=DIRECTION('',(-0.1950883035402163,-0.9807856819008934,0));
#9478=FACE_SURFACE('',(#9483),#9479,.T.);
#9479=PLANE('',#9480);
#9480=AXIS2_PLACEMENT_3D('',#364,#9481,#9482);
#9481=DIRECTION('',(0,0,-1));
#9482=DIRECTION('',(0.9063048554257086,0.4226245485437227,0));
#9483=FACE_BOUND('',#9484,.T.);
#9484=EDGE_LOOP('',(#9485,#9486,#9487));
#9485=ORIENTED_EDGE('',*,*,#9488,.T.);
#9486=ORIENTED_EDGE('',*,*,#9489,.T.);
#9487=ORIENTED_EDGE('',*,*,#9490,.T.);
#9488=EDGE_CURVE('',#365,#367,#9491,.F.);
#9489=EDGE_CURVE('',#367,#369,#9492,.T.);
#9490=EDGE_CURVE('',#369,#365,#9493,.T.);
#9491=LINE('',#364,#9494);
#9492=LINE('',#366,#9495);
#9493=LINE('',#368,#9496);
#9494=VECTOR('',#9497,1.0);
#9495=VECTOR('',#9498,1.0);
#9496=VECTOR('',#9499,1.0);
#9497=DIRECTION('',(0.9063048554257086,0.4226245485437227,0));
#9498=DIRECTION('',(0.9074363026170286,0.42018966752258025,0));
#9499=DIRECTION('',(-0.9063095878447575,-0.42261439987376903,0));
#9500=FACE_SURFACE('',(#9505),#9501,.T.);
#9501=PLANE('',#9502);
#9502=AXIS2_PLACEMENT_3D('',#368,#9503,#9504);
#9503=DIRECTION('',(0,0,-1));
#9504=DIRECTION('',(0.9659238660892526,0.25882636055701813,0));
#9505=FACE_BOUND('',#9506,.T.);
#9506=EDGE_LOOP('',(#9507,#9508,#9509));
#9507=ORIENTED_EDGE('',*,*,#9510,.T.);
#9508=ORIENTED_EDGE('',*,*,#9511,.T.);
#9509=ORIENTED_EDGE('',*,*,#9512,.T.);
#9510=EDGE_CURVE('',#369,#371,#9513,.F.);
#9511=EDGE_CURVE('',#371,#373,#9514,.T.);
#9512=EDGE_CURVE('',#373,#369,#9515,.T.);
#9513=LINE('',#368,#9516);
#9514=LINE('',#370,#9517);
#9515=LINE('',#372,#9518);
#9516=VECTOR('',#9519,1.0);
#9517=VECTOR('',#9520,1.0);
#9518=VECTOR('',#9521,1.0);
#9519=DIRECTION('',(0.9659238660892526,0.25882636055701813,0));
#9520=DIRECTION('',(0.9664712994471216,0.2567746625837371,0));
#9521=DIRECTION('',(-0.965926160359216,-0.2588177983325374,0));
#9522=FACE_SURFACE('',(#9527),#9523,.T.);
#9523=PLANE('',#9524);
#9524=AXIS2_PLACEMENT_3D('',#372,#9525,#9526);
#9525=DIRECTION('',(0,0,-1));
#9526=DIRECTION('',(0.9961934566995461,0.08716993076175746,0));
#9527=FACE_BOUND('',#9528,.T.);
#9528=EDGE_LOOP('',(#9529,#9530,#9531));
#9529=ORIENTED_EDGE('',*,*,#9532,.T.);
#9530=ORIENTED_EDGE('',*,*,#9533,.T.);
#9531=ORIENTED_EDGE('',*,*,#9534,.T.);
#9532=EDGE_CURVE('',#373,#375,#9535,.F.);
#9533=EDGE_CURVE('',#375,#377,#9536,.T.);
#9534=EDGE_CURVE('',#377,#373,#9537,.T.);
#9535=LINE('',#372,#9538);
#9536=LINE('',#374,#9539);
#9537=LINE('',#376,#9540);
#9538=VECTOR('',#9541,1.0);
#9539=VECTOR('',#9542,1.0);
#9540=VECTOR('',#9543,1.0);
#9541=DIRECTION('',(0.9961934566995461,0.08716993076175746,0));
#9542=DIRECTION('',(0.9963336381883838,0.08555279898576462,0));
#9543=DIRECTION('',(-0.9961940476002853,-0.08716317757953004,0));
#9544=FACE_SURFACE('',(#9549),#9545,.T.);
#9545=PLANE('',#9546);
#9546=AXIS2_PLACEMENT_3D('',#378,#9547,#9548);
#9547=DIRECTION('',(0,0,-1));
#9548=DIRECTION('',(0.9963317738330999,-0.08557450818198405,0));
#9549=FACE_BOUND('',#9550,.T.);
#9550=EDGE_LOOP('',(#9551,#9552,#9553));
#9551=ORIENTED_EDGE('',*,*,#9554,.T.);
#9552=ORIENTED_EDGE('',*,*,#9555,.T.);
#9553=ORIENTED_EDGE('',*,*,#9556,.T.);
#9554=EDGE_CURVE('',#379,#381,#9557,.F.);
#9555=EDGE_CURVE('',#381,#383,#9558,.T.);
#9556=EDGE_CURVE('',#383,#379,#9559,.T.);
#9557=LINE('',#378,#9560);
#9558=LINE('',#380,#9561);
#9559=LINE('',#382,#9562);
#9560=VECTOR('',#9563,1.0);
#9561=VECTOR('',#9564,1.0);
#9562=VECTOR('',#9565,1.0);
#9563=DIRECTION('',(0.9963317738330999,-0.08557450818198405,0));
#9564=DIRECTION('',(0.9659237945536499,-0.25882662752328683,0));
#9565=DIRECTION('',(-0.9661129012574998,0.2581198598012493,0));
#9566=FACE_SURFACE('',(#9571),#9567,.T.);
#9567=PLANE('',#9568);
#9568=AXIS2_PLACEMENT_3D('',#372,#9569,#9570);
#9569=DIRECTION('',(0,0,-1));
#9570=DIRECTION('',(0.9961940476002853,0.08716317757953004,0));
#9571=FACE_BOUND('',#9572,.T.);
#9572=EDGE_LOOP('',(#9573,#9574,#9575));
#9573=ORIENTED_EDGE('',*,*,#9576,.T.);
#9574=ORIENTED_EDGE('',*,*,#9577,.T.);
#9575=ORIENTED_EDGE('',*,*,#9578,.T.);
#9576=EDGE_CURVE('',#373,#377,#9579,.F.);
#9577=EDGE_CURVE('',#377,#379,#9580,.T.);
#9578=EDGE_CURVE('',#379,#373,#9581,.T.);
#9579=LINE('',#372,#9582);
#9580=LINE('',#376,#9583);
#9581=LINE('',#378,#9584);
#9582=VECTOR('',#9585,1.0);
#9583=VECTOR('',#9586,1.0);
#9584=VECTOR('',#9587,1.0);
#9585=DIRECTION('',(0.9961940476002853,0.08716317757953004,0));
#9586=DIRECTION('',(0.9961949483360572,-0.0871528823947918,0));
#9587=DIRECTION('',(-0.9999999822785067,-0.00018826307720392656,0));
#9588=FACE_SURFACE('',(#9593),#9589,.T.);
#9589=PLANE('',#9590);
#9590=AXIS2_PLACEMENT_3D('',#364,#9591,#9592);
#9591=DIRECTION('',(0,0,-1));
#9592=DIRECTION('',(0.9063095878447575,0.42261439987376903,0));
#9593=FACE_BOUND('',#9594,.T.);
#9594=EDGE_LOOP('',(#9595,#9596,#9597));
#9595=ORIENTED_EDGE('',*,*,#9598,.T.);
#9596=ORIENTED_EDGE('',*,*,#9599,.T.);
#9597=ORIENTED_EDGE('',*,*,#9600,.T.);
#9598=EDGE_CURVE('',#365,#369,#9601,.F.);
#9599=EDGE_CURVE('',#369,#373,#9602,.T.);
#9600=EDGE_CURVE('',#373,#365,#9603,.T.);
#9601=LINE('',#364,#9604);
#9602=LINE('',#368,#9605);
#9603=LINE('',#372,#9606);
#9604=VECTOR('',#9607,1.0);
#9605=VECTOR('',#9608,1.0);
#9606=VECTOR('',#9609,1.0);
#9607=DIRECTION('',(0.9063095878447575,0.42261439987376903,0));
#9608=DIRECTION('',(0.965926160359216,0.2588177983325374,0));
#9609=DIRECTION('',(-0.9396936515581688,-0.34201731128888035,0));
#9610=FACE_SURFACE('',(#9615),#9611,.T.);
#9611=PLANE('',#9612);
#9612=AXIS2_PLACEMENT_3D('',#358,#9613,#9614);
#9613=DIRECTION('',(0,0,-1));
#9614=DIRECTION('',(0.7082535418785351,0.7059581576952774,0));
#9615=FACE_BOUND('',#9616,.T.);
#9616=EDGE_LOOP('',(#9617,#9618,#9619));
#9617=ORIENTED_EDGE('',*,*,#9620,.T.);
#9618=ORIENTED_EDGE('',*,*,#9621,.T.);
#9619=ORIENTED_EDGE('',*,*,#9622,.T.);
#9620=EDGE_CURVE('',#359,#361,#9623,.F.);
#9621=EDGE_CURVE('',#361,#363,#9624,.T.);
#9622=EDGE_CURVE('',#363,#359,#9625,.T.);
#9623=LINE('',#358,#9626);
#9624=LINE('',#360,#9627);
#9625=LINE('',#362,#9628);
#9626=VECTOR('',#9629,1.0);
#9627=VECTOR('',#9630,1.0);
#9628=VECTOR('',#9631,1.0);
#9629=DIRECTION('',(0.7082535418785351,0.7059581576952774,0));
#9630=DIRECTION('',(0.8191507417158075,0.5735782966138473,0));
#9631=DIRECTION('',(-0.818739051201957,-0.574165800128255,0));
#9632=FACE_SURFACE('',(#9637),#9633,.T.);
#9633=PLANE('',#9634);
#9634=AXIS2_PLACEMENT_3D('',#362,#9635,#9636);
#9635=DIRECTION('',(0,0,-1));
#9636=DIRECTION('',(0.8188252752784173,0.5740428281628681,0));
#9637=FACE_BOUND('',#9638,.T.);
#9638=EDGE_LOOP('',(#9639,#9640,#9641));
#9639=ORIENTED_EDGE('',*,*,#9642,.T.);
#9640=ORIENTED_EDGE('',*,*,#9643,.T.);
#9641=ORIENTED_EDGE('',*,*,#9644,.T.);
#9642=EDGE_CURVE('',#363,#365,#9645,.F.);
#9643=EDGE_CURVE('',#365,#373,#9646,.T.);
#9644=EDGE_CURVE('',#373,#363,#9647,.T.);
#9645=LINE('',#362,#9648);
#9646=LINE('',#364,#9649);
#9647=LINE('',#372,#9650);
#9648=VECTOR('',#9651,1.0);
#9649=VECTOR('',#9652,1.0);
#9650=VECTOR('',#9653,1.0);
#9651=DIRECTION('',(0.8188252752784173,0.5740428281628681,0));
#9652=DIRECTION('',(0.9396936515581688,0.34201731128888035,0));
#9653=DIRECTION('',(-0.9395078173980449,-0.34252746028305814,0));
#9654=FACE_SURFACE('',(#9659),#9655,.T.);
#9655=PLANE('',#9656);
#9656=AXIS2_PLACEMENT_3D('',#372,#9657,#9658);
#9657=DIRECTION('',(0,0,-1));
#9658=DIRECTION('',(0.9999999822785067,0.00018826307720392656,0));
#9659=FACE_BOUND('',#9660,.T.);
#9660=EDGE_LOOP('',(#9661,#9662,#9663));
#9661=ORIENTED_EDGE('',*,*,#9664,.T.);
#9662=ORIENTED_EDGE('',*,*,#9665,.T.);
#9663=ORIENTED_EDGE('',*,*,#9666,.T.);
#9664=EDGE_CURVE('',#373,#379,#9667,.F.);
#9665=EDGE_CURVE('',#379,#383,#9668,.T.);
#9666=EDGE_CURVE('',#383,#373,#9669,.T.);
#9667=LINE('',#372,#9670);
#9668=LINE('',#378,#9671);
#9669=LINE('',#382,#9672);
#9670=VECTOR('',#9673,1.0);
#9671=VECTOR('',#9674,1.0);
#9672=VECTOR('',#9675,1.0);
#9673=DIRECTION('',(0.9999999822785067,0.00018826307720392656,0));
#9674=DIRECTION('',(0.9661129012574998,-0.2581198598012493,0));
#9675=DIRECTION('',(-0.996216235232002,0.0869092208006523,0));
#9676=FACE_SURFACE('',(#9681),#9677,.T.);
#9677=PLANE('',#9678);
#9678=AXIS2_PLACEMENT_3D('',#382,#9679,#9680);
#9679=DIRECTION('',(0,0,-1));
#9680=DIRECTION('',(0.9664712994471216,-0.2567746625837371,0));
#9681=FACE_BOUND('',#9682,.T.);
#9682=EDGE_LOOP('',(#9683,#9684,#9685));
#9683=ORIENTED_EDGE('',*,*,#9686,.T.);
#9684=ORIENTED_EDGE('',*,*,#9687,.T.);
#9685=ORIENTED_EDGE('',*,*,#9688,.T.);
#9686=EDGE_CURVE('',#383,#385,#9689,.F.);
#9687=EDGE_CURVE('',#385,#387,#9690,.T.);
#9688=EDGE_CURVE('',#387,#383,#9691,.T.);
#9689=LINE('',#382,#9692);
#9690=LINE('',#384,#9693);
#9691=LINE('',#386,#9694);
#9692=VECTOR('',#9695,1.0);
#9693=VECTOR('',#9696,1.0);
#9694=VECTOR('',#9697,1.0);
#9695=DIRECTION('',(0.9664712994471216,-0.2567746625837371,0));
#9696=DIRECTION('',(0.9063052368808207,-0.4226237305244461,0));
#9697=DIRECTION('',(-0.9066150506253081,0.4219587064863931,0));
#9698=FACE_SURFACE('',(#9703),#9699,.T.);
#9699=PLANE('',#9700);
#9700=AXIS2_PLACEMENT_3D('',#386,#9701,#9702);
#9701=DIRECTION('',(0,0,-1));
#9702=DIRECTION('',(0.9074813042417875,-0.42009246892990615,0));
#9703=FACE_BOUND('',#9704,.T.);
#9704=EDGE_LOOP('',(#9705,#9706,#9707));
#9705=ORIENTED_EDGE('',*,*,#9708,.T.);
#9706=ORIENTED_EDGE('',*,*,#9709,.T.);
#9707=ORIENTED_EDGE('',*,*,#9710,.T.);
#9708=EDGE_CURVE('',#387,#389,#9711,.F.);
#9709=EDGE_CURVE('',#389,#391,#9712,.T.);
#9710=EDGE_CURVE('',#391,#387,#9713,.T.);
#9711=LINE('',#386,#9714);
#9712=LINE('',#388,#9715);
#9713=LINE('',#390,#9716);
#9714=VECTOR('',#9717,1.0);
#9715=VECTOR('',#9718,1.0);
#9716=VECTOR('',#9719,1.0);
#9717=DIRECTION('',(0.9074813042417875,-0.42009246892990615,0));
#9718=DIRECTION('',(0.8191517956498051,-0.5735767914444411,0));
#9719=DIRECTION('',(-0.8195736586456399,0.5729738371463396,0));
#9720=FACE_SURFACE('',(#9725),#9721,.T.);
#9721=PLANE('',#9722);
#9722=AXIS2_PLACEMENT_3D('',#390,#9723,#9724);
#9723=DIRECTION('',(0,0,-1));
#9724=DIRECTION('',(0.8188252752784173,-0.5740428281628681,0));
#9725=FACE_BOUND('',#9726,.T.);
#9726=EDGE_LOOP('',(#9727,#9728,#9729));
#9727=ORIENTED_EDGE('',*,*,#9730,.T.);
#9728=ORIENTED_EDGE('',*,*,#9731,.T.);
#9729=ORIENTED_EDGE('',*,*,#9732,.T.);
#9730=EDGE_CURVE('',#391,#393,#9733,.F.);
#9731=EDGE_CURVE('',#393,#395,#9734,.T.);
#9732=EDGE_CURVE('',#395,#391,#9735,.T.);
#9733=LINE('',#390,#9736);
#9734=LINE('',#392,#9737);
#9735=LINE('',#394,#9738);
#9736=VECTOR('',#9739,1.0);
#9737=VECTOR('',#9740,1.0);
#9738=VECTOR('',#9741,1.0);
#9739=DIRECTION('',(0.8188252752784173,-0.5740428281628681,0));
#9740=DIRECTION('',(0.7071121203922296,-0.70710144194055,0));
#9741=DIRECTION('',(-0.7076234286718605,0.7065897559366965,0));
#9742=FACE_SURFACE('',(#9747),#9743,.T.);
#9743=PLANE('',#9744);
#9744=AXIS2_PLACEMENT_3D('',#394,#9745,#9746);
#9745=DIRECTION('',(0,0,-1));
#9746=DIRECTION('',(0.7060886304551006,-0.7081234680068444,0));
#9747=FACE_BOUND('',#9748,.T.);
#9748=EDGE_LOOP('',(#9749,#9750,#9751));
#9749=ORIENTED_EDGE('',*,*,#9752,.T.);
#9750=ORIENTED_EDGE('',*,*,#9753,.T.);
#9751=ORIENTED_EDGE('',*,*,#9754,.T.);
#9752=EDGE_CURVE('',#395,#397,#9755,.F.);
#9753=EDGE_CURVE('',#397,#399,#9756,.T.);
#9754=EDGE_CURVE('',#399,#395,#9757,.T.);
#9755=LINE('',#394,#9758);
#9756=LINE('',#396,#9759);
#9757=LINE('',#398,#9760);
#9758=VECTOR('',#9761,1.0);
#9759=VECTOR('',#9762,1.0);
#9760=VECTOR('',#9763,1.0);
#9761=DIRECTION('',(0.7060886304551006,-0.7081234680068444,0));
#9762=DIRECTION('',(0.57358073312655,-0.8191490356375996,0));
#9763=DIRECTION('',(-0.574170429176639,0.8187358049206803,0));
#9764=FACE_SURFACE('',(#9769),#9765,.T.);
#9765=PLANE('',#9766);
#9766=AXIS2_PLACEMENT_3D('',#398,#9767,#9768);
#9767=DIRECTION('',(0,0,-1));
#9768=DIRECTION('',(0.5737699581270327,-0.8190165048098256,0));
#9769=FACE_BOUND('',#9770,.T.);
#9770=EDGE_LOOP('',(#9771,#9772,#9773));
#9771=ORIENTED_EDGE('',*,*,#9774,.T.);
#9772=ORIENTED_EDGE('',*,*,#9775,.T.);
#9773=ORIENTED_EDGE('',*,*,#9776,.T.);
#9774=EDGE_CURVE('',#399,#401,#9777,.F.);
#9775=EDGE_CURVE('',#401,#403,#9778,.T.);
#9776=EDGE_CURVE('',#403,#399,#9779,.T.);
#9777=LINE('',#398,#9780);
#9778=LINE('',#400,#9781);
#9779=LINE('',#402,#9782);
#9780=VECTOR('',#9783,1.0);
#9781=VECTOR('',#9784,1.0);
#9782=VECTOR('',#9785,1.0);
#9783=DIRECTION('',(0.5737699581270327,-0.8190165048098256,0));
#9784=DIRECTION('',(0.42261773849836276,-0.9063080310283748,0));
#9785=DIRECTION('',(-0.42327568772126517,0.906000933875948,0));
#9786=FACE_SURFACE('',(#9791),#9787,.T.);
#9787=PLANE('',#9788);
#9788=AXIS2_PLACEMENT_3D('',#402,#9789,#9790);
#9789=DIRECTION('',(0,0,-1));
#9790=DIRECTION('',(0.42328338464210274,-0.9059973379022289,0));
#9791=FACE_BOUND('',#9792,.T.);
#9792=EDGE_LOOP('',(#9793,#9794,#9795));
#9793=ORIENTED_EDGE('',*,*,#9796,.T.);
#9794=ORIENTED_EDGE('',*,*,#9797,.T.);
#9795=ORIENTED_EDGE('',*,*,#9798,.T.);
#9796=EDGE_CURVE('',#403,#405,#9799,.F.);
#9797=EDGE_CURVE('',#405,#407,#9800,.T.);
#9798=EDGE_CURVE('',#407,#403,#9801,.T.);
#9799=LINE('',#402,#9802);
#9800=LINE('',#404,#9803);
#9801=LINE('',#406,#9804);
#9802=VECTOR('',#9805,1.0);
#9803=VECTOR('',#9806,1.0);
#9804=VECTOR('',#9807,1.0);
#9805=DIRECTION('',(0.42328338464210274,-0.9059973379022289,0));
#9806=DIRECTION('',(0.25882241112152465,-0.9659249243607085,0));
#9807=DIRECTION('',(-0.25952456454867834,0.9657365067117526,0));
#9808=FACE_SURFACE('',(#9813),#9809,.T.);
#9809=PLANE('',#9810);
#9810=AXIS2_PLACEMENT_3D('',#406,#9811,#9812);
#9811=DIRECTION('',(0,0,-1));
#9812=DIRECTION('',(0.257907414643953,-0.9661696359706572,0));
#9813=FACE_BOUND('',#9814,.T.);
#9814=EDGE_LOOP('',(#9815,#9816,#9817));
#9815=ORIENTED_EDGE('',*,*,#9818,.T.);
#9816=ORIENTED_EDGE('',*,*,#9819,.T.);
#9817=ORIENTED_EDGE('',*,*,#9820,.T.);
#9818=EDGE_CURVE('',#407,#409,#9821,.F.);
#9819=EDGE_CURVE('',#409,#411,#9822,.T.);
#9820=EDGE_CURVE('',#411,#407,#9823,.T.);
#9821=LINE('',#406,#9824);
#9822=LINE('',#408,#9825);
#9823=LINE('',#410,#9826);
#9824=VECTOR('',#9827,1.0);
#9825=VECTOR('',#9828,1.0);
#9826=VECTOR('',#9829,1.0);
#9827=DIRECTION('',(0.257907414643953,-0.9661696359706572,0));
#9828=DIRECTION('',(0.08716122769591352,-0.9961942182057377,0));
#9829=DIRECTION('',(-0.08788235797309614,0.9961308604581471,0));
#9830=FACE_SURFACE('',(#9835),#9831,.T.);
#9831=PLANE('',#9832);
#9832=AXIS2_PLACEMENT_3D('',#410,#9833,#9834);
#9833=DIRECTION('',(0,-0,-1));
#9834=DIRECTION('',(0.08704084811536059,-0.9962047433933241,0));
#9835=FACE_BOUND('',#9836,.T.);
#9836=EDGE_LOOP('',(#9837,#9838,#9839));
#9837=ORIENTED_EDGE('',*,*,#9840,.T.);
#9838=ORIENTED_EDGE('',*,*,#9841,.T.);
#9839=ORIENTED_EDGE('',*,*,#9842,.T.);
#9840=EDGE_CURVE('',#411,#413,#9843,.F.);
#9841=EDGE_CURVE('',#413,#415,#9844,.T.);
#9842=EDGE_CURVE('',#415,#411,#9845,.T.);
#9843=LINE('',#410,#9846);
#9844=LINE('',#412,#9847);
#9845=LINE('',#414,#9848);
#9846=VECTOR('',#9849,1.0);
#9847=VECTOR('',#9850,1.0);
#9848=VECTOR('',#9851,1.0);
#9849=DIRECTION('',(0.08704084811536059,-0.9962047433933241,0));
#9850=DIRECTION('',(-0.08715698873850128,-0.9961945890808868,0));
#9851=DIRECTION('',(0.08643354969597482,0.9962576180320799,0));
#9852=FACE_SURFACE('',(#9857),#9853,.T.);
#9853=PLANE('',#9854);
#9854=AXIS2_PLACEMENT_3D('',#414,#9855,#9856);
#9855=DIRECTION('',(0,0,-1));
#9856=DIRECTION('',(-0.08704084811536059,-0.9962047433933241,0));
#9857=FACE_BOUND('',#9858,.T.);
#9858=EDGE_LOOP('',(#9859,#9860,#9861));
#9859=ORIENTED_EDGE('',*,*,#9862,.T.);
#9860=ORIENTED_EDGE('',*,*,#9863,.T.);
#9861=ORIENTED_EDGE('',*,*,#9864,.T.);
#9862=EDGE_CURVE('',#415,#417,#9865,.F.);
#9863=EDGE_CURVE('',#417,#419,#9866,.T.);
#9864=EDGE_CURVE('',#419,#415,#9867,.T.);
#9865=LINE('',#414,#9868);
#9866=LINE('',#416,#9869);
#9867=LINE('',#418,#9870);
#9868=VECTOR('',#9871,1.0);
#9869=VECTOR('',#9872,1.0);
#9870=VECTOR('',#9873,1.0);
#9871=DIRECTION('',(-0.08704084811536059,-0.9962047433933241,0));
#9872=DIRECTION('',(-0.2588184258909818,-0.9659259922060873,0));
#9873=DIRECTION('',(0.2581160182725799,0.9661139276043531,0));
#9874=FACE_SURFACE('',(#9879),#9875,.T.);
#9875=PLANE('',#9876);
#9876=AXIS2_PLACEMENT_3D('',#418,#9877,#9878);
#9877=DIRECTION('',(0,0,-1));
#9878=DIRECTION('',(-0.25904163518401047,-0.9658661559663398,0));
#9879=FACE_BOUND('',#9880,.T.);
#9880=EDGE_LOOP('',(#9881,#9882,#9883));
#9881=ORIENTED_EDGE('',*,*,#9884,.T.);
#9882=ORIENTED_EDGE('',*,*,#9885,.T.);
#9883=ORIENTED_EDGE('',*,*,#9886,.T.);
#9884=EDGE_CURVE('',#419,#421,#9887,.F.);
#9885=EDGE_CURVE('',#421,#423,#9888,.T.);
#9886=EDGE_CURVE('',#423,#419,#9889,.T.);
#9887=LINE('',#418,#9890);
#9888=LINE('',#420,#9891);
#9889=LINE('',#422,#9892);
#9890=VECTOR('',#9893,1.0);
#9891=VECTOR('',#9894,1.0);
#9892=VECTOR('',#9895,1.0);
#9893=DIRECTION('',(-0.25904163518401047,-0.9658661559663398,0));
#9894=DIRECTION('',(-0.42261379148407663,-0.9063098715381254,0));
#9895=DIRECTION('',(0.4219574860116048,0.9066156186602823,0));
#9896=FACE_SURFACE('',(#9901),#9897,.T.);
#9897=PLANE('',#9898);
#9898=AXIS2_PLACEMENT_3D('',#422,#9899,#9900);
#9899=DIRECTION('',(0,0,-1));
#9900=DIRECTION('',(-0.42338805956353154,-0.9059484262467855,0));
#9901=FACE_BOUND('',#9902,.T.);
#9902=EDGE_LOOP('',(#9903,#9904,#9905));
#9903=ORIENTED_EDGE('',*,*,#9906,.T.);
#9904=ORIENTED_EDGE('',*,*,#9907,.T.);
#9905=ORIENTED_EDGE('',*,*,#9908,.T.);
#9906=EDGE_CURVE('',#423,#425,#9909,.F.);
#9907=EDGE_CURVE('',#425,#427,#9910,.T.);
#9908=EDGE_CURVE('',#427,#423,#9911,.T.);
#9909=LINE('',#422,#9912);
#9910=LINE('',#424,#9913);
#9911=LINE('',#426,#9914);
#9912=VECTOR('',#9915,1.0);
#9913=VECTOR('',#9916,1.0);
#9914=VECTOR('',#9917,1.0);
#9915=DIRECTION('',(-0.42338805956353154,-0.9059484262467855,0));
#9916=DIRECTION('',(-0.5735701977404658,-0.8191564125757442,0));
#9917=DIRECTION('',(0.572979839312937,0.8195694624258038,0));
#9918=FACE_SURFACE('',(#9923),#9919,.T.);
#9919=PLANE('',#9920);
#9920=AXIS2_PLACEMENT_3D('',#426,#9921,#9922);
#9921=DIRECTION('',(0,0,-1));
#9922=DIRECTION('',(-0.5737699581270327,-0.8190165048098256,0));
#9923=FACE_BOUND('',#9924,.T.);
#9924=EDGE_LOOP('',(#9925,#9926,#9927));
#9925=ORIENTED_EDGE('',*,*,#9928,.T.);
#9926=ORIENTED_EDGE('',*,*,#9929,.T.);
#9927=ORIENTED_EDGE('',*,*,#9930,.T.);
#9928=EDGE_CURVE('',#427,#429,#9931,.F.);
#9929=EDGE_CURVE('',#429,#431,#9932,.T.);
#9930=EDGE_CURVE('',#431,#427,#9933,.T.);
#9931=LINE('',#426,#9934);
#9932=LINE('',#428,#9935);
#9933=LINE('',#430,#9936);
#9934=VECTOR('',#9937,1.0);
#9935=VECTOR('',#9938,1.0);
#9936=VECTOR('',#9939,1.0);
#9937=DIRECTION('',(-0.5737699581270327,-0.8190165048098256,0));
#9938=DIRECTION('',(-0.7071105186432244,-0.707103043710116,0));
#9939=DIRECTION('',(0.7065982666337463,0.7076149303047422,0));
#9940=FACE_SURFACE('',(#9945),#9941,.T.);
#9941=PLANE('',#9942);
#9942=AXIS2_PLACEMENT_3D('',#430,#9943,#9944);
#9943=DIRECTION('',(0,0,-1));
#9944=DIRECTION('',(-0.7060886304551006,-0.7081234680068444,0));
#9945=FACE_BOUND('',#9946,.T.);
#9946=EDGE_LOOP('',(#9947,#9948,#9949));
#9947=ORIENTED_EDGE('',*,*,#9950,.T.);
#9948=ORIENTED_EDGE('',*,*,#9951,.T.);
#9949=ORIENTED_EDGE('',*,*,#9952,.T.);
#9950=EDGE_CURVE('',#431,#433,#9953,.F.);
#9951=EDGE_CURVE('',#433,#435,#9954,.T.);
#9952=EDGE_CURVE('',#435,#431,#9955,.T.);
#9953=LINE('',#430,#9956);
#9954=LINE('',#432,#9957);
#9955=LINE('',#434,#9958);
#9956=VECTOR('',#9959,1.0);
#9957=VECTOR('',#9960,1.0);
#9958=VECTOR('',#9961,1.0);
#9959=DIRECTION('',(-0.7060886304551006,-0.7081234680068444,0));
#9960=DIRECTION('',(-0.8191514443393946,-0.573577293166914,0));
#9961=DIRECTION('',(0.8187314030204832,0.5741767059957336,0));
#9962=FACE_SURFACE('',(#9967),#9963,.T.);
#9963=PLANE('',#9964);
#9964=AXIS2_PLACEMENT_3D('',#434,#9965,#9966);
#9965=DIRECTION('',(0,0,-1));
#9966=DIRECTION('',(-0.8188252752784173,-0.5740428281628681,0));
#9967=FACE_BOUND('',#9968,.T.);
#9968=EDGE_LOOP('',(#9969,#9970,#9971));
#9969=ORIENTED_EDGE('',*,*,#9972,.T.);
#9970=ORIENTED_EDGE('',*,*,#9973,.T.);
#9971=ORIENTED_EDGE('',*,*,#9974,.T.);
#9972=EDGE_CURVE('',#435,#437,#9975,.F.);
#9973=EDGE_CURVE('',#437,#439,#9976,.T.);
#9974=EDGE_CURVE('',#439,#435,#9977,.T.);
#9975=LINE('',#434,#9978);
#9976=LINE('',#436,#9979);
#9977=LINE('',#438,#9980);
#9978=VECTOR('',#9981,1.0);
#9979=VECTOR('',#9982,1.0);
#9980=VECTOR('',#9983,1.0);
#9981=DIRECTION('',(-0.8188252752784173,-0.5740428281628681,0));
#9982=DIRECTION('',(-0.9063050461535415,-0.4226241395337316,0));
#9983=DIRECTION('',(0.9059971130941854,0.42328386582174593,0));
#9984=FACE_SURFACE('',(#9989),#9985,.T.);
#9985=PLANE('',#9986);
#9986=AXIS2_PLACEMENT_3D('',#438,#9987,#9988);
#9987=DIRECTION('',(0,0,-1));
#9988=DIRECTION('',(-0.9074363026170286,-0.42018966752258025,0));
#9989=FACE_BOUND('',#9990,.T.);
#9990=EDGE_LOOP('',(#9991,#9992,#9993));
#9991=ORIENTED_EDGE('',*,*,#9994,.T.);
#9992=ORIENTED_EDGE('',*,*,#9995,.T.);
#9993=ORIENTED_EDGE('',*,*,#9996,.T.);
#9994=EDGE_CURVE('',#439,#441,#9997,.F.);
#9995=EDGE_CURVE('',#441,#443,#9998,.T.);
#9996=EDGE_CURVE('',#443,#439,#9999,.T.);
#9997=LINE('',#438,#10000);
#9998=LINE('',#440,#10001);
#9999=LINE('',#442,#10002);
#10000=VECTOR('',#10003,1.0);
#10001=VECTOR('',#10004,1.0);
#10002=VECTOR('',#10005,1.0);
#10003=DIRECTION('',(-0.9074363026170286,-0.42018966752258025,0));
#10004=DIRECTION('',(-0.9659237230178259,-0.25882689449008656,0));
#10005=DIRECTION('',(0.9657388738015161,0.259515756031458,0));
#10006=FACE_SURFACE('',(#10011),#10007,.T.);
#10007=PLANE('',#10008);
#10008=AXIS2_PLACEMENT_3D('',#442,#10009,#10010);
#10009=DIRECTION('',(0,0,-1));
#10010=DIRECTION('',(-0.9664712994471216,-0.2567746625837371,0));
#10011=FACE_BOUND('',#10012,.T.);
#10012=EDGE_LOOP('',(#10013,#10014,#10015));
#10013=ORIENTED_EDGE('',*,*,#10016,.T.);
#10014=ORIENTED_EDGE('',*,*,#10017,.T.);
#10015=ORIENTED_EDGE('',*,*,#10018,.T.);
#10016=EDGE_CURVE('',#443,#445,#10019,.F.);
#10017=EDGE_CURVE('',#445,#447,#10020,.T.);
#10018=EDGE_CURVE('',#447,#443,#10021,.T.);
#10019=LINE('',#442,#10022);
#10020=LINE('',#444,#10023);
#10021=LINE('',#446,#10024);
#10022=VECTOR('',#10025,1.0);
#10023=VECTOR('',#10026,1.0);
#10024=VECTOR('',#10027,1.0);
#10025=DIRECTION('',(-0.9664712994471216,-0.2567746625837371,0));
#10026=DIRECTION('',(-0.9961934648136203,-0.08716983803262648,0));
#10027=DIRECTION('',(0.9961307810561105,0.08788325797638195,0));
#10028=FACE_SURFACE('',(#10033),#10029,.T.);
#10029=PLANE('',#10030);
#10030=AXIS2_PLACEMENT_3D('',#446,#10031,#10032);
#10031=DIRECTION('',(-0,0,-1));
#10032=DIRECTION('',(-0.9963317738330999,-0.08557450818198405,0));
#10033=FACE_BOUND('',#10034,.T.);
#10034=EDGE_LOOP('',(#10035,#10036,#10037));
#10035=ORIENTED_EDGE('',*,*,#10038,.T.);
#10036=ORIENTED_EDGE('',*,*,#10039,.T.);
#10037=ORIENTED_EDGE('',*,*,#10040,.T.);
#10038=EDGE_CURVE('',#447,#449,#10041,.F.);
#10039=EDGE_CURVE('',#449,#309,#10042,.T.);
#10040=EDGE_CURVE('',#309,#447,#10043,.T.);
#10041=LINE('',#446,#10044);
#10042=LINE('',#448,#10045);
#10043=LINE('',#308,#10046);
#10044=VECTOR('',#10047,1.0);
#10045=VECTOR('',#10048,1.0);
#10046=VECTOR('',#10049,1.0);
#10047=DIRECTION('',(-0.9963317738330999,-0.08557450818198405,0));
#10048=DIRECTION('',(-0.9961949483360572,0.0871528823947918,0));
#10049=DIRECTION('',(0.9962573134078112,-0.08643706080987651,0));
#10050=FACE_SURFACE('',(#10055),#10051,.T.);
#10051=PLANE('',#10052);
#10052=AXIS2_PLACEMENT_3D('',#308,#10053,#10054);
#10053=DIRECTION('',(0,0,-1));
#10054=DIRECTION('',(-0.9963317738330999,0.08557450818198405,0));
#10055=FACE_BOUND('',#10056,.T.);
#10056=EDGE_LOOP('',(#10057,#10058,#10059));
#10057=ORIENTED_EDGE('',*,*,#10060,.T.);
#10058=ORIENTED_EDGE('',*,*,#10061,.T.);
#10059=ORIENTED_EDGE('',*,*,#10062,.T.);
#10060=EDGE_CURVE('',#309,#307,#10063,.F.);
#10061=EDGE_CURVE('',#307,#311,#10064,.T.);
#10062=EDGE_CURVE('',#311,#309,#10065,.T.);
#10063=LINE('',#308,#10066);
#10064=LINE('',#306,#10067);
#10065=LINE('',#310,#10068);
#10066=VECTOR('',#10069,1.0);
#10067=VECTOR('',#10070,1.0);
#10068=VECTOR('',#10071,1.0);
#10069=DIRECTION('',(-0.9963317738330999,0.08557450818198405,0));
#10070=DIRECTION('',(-0.965923937624634,0.2588260935912803,0));
#10071=DIRECTION('',(0.9661130429632113,-0.2581193294125107,0));
#10072=FACE_SURFACE('',(#10077),#10073,.T.);
#10073=PLANE('',#10074);
#10074=AXIS2_PLACEMENT_3D('',#310,#10075,#10076);
#10075=DIRECTION('',(0,0,-1));
#10076=DIRECTION('',(-0.9664712994471216,0.2567746625837371,0));
#10077=FACE_BOUND('',#10078,.T.);
#10078=EDGE_LOOP('',(#10079,#10080,#10081));
#10079=ORIENTED_EDGE('',*,*,#10082,.T.);
#10080=ORIENTED_EDGE('',*,*,#10083,.T.);
#10081=ORIENTED_EDGE('',*,*,#10084,.T.);
#10082=EDGE_CURVE('',#311,#313,#10085,.F.);
#10083=EDGE_CURVE('',#313,#315,#10086,.T.);
#10084=EDGE_CURVE('',#315,#311,#10087,.T.);
#10085=LINE('',#310,#10088);
#10086=LINE('',#312,#10089);
#10087=LINE('',#314,#10090);
#10088=VECTOR('',#10091,1.0);
#10089=VECTOR('',#10092,1.0);
#10090=VECTOR('',#10093,1.0);
#10091=DIRECTION('',(-0.9664712994471216,0.2567746625837371,0));
#10092=DIRECTION('',(-0.9063050461535415,0.4226241395337316,0));
#10093=DIRECTION('',(0.9066148612792214,-0.4219591133127215,0));
#10094=FACE_SURFACE('',(#10099),#10095,.T.);
#10095=PLANE('',#10096);
#10096=AXIS2_PLACEMENT_3D('',#314,#10097,#10098);
#10097=DIRECTION('',(0,0,-1));
#10098=DIRECTION('',(-0.9074813042417875,0.42009246892990615,0));
#10099=FACE_BOUND('',#10100,.T.);
#10100=EDGE_LOOP('',(#10101,#10102,#10103));
#10101=ORIENTED_EDGE('',*,*,#10104,.T.);
#10102=ORIENTED_EDGE('',*,*,#10105,.T.);
#10103=ORIENTED_EDGE('',*,*,#10106,.T.);
#10104=EDGE_CURVE('',#315,#317,#10107,.F.);
#10105=EDGE_CURVE('',#317,#319,#10108,.T.);
#10106=EDGE_CURVE('',#319,#315,#10109,.T.);
#10107=LINE('',#314,#10110);
#10108=LINE('',#316,#10111);
#10109=LINE('',#318,#10112);
#10110=VECTOR('',#10113,1.0);
#10111=VECTOR('',#10114,1.0);
#10112=VECTOR('',#10115,1.0);
#10113=DIRECTION('',(-0.9074813042417875,0.42009246892990615,0));
#10114=DIRECTION('',(-0.8191434167729725,0.5735887575236287,0));
#10115=DIRECTION('',(0.8195653192048498,-0.5729857655794364,0));
#10116=FACE_SURFACE('',(#10121),#10117,.T.);
#10117=PLANE('',#10118);
#10118=AXIS2_PLACEMENT_3D('',#318,#10119,#10120);
#10119=DIRECTION('',(0,0,-1));
#10120=DIRECTION('',(-0.8207388183232048,0.5713035901317522,0));
#10121=FACE_BOUND('',#10122,.T.);
#10122=EDGE_LOOP('',(#10123,#10124,#10125));
#10123=ORIENTED_EDGE('',*,*,#10126,.T.);
#10124=ORIENTED_EDGE('',*,*,#10127,.T.);
#10125=ORIENTED_EDGE('',*,*,#10128,.T.);
#10126=EDGE_CURVE('',#319,#321,#10129,.F.);
#10127=EDGE_CURVE('',#321,#323,#10130,.T.);
#10128=EDGE_CURVE('',#323,#319,#10131,.T.);
#10129=LINE('',#318,#10132);
#10130=LINE('',#320,#10133);
#10131=LINE('',#322,#10134);
#10132=VECTOR('',#10135,1.0);
#10133=VECTOR('',#10136,1.0);
#10134=VECTOR('',#10137,1.0);
#10135=DIRECTION('',(-0.8207388183232048,0.5713035901317522,0));
#10136=DIRECTION('',(-0.7071035776824893,0.7071099846760925,0));
#10137=DIRECTION('',(0.7076234286718605,-0.7065897559366965,0));
#10138=FACE_SURFACE('',(#10143),#10139,.T.);
#10139=PLANE('',#10140);
#10140=AXIS2_PLACEMENT_3D('',#322,#10141,#10142);
#10141=DIRECTION('',(0,0,-1));
#10142=DIRECTION('',(-0.708126400043321,0.7060856899567407,0));
#10143=FACE_BOUND('',#10144,.T.);
#10144=EDGE_LOOP('',(#10145,#10146,#10147));
#10145=ORIENTED_EDGE('',*,*,#10148,.T.);
#10146=ORIENTED_EDGE('',*,*,#10149,.T.);
#10147=ORIENTED_EDGE('',*,*,#10150,.T.);
#10148=EDGE_CURVE('',#323,#325,#10151,.F.);
#10149=EDGE_CURVE('',#325,#327,#10152,.T.);
#10150=EDGE_CURVE('',#327,#323,#10153,.T.);
#10151=LINE('',#322,#10154);
#10152=LINE('',#324,#10155);
#10153=LINE('',#326,#10156);
#10154=VECTOR('',#10157,1.0);
#10155=VECTOR('',#10158,1.0);
#10156=VECTOR('',#10159,1.0);
#10157=DIRECTION('',(-0.708126400043321,0.7060856899567407,0));
#10158=DIRECTION('',(-0.57358073312655,0.8191490356375996,0));
#10159=DIRECTION('',(0.5741784279866788,-0.8187301953847472,0));
#10160=FACE_SURFACE('',(#10165),#10161,.T.);
#10161=PLANE('',#10162);
#10162=AXIS2_PLACEMENT_3D('',#326,#10163,#10164);
#10163=DIRECTION('',(0,0,-1));
#10164=DIRECTION('',(-0.5739407498147455,0.8188968284845703,0));
#10165=FACE_BOUND('',#10166,.T.);
#10166=EDGE_LOOP('',(#10167,#10168,#10169));
#10167=ORIENTED_EDGE('',*,*,#10170,.T.);
#10168=ORIENTED_EDGE('',*,*,#10171,.T.);
#10169=ORIENTED_EDGE('',*,*,#10172,.T.);
#10170=EDGE_CURVE('',#327,#329,#10173,.F.);
#10171=EDGE_CURVE('',#329,#331,#10174,.T.);
#10172=EDGE_CURVE('',#331,#327,#10175,.T.);
#10173=LINE('',#326,#10176);
#10174=LINE('',#328,#10177);
#10175=LINE('',#330,#10178);
#10176=VECTOR('',#10179,1.0);
#10177=VECTOR('',#10180,1.0);
#10178=VECTOR('',#10181,1.0);
#10179=DIRECTION('',(-0.5739407498147455,0.8188968284845703,0));
#10180=DIRECTION('',(-0.4226181770540213,0.9063078265266917,0));
#10181=DIRECTION('',(0.42327699708898037,-0.9060003221496862,0));
#10182=FACE_SURFACE('',(#10187),#10183,.T.);
#10183=PLANE('',#10184);
#10184=AXIS2_PLACEMENT_3D('',#330,#10185,#10186);
#10185=DIRECTION('',(0,0,-1));
#10186=DIRECTION('',(-0.42338805956353154,0.9059484262467855,0));
#10187=FACE_BOUND('',#10188,.T.);
#10188=EDGE_LOOP('',(#10189,#10190,#10191));
#10189=ORIENTED_EDGE('',*,*,#10192,.T.);
#10190=ORIENTED_EDGE('',*,*,#10193,.T.);
#10191=ORIENTED_EDGE('',*,*,#10194,.T.);
#10192=EDGE_CURVE('',#331,#333,#10195,.F.);
#10193=EDGE_CURVE('',#333,#335,#10196,.T.);
#10194=EDGE_CURVE('',#335,#331,#10197,.T.);
#10195=LINE('',#330,#10198);
#10196=LINE('',#332,#10199);
#10197=LINE('',#334,#10200);
#10198=VECTOR('',#10201,1.0);
#10199=VECTOR('',#10202,1.0);
#10200=VECTOR('',#10203,1.0);
#10201=DIRECTION('',(-0.42338805956353154,0.9059484262467855,0));
#10202=DIRECTION('',(-0.25881664534102417,0.9659264693000283,0));
#10203=DIRECTION('',(0.2595193082206768,-0.9657379192413754,0));
#10204=FACE_SURFACE('',(#10209),#10205,.T.);
#10205=PLANE('',#10206);
#10206=AXIS2_PLACEMENT_3D('',#334,#10207,#10208);
#10207=DIRECTION('',(0,0,-1));
#10208=DIRECTION('',(-0.25880399193112996,0.9659298596484693,0));
#10209=FACE_BOUND('',#10210,.T.);
#10210=EDGE_LOOP('',(#10211,#10212,#10213));
#10211=ORIENTED_EDGE('',*,*,#10214,.T.);
#10212=ORIENTED_EDGE('',*,*,#10215,.T.);
#10213=ORIENTED_EDGE('',*,*,#10216,.T.);
#10214=EDGE_CURVE('',#335,#337,#10217,.F.);
#10215=EDGE_CURVE('',#337,#339,#10218,.T.);
#10216=EDGE_CURVE('',#339,#335,#10219,.T.);
#10217=LINE('',#334,#10220);
#10218=LINE('',#336,#10221);
#10219=LINE('',#338,#10222);
#10220=VECTOR('',#10223,1.0);
#10221=VECTOR('',#10224,1.0);
#10222=VECTOR('',#10225,1.0);
#10223=DIRECTION('',(-0.25880399193112996,0.9659298596484693,0));
#10224=DIRECTION('',(-0.08716228743452682,0.9961941254841754,0));
#10225=DIRECTION('',(0.08788437516137744,-0.9961306824922593,0));
#10226=FACE_SURFACE('',(#10231),#10227,.T.);
#10227=PLANE('',#10228);
#10228=AXIS2_PLACEMENT_3D('',#338,#10229,#10230);
#10229=DIRECTION('',(0,0,-1));
#10230=DIRECTION('',(-0.08641027464301126,0.9962596370606004,0));
#10231=FACE_BOUND('',#10232,.T.);
#10232=EDGE_LOOP('',(#10233,#10234,#10235));
#10233=ORIENTED_EDGE('',*,*,#10236,.T.);
#10234=ORIENTED_EDGE('',*,*,#10237,.T.);
#10235=ORIENTED_EDGE('',*,*,#10238,.T.);
#10236=EDGE_CURVE('',#339,#341,#10239,.F.);
#10237=EDGE_CURVE('',#341,#343,#10240,.T.);
#10238=EDGE_CURVE('',#343,#339,#10241,.T.);
#10239=LINE('',#338,#10242);
#10240=LINE('',#340,#10243);
#10241=LINE('',#342,#10244);
#10242=VECTOR('',#10245,1.0);
#10243=VECTOR('',#10246,1.0);
#10244=VECTOR('',#10247,1.0);
#10245=DIRECTION('',(-0.08641027464301126,0.9962596370606004,0));
#10246=DIRECTION('',(0.08715380951733523,0.9961948672255926,0));
#10247=DIRECTION('',(-0.08643302194298697,-0.9962576638188552,0));
#10248=FACE_SURFACE('',(#10253),#10249,.T.);
#10249=PLANE('',#10250);
#10250=AXIS2_PLACEMENT_3D('',#342,#10251,#10252);
#10251=DIRECTION('',(0,0,-1));
#10252=DIRECTION('',(0.08741914203607108,0.9961716185505775,0));
#10253=FACE_BOUND('',#10254,.T.);
#10254=EDGE_LOOP('',(#10255,#10256,#10257));
#10255=ORIENTED_EDGE('',*,*,#10258,.T.);
#10256=ORIENTED_EDGE('',*,*,#10259,.T.);
#10257=ORIENTED_EDGE('',*,*,#10260,.T.);
#10258=EDGE_CURVE('',#343,#345,#10261,.F.);
#10259=EDGE_CURVE('',#345,#347,#10262,.T.);
#10260=EDGE_CURVE('',#347,#343,#10263,.T.);
#10261=LINE('',#342,#10264);
#10262=LINE('',#344,#10265);
#10263=LINE('',#346,#10266);
#10264=VECTOR('',#10267,1.0);
#10265=VECTOR('',#10268,1.0);
#10266=VECTOR('',#10269,1.0);
#10267=DIRECTION('',(0.08741914203607108,0.9961716185505775,0));
#10268=DIRECTION('',(0.25881892404552254,0.9659258587261851,0));
#10269=DIRECTION('',(-0.25811800344986,-0.9661133972236685,0));
#10270=FACE_SURFACE('',(#10275),#10271,.T.);
#10271=PLANE('',#10272);
#10272=AXIS2_PLACEMENT_3D('',#346,#10273,#10274);
#10273=DIRECTION('',(0,0,-1));
#10274=DIRECTION('',(0.25880399193112996,0.9659298596484693,0));
#10275=FACE_BOUND('',#10276,.T.);
#10276=EDGE_LOOP('',(#10277,#10278,#10279));
#10277=ORIENTED_EDGE('',*,*,#10280,.T.);
#10278=ORIENTED_EDGE('',*,*,#10281,.T.);
#10279=ORIENTED_EDGE('',*,*,#10282,.T.);
#10280=EDGE_CURVE('',#347,#349,#10283,.F.);
#10281=EDGE_CURVE('',#349,#351,#10284,.T.);
#10282=EDGE_CURVE('',#351,#347,#10285,.T.);
#10283=LINE('',#346,#10286);
#10284=LINE('',#348,#10287);
#10285=LINE('',#350,#10288);
#10286=VECTOR('',#10289,1.0);
#10287=VECTOR('',#10290,1.0);
#10288=VECTOR('',#10291,1.0);
#10289=DIRECTION('',(0.25880399193112996,0.9659298596484693,0));
#10290=DIRECTION('',(0.42261466860044056,0.9063094625367981,0));
#10291=DIRECTION('',(-0.4219574860116048,-0.9066156186602823,0));
#10292=FACE_SURFACE('',(#10297),#10293,.T.);
#10293=PLANE('',#10294);
#10294=AXIS2_PLACEMENT_3D('',#350,#10295,#10296);
#10295=DIRECTION('',(0,0,-1));
#10296=DIRECTION('',(0.42338805956353154,0.9059484262467855,0));
#10297=FACE_BOUND('',#10298,.T.);
#10298=EDGE_LOOP('',(#10299,#10300,#10301));
#10299=ORIENTED_EDGE('',*,*,#10302,.T.);
#10300=ORIENTED_EDGE('',*,*,#10303,.T.);
#10301=ORIENTED_EDGE('',*,*,#10304,.T.);
#10302=EDGE_CURVE('',#351,#353,#10305,.F.);
#10303=EDGE_CURVE('',#353,#355,#10306,.T.);
#10304=EDGE_CURVE('',#355,#351,#10307,.T.);
#10305=LINE('',#350,#10308);
#10306=LINE('',#352,#10309);
#10307=LINE('',#354,#10310);
#10308=VECTOR('',#10311,1.0);
#10309=VECTOR('',#10312,1.0);
#10310=VECTOR('',#10313,1.0);
#10311=DIRECTION('',(0.42338805956353154,0.9059484262467855,0));
#10312=DIRECTION('',(0.5735698394729731,0.8191566634331603,0));
#10313=DIRECTION('',(-0.5729794821569567,-0.8195697121216386,0));
#10314=FACE_SURFACE('',(#10319),#10315,.T.);
#10315=PLANE('',#10316);
#10316=AXIS2_PLACEMENT_3D('',#354,#10317,#10318);
#10317=DIRECTION('',(0,0,-1));
#10318=DIRECTION('',(0.5739407498147455,0.8188968284845703,0));
#10319=FACE_BOUND('',#10320,.T.);
#10320=EDGE_LOOP('',(#10321,#10322,#10323));
#10321=ORIENTED_EDGE('',*,*,#10324,.T.);
#10322=ORIENTED_EDGE('',*,*,#10325,.T.);
#10323=ORIENTED_EDGE('',*,*,#10326,.T.);
#10324=EDGE_CURVE('',#355,#357,#10327,.F.);
#10325=EDGE_CURVE('',#357,#359,#10328,.T.);
#10326=EDGE_CURVE('',#359,#355,#10329,.T.);
#10327=LINE('',#354,#10330);
#10328=LINE('',#356,#10331);
#10329=LINE('',#358,#10332);
#10330=VECTOR('',#10333,1.0);
#10331=VECTOR('',#10334,1.0);
#10332=VECTOR('',#10335,1.0);
#10333=DIRECTION('',(0.5739407498147455,0.8188968284845703,0));
#10334=DIRECTION('',(0.7071014419889284,0.7071121203438518,0));
#10335=DIRECTION('',(-0.7065897590481223,-0.7076234255649798,0));
#10336=FACE_SURFACE('',(#10341),#10337,.T.);
#10337=PLANE('',#10338);
#10338=AXIS2_PLACEMENT_3D('',#358,#10339,#10340);
#10339=DIRECTION('',(0,0,-1));
#10340=DIRECTION('',(0.818739051201957,0.574165800128255,0));
#10341=FACE_BOUND('',#10342,.T.);
#10342=EDGE_LOOP('',(#10343,#10344,#10345));
#10343=ORIENTED_EDGE('',*,*,#10346,.T.);
#10344=ORIENTED_EDGE('',*,*,#10347,.T.);
#10345=ORIENTED_EDGE('',*,*,#10348,.T.);
#10346=EDGE_CURVE('',#359,#363,#10349,.F.);
#10347=EDGE_CURVE('',#363,#373,#10350,.T.);
#10348=EDGE_CURVE('',#373,#359,#10351,.T.);
#10349=LINE('',#358,#10352);
#10350=LINE('',#362,#10353);
#10351=LINE('',#372,#10354);
#10352=VECTOR('',#10355,1.0);
#10353=VECTOR('',#10356,1.0);
#10354=VECTOR('',#10357,1.0);
#10355=DIRECTION('',(0.818739051201957,0.574165800128255,0));
#10356=DIRECTION('',(0.9395078173980449,0.34252746028305814,0));
#10357=DIRECTION('',(-0.9061061528442621,-0.4230503986261813,0));
#10358=FACE_SURFACE('',(#10363),#10359,.T.);
#10359=PLANE('',#10360);
#10360=AXIS2_PLACEMENT_3D('',#372,#10361,#10362);
#10361=DIRECTION('',(0,0,-1));
#10362=DIRECTION('',(0.996216235232002,-0.0869092208006523,0));
#10363=FACE_BOUND('',#10364,.T.);
#10364=EDGE_LOOP('',(#10365,#10366,#10367));
#10365=ORIENTED_EDGE('',*,*,#10368,.T.);
#10366=ORIENTED_EDGE('',*,*,#10369,.T.);
#10367=ORIENTED_EDGE('',*,*,#10370,.T.);
#10368=EDGE_CURVE('',#373,#383,#10371,.F.);
#10369=EDGE_CURVE('',#383,#387,#10372,.T.);
#10370=EDGE_CURVE('',#387,#373,#10373,.T.);
#10371=LINE('',#372,#10374);
#10372=LINE('',#382,#10375);
#10373=LINE('',#386,#10376);
#10374=VECTOR('',#10377,1.0);
#10375=VECTOR('',#10378,1.0);
#10376=VECTOR('',#10379,1.0);
#10377=DIRECTION('',(0.996216235232002,-0.0869092208006523,0));
#10378=DIRECTION('',(0.9066150506253081,-0.4219587064863931,0));
#10379=DIRECTION('',(-0.9848560621776179,0.17337397957016507,0));
#10380=FACE_SURFACE('',(#10385),#10381,.T.);
#10381=PLANE('',#10382);
#10382=AXIS2_PLACEMENT_3D('',#386,#10383,#10384);
#10383=DIRECTION('',(0,0,-1));
#10384=DIRECTION('',(0.8195736586456399,-0.5729738371463396,0));
#10385=FACE_BOUND('',#10386,.T.);
#10386=EDGE_LOOP('',(#10387,#10388,#10389));
#10387=ORIENTED_EDGE('',*,*,#10390,.T.);
#10388=ORIENTED_EDGE('',*,*,#10391,.T.);
#10389=ORIENTED_EDGE('',*,*,#10392,.T.);
#10390=EDGE_CURVE('',#387,#391,#10393,.F.);
#10391=EDGE_CURVE('',#391,#395,#10394,.T.);
#10392=EDGE_CURVE('',#395,#387,#10395,.T.);
#10393=LINE('',#386,#10396);
#10394=LINE('',#390,#10397);
#10395=LINE('',#394,#10398);
#10396=VECTOR('',#10399,1.0);
#10397=VECTOR('',#10400,1.0);
#10398=VECTOR('',#10401,1.0);
#10399=DIRECTION('',(0.8195736586456399,-0.5729738371463396,0));
#10400=DIRECTION('',(0.7076234286718605,-0.7065897559366965,0));
#10401=DIRECTION('',(-0.766515304161821,0.642226041581709,0));
#10402=FACE_SURFACE('',(#10407),#10403,.T.);
#10403=PLANE('',#10404);
#10404=AXIS2_PLACEMENT_3D('',#394,#10405,#10406);
#10405=DIRECTION('',(0,0,-1));
#10406=DIRECTION('',(0.574170429176639,-0.8187358049206803,0));
#10407=FACE_BOUND('',#10408,.T.);
#10408=EDGE_LOOP('',(#10409,#10410,#10411));
#10409=ORIENTED_EDGE('',*,*,#10412,.T.);
#10410=ORIENTED_EDGE('',*,*,#10413,.T.);
#10411=ORIENTED_EDGE('',*,*,#10414,.T.);
#10412=EDGE_CURVE('',#395,#399,#10415,.F.);
#10413=EDGE_CURVE('',#399,#403,#10416,.T.);
#10414=EDGE_CURVE('',#403,#395,#10417,.T.);
#10415=LINE('',#394,#10418);
#10416=LINE('',#398,#10419);
#10417=LINE('',#402,#10420);
#10418=VECTOR('',#10421,1.0);
#10419=VECTOR('',#10422,1.0);
#10420=VECTOR('',#10423,1.0);
#10421=DIRECTION('',(0.574170429176639,-0.8187358049206803,0));
#10422=DIRECTION('',(0.42327568772126517,-0.906000933875948,0));
#10423=DIRECTION('',(-0.5006278585351319,0.8656626059028586,0));
#10424=FACE_SURFACE('',(#10429),#10425,.T.);
#10425=PLANE('',#10426);
#10426=AXIS2_PLACEMENT_3D('',#402,#10427,#10428);
#10427=DIRECTION('',(0,0,-1));
#10428=DIRECTION('',(0.25952456454867834,-0.9657365067117526,0));
#10429=FACE_BOUND('',#10430,.T.);
#10430=EDGE_LOOP('',(#10431,#10432,#10433));
#10431=ORIENTED_EDGE('',*,*,#10434,.T.);
#10432=ORIENTED_EDGE('',*,*,#10435,.T.);
#10433=ORIENTED_EDGE('',*,*,#10436,.T.);
#10434=EDGE_CURVE('',#403,#407,#10437,.F.);
#10435=EDGE_CURVE('',#407,#411,#10438,.T.);
#10436=EDGE_CURVE('',#411,#403,#10439,.T.);
#10437=LINE('',#402,#10440);
#10438=LINE('',#406,#10441);
#10439=LINE('',#410,#10442);
#10440=VECTOR('',#10443,1.0);
#10441=VECTOR('',#10444,1.0);
#10442=VECTOR('',#10445,1.0);
#10443=DIRECTION('',(0.25952456454867834,-0.9657365067117526,0));
#10444=DIRECTION('',(0.08788235797309614,-0.9961308604581471,0));
#10445=DIRECTION('',(-0.1743664712268246,0.984680828345868,0));
#10446=FACE_SURFACE('',(#10451),#10447,.T.);
#10447=PLANE('',#10448);
#10448=AXIS2_PLACEMENT_3D('',#410,#10449,#10450);
#10449=DIRECTION('',(0,0,-1));
#10450=DIRECTION('',(-0.08643354969597482,-0.9962576180320799,0));
#10451=FACE_BOUND('',#10452,.T.);
#10452=EDGE_LOOP('',(#10453,#10454,#10455));
#10453=ORIENTED_EDGE('',*,*,#10456,.T.);
#10454=ORIENTED_EDGE('',*,*,#10457,.T.);
#10455=ORIENTED_EDGE('',*,*,#10458,.T.);
#10456=EDGE_CURVE('',#411,#415,#10459,.F.);
#10457=EDGE_CURVE('',#415,#419,#10460,.T.);
#10458=EDGE_CURVE('',#419,#411,#10461,.T.);
#10459=LINE('',#410,#10462);
#10460=LINE('',#414,#10463);
#10461=LINE('',#418,#10464);
#10462=VECTOR('',#10465,1.0);
#10463=VECTOR('',#10466,1.0);
#10464=VECTOR('',#10467,1.0);
#10465=DIRECTION('',(-0.08643354969597482,-0.9962576180320799,0));
#10466=DIRECTION('',(-0.2581160182725799,-0.9661139276043531,0));
#10467=DIRECTION('',(0.17293325917017058,0.984933544901778,0));
#10468=FACE_SURFACE('',(#10473),#10469,.T.);
#10469=PLANE('',#10470);
#10470=AXIS2_PLACEMENT_3D('',#418,#10471,#10472);
#10471=DIRECTION('',(0,0,-1));
#10472=DIRECTION('',(-0.4219574860116048,-0.9066156186602823,0));
#10473=FACE_BOUND('',#10474,.T.);
#10474=EDGE_LOOP('',(#10475,#10476,#10477));
#10475=ORIENTED_EDGE('',*,*,#10478,.T.);
#10476=ORIENTED_EDGE('',*,*,#10479,.T.);
#10477=ORIENTED_EDGE('',*,*,#10480,.T.);
#10478=EDGE_CURVE('',#419,#423,#10481,.F.);
#10479=EDGE_CURVE('',#423,#427,#10482,.T.);
#10480=EDGE_CURVE('',#427,#419,#10483,.T.);
#10481=LINE('',#418,#10484);
#10482=LINE('',#422,#10485);
#10483=LINE('',#426,#10486);
#10484=VECTOR('',#10487,1.0);
#10485=VECTOR('',#10488,1.0);
#10486=VECTOR('',#10489,1.0);
#10487=DIRECTION('',(-0.4219574860116048,-0.9066156186602823,0));
#10488=DIRECTION('',(-0.572979839312937,-0.8195694624258038,0));
#10489=DIRECTION('',(0.49936878706855664,0.8663895281579057,0));
#10490=FACE_SURFACE('',(#10495),#10491,.T.);
#10491=PLANE('',#10492);
#10492=AXIS2_PLACEMENT_3D('',#426,#10493,#10494);
#10493=DIRECTION('',(0,0,-1));
#10494=DIRECTION('',(-0.7065982666337463,-0.7076149303047422,0));
#10495=FACE_BOUND('',#10496,.T.);
#10496=EDGE_LOOP('',(#10497,#10498,#10499));
#10497=ORIENTED_EDGE('',*,*,#10500,.T.);
#10498=ORIENTED_EDGE('',*,*,#10501,.T.);
#10499=ORIENTED_EDGE('',*,*,#10502,.T.);
#10500=EDGE_CURVE('',#427,#431,#10503,.F.);
#10501=EDGE_CURVE('',#431,#435,#10504,.T.);
#10502=EDGE_CURVE('',#435,#427,#10505,.T.);
#10503=LINE('',#426,#10506);
#10504=LINE('',#430,#10507);
#10505=LINE('',#434,#10508);
#10506=VECTOR('',#10509,1.0);
#10507=VECTOR('',#10510,1.0);
#10508=VECTOR('',#10511,1.0);
#10509=DIRECTION('',(-0.7065982666337463,-0.7076149303047422,0));
#10510=DIRECTION('',(-0.8187314030204832,-0.5741767059957336,0));
#10511=DIRECTION('',(0.765577829796986,0.6433432882399079,0));
#10512=FACE_SURFACE('',(#10517),#10513,.T.);
#10513=PLANE('',#10514);
#10514=AXIS2_PLACEMENT_3D('',#434,#10515,#10516);
#10515=DIRECTION('',(0,0,-1));
#10516=DIRECTION('',(-0.9059971130941854,-0.42328386582174593,0));
#10517=FACE_BOUND('',#10518,.T.);
#10518=EDGE_LOOP('',(#10519,#10520,#10521));
#10519=ORIENTED_EDGE('',*,*,#10522,.T.);
#10520=ORIENTED_EDGE('',*,*,#10523,.T.);
#10521=ORIENTED_EDGE('',*,*,#10524,.T.);
#10522=EDGE_CURVE('',#435,#439,#10525,.F.);
#10523=EDGE_CURVE('',#439,#443,#10526,.T.);
#10524=EDGE_CURVE('',#443,#435,#10527,.T.);
#10525=LINE('',#434,#10528);
#10526=LINE('',#438,#10529);
#10527=LINE('',#442,#10530);
#10528=VECTOR('',#10531,1.0);
#10529=VECTOR('',#10532,1.0);
#10530=VECTOR('',#10533,1.0);
#10531=DIRECTION('',(-0.9059971130941854,-0.42328386582174593,0));
#10532=DIRECTION('',(-0.9657388738015161,-0.259515756031458,0));
#10533=DIRECTION('',(0.9394432874975265,0.34270440553900045,0));
#10534=FACE_SURFACE('',(#10539),#10535,.T.);
#10535=PLANE('',#10536);
#10536=AXIS2_PLACEMENT_3D('',#442,#10537,#10538);
#10537=DIRECTION('',(0,0,-1));
#10538=DIRECTION('',(-0.9961307810561105,-0.08788325797638195,0));
#10539=FACE_BOUND('',#10540,.T.);
#10540=EDGE_LOOP('',(#10541,#10542,#10543));
#10541=ORIENTED_EDGE('',*,*,#10544,.T.);
#10542=ORIENTED_EDGE('',*,*,#10545,.T.);
#10543=ORIENTED_EDGE('',*,*,#10546,.T.);
#10544=EDGE_CURVE('',#443,#447,#10547,.F.);
#10545=EDGE_CURVE('',#447,#309,#10548,.T.);
#10546=EDGE_CURVE('',#309,#443,#10549,.T.);
#10547=LINE('',#442,#10550);
#10548=LINE('',#446,#10551);
#10549=LINE('',#308,#10552);
#10550=VECTOR('',#10553,1.0);
#10551=VECTOR('',#10554,1.0);
#10552=VECTOR('',#10555,1.0);
#10553=DIRECTION('',(-0.9961307810561105,-0.08788325797638195,0));
#10554=DIRECTION('',(-0.9962573134078112,0.08643706080987651,0));
#10555=DIRECTION('',(0.9999997365295523,0.0007259068990424384,0));
#10556=FACE_SURFACE('',(#10561),#10557,.T.);
#10557=PLANE('',#10558);
#10558=AXIS2_PLACEMENT_3D('',#308,#10559,#10560);
#10559=DIRECTION('',(0,0,-1));
#10560=DIRECTION('',(-0.9661130429632113,0.2581193294125107,0));
#10561=FACE_BOUND('',#10562,.T.);
#10562=EDGE_LOOP('',(#10563,#10564,#10565));
#10563=ORIENTED_EDGE('',*,*,#10566,.T.);
#10564=ORIENTED_EDGE('',*,*,#10567,.T.);
#10565=ORIENTED_EDGE('',*,*,#10568,.T.);
#10566=EDGE_CURVE('',#309,#311,#10569,.F.);
#10567=EDGE_CURVE('',#311,#315,#10570,.T.);
#10568=EDGE_CURVE('',#315,#309,#10571,.T.);
#10569=LINE('',#308,#10572);
#10570=LINE('',#310,#10573);
#10571=LINE('',#314,#10574);
#10572=VECTOR('',#10575,1.0);
#10573=VECTOR('',#10576,1.0);
#10574=VECTOR('',#10577,1.0);
#10575=DIRECTION('',(-0.9661130429632113,0.2581193294125107,0));
#10576=DIRECTION('',(-0.9066148612792214,0.4219591133127215,0));
#10577=DIRECTION('',(0.9399406367678519,-0.3413379547493146,0));
#10578=FACE_SURFACE('',(#10583),#10579,.T.);
#10579=PLANE('',#10580);
#10580=AXIS2_PLACEMENT_3D('',#314,#10581,#10582);
#10581=DIRECTION('',(0,0,-1));
#10582=DIRECTION('',(-0.8195653192048498,0.5729857655794364,0));
#10583=FACE_BOUND('',#10584,.T.);
#10584=EDGE_LOOP('',(#10585,#10586,#10587));
#10585=ORIENTED_EDGE('',*,*,#10588,.T.);
#10586=ORIENTED_EDGE('',*,*,#10589,.T.);
#10587=ORIENTED_EDGE('',*,*,#10590,.T.);
#10588=EDGE_CURVE('',#315,#319,#10591,.F.);
#10589=EDGE_CURVE('',#319,#323,#10592,.T.);
#10590=EDGE_CURVE('',#323,#315,#10593,.T.);
#10591=LINE('',#314,#10594);
#10592=LINE('',#318,#10595);
#10593=LINE('',#322,#10596);
#10594=VECTOR('',#10597,1.0);
#10595=VECTOR('',#10598,1.0);
#10596=VECTOR('',#10599,1.0);
#10597=DIRECTION('',(-0.8195653192048498,0.5729857655794364,0));
#10598=DIRECTION('',(-0.7076234286718605,0.7065897559366965,0));
#10599=DIRECTION('',(0.7665108799153508,-0.6422313220105311,0));
#10600=FACE_SURFACE('',(#10605),#10601,.T.);
#10601=PLANE('',#10602);
#10602=AXIS2_PLACEMENT_3D('',#322,#10603,#10604);
#10603=DIRECTION('',(0,0,-1));
#10604=DIRECTION('',(-0.5741784279866788,0.8187301953847472,0));
#10605=FACE_BOUND('',#10606,.T.);
#10606=EDGE_LOOP('',(#10607,#10608,#10609));
#10607=ORIENTED_EDGE('',*,*,#10610,.T.);
#10608=ORIENTED_EDGE('',*,*,#10611,.T.);
#10609=ORIENTED_EDGE('',*,*,#10612,.T.);
#10610=EDGE_CURVE('',#323,#327,#10613,.F.);
#10611=EDGE_CURVE('',#327,#331,#10614,.T.);
#10612=EDGE_CURVE('',#331,#323,#10615,.T.);
#10613=LINE('',#322,#10616);
#10614=LINE('',#326,#10617);
#10615=LINE('',#330,#10618);
#10616=VECTOR('',#10619,1.0);
#10617=VECTOR('',#10620,1.0);
#10618=VECTOR('',#10621,1.0);
#10619=DIRECTION('',(-0.5741784279866788,0.8187301953847472,0));
#10620=DIRECTION('',(-0.42327699708898037,0.9060003221496862,0));
#10621=DIRECTION('',(0.5006321595730704,-0.8656601185229709,0));
#10622=FACE_SURFACE('',(#10627),#10623,.T.);
#10623=PLANE('',#10624);
#10624=AXIS2_PLACEMENT_3D('',#330,#10625,#10626);
#10625=DIRECTION('',(0,0,-1));
#10626=DIRECTION('',(-0.2595193082206768,0.9657379192413754,0));
#10627=FACE_BOUND('',#10628,.T.);
#10628=EDGE_LOOP('',(#10629,#10630,#10631));
#10629=ORIENTED_EDGE('',*,*,#10632,.T.);
#10630=ORIENTED_EDGE('',*,*,#10633,.T.);
#10631=ORIENTED_EDGE('',*,*,#10634,.T.);
#10632=EDGE_CURVE('',#331,#335,#10635,.F.);
#10633=EDGE_CURVE('',#335,#339,#10636,.T.);
#10634=EDGE_CURVE('',#339,#331,#10637,.T.);
#10635=LINE('',#330,#10638);
#10636=LINE('',#334,#10639);
#10637=LINE('',#338,#10640);
#10638=VECTOR('',#10641,1.0);
#10639=VECTOR('',#10642,1.0);
#10640=VECTOR('',#10643,1.0);
#10641=DIRECTION('',(-0.2595193082206768,0.9657379192413754,0));
#10642=DIRECTION('',(-0.08788437516137744,0.9961306824922593,0));
#10643=DIRECTION('',(0.17436621246308132,-0.9846808741675038,0));
#10644=FACE_SURFACE('',(#10649),#10645,.T.);
#10645=PLANE('',#10646);
#10646=AXIS2_PLACEMENT_3D('',#338,#10647,#10648);
#10647=DIRECTION('',(0,0,-1));
#10648=DIRECTION('',(0.08643302194298697,0.9962576638188552,0));
#10649=FACE_BOUND('',#10650,.T.);
#10650=EDGE_LOOP('',(#10651,#10652,#10653));
#10651=ORIENTED_EDGE('',*,*,#10654,.T.);
#10652=ORIENTED_EDGE('',*,*,#10655,.T.);
#10653=ORIENTED_EDGE('',*,*,#10656,.T.);
#10654=EDGE_CURVE('',#339,#343,#10657,.F.);
#10655=EDGE_CURVE('',#343,#347,#10658,.T.);
#10656=EDGE_CURVE('',#347,#339,#10659,.T.);
#10657=LINE('',#338,#10660);
#10658=LINE('',#342,#10661);
#10659=LINE('',#346,#10662);
#10660=VECTOR('',#10663,1.0);
#10661=VECTOR('',#10664,1.0);
#10662=VECTOR('',#10665,1.0);
#10663=DIRECTION('',(0.08643302194298697,0.9962576638188552,0));
#10664=DIRECTION('',(0.25811800344986,0.9661133972236685,0));
#10665=DIRECTION('',(-0.17293403585695452,-0.9849334085318792,0));
#10666=FACE_SURFACE('',(#10671),#10667,.T.);
#10667=PLANE('',#10668);
#10668=AXIS2_PLACEMENT_3D('',#346,#10669,#10670);
#10669=DIRECTION('',(0,0,-1));
#10670=DIRECTION('',(0.4219574860116048,0.9066156186602823,0));
#10671=FACE_BOUND('',#10672,.T.);
#10672=EDGE_LOOP('',(#10673,#10674,#10675));
#10673=ORIENTED_EDGE('',*,*,#10676,.T.);
#10674=ORIENTED_EDGE('',*,*,#10677,.T.);
#10675=ORIENTED_EDGE('',*,*,#10678,.T.);
#10676=EDGE_CURVE('',#347,#351,#10679,.F.);
#10677=EDGE_CURVE('',#351,#355,#10680,.T.);
#10678=EDGE_CURVE('',#355,#347,#10681,.T.);
#10679=LINE('',#346,#10682);
#10680=LINE('',#350,#10683);
#10681=LINE('',#354,#10684);
#10682=VECTOR('',#10685,1.0);
#10683=VECTOR('',#10686,1.0);
#10684=VECTOR('',#10687,1.0);
#10685=DIRECTION('',(0.4219574860116048,0.9066156186602823,0));
#10686=DIRECTION('',(0.5729794821569567,0.8195697121216386,0));
#10687=DIRECTION('',(-0.4993685867424086,-0.866389643621673,0));
#10688=FACE_SURFACE('',(#10693),#10689,.T.);
#10689=PLANE('',#10690);
#10690=AXIS2_PLACEMENT_3D('',#354,#10691,#10692);
#10691=DIRECTION('',(0,0,-1));
#10692=DIRECTION('',(0.7065897590481223,0.7076234255649798,0));
#10693=FACE_BOUND('',#10694,.T.);
#10694=EDGE_LOOP('',(#10695,#10696,#10697));
#10695=ORIENTED_EDGE('',*,*,#10698,.T.);
#10696=ORIENTED_EDGE('',*,*,#10699,.T.);
#10697=ORIENTED_EDGE('',*,*,#10700,.T.);
#10698=EDGE_CURVE('',#355,#359,#10701,.F.);
#10699=EDGE_CURVE('',#359,#373,#10702,.T.);
#10700=EDGE_CURVE('',#373,#355,#10703,.T.);
#10701=LINE('',#354,#10704);
#10702=LINE('',#358,#10705);
#10703=LINE('',#372,#10706);
#10704=VECTOR('',#10707,1.0);
#10705=VECTOR('',#10708,1.0);
#10706=VECTOR('',#10709,1.0);
#10707=DIRECTION('',(0.7065897590481223,0.7076234255649798,0));
#10708=DIRECTION('',(0.9061061528442621,0.4230503986261813,0));
#10709=DIRECTION('',(-0.8658010278682365,-0.5003884292650111,0));
#10710=FACE_SURFACE('',(#10715),#10711,.T.);
#10711=PLANE('',#10712);
#10712=AXIS2_PLACEMENT_3D('',#372,#10713,#10714);
#10713=DIRECTION('',(0,0,-1));
#10714=DIRECTION('',(0.9848560621776179,-0.17337397957016507,0));
#10715=FACE_BOUND('',#10716,.T.);
#10716=EDGE_LOOP('',(#10717,#10718,#10719));
#10717=ORIENTED_EDGE('',*,*,#10720,.T.);
#10718=ORIENTED_EDGE('',*,*,#10721,.T.);
#10719=ORIENTED_EDGE('',*,*,#10722,.T.);
#10720=EDGE_CURVE('',#373,#387,#10723,.F.);
#10721=EDGE_CURVE('',#387,#395,#10724,.T.);
#10722=EDGE_CURVE('',#395,#373,#10725,.T.);
#10723=LINE('',#372,#10726);
#10724=LINE('',#386,#10727);
#10725=LINE('',#394,#10728);
#10726=VECTOR('',#10729,1.0);
#10727=VECTOR('',#10730,1.0);
#10728=VECTOR('',#10731,1.0);
#10729=DIRECTION('',(0.9848560621776179,-0.17337397957016507,0));
#10730=DIRECTION('',(0.766515304161821,-0.642226041581709,0));
#10731=DIRECTION('',(-0.9397995537222598,0.34172620447288127,0));
#10732=FACE_SURFACE('',(#10737),#10733,.T.);
#10733=PLANE('',#10734);
#10734=AXIS2_PLACEMENT_3D('',#394,#10735,#10736);
#10735=DIRECTION('',(0,0,-1));
#10736=DIRECTION('',(0.5006278585351319,-0.8656626059028586,0));
#10737=FACE_BOUND('',#10738,.T.);
#10738=EDGE_LOOP('',(#10739,#10740,#10741));
#10739=ORIENTED_EDGE('',*,*,#10742,.T.);
#10740=ORIENTED_EDGE('',*,*,#10743,.T.);
#10741=ORIENTED_EDGE('',*,*,#10744,.T.);
#10742=EDGE_CURVE('',#395,#403,#10745,.F.);
#10743=EDGE_CURVE('',#403,#411,#10746,.T.);
#10744=EDGE_CURVE('',#411,#395,#10747,.T.);
#10745=LINE('',#394,#10748);
#10746=LINE('',#402,#10749);
#10747=LINE('',#410,#10750);
#10748=VECTOR('',#10751,1.0);
#10749=VECTOR('',#10752,1.0);
#10750=VECTOR('',#10753,1.0);
#10751=DIRECTION('',(0.5006278585351319,-0.8656626059028586,0));
#10752=DIRECTION('',(0.1743664712268246,-0.984680828345868,0));
#10753=DIRECTION('',(-0.3427038119051472,0.9394435040520964,0));
#10754=FACE_SURFACE('',(#10759),#10755,.T.);
#10755=PLANE('',#10756);
#10756=AXIS2_PLACEMENT_3D('',#410,#10757,#10758);
#10757=DIRECTION('',(0,0,-1));
#10758=DIRECTION('',(-0.17293325917017058,-0.984933544901778,0));
#10759=FACE_BOUND('',#10760,.T.);
#10760=EDGE_LOOP('',(#10761,#10762,#10763));
#10761=ORIENTED_EDGE('',*,*,#10764,.T.);
#10762=ORIENTED_EDGE('',*,*,#10765,.T.);
#10763=ORIENTED_EDGE('',*,*,#10766,.T.);
#10764=EDGE_CURVE('',#411,#419,#10767,.F.);
#10765=EDGE_CURVE('',#419,#427,#10768,.T.);
#10766=EDGE_CURVE('',#427,#411,#10769,.T.);
#10767=LINE('',#410,#10770);
#10768=LINE('',#418,#10771);
#10769=LINE('',#426,#10772);
#10770=VECTOR('',#10773,1.0);
#10771=VECTOR('',#10774,1.0);
#10772=VECTOR('',#10775,1.0);
#10773=DIRECTION('',(-0.17293325917017058,-0.984933544901778,0));
#10774=DIRECTION('',(-0.49936878706855664,-0.8663895281579057,0));
#10775=DIRECTION('',(0.34133655812408903,0.9399411439489179,0));
#10776=FACE_SURFACE('',(#10781),#10777,.T.);
#10777=PLANE('',#10778);
#10778=AXIS2_PLACEMENT_3D('',#426,#10779,#10780);
#10779=DIRECTION('',(0,0,-1));
#10780=DIRECTION('',(-0.765577829796986,-0.6433432882399079,0));
#10781=FACE_BOUND('',#10782,.T.);
#10782=EDGE_LOOP('',(#10783,#10784,#10785));
#10783=ORIENTED_EDGE('',*,*,#10786,.T.);
#10784=ORIENTED_EDGE('',*,*,#10787,.T.);
#10785=ORIENTED_EDGE('',*,*,#10788,.T.);
#10786=EDGE_CURVE('',#427,#435,#10789,.F.);
#10787=EDGE_CURVE('',#435,#443,#10790,.T.);
#10788=EDGE_CURVE('',#443,#427,#10791,.T.);
#10789=LINE('',#426,#10792);
#10790=LINE('',#434,#10793);
#10791=LINE('',#442,#10794);
#10792=VECTOR('',#10795,1.0);
#10793=VECTOR('',#10796,1.0);
#10794=VECTOR('',#10797,1.0);
#10795=DIRECTION('',(-0.765577829796986,-0.6433432882399079,0));
#10796=DIRECTION('',(-0.9394432874975265,-0.34270440553900045,0));
#10797=DIRECTION('',(0.8656619005531657,0.5006290781913103,0));
#10798=FACE_SURFACE('',(#10803),#10799,.T.);
#10799=PLANE('',#10800);
#10800=AXIS2_PLACEMENT_3D('',#442,#10801,#10802);
#10801=DIRECTION('',(-0,0,-1));
#10802=DIRECTION('',(-0.9999997365295523,-0.0007259068990424384,0));
#10803=FACE_BOUND('',#10804,.T.);
#10804=EDGE_LOOP('',(#10805,#10806,#10807));
#10805=ORIENTED_EDGE('',*,*,#10808,.T.);
#10806=ORIENTED_EDGE('',*,*,#10809,.T.);
#10807=ORIENTED_EDGE('',*,*,#10810,.T.);
#10808=EDGE_CURVE('',#443,#309,#10811,.F.);
#10809=EDGE_CURVE('',#309,#315,#10812,.T.);
#10810=EDGE_CURVE('',#315,#443,#10813,.T.);
#10811=LINE('',#442,#10814);
#10812=LINE('',#308,#10815);
#10813=LINE('',#314,#10816);
#10814=VECTOR('',#10817,1.0);
#10815=VECTOR('',#10818,1.0);
#10816=VECTOR('',#10819,1.0);
#10817=DIRECTION('',(-0.9999997365295523,-0.0007259068990424384,0));
#10818=DIRECTION('',(-0.9399406367678519,0.3413379547493146,0));
#10819=DIRECTION('',(0.9849335185755578,-0.17293340910989843,0));
#10820=FACE_SURFACE('',(#10825),#10821,.T.);
#10821=PLANE('',#10822);
#10822=AXIS2_PLACEMENT_3D('',#314,#10823,#10824);
#10823=DIRECTION('',(0,0,-1));
#10824=DIRECTION('',(-0.7665108799153508,0.6422313220105311,0));
#10825=FACE_BOUND('',#10826,.T.);
#10826=EDGE_LOOP('',(#10827,#10828,#10829));
#10827=ORIENTED_EDGE('',*,*,#10830,.T.);
#10828=ORIENTED_EDGE('',*,*,#10831,.T.);
#10829=ORIENTED_EDGE('',*,*,#10832,.T.);
#10830=EDGE_CURVE('',#315,#323,#10833,.F.);
#10831=EDGE_CURVE('',#323,#331,#10834,.T.);
#10832=EDGE_CURVE('',#331,#315,#10835,.T.);
#10833=LINE('',#314,#10836);
#10834=LINE('',#322,#10837);
#10835=LINE('',#330,#10838);
#10836=VECTOR('',#10839,1.0);
#10837=VECTOR('',#10840,1.0);
#10838=VECTOR('',#10841,1.0);
#10839=DIRECTION('',(-0.7665108799153508,0.6422313220105311,0));
#10840=DIRECTION('',(-0.5006321595730704,0.8656601185229709,0));
#10841=DIRECTION('',(0.6433453916224908,-0.7655760622420895,0));
#10842=FACE_SURFACE('',(#10847),#10843,.T.);
#10843=PLANE('',#10844);
#10844=AXIS2_PLACEMENT_3D('',#330,#10845,#10846);
#10845=DIRECTION('',(0,0,-1));
#10846=DIRECTION('',(-0.17436621246308132,0.9846808741675038,0));
#10847=FACE_BOUND('',#10848,.T.);
#10848=EDGE_LOOP('',(#10849,#10850,#10851));
#10849=ORIENTED_EDGE('',*,*,#10852,.T.);
#10850=ORIENTED_EDGE('',*,*,#10853,.T.);
#10851=ORIENTED_EDGE('',*,*,#10854,.T.);
#10852=EDGE_CURVE('',#331,#339,#10855,.F.);
#10853=EDGE_CURVE('',#339,#347,#10856,.T.);
#10854=EDGE_CURVE('',#347,#331,#10857,.T.);
#10855=LINE('',#330,#10858);
#10856=LINE('',#338,#10859);
#10857=LINE('',#346,#10860);
#10858=VECTOR('',#10861,1.0);
#10859=VECTOR('',#10862,1.0);
#10860=VECTOR('',#10863,1.0);
#10861=DIRECTION('',(-0.17436621246308132,0.9846808741675038,0));
#10862=DIRECTION('',(0.17293403585695452,0.9849334085318792,0));
#10863=DIRECTION('',(0.0007268070160522906,-0.9999997358757458,0));
#10864=FACE_SURFACE('',(#10869),#10865,.T.);
#10865=PLANE('',#10866);
#10866=AXIS2_PLACEMENT_3D('',#346,#10867,#10868);
#10867=DIRECTION('',(0,0,-1));
#10868=DIRECTION('',(0.4993685867424086,0.866389643621673,0));
#10869=FACE_BOUND('',#10870,.T.);
#10870=EDGE_LOOP('',(#10871,#10872,#10873));
#10871=ORIENTED_EDGE('',*,*,#10874,.T.);
#10872=ORIENTED_EDGE('',*,*,#10875,.T.);
#10873=ORIENTED_EDGE('',*,*,#10876,.T.);
#10874=EDGE_CURVE('',#347,#355,#10877,.F.);
#10875=EDGE_CURVE('',#355,#373,#10878,.T.);
#10876=EDGE_CURVE('',#373,#347,#10879,.T.);
#10877=LINE('',#346,#10880);
#10878=LINE('',#354,#10881);
#10879=LINE('',#372,#10882);
#10880=VECTOR('',#10883,1.0);
#10881=VECTOR('',#10884,1.0);
#10882=VECTOR('',#10885,1.0);
#10883=DIRECTION('',(0.4993685867424086,0.866389643621673,0));
#10884=DIRECTION('',(0.8658010278682365,0.5003884292650111,0));
#10885=DIRECTION('',(-0.7657754354228962,-0.6431080644050995,0));
#10886=FACE_SURFACE('',(#10891),#10887,.T.);
#10887=PLANE('',#10888);
#10888=AXIS2_PLACEMENT_3D('',#372,#10889,#10890);
#10889=DIRECTION('',(0,0,-1));
#10890=DIRECTION('',(0.9397995537222598,-0.34172620447288127,0));
#10891=FACE_BOUND('',#10892,.T.);
#10892=EDGE_LOOP('',(#10893,#10894,#10895));
#10893=ORIENTED_EDGE('',*,*,#10896,.T.);
#10894=ORIENTED_EDGE('',*,*,#10897,.T.);
#10895=ORIENTED_EDGE('',*,*,#10898,.T.);
#10896=EDGE_CURVE('',#373,#395,#10899,.F.);
#10897=EDGE_CURVE('',#395,#411,#10900,.T.);
#10898=EDGE_CURVE('',#411,#373,#10901,.T.);
#10899=LINE('',#372,#10902);
#10900=LINE('',#394,#10903);
#10901=LINE('',#410,#10904);
#10902=VECTOR('',#10905,1.0);
#10903=VECTOR('',#10906,1.0);
#10904=VECTOR('',#10907,1.0);
#10905=DIRECTION('',(0.9397995537222598,-0.34172620447288127,0));
#10906=DIRECTION('',(0.3427038119051472,-0.9394435040520964,0));
#10907=DIRECTION('',(-0.7662625988460999,0.6425275321802335,0));
#10908=FACE_SURFACE('',(#10913),#10909,.T.);
#10909=PLANE('',#10910);
#10910=AXIS2_PLACEMENT_3D('',#410,#10911,#10912);
#10911=DIRECTION('',(0,0,-1));
#10912=DIRECTION('',(-0.34133655812408903,-0.9399411439489179,0));
#10913=FACE_BOUND('',#10914,.T.);
#10914=EDGE_LOOP('',(#10915,#10916,#10917));
#10915=ORIENTED_EDGE('',*,*,#10918,.T.);
#10916=ORIENTED_EDGE('',*,*,#10919,.T.);
#10917=ORIENTED_EDGE('',*,*,#10920,.T.);
#10918=EDGE_CURVE('',#411,#427,#10921,.F.);
#10919=EDGE_CURVE('',#427,#443,#10922,.T.);
#10920=EDGE_CURVE('',#443,#411,#10923,.T.);
#10921=LINE('',#410,#10924);
#10922=LINE('',#426,#10925);
#10923=LINE('',#442,#10926);
#10924=VECTOR('',#10927,1.0);
#10925=VECTOR('',#10928,1.0);
#10926=VECTOR('',#10929,1.0);
#10927=DIRECTION('',(-0.34133655812408903,-0.9399411439489179,0));
#10928=DIRECTION('',(-0.8656619005531657,-0.5006290781913103,0));
#10929=DIRECTION('',(0.642230139000513,0.7665118711144543,0));
#10930=FACE_SURFACE('',(#10935),#10931,.T.);
#10931=PLANE('',#10932);
#10932=AXIS2_PLACEMENT_3D('',#442,#10933,#10934);
#10933=DIRECTION('',(0,0,-1));
#10934=DIRECTION('',(-0.9849335185755578,0.17293340910989843,0));
#10935=FACE_BOUND('',#10936,.T.);
#10936=EDGE_LOOP('',(#10937,#10938,#10939));
#10937=ORIENTED_EDGE('',*,*,#10940,.T.);
#10938=ORIENTED_EDGE('',*,*,#10941,.T.);
#10939=ORIENTED_EDGE('',*,*,#10942,.T.);
#10940=EDGE_CURVE('',#443,#315,#10943,.F.);
#10941=EDGE_CURVE('',#315,#331,#10944,.T.);
#10942=EDGE_CURVE('',#331,#443,#10945,.T.);
#10943=LINE('',#442,#10946);
#10944=LINE('',#314,#10947);
#10945=LINE('',#330,#10948);
#10946=VECTOR('',#10949,1.0);
#10947=VECTOR('',#10950,1.0);
#10948=VECTOR('',#10951,1.0);
#10949=DIRECTION('',(-0.9849335185755578,0.17293340910989843,0));
#10950=DIRECTION('',(-0.6433453916224908,0.7655760622420895,0));
#10951=DIRECTION('',(0.8663889251019259,-0.49936983335072355,0));
#10952=FACE_SURFACE('',(#10957),#10953,.T.);
#10953=PLANE('',#10954);
#10954=AXIS2_PLACEMENT_3D('',#330,#10955,#10956);
#10955=DIRECTION('',(0,0,-1));
#10956=DIRECTION('',(-0.0007268070160522906,0.9999997358757458,0));
#10957=FACE_BOUND('',#10958,.T.);
#10958=EDGE_LOOP('',(#10959,#10960,#10961));
#10959=ORIENTED_EDGE('',*,*,#10962,.T.);
#10960=ORIENTED_EDGE('',*,*,#10963,.T.);
#10961=ORIENTED_EDGE('',*,*,#10964,.T.);
#10962=EDGE_CURVE('',#331,#347,#10965,.F.);
#10963=EDGE_CURVE('',#347,#373,#10966,.T.);
#10964=EDGE_CURVE('',#373,#331,#10967,.T.);
#10965=LINE('',#330,#10968);
#10966=LINE('',#346,#10969);
#10967=LINE('',#372,#10970);
#10968=VECTOR('',#10971,1.0);
#10969=VECTOR('',#10972,1.0);
#10970=VECTOR('',#10973,1.0);
#10971=DIRECTION('',(-0.0007268070160522906,0.9999997358757458,0));
#10972=DIRECTION('',(0.7657754354228962,0.6431080644050995,0));
#10973=DIRECTION('',(-0.499661588618356,-0.8662206975473287,0));
#10974=FACE_SURFACE('',(#10979),#10975,.T.);
#10975=PLANE('',#10976);
#10976=AXIS2_PLACEMENT_3D('',#372,#10977,#10978);
#10977=DIRECTION('',(0,0,-1));
#10978=DIRECTION('',(0.7662625988460999,-0.6425275321802335,0));
#10979=FACE_BOUND('',#10980,.T.);
#10980=EDGE_LOOP('',(#10981,#10982,#10983));
#10981=ORIENTED_EDGE('',*,*,#10984,.T.);
#10982=ORIENTED_EDGE('',*,*,#10985,.T.);
#10983=ORIENTED_EDGE('',*,*,#10986,.T.);
#10984=EDGE_CURVE('',#373,#411,#10987,.F.);
#10985=EDGE_CURVE('',#411,#443,#10988,.T.);
#10986=EDGE_CURVE('',#443,#373,#10989,.T.);
#10987=LINE('',#372,#10990);
#10988=LINE('',#410,#10991);
#10989=LINE('',#442,#10992);
#10990=VECTOR('',#10993,1.0);
#10991=VECTOR('',#10994,1.0);
#10992=VECTOR('',#10995,1.0);
#10993=DIRECTION('',(0.7662625988460999,-0.6425275321802335,0));
#10994=DIRECTION('',(-0.642230139000513,-0.7665118711144543,0));
#10995=DIRECTION('',(-0.17400737367138552,0.9847443495181817,0));
#10996=FACE_SURFACE('',(#11001),#10997,.T.);
#10997=PLANE('',#10998);
#10998=AXIS2_PLACEMENT_3D('',#372,#10999,#11000);
#10999=DIRECTION('',(0,-0,-1));
#11000=DIRECTION('',(0.17400737367138552,-0.9847443495181817,0));
#11001=FACE_BOUND('',#11002,.T.);
#11002=EDGE_LOOP('',(#11003,#11004,#11005));
#11003=ORIENTED_EDGE('',*,*,#11006,.T.);
#11004=ORIENTED_EDGE('',*,*,#11007,.T.);
#11005=ORIENTED_EDGE('',*,*,#11008,.T.);
#11006=EDGE_CURVE('',#373,#443,#11009,.F.);
#11007=EDGE_CURVE('',#443,#331,#11010,.T.);
#11008=EDGE_CURVE('',#331,#373,#11011,.T.);
#11009=LINE('',#372,#11012);
#11010=LINE('',#442,#11013);
#11011=LINE('',#330,#11014);
#11012=VECTOR('',#11015,1.0);
#11013=VECTOR('',#11016,1.0);
#11014=VECTOR('',#11017,1.0);
#11015=DIRECTION('',(0.17400737367138552,-0.9847443495181817,0));
#11016=DIRECTION('',(-0.8663889251019259,0.49936983335072355,0));
#11017=DIRECTION('',(0.499661588618356,0.8662206975473287,0));
#11018=FACE_SURFACE('',(#11023),#11019,.T.);
#11019=PLANE('',#11020);
#11020=AXIS2_PLACEMENT_3D('',#514,#11021,#11022);
#11021=DIRECTION('',(0.9999999999978426,2.0772466708615205E-06,0));
#11022=DIRECTION('',(2.0772466708615205E-06,-0.9999999999978425,0));
#11023=FACE_BOUND('',#11024,.T.);
#11024=EDGE_LOOP('',(#11025,#11026,#11027));
#11025=ORIENTED_EDGE('',*,*,#11028,.T.);
#11026=ORIENTED_EDGE('',*,*,#11029,.T.);
#11027=ORIENTED_EDGE('',*,*,#11030,.T.);
#11028=EDGE_CURVE('',#515,#517,#11031,.F.);
#11029=EDGE_CURVE('',#517,#519,#11032,.T.);
#11030=EDGE_CURVE('',#519,#515,#11033,.T.);
#11031=LINE('',#514,#11034);
#11032=LINE('',#516,#11035);
#11033=LINE('',#518,#11036);
#11034=VECTOR('',#11037,1.0);
#11035=VECTOR('',#11038,1.0);
#11036=VECTOR('',#11039,1.0);
#11037=DIRECTION('',(2.0772466708615205E-06,-0.9999999999978425,0));
#11038=DIRECTION('',(0,0,-1));
#11039=DIRECTION('',(-1.7186003519899963E-06,0.8273453394312161,0.5616935902415945));
#11040=FACE_SURFACE('',(#11045),#11041,.T.);
#11041=PLANE('',#11042);
#11042=AXIS2_PLACEMENT_3D('',#514,#11043,#11044);
#11043=DIRECTION('',(0.9999999999978426,2.0772466708615205E-06,0));
#11044=DIRECTION('',(1.7186003519899963E-06,-0.8273453394312161,-0.5616935902415945));
#11045=FACE_BOUND('',#11046,.T.);
#11046=EDGE_LOOP('',(#11047,#11048,#11049));
#11047=ORIENTED_EDGE('',*,*,#11050,.T.);
#11048=ORIENTED_EDGE('',*,*,#11051,.T.);
#11049=ORIENTED_EDGE('',*,*,#11052,.T.);
#11050=EDGE_CURVE('',#515,#519,#11053,.F.);
#11051=EDGE_CURVE('',#519,#521,#11054,.T.);
#11052=EDGE_CURVE('',#521,#515,#11055,.T.);
#11053=LINE('',#514,#11056);
#11054=LINE('',#518,#11057);
#11055=LINE('',#520,#11058);
#11056=VECTOR('',#11059,1.0);
#11057=VECTOR('',#11060,1.0);
#11058=VECTOR('',#11061,1.0);
#11059=DIRECTION('',(1.7186003519899963E-06,-0.8273453394312161,-0.5616935902415945));
#11060=DIRECTION('',(-2.0772466708615205E-06,0.9999999999978425,0));
#11061=DIRECTION('',(0,0,1));
#11062=FACE_SURFACE('',(#11067),#11063,.T.);
#11063=PLANE('',#11064);
#11064=AXIS2_PLACEMENT_3D('',#522,#11065,#11066);
#11065=DIRECTION('',(2.1862983045477685E-06,-0.99999999999761,0));
#11066=DIRECTION('',(0,0,-1));
#11067=FACE_BOUND('',#11068,.T.);
#11068=EDGE_LOOP('',(#11069,#11070,#11071));
#11069=ORIENTED_EDGE('',*,*,#11072,.T.);
#11070=ORIENTED_EDGE('',*,*,#11073,.T.);
#11071=ORIENTED_EDGE('',*,*,#11074,.T.);
#11072=EDGE_CURVE('',#523,#525,#11075,.F.);
#11073=EDGE_CURVE('',#525,#519,#11076,.T.);
#11074=EDGE_CURVE('',#519,#523,#11077,.T.);
#11075=LINE('',#522,#11078);
#11076=LINE('',#524,#11079);
#11077=LINE('',#518,#11080);
#11078=VECTOR('',#11081,1.0);
#11079=VECTOR('',#11082,1.0);
#11080=VECTOR('',#11083,1.0);
#11081=DIRECTION('',(0,0,-1));
#11082=DIRECTION('',(0.99999999999761,2.1862983045477685E-06,0));
#11083=DIRECTION('',(-0.7294098739088741,-1.5947075706511842E-06,0.6840769224595266));
#11084=FACE_SURFACE('',(#11089),#11085,.T.);
#11085=PLANE('',#11086);
#11086=AXIS2_PLACEMENT_3D('',#522,#11087,#11088);
#11087=DIRECTION('',(2.1862983045477685E-06,-0.99999999999761,0));
#11088=DIRECTION('',(0.7294098739088741,1.5947075706511842E-06,-0.6840769224595266));
#11089=FACE_BOUND('',#11090,.T.);
#11090=EDGE_LOOP('',(#11091,#11092,#11093));
#11091=ORIENTED_EDGE('',*,*,#11094,.T.);
#11092=ORIENTED_EDGE('',*,*,#11095,.T.);
#11093=ORIENTED_EDGE('',*,*,#11096,.T.);
#11094=EDGE_CURVE('',#523,#519,#11097,.F.);
#11095=EDGE_CURVE('',#519,#517,#11098,.T.);
#11096=EDGE_CURVE('',#517,#523,#11099,.T.);
#11097=LINE('',#522,#11100);
#11098=LINE('',#518,#11101);
#11099=LINE('',#516,#11102);
#11100=VECTOR('',#11103,1.0);
#11101=VECTOR('',#11104,1.0);
#11102=VECTOR('',#11105,1.0);
#11103=DIRECTION('',(0.7294098739088741,1.5947075706511842E-06,-0.6840769224595266));
#11104=DIRECTION('',(0,0,1));
#11105=DIRECTION('',(-0.99999999999761,-2.1862983045477685E-06,0));
#11106=FACE_SURFACE('',(#11111),#11107,.T.);
#11107=PLANE('',#11108);
#11108=AXIS2_PLACEMENT_3D('',#526,#11109,#11110);
#11109=DIRECTION('',(0,0,1));
#11110=DIRECTION('',(2.0772466708615205E-06,-0.9999999999978425,0));
#11111=FACE_BOUND('',#11112,.T.);
#11112=EDGE_LOOP('',(#11113,#11114,#11115));
#11113=ORIENTED_EDGE('',*,*,#11116,.T.);
#11114=ORIENTED_EDGE('',*,*,#11117,.T.);
#11115=ORIENTED_EDGE('',*,*,#11118,.T.);
#11116=EDGE_CURVE('',#527,#523,#11119,.F.);
#11117=EDGE_CURVE('',#523,#517,#11120,.T.);
#11118=EDGE_CURVE('',#517,#527,#11121,.T.);
#11119=LINE('',#526,#11122);
#11120=LINE('',#522,#11123);
#11121=LINE('',#516,#11124);
#11122=VECTOR('',#11125,1.0);
#11123=VECTOR('',#11126,1.0);
#11124=VECTOR('',#11127,1.0);
#11125=DIRECTION('',(2.0772466708615205E-06,-0.9999999999978425,0));
#11126=DIRECTION('',(0.99999999999761,2.1862983045477685E-06,0));
#11127=DIRECTION('',(-0.5863857621932441,0.8100319363439001,0));
#11128=FACE_SURFACE('',(#11133),#11129,.T.);
#11129=PLANE('',#11130);
#11130=AXIS2_PLACEMENT_3D('',#526,#11131,#11132);
#11131=DIRECTION('',(-0,0,1));
#11132=DIRECTION('',(0.5863857621932441,-0.8100319363439001,0));
#11133=FACE_BOUND('',#11134,.T.);
#11134=EDGE_LOOP('',(#11135,#11136,#11137));
#11135=ORIENTED_EDGE('',*,*,#11138,.T.);
#11136=ORIENTED_EDGE('',*,*,#11139,.T.);
#11137=ORIENTED_EDGE('',*,*,#11140,.T.);
#11138=EDGE_CURVE('',#527,#517,#11141,.F.);
#11139=EDGE_CURVE('',#517,#515,#11142,.T.);
#11140=EDGE_CURVE('',#515,#527,#11143,.T.);
#11141=LINE('',#526,#11144);
#11142=LINE('',#516,#11145);
#11143=LINE('',#514,#11146);
#11144=VECTOR('',#11147,1.0);
#11145=VECTOR('',#11148,1.0);
#11146=VECTOR('',#11149,1.0);
#11147=DIRECTION('',(0.5863857621932441,-0.8100319363439001,0));
#11148=DIRECTION('',(-2.0772466708615205E-06,0.9999999999978425,0));
#11149=DIRECTION('',(-0.99999999999761,-2.1862983045477685E-06,0));
#11150=FACE_SURFACE('',(#11155),#11151,.T.);
#11151=PLANE('',#11152);
#11152=AXIS2_PLACEMENT_3D('',#528,#11153,#11154);
#11153=DIRECTION('',(-0.9999999999978426,-2.0772466708615205E-06,0));
#11154=DIRECTION('',(2.0772466708615205E-06,-0.9999999999978425,0));
#11155=FACE_BOUND('',#11156,.T.);
#11156=EDGE_LOOP('',(#11157,#11158,#11159));
#11157=ORIENTED_EDGE('',*,*,#11160,.T.);
#11158=ORIENTED_EDGE('',*,*,#11161,.T.);
#11159=ORIENTED_EDGE('',*,*,#11162,.T.);
#11160=EDGE_CURVE('',#529,#525,#11163,.F.);
#11161=EDGE_CURVE('',#525,#523,#11164,.T.);
#11162=EDGE_CURVE('',#523,#529,#11165,.T.);
#11163=LINE('',#528,#11166);
#11164=LINE('',#524,#11167);
#11165=LINE('',#522,#11168);
#11166=VECTOR('',#11169,1.0);
#11167=VECTOR('',#11170,1.0);
#11168=VECTOR('',#11171,1.0);
#11169=DIRECTION('',(2.0772466708615205E-06,-0.9999999999978425,0));
#11170=DIRECTION('',(0,0,1));
#11171=DIRECTION('',(-1.7186003519899963E-06,0.8273453394312161,-0.5616935902415945));
#11172=FACE_SURFACE('',(#11177),#11173,.T.);
#11173=PLANE('',#11174);
#11174=AXIS2_PLACEMENT_3D('',#528,#11175,#11176);
#11175=DIRECTION('',(-0.9999999999978426,-2.0772466708615205E-06,0));
#11176=DIRECTION('',(1.7186003519899963E-06,-0.8273453394312161,0.5616935902415945));
#11177=FACE_BOUND('',#11178,.T.);
#11178=EDGE_LOOP('',(#11179,#11180,#11181));
#11179=ORIENTED_EDGE('',*,*,#11182,.T.);
#11180=ORIENTED_EDGE('',*,*,#11183,.T.);
#11181=ORIENTED_EDGE('',*,*,#11184,.T.);
#11182=EDGE_CURVE('',#529,#523,#11185,.F.);
#11183=EDGE_CURVE('',#523,#527,#11186,.T.);
#11184=EDGE_CURVE('',#527,#529,#11187,.T.);
#11185=LINE('',#528,#11188);
#11186=LINE('',#522,#11189);
#11187=LINE('',#526,#11190);
#11188=VECTOR('',#11191,1.0);
#11189=VECTOR('',#11192,1.0);
#11190=VECTOR('',#11193,1.0);
#11191=DIRECTION('',(1.7186003519899963E-06,-0.8273453394312161,0.5616935902415945));
#11192=DIRECTION('',(-2.0772466708615205E-06,0.9999999999978425,0));
#11193=DIRECTION('',(0,0,-1));
#11194=FACE_SURFACE('',(#11199),#11195,.T.);
#11195=PLANE('',#11196);
#11196=AXIS2_PLACEMENT_3D('',#520,#11197,#11198);
#11197=DIRECTION('',(0,-0,-1));
#11198=DIRECTION('',(2.0772466708615205E-06,-0.9999999999978425,0));
#11199=FACE_BOUND('',#11200,.T.);
#11200=EDGE_LOOP('',(#11201,#11202,#11203));
#11201=ORIENTED_EDGE('',*,*,#11204,.T.);
#11202=ORIENTED_EDGE('',*,*,#11205,.T.);
#11203=ORIENTED_EDGE('',*,*,#11206,.T.);
#11204=EDGE_CURVE('',#521,#519,#11207,.F.);
#11205=EDGE_CURVE('',#519,#525,#11208,.T.);
#11206=EDGE_CURVE('',#525,#521,#11209,.T.);
#11207=LINE('',#520,#11210);
#11208=LINE('',#518,#11211);
#11209=LINE('',#524,#11212);
#11210=VECTOR('',#11213,1.0);
#11211=VECTOR('',#11214,1.0);
#11212=VECTOR('',#11215,1.0);
#11213=DIRECTION('',(2.0772466708615205E-06,-0.9999999999978425,0));
#11214=DIRECTION('',(-0.99999999999761,-2.1862983045477685E-06,0));
#11215=DIRECTION('',(0.5863823361681852,0.8100344164478084,0));
#11216=FACE_SURFACE('',(#11221),#11217,.T.);
#11217=PLANE('',#11218);
#11218=AXIS2_PLACEMENT_3D('',#520,#11219,#11220);
#11219=DIRECTION('',(0,0,-1));
#11220=DIRECTION('',(-0.5863823361681852,-0.8100344164478084,0));
#11221=FACE_BOUND('',#11222,.T.);
#11222=EDGE_LOOP('',(#11223,#11224,#11225));
#11223=ORIENTED_EDGE('',*,*,#11226,.T.);
#11224=ORIENTED_EDGE('',*,*,#11227,.T.);
#11225=ORIENTED_EDGE('',*,*,#11228,.T.);
#11226=EDGE_CURVE('',#521,#525,#11229,.F.);
#11227=EDGE_CURVE('',#525,#529,#11230,.T.);
#11228=EDGE_CURVE('',#529,#521,#11231,.T.);
#11229=LINE('',#520,#11232);
#11230=LINE('',#524,#11233);
#11231=LINE('',#528,#11234);
#11232=VECTOR('',#11235,1.0);
#11233=VECTOR('',#11236,1.0);
#11234=VECTOR('',#11237,1.0);
#11235=DIRECTION('',(-0.5863823361681852,-0.8100344164478084,0));
#11236=DIRECTION('',(-2.0772466708615205E-06,0.9999999999978425,0));
#11237=DIRECTION('',(0.99999999999761,2.1862983045477685E-06,0));
#11238=FACE_SURFACE('',(#11243),#11239,.T.);
#11239=PLANE('',#11240);
#11240=AXIS2_PLACEMENT_3D('',#530,#11241,#11242);
#11241=DIRECTION('',(-0.9999999999976514,-2.1672526171971354E-06,0));
#11242=DIRECTION('',(-2.1672526171971354E-06,0.9999999999976514,0));
#11243=FACE_BOUND('',#11244,.T.);
#11244=EDGE_LOOP('',(#11245,#11246,#11247));
#11245=ORIENTED_EDGE('',*,*,#11248,.T.);
#11246=ORIENTED_EDGE('',*,*,#11249,.T.);
#11247=ORIENTED_EDGE('',*,*,#11250,.T.);
#11248=EDGE_CURVE('',#531,#533,#11251,.F.);
#11249=EDGE_CURVE('',#533,#535,#11252,.T.);
#11250=EDGE_CURVE('',#535,#531,#11253,.T.);
#11251=LINE('',#530,#11254);
#11252=LINE('',#532,#11255);
#11253=LINE('',#534,#11256);
#11254=VECTOR('',#11257,1.0);
#11255=VECTOR('',#11258,1.0);
#11256=VECTOR('',#11259,1.0);
#11257=DIRECTION('',(-2.1672526171971354E-06,0.9999999999976514,0));
#11258=DIRECTION('',(0,0,-1));
#11259=DIRECTION('',(1.9539541434296177E-06,-0.9015811668286454,0.4326099855713924));
#11260=FACE_SURFACE('',(#11265),#11261,.T.);
#11261=PLANE('',#11262);
#11262=AXIS2_PLACEMENT_3D('',#530,#11263,#11264);
#11263=DIRECTION('',(-0.9999999999976514,-2.1672526171971354E-06,-0));
#11264=DIRECTION('',(-1.9539541434296177E-06,0.9015811668286454,-0.4326099855713924));
#11265=FACE_BOUND('',#11266,.T.);
#11266=EDGE_LOOP('',(#11267,#11268,#11269));
#11267=ORIENTED_EDGE('',*,*,#11270,.T.);
#11268=ORIENTED_EDGE('',*,*,#11271,.T.);
#11269=ORIENTED_EDGE('',*,*,#11272,.T.);
#11270=EDGE_CURVE('',#531,#535,#11273,.F.);
#11271=EDGE_CURVE('',#535,#537,#11274,.T.);
#11272=EDGE_CURVE('',#537,#531,#11275,.T.);
#11273=LINE('',#530,#11276);
#11274=LINE('',#534,#11277);
#11275=LINE('',#536,#11278);
#11276=VECTOR('',#11279,1.0);
#11277=VECTOR('',#11280,1.0);
#11278=VECTOR('',#11281,1.0);
#11279=DIRECTION('',(-1.9539541434296177E-06,0.9015811668286454,-0.4326099855713924));
#11280=DIRECTION('',(2.1672526171971354E-06,-0.9999999999976514,0));
#11281=DIRECTION('',(0,0,1));
#11282=FACE_SURFACE('',(#11287),#11283,.T.);
#11283=PLANE('',#11284);
#11284=AXIS2_PLACEMENT_3D('',#538,#11285,#11286);
#11285=DIRECTION('',(-4.372596609064186E-06,0.9999999999904402,0));
#11286=DIRECTION('',(0,0,-1));
#11287=FACE_BOUND('',#11288,.T.);
#11288=EDGE_LOOP('',(#11289,#11290,#11291));
#11289=ORIENTED_EDGE('',*,*,#11292,.T.);
#11290=ORIENTED_EDGE('',*,*,#11293,.T.);
#11291=ORIENTED_EDGE('',*,*,#11294,.T.);
#11292=EDGE_CURVE('',#539,#541,#11295,.F.);
#11293=EDGE_CURVE('',#541,#535,#11296,.T.);
#11294=EDGE_CURVE('',#535,#539,#11297,.T.);
#11295=LINE('',#538,#11298);
#11296=LINE('',#540,#11299);
#11297=LINE('',#534,#11300);
#11298=VECTOR('',#11301,1.0);
#11299=VECTOR('',#11302,1.0);
#11300=VECTOR('',#11303,1.0);
#11301=DIRECTION('',(0,0,-1));
#11302=DIRECTION('',(-0.9999999999904402,-4.372596609064186E-06,0));
#11303=DIRECTION('',(0.7294098739060918,3.1894151412902025E-06,0.6840769224569171));
#11304=FACE_SURFACE('',(#11309),#11305,.T.);
#11305=PLANE('',#11306);
#11306=AXIS2_PLACEMENT_3D('',#538,#11307,#11308);
#11307=DIRECTION('',(-4.372596609064186E-06,0.9999999999904402,0));
#11308=DIRECTION('',(-0.7294098739060918,-3.1894151412902025E-06,-0.6840769224569171));
#11309=FACE_BOUND('',#11310,.T.);
#11310=EDGE_LOOP('',(#11311,#11312,#11313));
#11311=ORIENTED_EDGE('',*,*,#11314,.T.);
#11312=ORIENTED_EDGE('',*,*,#11315,.T.);
#11313=ORIENTED_EDGE('',*,*,#11316,.T.);
#11314=EDGE_CURVE('',#539,#535,#11317,.F.);
#11315=EDGE_CURVE('',#535,#533,#11318,.T.);
#11316=EDGE_CURVE('',#533,#539,#11319,.T.);
#11317=LINE('',#538,#11320);
#11318=LINE('',#534,#11321);
#11319=LINE('',#532,#11322);
#11320=VECTOR('',#11323,1.0);
#11321=VECTOR('',#11324,1.0);
#11322=VECTOR('',#11325,1.0);
#11323=DIRECTION('',(-0.7294098739060918,-3.1894151412902025E-06,-0.6840769224569171));
#11324=DIRECTION('',(0,0,1));
#11325=DIRECTION('',(0.9999999999904402,4.372596609064186E-06,0));
#11326=FACE_SURFACE('',(#11331),#11327,.T.);
#11327=PLANE('',#11328);
#11328=AXIS2_PLACEMENT_3D('',#542,#11329,#11330);
#11329=DIRECTION('',(0,0,1));
#11330=DIRECTION('',(-2.1672501929500886E-06,0.9999999999976514,0));
#11331=FACE_BOUND('',#11332,.T.);
#11332=EDGE_LOOP('',(#11333,#11334,#11335));
#11333=ORIENTED_EDGE('',*,*,#11336,.T.);
#11334=ORIENTED_EDGE('',*,*,#11337,.T.);
#11335=ORIENTED_EDGE('',*,*,#11338,.T.);
#11336=EDGE_CURVE('',#543,#539,#11339,.F.);
#11337=EDGE_CURVE('',#539,#533,#11340,.T.);
#11338=EDGE_CURVE('',#533,#543,#11341,.T.);
#11339=LINE('',#542,#11342);
#11340=LINE('',#538,#11343);
#11341=LINE('',#532,#11344);
#11342=VECTOR('',#11345,1.0);
#11343=VECTOR('',#11346,1.0);
#11344=VECTOR('',#11347,1.0);
#11345=DIRECTION('',(-2.1672501929500886E-06,0.9999999999976514,0));
#11346=DIRECTION('',(-0.9999999999904402,-4.372596609064186E-06,0));
#11347=DIRECTION('',(0.45548121301286254,-0.8902453957153227,0));
#11348=FACE_SURFACE('',(#11353),#11349,.T.);
#11349=PLANE('',#11350);
#11350=AXIS2_PLACEMENT_3D('',#542,#11351,#11352);
#11351=DIRECTION('',(0,0,1));
#11352=DIRECTION('',(-0.45548121301286254,0.8902453957153227,0));
#11353=FACE_BOUND('',#11354,.T.);
#11354=EDGE_LOOP('',(#11355,#11356,#11357));
#11355=ORIENTED_EDGE('',*,*,#11358,.T.);
#11356=ORIENTED_EDGE('',*,*,#11359,.T.);
#11357=ORIENTED_EDGE('',*,*,#11360,.T.);
#11358=EDGE_CURVE('',#543,#533,#11361,.F.);
#11359=EDGE_CURVE('',#533,#531,#11362,.T.);
#11360=EDGE_CURVE('',#531,#543,#11363,.T.);
#11361=LINE('',#542,#11364);
#11362=LINE('',#532,#11365);
#11363=LINE('',#530,#11366);
#11364=VECTOR('',#11367,1.0);
#11365=VECTOR('',#11368,1.0);
#11366=VECTOR('',#11369,1.0);
#11367=DIRECTION('',(-0.45548121301286254,0.8902453957153227,0));
#11368=DIRECTION('',(2.1672526171971354E-06,-0.9999999999976514,0));
#11369=DIRECTION('',(0.99999999999761,2.1862983045477685E-06,0));
#11370=FACE_SURFACE('',(#11375),#11371,.T.);
#11371=PLANE('',#11372);
#11372=AXIS2_PLACEMENT_3D('',#544,#11373,#11374);
#11373=DIRECTION('',(0.9999999999976515,2.1672501929500886E-06,0));
#11374=DIRECTION('',(-2.1672501929500886E-06,0.9999999999976514,0));
#11375=FACE_BOUND('',#11376,.T.);
#11376=EDGE_LOOP('',(#11377,#11378,#11379));
#11377=ORIENTED_EDGE('',*,*,#11380,.T.);
#11378=ORIENTED_EDGE('',*,*,#11381,.T.);
#11379=ORIENTED_EDGE('',*,*,#11382,.T.);
#11380=EDGE_CURVE('',#545,#541,#11383,.F.);
#11381=EDGE_CURVE('',#541,#539,#11384,.T.);
#11382=EDGE_CURVE('',#539,#545,#11385,.T.);
#11383=LINE('',#544,#11386);
#11384=LINE('',#540,#11387);
#11385=LINE('',#538,#11388);
#11386=VECTOR('',#11389,1.0);
#11387=VECTOR('',#11390,1.0);
#11388=VECTOR('',#11391,1.0);
#11389=DIRECTION('',(-2.1672501929500886E-06,0.9999999999976514,0));
#11390=DIRECTION('',(0,0,1));
#11391=DIRECTION('',(1.953952366822061E-06,-0.9015813555691636,-0.4326095922263531));
#11392=FACE_SURFACE('',(#11397),#11393,.T.);
#11393=PLANE('',#11394);
#11394=AXIS2_PLACEMENT_3D('',#544,#11395,#11396);
#11395=DIRECTION('',(0.9999999999976515,2.1672501929500886E-06,-0));
#11396=DIRECTION('',(-1.953952366822061E-06,0.9015813555691636,0.4326095922263531));
#11397=FACE_BOUND('',#11398,.T.);
#11398=EDGE_LOOP('',(#11399,#11400,#11401));
#11399=ORIENTED_EDGE('',*,*,#11402,.T.);
#11400=ORIENTED_EDGE('',*,*,#11403,.T.);
#11401=ORIENTED_EDGE('',*,*,#11404,.T.);
#11402=EDGE_CURVE('',#545,#539,#11405,.F.);
#11403=EDGE_CURVE('',#539,#543,#11406,.T.);
#11404=EDGE_CURVE('',#543,#545,#11407,.T.);
#11405=LINE('',#544,#11408);
#11406=LINE('',#538,#11409);
#11407=LINE('',#542,#11410);
#11408=VECTOR('',#11411,1.0);
#11409=VECTOR('',#11412,1.0);
#11410=VECTOR('',#11413,1.0);
#11411=DIRECTION('',(-1.953952366822061E-06,0.9015813555691636,0.4326095922263531));
#11412=DIRECTION('',(2.1672501929500886E-06,-0.9999999999976514,0));
#11413=DIRECTION('',(0,0,-1));
#11414=FACE_SURFACE('',(#11419),#11415,.T.);
#11415=PLANE('',#11416);
#11416=AXIS2_PLACEMENT_3D('',#536,#11417,#11418);
#11417=DIRECTION('',(0,0,-1));
#11418=DIRECTION('',(-2.1672526171971354E-06,0.9999999999976514,0));
#11419=FACE_BOUND('',#11420,.T.);
#11420=EDGE_LOOP('',(#11421,#11422,#11423));
#11421=ORIENTED_EDGE('',*,*,#11424,.T.);
#11422=ORIENTED_EDGE('',*,*,#11425,.T.);
#11423=ORIENTED_EDGE('',*,*,#11426,.T.);
#11424=EDGE_CURVE('',#537,#535,#11427,.F.);
#11425=EDGE_CURVE('',#535,#541,#11428,.T.);
#11426=EDGE_CURVE('',#541,#537,#11429,.T.);
#11427=LINE('',#536,#11430);
#11428=LINE('',#534,#11431);
#11429=LINE('',#540,#11432);
#11430=VECTOR('',#11433,1.0);
#11431=VECTOR('',#11434,1.0);
#11432=VECTOR('',#11435,1.0);
#11433=DIRECTION('',(-2.1672526171971354E-06,0.9999999999976514,0));
#11434=DIRECTION('',(0.9999999999904402,4.372596609064186E-06,0));
#11435=DIRECTION('',(-0.45547694341043016,-0.8902475801828903,0));
#11436=FACE_SURFACE('',(#11441),#11437,.T.);
#11437=PLANE('',#11438);
#11438=AXIS2_PLACEMENT_3D('',#536,#11439,#11440);
#11439=DIRECTION('',(0,0,-1));
#11440=DIRECTION('',(0.45547694341043016,0.8902475801828903,0));
#11441=FACE_BOUND('',#11442,.T.);
#11442=EDGE_LOOP('',(#11443,#11444,#11445));
#11443=ORIENTED_EDGE('',*,*,#11446,.T.);
#11444=ORIENTED_EDGE('',*,*,#11447,.T.);
#11445=ORIENTED_EDGE('',*,*,#11448,.T.);
#11446=EDGE_CURVE('',#537,#541,#11449,.F.);
#11447=EDGE_CURVE('',#541,#545,#11450,.T.);
#11448=EDGE_CURVE('',#545,#537,#11451,.T.);
#11449=LINE('',#536,#11452);
#11450=LINE('',#540,#11453);
#11451=LINE('',#544,#11454);
#11452=VECTOR('',#11455,1.0);
#11453=VECTOR('',#11456,1.0);
#11454=VECTOR('',#11457,1.0);
#11455=DIRECTION('',(0.45547694341043016,0.8902475801828903,0));
#11456=DIRECTION('',(2.1672501929500886E-06,-0.9999999999976514,0));
#11457=DIRECTION('',(-0.99999999999761,-2.1862983045477685E-06,0));
#11458=FACE_SURFACE('',(#11463),#11459,.T.);
#11459=PLANE('',#11460);
#11460=AXIS2_PLACEMENT_3D('',#514,#11461,#11462);
#11461=DIRECTION('',(-2.1862983045477685E-06,0.99999999999761,0));
#11462=DIRECTION('',(0,0,-1));
#11463=FACE_BOUND('',#11464,.T.);
#11464=EDGE_LOOP('',(#11465,#11466,#11467));
#11465=ORIENTED_EDGE('',*,*,#11468,.T.);
#11466=ORIENTED_EDGE('',*,*,#11469,.T.);
#11467=ORIENTED_EDGE('',*,*,#11470,.T.);
#11468=EDGE_CURVE('',#515,#521,#11471,.F.);
#11469=EDGE_CURVE('',#521,#529,#11472,.T.);
#11470=EDGE_CURVE('',#529,#515,#11473,.T.);
#11471=LINE('',#514,#11474);
#11472=LINE('',#520,#11475);
#11473=LINE('',#528,#11476);
#11474=VECTOR('',#11477,1.0);
#11475=VECTOR('',#11478,1.0);
#11476=VECTOR('',#11479,1.0);
#11477=DIRECTION('',(0,0,-1));
#11478=DIRECTION('',(-0.99999999999761,-2.1862983045477685E-06,0));
#11479=DIRECTION('',(0.7294098739088741,1.5947075706511842E-06,0.6840769224595266));
#11480=FACE_SURFACE('',(#11485),#11481,.T.);
#11481=PLANE('',#11482);
#11482=AXIS2_PLACEMENT_3D('',#514,#11483,#11484);
#11483=DIRECTION('',(-2.1862983045477685E-06,0.99999999999761,0));
#11484=DIRECTION('',(-0.7294098739088741,-1.5947075706511842E-06,-0.6840769224595266));
#11485=FACE_BOUND('',#11486,.T.);
#11486=EDGE_LOOP('',(#11487,#11488,#11489));
#11487=ORIENTED_EDGE('',*,*,#11490,.T.);
#11488=ORIENTED_EDGE('',*,*,#11491,.T.);
#11489=ORIENTED_EDGE('',*,*,#11492,.T.);
#11490=EDGE_CURVE('',#515,#529,#11493,.F.);
#11491=EDGE_CURVE('',#529,#527,#11494,.T.);
#11492=EDGE_CURVE('',#527,#515,#11495,.T.);
#11493=LINE('',#514,#11496);
#11494=LINE('',#528,#11497);
#11495=LINE('',#526,#11498);
#11496=VECTOR('',#11499,1.0);
#11497=VECTOR('',#11500,1.0);
#11498=VECTOR('',#11501,1.0);
#11499=DIRECTION('',(-0.7294098739088741,-1.5947075706511842E-06,-0.6840769224595266));
#11500=DIRECTION('',(0,0,1));
#11501=DIRECTION('',(0.99999999999761,2.1862983045477685E-06,0));
#11502=FACE_SURFACE('',(#11507),#11503,.T.);
#11503=PLANE('',#11504);
#11504=AXIS2_PLACEMENT_3D('',#530,#11505,#11506);
#11505=DIRECTION('',(2.1862983045477685E-06,-0.99999999999761,0));
#11506=DIRECTION('',(0,0,-1));
#11507=FACE_BOUND('',#11508,.T.);
#11508=EDGE_LOOP('',(#11509,#11510,#11511));
#11509=ORIENTED_EDGE('',*,*,#11512,.T.);
#11510=ORIENTED_EDGE('',*,*,#11513,.T.);
#11511=ORIENTED_EDGE('',*,*,#11514,.T.);
#11512=EDGE_CURVE('',#531,#537,#11515,.F.);
#11513=EDGE_CURVE('',#537,#545,#11516,.T.);
#11514=EDGE_CURVE('',#545,#531,#11517,.T.);
#11515=LINE('',#530,#11518);
#11516=LINE('',#536,#11519);
#11517=LINE('',#544,#11520);
#11518=VECTOR('',#11521,1.0);
#11519=VECTOR('',#11522,1.0);
#11520=VECTOR('',#11523,1.0);
#11521=DIRECTION('',(0,0,-1));
#11522=DIRECTION('',(0.99999999999761,2.1862983045477685E-06,0));
#11523=DIRECTION('',(-0.7294098739088741,-1.5947075706511842E-06,0.6840769224595266));
#11524=FACE_SURFACE('',(#11529),#11525,.T.);
#11525=PLANE('',#11526);
#11526=AXIS2_PLACEMENT_3D('',#530,#11527,#11528);
#11527=DIRECTION('',(2.1862983045477685E-06,-0.99999999999761,0));
#11528=DIRECTION('',(0.7294098739088741,1.5947075706511842E-06,-0.6840769224595266));
#11529=FACE_BOUND('',#11530,.T.);
#11530=EDGE_LOOP('',(#11531,#11532,#11533));
#11531=ORIENTED_EDGE('',*,*,#11534,.T.);
#11532=ORIENTED_EDGE('',*,*,#11535,.T.);
#11533=ORIENTED_EDGE('',*,*,#11536,.T.);
#11534=EDGE_CURVE('',#531,#545,#11537,.F.);
#11535=EDGE_CURVE('',#545,#543,#11538,.T.);
#11536=EDGE_CURVE('',#543,#531,#11539,.T.);
#11537=LINE('',#530,#11540);
#11538=LINE('',#544,#11541);
#11539=LINE('',#542,#11542);
#11540=VECTOR('',#11543,1.0);
#11541=VECTOR('',#11544,1.0);
#11542=VECTOR('',#11545,1.0);
#11543=DIRECTION('',(0.7294098739088741,1.5947075706511842E-06,-0.6840769224595266));
#11544=DIRECTION('',(0,0,1));
#11545=DIRECTION('',(-0.99999999999761,-2.1862983045477685E-06,0));
ENDSEC;
END-ISO-10303-21;
