ISO-10303-21;
HEADER;
FILE_DESCRIPTION((''),'2;1');
FILE_NAME('Stand_Pin', '2026-08-25T14:46:19', (''), (''), 'ImageToStl.com STEP Converter','', '');
FILE_SCHEMA(('AUTOMOTIVE_DESIGN_CC2'));
ENDSEC;
DATA;
#1=PRODUCT_DEFINITION_CONTEXT('',#4,'design');
#2=APPLICATION_PROTOCOL_DEFINITION('INTERNATIONAL STANDARD','automotive_design',1994,#4);
#3=(GEOMETRIC_REPRESENTATION_CONTEXT(3)GLOBAL_UNCERTAINTY_ASSIGNED_CONTEXT((#5))GLOBAL_UNIT_ASSIGNED_CONTEXT((#6,#7,#8))REPRESENTATION_CONTEXT('NONE','WORKSPACE'));
#4=APPLICATION_CONTEXT(' ');
#5=UNCERTAINTY_MEASURE_WITH_UNIT(LENGTH_MEASURE(1.0E-006),#6,'','');
#6=(CONVERSION_BASED_UNIT('METRE',#10)LENGTH_UNIT()NAMED_UNIT(#11));
#7=(NAMED_UNIT(#12)PLANE_ANGLE_UNIT()SI_UNIT($,.RADIAN.));
#8=(NAMED_UNIT(#12)SOLID_ANGLE_UNIT()SI_UNIT($,.STERADIAN.));
#9=AXIS2_PLACEMENT_3D('',#14,#15,#16);
#10=LENGTH_MEASURE_WITH_UNIT(LENGTH_MEASURE(1.0),#17);
#11=DIMENSIONAL_EXPONENTS(1.0,0.0,0.0,0.0,0.0,0.0,0.0);
#12=DIMENSIONAL_EXPONENTS(0.0,0.0,0.0,0.0,0.0,0.0,0.0);
#13=PRODUCT_CONTEXT('',#4,'mechanical');
#14=CARTESIAN_POINT('',(0.0,0.0,0.0));
#15=DIRECTION('',(0.0,0.0,1.0));
#16=DIRECTION('',(1.0,0.0,0.0));
#17=(NAMED_UNIT(#11)LENGTH_UNIT()SI_UNIT(.MILLI.,.METRE.));
#18=PRESENTATION_STYLE_ASSIGNMENT((#19));
#19=SURFACE_STYLE_USAGE(.BOTH.,#20);
#20=SURFACE_SIDE_STYLE('',(#21));
#21=SURFACE_STYLE_FILL_AREA(#22);
#22=FILL_AREA_STYLE('',(#23));
#23=FILL_AREA_STYLE_COLOUR('',#24);
#24=COLOUR_RGB('',0.9,0.9,0.9);
#25=SHAPE_DEFINITION_REPRESENTATION(#26,#27);
#26=PRODUCT_DEFINITION_SHAPE('productshape0','',#30);
#27=MANIFOLD_SURFACE_SHAPE_REPRESENTATION('',(#28,#9),#3);
#28=SHELL_BASED_SURFACE_MODEL('shell0',(#33));
#29=PRODUCT('product0','','',(#13));
#30=PRODUCT_DEFINITION('mesh0','',#31,#2);
#31=PRODUCT_DEFINITION_FORMATION_WITH_SPECIFIED_SOURCE('prodsource0','',#29,.NOT_KNOWN.);
#32=STYLED_ITEM('',(#18),#33);
#33=CLOSED_SHELL('',(#434,#456,#478,#500,#522,#544,#566,#588,#610,#632,#654,#676,#698,#720,#742,#764,#786,#808,#830,#852,#874,#896,#918,#940,#962,#984,#1006,#1028,#1050,#1072,#1094,#1116,#1138,#1160,#1182,#1204,#1226,#1248,#1270,#1292,#1314,#1336,#1358,#1380,#1402,#1424,#1446,#1468,#1490,#1512,#1534,#1556,#1578,#1600,#1622,#1644,#1666,#1688,#1710,#1732,#1754,#1776,#1798,#1820,#1842,#1864,#1886,#1908,#1930,#1952,#1974,#1996,#2018,#2040,#2062,#2084,#2106,#2128,#2150,#2172,#2194,#2216,#2238,#2260,#2282,#2304,#2326,#2348,#2370,#2392,#2414,#2436,#2458,#2480,#2502,#2524,#2546,#2568,#2590,#2612,#2634,#2656,#2678,#2700,#2722,#2744,#2766,#2788,#2810,#2832,#2854,#2876,#2898,#2920,#2942,#2964,#2986,#3008,#3030,#3052,#3074,#3096,#3118,#3140,#3162,#3184,#3206,#3228,#3250,#3272,#3294,#3316,#3338,#3360,#3382,#3404,#3426,#3448,#3470,#3492,#3514,#3536,#3558,#3580,#3602,#3624,#3646,#3668,#3690,#3712,#3734,#3756,#3778,#3800,#3822,#3844,#3866,#3888,#3910,#3932,#3954,#3976,#3998,#4020,#4042,#4064,#4086,#4108,#4130,#4152,#4174,#4196,#4218,#4240,#4262,#4284,#4306,#4328,#4350,#4372,#4394,#4416,#4438,#4460,#4482,#4504,#4526,#4548,#4570,#4592,#4614,#4636,#4658,#4680,#4702,#4724,#4746,#4768,#4790,#4812,#4834,#4856,#4878,#4900,#4922,#4944,#4966,#4988,#5010,#5032,#5054,#5076,#5098,#5120,#5142,#5164,#5186,#5208,#5230,#5252,#5274,#5296,#5318,#5340,#5362,#5384,#5406,#5428,#5450,#5472,#5494,#5516,#5538,#5560,#5582,#5604,#5626,#5648,#5670,#5692,#5714,#5736,#5758,#5780,#5802,#5824,#5846,#5868,#5890,#5912,#5934,#5956,#5978,#6000,#6022,#6044,#6066,#6088,#6110,#6132,#6154,#6176,#6198,#6220,#6242,#6264,#6286,#6308,#6330,#6352,#6374,#6396,#6418,#6440,#6462,#6484,#6506,#6528,#6550,#6572,#6594,#6616,#6638,#6660,#6682,#6704,#6726,#6748,#6770,#6792,#6814,#6836,#6858,#6880,#6902,#6924,#6946,#6968,#6990,#7012,#7034,#7056,#7078,#7100,#7122,#7144,#7166,#7188,#7210,#7232,#7254,#7276,#7298,#7320,#7342,#7364,#7386,#7408,#7430,#7452,#7474,#7496,#7518,#7540,#7562,#7584,#7606,#7628,#7650,#7672,#7694,#7716,#7738,#7760,#7782,#7804,#7826,#7848,#7870,#7892,#7914,#7936,#7958,#7980,#8002,#8024,#8046,#8068,#8090,#8112,#8134,#8156,#8178,#8200,#8222,#8244,#8266,#8288,#8310,#8332,#8354,#8376,#8398,#8420,#8442,#8464,#8486,#8508,#8530,#8552,#8574,#8596,#8618,#8640,#8662,#8684,#8706,#8728,#8750,#8772,#8794,#8816,#8838,#8860,#8882,#8904,#8926,#8948,#8970,#8992,#9014,#9036,#9058,#9080,#9102,#9124));
#34=CARTESIAN_POINT('',(111.64351654052734,52.582618713378906,67.47184753417969));
#35=VERTEX_POINT('',#34);
#36=CARTESIAN_POINT('',(118.4829330444336,52.582618713378906,67.47183990478516));
#37=VERTEX_POINT('',#36);
#38=CARTESIAN_POINT('',(118.4829330444336,52.67680358886719,67.46887969970703));
#39=VERTEX_POINT('',#38);
#40=CARTESIAN_POINT('',(111.64351654052734,52.67680358886719,67.46888732910156));
#41=VERTEX_POINT('',#40);
#42=CARTESIAN_POINT('',(118.4829330444336,52.7706184387207,67.46001434326172));
#43=VERTEX_POINT('',#42);
#44=CARTESIAN_POINT('',(111.64351654052734,52.7706184387207,67.46001434326172));
#45=VERTEX_POINT('',#44);
#46=CARTESIAN_POINT('',(118.4829330444336,52.86368942260742,67.44527435302734));
#47=VERTEX_POINT('',#46);
#48=CARTESIAN_POINT('',(111.64351654052734,52.86368942260742,67.44527435302734));
#49=VERTEX_POINT('',#48);
#50=CARTESIAN_POINT('',(118.4829330444336,52.95565414428711,67.42471313476562));
#51=VERTEX_POINT('',#50);
#52=CARTESIAN_POINT('',(111.64351654052734,52.95565414428711,67.42472076416016));
#53=VERTEX_POINT('',#52);
#54=CARTESIAN_POINT('',(118.4829330444336,53.046142578125,67.39842987060547));
#55=VERTEX_POINT('',#54);
#56=CARTESIAN_POINT('',(111.64351654052734,53.046142578125,67.39842987060547));
#57=VERTEX_POINT('',#56);
#58=CARTESIAN_POINT('',(118.4829330444336,53.134803771972656,67.36650848388672));
#59=VERTEX_POINT('',#58);
#60=CARTESIAN_POINT('',(111.64351654052734,53.134803771972656,67.36650848388672));
#61=VERTEX_POINT('',#60);
#62=CARTESIAN_POINT('',(118.4829330444336,53.22128677368164,67.3290786743164));
#63=VERTEX_POINT('',#62);
#64=CARTESIAN_POINT('',(111.64351654052734,53.22128677368164,67.32908630371094));
#65=VERTEX_POINT('',#64);
#66=CARTESIAN_POINT('',(118.4829330444336,53.30524826049805,67.28630065917969));
#67=VERTEX_POINT('',#66);
#68=CARTESIAN_POINT('',(111.64351654052734,53.30524826049805,67.28630828857422));
#69=VERTEX_POINT('',#68);
#70=CARTESIAN_POINT('',(118.4829330444336,53.38636016845703,67.23833465576172));
#71=VERTEX_POINT('',#70);
#72=CARTESIAN_POINT('',(111.64351654052734,53.38636016845703,67.23833465576172));
#73=VERTEX_POINT('',#72);
#74=CARTESIAN_POINT('',(118.4829330444336,53.464298248291016,67.18536376953125));
#75=VERTEX_POINT('',#74);
#76=CARTESIAN_POINT('',(111.64351654052734,53.464298248291016,67.18537139892578));
#77=VERTEX_POINT('',#76);
#78=CARTESIAN_POINT('',(118.4829330444336,53.538753509521484,67.12760925292969));
#79=VERTEX_POINT('',#78);
#80=CARTESIAN_POINT('',(111.64351654052734,53.538753509521484,67.12761688232422));
#81=VERTEX_POINT('',#80);
#82=CARTESIAN_POINT('',(118.4829330444336,53.609439849853516,67.06529235839844));
#83=VERTEX_POINT('',#82);
#84=CARTESIAN_POINT('',(111.64351654052734,53.609439849853516,67.06529998779297));
#85=VERTEX_POINT('',#84);
#86=CARTESIAN_POINT('',(118.4829330444336,53.67607116699219,66.99866485595703));
#87=VERTEX_POINT('',#86);
#88=CARTESIAN_POINT('',(111.64351654052734,53.67607116699219,66.99866485595703));
#89=VERTEX_POINT('',#88);
#90=CARTESIAN_POINT('',(118.4829330444336,53.73838806152344,66.927978515625));
#91=VERTEX_POINT('',#90);
#92=CARTESIAN_POINT('',(111.64351654052734,53.73838806152344,66.927978515625));
#93=VERTEX_POINT('',#92);
#94=CARTESIAN_POINT('',(118.4829330444336,53.796142578125,66.85352325439453));
#95=VERTEX_POINT('',#94);
#96=CARTESIAN_POINT('',(111.64351654052734,53.796142578125,66.85352325439453));
#97=VERTEX_POINT('',#96);
#98=CARTESIAN_POINT('',(118.4829330444336,53.8491096496582,66.77558135986328));
#99=VERTEX_POINT('',#98);
#100=CARTESIAN_POINT('',(111.64351654052734,53.8491096496582,66.77558898925781));
#101=VERTEX_POINT('',#100);
#102=CARTESIAN_POINT('',(118.4829330444336,53.89707946777344,66.69447326660156));
#103=VERTEX_POINT('',#102);
#104=CARTESIAN_POINT('',(111.64351654052734,53.89707946777344,66.69447326660156));
#105=VERTEX_POINT('',#104);
#106=CARTESIAN_POINT('',(118.4829330444336,53.939857482910156,66.61051177978516));
#107=VERTEX_POINT('',#106);
#108=CARTESIAN_POINT('',(111.64351654052734,53.939857482910156,66.61051177978516));
#109=VERTEX_POINT('',#108);
#110=CARTESIAN_POINT('',(118.4829330444336,53.9772834777832,66.5240249633789));
#111=VERTEX_POINT('',#110);
#112=CARTESIAN_POINT('',(111.64351654052734,53.9772834777832,66.52403259277344));
#113=VERTEX_POINT('',#112);
#114=CARTESIAN_POINT('',(118.4829330444336,54.00920486450195,66.43536376953125));
#115=VERTEX_POINT('',#114);
#116=CARTESIAN_POINT('',(111.64351654052734,54.00920486450195,66.43537139892578));
#117=VERTEX_POINT('',#116);
#118=CARTESIAN_POINT('',(118.4829330444336,54.035491943359375,66.34487915039062));
#119=VERTEX_POINT('',#118);
#120=CARTESIAN_POINT('',(111.64351654052734,54.035491943359375,66.34487915039062));
#121=VERTEX_POINT('',#120);
#122=CARTESIAN_POINT('',(118.4829330444336,54.05604934692383,66.25291442871094));
#123=VERTEX_POINT('',#122);
#124=CARTESIAN_POINT('',(111.64351654052734,54.05604934692383,66.25291442871094));
#125=VERTEX_POINT('',#124);
#126=CARTESIAN_POINT('',(118.4829330444336,54.0707893371582,66.15984344482422));
#127=VERTEX_POINT('',#126);
#128=CARTESIAN_POINT('',(111.64351654052734,54.0707893371582,66.15984344482422));
#129=VERTEX_POINT('',#128);
#130=CARTESIAN_POINT('',(118.4829330444336,54.07965850830078,66.06602478027344));
#131=VERTEX_POINT('',#130);
#132=CARTESIAN_POINT('',(111.64351654052734,54.07965850830078,66.06603240966797));
#133=VERTEX_POINT('',#132);
#134=CARTESIAN_POINT('',(118.4829330444336,54.082618713378906,65.97183990478516));
#135=VERTEX_POINT('',#134);
#136=CARTESIAN_POINT('',(111.64351654052734,54.082618713378906,65.97184753417969));
#137=VERTEX_POINT('',#136);
#138=CARTESIAN_POINT('',(118.4829330444336,54.07965850830078,65.87765502929688));
#139=VERTEX_POINT('',#138);
#140=CARTESIAN_POINT('',(111.64351654052734,54.07965850830078,65.8776626586914));
#141=VERTEX_POINT('',#140);
#142=CARTESIAN_POINT('',(118.4829330444336,54.0707893371582,65.78384399414062));
#143=VERTEX_POINT('',#142);
#144=CARTESIAN_POINT('',(111.64351654052734,54.0707893371582,65.78384399414062));
#145=VERTEX_POINT('',#144);
#146=CARTESIAN_POINT('',(118.4829330444336,54.05604934692383,65.6907730102539));
#147=VERTEX_POINT('',#146);
#148=CARTESIAN_POINT('',(111.64351654052734,54.05604934692383,65.6907730102539));
#149=VERTEX_POINT('',#148);
#150=CARTESIAN_POINT('',(118.4829330444336,54.035491943359375,65.59880828857422));
#151=VERTEX_POINT('',#150);
#152=CARTESIAN_POINT('',(111.64351654052734,54.035491943359375,65.59880828857422));
#153=VERTEX_POINT('',#152);
#154=CARTESIAN_POINT('',(118.4829330444336,54.00920486450195,65.50831604003906));
#155=VERTEX_POINT('',#154);
#156=CARTESIAN_POINT('',(111.64351654052734,54.00920486450195,65.5083236694336));
#157=VERTEX_POINT('',#156);
#158=CARTESIAN_POINT('',(118.4829330444336,53.9772834777832,65.4196548461914));
#159=VERTEX_POINT('',#158);
#160=CARTESIAN_POINT('',(111.64351654052734,53.9772834777832,65.41966247558594));
#161=VERTEX_POINT('',#160);
#162=CARTESIAN_POINT('',(118.4829330444336,53.939857482910156,65.33317565917969));
#163=VERTEX_POINT('',#162);
#164=CARTESIAN_POINT('',(111.64351654052734,53.939857482910156,65.33317565917969));
#165=VERTEX_POINT('',#164);
#166=CARTESIAN_POINT('',(118.4829330444336,53.89707946777344,65.24921417236328));
#167=VERTEX_POINT('',#166);
#168=CARTESIAN_POINT('',(111.64351654052734,53.89707946777344,65.24921417236328));
#169=VERTEX_POINT('',#168);
#170=CARTESIAN_POINT('',(118.4829330444336,53.8491096496582,65.16809844970703));
#171=VERTEX_POINT('',#170);
#172=CARTESIAN_POINT('',(111.64351654052734,53.8491096496582,65.16810607910156));
#173=VERTEX_POINT('',#172);
#174=CARTESIAN_POINT('',(118.4829330444336,53.796142578125,65.09016418457031));
#175=VERTEX_POINT('',#174);
#176=CARTESIAN_POINT('',(111.64351654052734,53.796142578125,65.09016418457031));
#177=VERTEX_POINT('',#176);
#178=CARTESIAN_POINT('',(118.4829330444336,53.73838806152344,65.01570892333984));
#179=VERTEX_POINT('',#178);
#180=CARTESIAN_POINT('',(111.64351654052734,53.73838806152344,65.01570892333984));
#181=VERTEX_POINT('',#180);
#182=CARTESIAN_POINT('',(118.4829330444336,53.67607116699219,64.94502258300781));
#183=VERTEX_POINT('',#182);
#184=CARTESIAN_POINT('',(111.64351654052734,53.67607116699219,64.94502258300781));
#185=VERTEX_POINT('',#184);
#186=CARTESIAN_POINT('',(118.4829330444336,53.609439849853516,64.87838745117188));
#187=VERTEX_POINT('',#186);
#188=CARTESIAN_POINT('',(111.64351654052734,53.609439849853516,64.8783950805664));
#189=VERTEX_POINT('',#188);
#190=CARTESIAN_POINT('',(118.4829330444336,53.538753509521484,64.81607055664062));
#191=VERTEX_POINT('',#190);
#192=CARTESIAN_POINT('',(111.64351654052734,53.538753509521484,64.81607818603516));
#193=VERTEX_POINT('',#192);
#194=CARTESIAN_POINT('',(118.4829330444336,53.464298248291016,64.75831604003906));
#195=VERTEX_POINT('',#194);
#196=CARTESIAN_POINT('',(111.64351654052734,53.464298248291016,64.7583236694336));
#197=VERTEX_POINT('',#196);
#198=CARTESIAN_POINT('',(118.4829330444336,53.38636016845703,64.70535278320312));
#199=VERTEX_POINT('',#198);
#200=CARTESIAN_POINT('',(111.64351654052734,53.38636016845703,64.70535278320312));
#201=VERTEX_POINT('',#200);
#202=CARTESIAN_POINT('',(118.4829330444336,53.30524826049805,64.65737915039062));
#203=VERTEX_POINT('',#202);
#204=CARTESIAN_POINT('',(111.64351654052734,53.30524826049805,64.65738677978516));
#205=VERTEX_POINT('',#204);
#206=CARTESIAN_POINT('',(118.4829330444336,53.22128677368164,64.6146011352539));
#207=VERTEX_POINT('',#206);
#208=CARTESIAN_POINT('',(111.64351654052734,53.22128677368164,64.61460876464844));
#209=VERTEX_POINT('',#208);
#210=CARTESIAN_POINT('',(118.4829330444336,53.134803771972656,64.57717895507812));
#211=VERTEX_POINT('',#210);
#212=CARTESIAN_POINT('',(111.64351654052734,53.134803771972656,64.57717895507812));
#213=VERTEX_POINT('',#212);
#214=CARTESIAN_POINT('',(118.4829330444336,53.046142578125,64.54525756835938));
#215=VERTEX_POINT('',#214);
#216=CARTESIAN_POINT('',(111.64351654052734,53.046142578125,64.54525756835938));
#217=VERTEX_POINT('',#216);
#218=CARTESIAN_POINT('',(118.4829330444336,52.95565414428711,64.51896667480469));
#219=VERTEX_POINT('',#218);
#220=CARTESIAN_POINT('',(111.64351654052734,52.95565414428711,64.51897430419922));
#221=VERTEX_POINT('',#220);
#222=CARTESIAN_POINT('',(118.4829330444336,52.86368942260742,64.4984130859375));
#223=VERTEX_POINT('',#222);
#224=CARTESIAN_POINT('',(111.64351654052734,52.86368942260742,64.4984130859375));
#225=VERTEX_POINT('',#224);
#226=CARTESIAN_POINT('',(118.4829330444336,52.7706184387207,64.48367309570312));
#227=VERTEX_POINT('',#226);
#228=CARTESIAN_POINT('',(111.64351654052734,52.7706184387207,64.48367309570312));
#229=VERTEX_POINT('',#228);
#230=CARTESIAN_POINT('',(118.4829330444336,52.67680358886719,64.47480010986328));
#231=VERTEX_POINT('',#230);
#232=CARTESIAN_POINT('',(111.64351654052734,52.67680358886719,64.47480773925781));
#233=VERTEX_POINT('',#232);
#234=CARTESIAN_POINT('',(118.4829330444336,52.582618713378906,64.47183990478516));
#235=VERTEX_POINT('',#234);
#236=CARTESIAN_POINT('',(111.64351654052734,52.582618713378906,64.47184753417969));
#237=VERTEX_POINT('',#236);
#238=CARTESIAN_POINT('',(118.4829330444336,52.488433837890625,64.47480010986328));
#239=VERTEX_POINT('',#238);
#240=CARTESIAN_POINT('',(111.64351654052734,52.488433837890625,64.47480773925781));
#241=VERTEX_POINT('',#240);
#242=CARTESIAN_POINT('',(118.4829330444336,52.39461898803711,64.48367309570312));
#243=VERTEX_POINT('',#242);
#244=CARTESIAN_POINT('',(111.64351654052734,52.39461898803711,64.48367309570312));
#245=VERTEX_POINT('',#244);
#246=CARTESIAN_POINT('',(118.4829330444336,52.30154800415039,64.4984130859375));
#247=VERTEX_POINT('',#246);
#248=CARTESIAN_POINT('',(111.64351654052734,52.30154800415039,64.4984130859375));
#249=VERTEX_POINT('',#248);
#250=CARTESIAN_POINT('',(118.4829330444336,52.2095832824707,64.51896667480469));
#251=VERTEX_POINT('',#250);
#252=CARTESIAN_POINT('',(111.64351654052734,52.2095832824707,64.51897430419922));
#253=VERTEX_POINT('',#252);
#254=CARTESIAN_POINT('',(118.4829330444336,52.11909484863281,64.54525756835938));
#255=VERTEX_POINT('',#254);
#256=CARTESIAN_POINT('',(111.64351654052734,52.11909484863281,64.54525756835938));
#257=VERTEX_POINT('',#256);
#258=CARTESIAN_POINT('',(118.4829330444336,52.030433654785156,64.57717895507812));
#259=VERTEX_POINT('',#258);
#260=CARTESIAN_POINT('',(111.64351654052734,52.030433654785156,64.57717895507812));
#261=VERTEX_POINT('',#260);
#262=CARTESIAN_POINT('',(118.4829330444336,51.94395065307617,64.6146011352539));
#263=VERTEX_POINT('',#262);
#264=CARTESIAN_POINT('',(111.64351654052734,51.94395065307617,64.61460876464844));
#265=VERTEX_POINT('',#264);
#266=CARTESIAN_POINT('',(118.4829330444336,51.859989166259766,64.65737915039062));
#267=VERTEX_POINT('',#266);
#268=CARTESIAN_POINT('',(111.64351654052734,51.859989166259766,64.65738677978516));
#269=VERTEX_POINT('',#268);
#270=CARTESIAN_POINT('',(118.4829330444336,51.77887725830078,64.70535278320312));
#271=VERTEX_POINT('',#270);
#272=CARTESIAN_POINT('',(111.64351654052734,51.77887725830078,64.70535278320312));
#273=VERTEX_POINT('',#272);
#274=CARTESIAN_POINT('',(118.4829330444336,51.7009391784668,64.75831604003906));
#275=VERTEX_POINT('',#274);
#276=CARTESIAN_POINT('',(111.64351654052734,51.7009391784668,64.7583236694336));
#277=VERTEX_POINT('',#276);
#278=CARTESIAN_POINT('',(118.4829330444336,51.62648391723633,64.81607055664062));
#279=VERTEX_POINT('',#278);
#280=CARTESIAN_POINT('',(111.64351654052734,51.62648391723633,64.81607818603516));
#281=VERTEX_POINT('',#280);
#282=CARTESIAN_POINT('',(118.4829330444336,51.5557975769043,64.87838745117188));
#283=VERTEX_POINT('',#282);
#284=CARTESIAN_POINT('',(111.64351654052734,51.5557975769043,64.8783950805664));
#285=VERTEX_POINT('',#284);
#286=CARTESIAN_POINT('',(118.4829330444336,51.489166259765625,64.94502258300781));
#287=VERTEX_POINT('',#286);
#288=CARTESIAN_POINT('',(111.64351654052734,51.489166259765625,64.94502258300781));
#289=VERTEX_POINT('',#288);
#290=CARTESIAN_POINT('',(118.4829330444336,51.426849365234375,65.01570892333984));
#291=VERTEX_POINT('',#290);
#292=CARTESIAN_POINT('',(111.64351654052734,51.426849365234375,65.01570892333984));
#293=VERTEX_POINT('',#292);
#294=CARTESIAN_POINT('',(118.4829330444336,51.36909484863281,65.09016418457031));
#295=VERTEX_POINT('',#294);
#296=CARTESIAN_POINT('',(111.64351654052734,51.36909484863281,65.09016418457031));
#297=VERTEX_POINT('',#296);
#298=CARTESIAN_POINT('',(118.4829330444336,51.31612777709961,65.16809844970703));
#299=VERTEX_POINT('',#298);
#300=CARTESIAN_POINT('',(111.64351654052734,51.31612777709961,65.16810607910156));
#301=VERTEX_POINT('',#300);
#302=CARTESIAN_POINT('',(118.4829330444336,51.268157958984375,65.24921417236328));
#303=VERTEX_POINT('',#302);
#304=CARTESIAN_POINT('',(111.64351654052734,51.268157958984375,65.24921417236328));
#305=VERTEX_POINT('',#304);
#306=CARTESIAN_POINT('',(118.4829330444336,51.225379943847656,65.33317565917969));
#307=VERTEX_POINT('',#306);
#308=CARTESIAN_POINT('',(111.64351654052734,51.225379943847656,65.33317565917969));
#309=VERTEX_POINT('',#308);
#310=CARTESIAN_POINT('',(118.4829330444336,51.18795394897461,65.4196548461914));
#311=VERTEX_POINT('',#310);
#312=CARTESIAN_POINT('',(111.64351654052734,51.18795394897461,65.41966247558594));
#313=VERTEX_POINT('',#312);
#314=CARTESIAN_POINT('',(118.4829330444336,51.15603256225586,65.50831604003906));
#315=VERTEX_POINT('',#314);
#316=CARTESIAN_POINT('',(111.64351654052734,51.15603256225586,65.5083236694336));
#317=VERTEX_POINT('',#316);
#318=CARTESIAN_POINT('',(118.4829330444336,51.12974548339844,65.59880828857422));
#319=VERTEX_POINT('',#318);
#320=CARTESIAN_POINT('',(111.64351654052734,51.12974548339844,65.59880828857422));
#321=VERTEX_POINT('',#320);
#322=CARTESIAN_POINT('',(118.4829330444336,51.109188079833984,65.6907730102539));
#323=VERTEX_POINT('',#322);
#324=CARTESIAN_POINT('',(111.64351654052734,51.109188079833984,65.6907730102539));
#325=VERTEX_POINT('',#324);
#326=CARTESIAN_POINT('',(118.4829330444336,51.09444808959961,65.78384399414062));
#327=VERTEX_POINT('',#326);
#328=CARTESIAN_POINT('',(111.64351654052734,51.09444808959961,65.78384399414062));
#329=VERTEX_POINT('',#328);
#330=CARTESIAN_POINT('',(118.4829330444336,51.08557891845703,65.87765502929688));
#331=VERTEX_POINT('',#330);
#332=CARTESIAN_POINT('',(111.64351654052734,51.08557891845703,65.8776626586914));
#333=VERTEX_POINT('',#332);
#334=CARTESIAN_POINT('',(118.4829330444336,51.082618713378906,65.97183990478516));
#335=VERTEX_POINT('',#334);
#336=CARTESIAN_POINT('',(111.64351654052734,51.082618713378906,65.97184753417969));
#337=VERTEX_POINT('',#336);
#338=CARTESIAN_POINT('',(118.4829330444336,51.08557891845703,66.06602478027344));
#339=VERTEX_POINT('',#338);
#340=CARTESIAN_POINT('',(111.64351654052734,51.08557891845703,66.06603240966797));
#341=VERTEX_POINT('',#340);
#342=CARTESIAN_POINT('',(118.4829330444336,51.09444808959961,66.15984344482422));
#343=VERTEX_POINT('',#342);
#344=CARTESIAN_POINT('',(111.64351654052734,51.09444808959961,66.15984344482422));
#345=VERTEX_POINT('',#344);
#346=CARTESIAN_POINT('',(118.4829330444336,51.109188079833984,66.25291442871094));
#347=VERTEX_POINT('',#346);
#348=CARTESIAN_POINT('',(111.64351654052734,51.109188079833984,66.25291442871094));
#349=VERTEX_POINT('',#348);
#350=CARTESIAN_POINT('',(118.4829330444336,51.12974548339844,66.34487915039062));
#351=VERTEX_POINT('',#350);
#352=CARTESIAN_POINT('',(111.64351654052734,51.12974548339844,66.34487915039062));
#353=VERTEX_POINT('',#352);
#354=CARTESIAN_POINT('',(118.4829330444336,51.15603256225586,66.43536376953125));
#355=VERTEX_POINT('',#354);
#356=CARTESIAN_POINT('',(111.64351654052734,51.15603256225586,66.43537139892578));
#357=VERTEX_POINT('',#356);
#358=CARTESIAN_POINT('',(118.4829330444336,51.18795394897461,66.5240249633789));
#359=VERTEX_POINT('',#358);
#360=CARTESIAN_POINT('',(111.64351654052734,51.18795394897461,66.52403259277344));
#361=VERTEX_POINT('',#360);
#362=CARTESIAN_POINT('',(118.4829330444336,51.225379943847656,66.61051177978516));
#363=VERTEX_POINT('',#362);
#364=CARTESIAN_POINT('',(111.64351654052734,51.225379943847656,66.61051177978516));
#365=VERTEX_POINT('',#364);
#366=CARTESIAN_POINT('',(118.4829330444336,51.268157958984375,66.69447326660156));
#367=VERTEX_POINT('',#366);
#368=CARTESIAN_POINT('',(111.64351654052734,51.268157958984375,66.69447326660156));
#369=VERTEX_POINT('',#368);
#370=CARTESIAN_POINT('',(118.4829330444336,51.31612777709961,66.77558135986328));
#371=VERTEX_POINT('',#370);
#372=CARTESIAN_POINT('',(111.64351654052734,51.31612777709961,66.77558898925781));
#373=VERTEX_POINT('',#372);
#374=CARTESIAN_POINT('',(118.4829330444336,51.36909484863281,66.85352325439453));
#375=VERTEX_POINT('',#374);
#376=CARTESIAN_POINT('',(111.64351654052734,51.36909484863281,66.85352325439453));
#377=VERTEX_POINT('',#376);
#378=CARTESIAN_POINT('',(118.4829330444336,51.426849365234375,66.927978515625));
#379=VERTEX_POINT('',#378);
#380=CARTESIAN_POINT('',(111.64351654052734,51.426849365234375,66.927978515625));
#381=VERTEX_POINT('',#380);
#382=CARTESIAN_POINT('',(118.4829330444336,51.489166259765625,66.99866485595703));
#383=VERTEX_POINT('',#382);
#384=CARTESIAN_POINT('',(111.64351654052734,51.489166259765625,66.99866485595703));
#385=VERTEX_POINT('',#384);
#386=CARTESIAN_POINT('',(118.4829330444336,51.5557975769043,67.06529235839844));
#387=VERTEX_POINT('',#386);
#388=CARTESIAN_POINT('',(111.64351654052734,51.5557975769043,67.06529998779297));
#389=VERTEX_POINT('',#388);
#390=CARTESIAN_POINT('',(118.4829330444336,51.62648391723633,67.12760925292969));
#391=VERTEX_POINT('',#390);
#392=CARTESIAN_POINT('',(111.64351654052734,51.62648391723633,67.12761688232422));
#393=VERTEX_POINT('',#392);
#394=CARTESIAN_POINT('',(118.4829330444336,51.7009391784668,67.18536376953125));
#395=VERTEX_POINT('',#394);
#396=CARTESIAN_POINT('',(111.64351654052734,51.7009391784668,67.18537139892578));
#397=VERTEX_POINT('',#396);
#398=CARTESIAN_POINT('',(118.4829330444336,51.77887725830078,67.23833465576172));
#399=VERTEX_POINT('',#398);
#400=CARTESIAN_POINT('',(111.64351654052734,51.77887725830078,67.23833465576172));
#401=VERTEX_POINT('',#400);
#402=CARTESIAN_POINT('',(118.4829330444336,51.859989166259766,67.28630065917969));
#403=VERTEX_POINT('',#402);
#404=CARTESIAN_POINT('',(111.64351654052734,51.859989166259766,67.28630828857422));
#405=VERTEX_POINT('',#404);
#406=CARTESIAN_POINT('',(118.4829330444336,51.94395065307617,67.3290786743164));
#407=VERTEX_POINT('',#406);
#408=CARTESIAN_POINT('',(111.64351654052734,51.94395065307617,67.32908630371094));
#409=VERTEX_POINT('',#408);
#410=CARTESIAN_POINT('',(118.4829330444336,52.030433654785156,67.36650848388672));
#411=VERTEX_POINT('',#410);
#412=CARTESIAN_POINT('',(111.64351654052734,52.030433654785156,67.36650848388672));
#413=VERTEX_POINT('',#412);
#414=CARTESIAN_POINT('',(118.4829330444336,52.11909484863281,67.39842987060547));
#415=VERTEX_POINT('',#414);
#416=CARTESIAN_POINT('',(111.64351654052734,52.11909484863281,67.39842987060547));
#417=VERTEX_POINT('',#416);
#418=CARTESIAN_POINT('',(118.4829330444336,52.2095832824707,67.42471313476562));
#419=VERTEX_POINT('',#418);
#420=CARTESIAN_POINT('',(111.64351654052734,52.2095832824707,67.42472076416016));
#421=VERTEX_POINT('',#420);
#422=CARTESIAN_POINT('',(118.4829330444336,52.30154800415039,67.44527435302734));
#423=VERTEX_POINT('',#422);
#424=CARTESIAN_POINT('',(111.64351654052734,52.30154800415039,67.44527435302734));
#425=VERTEX_POINT('',#424);
#426=CARTESIAN_POINT('',(118.4829330444336,52.39461898803711,67.46001434326172));
#427=VERTEX_POINT('',#426);
#428=CARTESIAN_POINT('',(111.64351654052734,52.39461898803711,67.46001434326172));
#429=VERTEX_POINT('',#428);
#430=CARTESIAN_POINT('',(118.4829330444336,52.488433837890625,67.46887969970703));
#431=VERTEX_POINT('',#430);
#432=CARTESIAN_POINT('',(111.64351654052734,52.488433837890625,67.46888732910156));
#433=VERTEX_POINT('',#432);
#434=FACE_SURFACE('',(#439),#435,.T.);
#435=PLANE('',#436);
#436=AXIS2_PLACEMENT_3D('',#34,#437,#438);
#437=DIRECTION('',(1.114953161899543E-06,0.03141421654605759,0.9995064517038168));
#438=DIRECTION('',(0.9999999999993778,0,-1.1155037168576906E-06));
#439=FACE_BOUND('',#440,.T.);
#440=EDGE_LOOP('',(#441,#442,#443));
#441=ORIENTED_EDGE('',*,*,#444,.T.);
#442=ORIENTED_EDGE('',*,*,#445,.T.);
#443=ORIENTED_EDGE('',*,*,#446,.T.);
#444=EDGE_CURVE('',#35,#37,#447,.F.);
#445=EDGE_CURVE('',#37,#39,#448,.T.);
#446=EDGE_CURVE('',#39,#35,#449,.T.);
#447=LINE('',#34,#450);
#448=LINE('',#36,#451);
#449=LINE('',#38,#452);
#450=VECTOR('',#453,1.0);
#451=VECTOR('',#454,1.0);
#452=VECTOR('',#455,1.0);
#453=DIRECTION('',(0.9999999999993778,0,-1.1155037168576906E-06));
#454=DIRECTION('',(0,0.9995064517044381,-0.031414216546077116));
#455=DIRECTION('',(-0.9999051006102126,-0.013769586535237731,0.00043388976607593985));
#456=FACE_SURFACE('',(#461),#457,.T.);
#457=PLANE('',#458);
#458=AXIS2_PLACEMENT_3D('',#34,#459,#460);
#459=DIRECTION('',(1.114953161899543E-06,0.03141421654605759,0.9995064517038168));
#460=DIRECTION('',(0.9999051006102126,0.013769586535237731,-0.00043388976607593985));
#461=FACE_BOUND('',#462,.T.);
#462=EDGE_LOOP('',(#463,#464,#465));
#463=ORIENTED_EDGE('',*,*,#466,.T.);
#464=ORIENTED_EDGE('',*,*,#467,.T.);
#465=ORIENTED_EDGE('',*,*,#468,.T.);
#466=EDGE_CURVE('',#35,#39,#469,.F.);
#467=EDGE_CURVE('',#39,#41,#470,.T.);
#468=EDGE_CURVE('',#41,#35,#471,.T.);
#469=LINE('',#34,#472);
#470=LINE('',#38,#473);
#471=LINE('',#40,#474);
#472=VECTOR('',#475,1.0);
#473=VECTOR('',#476,1.0);
#474=VECTOR('',#477,1.0);
#475=DIRECTION('',(0.9999051006102126,0.013769586535237731,-0.00043388976607593985));
#476=DIRECTION('',(-0.9999999999993778,0,1.1155037168576906E-06));
#477=DIRECTION('',(0,-0.9995064517044381,0.031414216546077116));
#478=FACE_SURFACE('',(#483),#479,.T.);
#479=PLANE('',#480);
#480=AXIS2_PLACEMENT_3D('',#40,#481,#482);
#481=DIRECTION('',(1.1105561300913077E-06,0.09407930618912609,0.9955647061571334));
#482=DIRECTION('',(0.9999999999993778,0,-1.1155037168576906E-06));
#483=FACE_BOUND('',#484,.T.);
#484=EDGE_LOOP('',(#485,#486,#487));
#485=ORIENTED_EDGE('',*,*,#488,.T.);
#486=ORIENTED_EDGE('',*,*,#489,.T.);
#487=ORIENTED_EDGE('',*,*,#490,.T.);
#488=EDGE_CURVE('',#41,#39,#491,.F.);
#489=EDGE_CURVE('',#39,#43,#492,.T.);
#490=EDGE_CURVE('',#43,#41,#493,.T.);
#491=LINE('',#40,#494);
#492=LINE('',#38,#495);
#493=LINE('',#42,#496);
#494=VECTOR('',#497,1.0);
#495=VECTOR('',#498,1.0);
#496=VECTOR('',#499,1.0);
#497=DIRECTION('',(0.9999999999993778,0,-1.1155037168576906E-06));
#498=DIRECTION('',(0,0.9955647061577474,-0.09407930618918411));
#499=DIRECTION('',(-0.9999050967941047,-0.01371548968686551,0.0012972077018521197));
#500=FACE_SURFACE('',(#505),#501,.T.);
#501=PLANE('',#502);
#502=AXIS2_PLACEMENT_3D('',#40,#503,#504);
#503=DIRECTION('',(0,0.09415955193143011,0.9955571197977905));
#504=DIRECTION('',(0.9999050967941047,0.01371548968686551,-0.0012972077018521197));
#505=FACE_BOUND('',#506,.T.);
#506=EDGE_LOOP('',(#507,#508,#509));
#507=ORIENTED_EDGE('',*,*,#510,.T.);
#508=ORIENTED_EDGE('',*,*,#511,.T.);
#509=ORIENTED_EDGE('',*,*,#512,.T.);
#510=EDGE_CURVE('',#41,#43,#513,.F.);
#511=EDGE_CURVE('',#43,#45,#514,.T.);
#512=EDGE_CURVE('',#45,#41,#515,.T.);
#513=LINE('',#40,#516);
#514=LINE('',#42,#517);
#515=LINE('',#44,#518);
#516=VECTOR('',#519,1.0);
#517=VECTOR('',#520,1.0);
#518=VECTOR('',#521,1.0);
#519=DIRECTION('',(0.9999050967941047,0.01371548968686551,-0.0012972077018521197));
#520=DIRECTION('',(-1,0,0));
#521=DIRECTION('',(0,-0.9955571197977906,0.09415955193143012));
#522=FACE_SURFACE('',(#527),#523,.T.);
#523=PLANE('',#524);
#524=AXIS2_PLACEMENT_3D('',#44,#525,#526);
#525=DIRECTION('',(-0,0.15642405599443107,0.9876899891698057));
#526=DIRECTION('',(1,0,0));
#527=FACE_BOUND('',#528,.T.);
#528=EDGE_LOOP('',(#529,#530,#531));
#529=ORIENTED_EDGE('',*,*,#532,.T.);
#530=ORIENTED_EDGE('',*,*,#533,.T.);
#531=ORIENTED_EDGE('',*,*,#534,.T.);
#532=EDGE_CURVE('',#45,#43,#535,.F.);
#533=EDGE_CURVE('',#43,#47,#536,.T.);
#534=EDGE_CURVE('',#47,#45,#537,.T.);
#535=LINE('',#44,#538);
#536=LINE('',#42,#539);
#537=LINE('',#46,#540);
#538=VECTOR('',#541,1.0);
#539=VECTOR('',#542,1.0);
#540=VECTOR('',#543,1.0);
#541=DIRECTION('',(1,0,0));
#542=DIRECTION('',(0,0.9876899891698059,-0.1564240559944311));
#543=DIRECTION('',(-0.9999051019294687,-0.0136067384661797,0.0021549486610918252));
#544=FACE_SURFACE('',(#549),#545,.T.);
#545=PLANE('',#546);
#546=AXIS2_PLACEMENT_3D('',#44,#547,#548);
#547=DIRECTION('',(0,0.15642405599443107,0.9876899891698057));
#548=DIRECTION('',(0.9999051019294687,0.0136067384661797,-0.0021549486610918252));
#549=FACE_BOUND('',#550,.T.);
#550=EDGE_LOOP('',(#551,#552,#553));
#551=ORIENTED_EDGE('',*,*,#554,.T.);
#552=ORIENTED_EDGE('',*,*,#555,.T.);
#553=ORIENTED_EDGE('',*,*,#556,.T.);
#554=EDGE_CURVE('',#45,#47,#557,.F.);
#555=EDGE_CURVE('',#47,#49,#558,.T.);
#556=EDGE_CURVE('',#49,#45,#559,.T.);
#557=LINE('',#44,#560);
#558=LINE('',#46,#561);
#559=LINE('',#48,#562);
#560=VECTOR('',#563,1.0);
#561=VECTOR('',#564,1.0);
#562=VECTOR('',#565,1.0);
#563=DIRECTION('',(0.9999051019294687,0.0136067384661797,-0.0021549486610918252));
#564=DIRECTION('',(-1,0,0));
#565=DIRECTION('',(0,-0.9876899891698059,0.1564240559944311));
#566=FACE_SURFACE('',(#571),#567,.T.);
#567=PLANE('',#568);
#568=AXIS2_PLACEMENT_3D('',#48,#569,#570);
#569=DIRECTION('',(-0,0.21819041422785843,0.9759062163646032));
#570=DIRECTION('',(1,0,0));
#571=FACE_BOUND('',#572,.T.);
#572=EDGE_LOOP('',(#573,#574,#575));
#573=ORIENTED_EDGE('',*,*,#576,.T.);
#574=ORIENTED_EDGE('',*,*,#577,.T.);
#575=ORIENTED_EDGE('',*,*,#578,.T.);
#576=EDGE_CURVE('',#49,#47,#579,.F.);
#577=EDGE_CURVE('',#47,#51,#580,.T.);
#578=EDGE_CURVE('',#51,#49,#581,.T.);
#579=LINE('',#48,#582);
#580=LINE('',#46,#583);
#581=LINE('',#50,#584);
#582=VECTOR('',#585,1.0);
#583=VECTOR('',#586,1.0);
#584=VECTOR('',#587,1.0);
#585=DIRECTION('',(1,0,0));
#586=DIRECTION('',(0,0.9759062163646032,-0.21819041422785843));
#587=DIRECTION('',(-0.9999050933981557,-0.013445005662097604,0.00300599720087548));
#588=FACE_SURFACE('',(#593),#589,.T.);
#589=PLANE('',#590);
#590=AXIS2_PLACEMENT_3D('',#48,#591,#592);
#591=DIRECTION('',(1.0886462391492785E-06,0.21811330531622683,0.9759234529628056));
#592=DIRECTION('',(0.9999050933981557,0.013445005662097604,-0.00300599720087548));
#593=FACE_BOUND('',#594,.T.);
#594=EDGE_LOOP('',(#595,#596,#597));
#595=ORIENTED_EDGE('',*,*,#598,.T.);
#596=ORIENTED_EDGE('',*,*,#599,.T.);
#597=ORIENTED_EDGE('',*,*,#600,.T.);
#598=EDGE_CURVE('',#49,#51,#601,.F.);
#599=EDGE_CURVE('',#51,#53,#602,.T.);
#600=EDGE_CURVE('',#53,#49,#603,.T.);
#601=LINE('',#48,#604);
#602=LINE('',#50,#605);
#603=LINE('',#52,#606);
#604=VECTOR('',#607,1.0);
#605=VECTOR('',#608,1.0);
#606=VECTOR('',#609,1.0);
#607=DIRECTION('',(0.9999050933981557,0.013445005662097604,-0.00300599720087548));
#608=DIRECTION('',(-0.9999999999993778,0,1.1155037168576906E-06));
#609=DIRECTION('',(0,-0.9759234529633838,0.21811330531635606));
#610=FACE_SURFACE('',(#615),#611,.T.);
#611=PLANE('',#612);
#612=AXIS2_PLACEMENT_3D('',#52,#613,#614);
#613=DIRECTION('',(1.0712303813710879E-06,0.2789318376136308,0.9603109027623999));
#614=DIRECTION('',(0.9999999999993778,0,-1.1155037168576906E-06));
#615=FACE_BOUND('',#616,.T.);
#616=EDGE_LOOP('',(#617,#618,#619));
#617=ORIENTED_EDGE('',*,*,#620,.T.);
#618=ORIENTED_EDGE('',*,*,#621,.T.);
#619=ORIENTED_EDGE('',*,*,#622,.T.);
#620=EDGE_CURVE('',#53,#51,#623,.F.);
#621=EDGE_CURVE('',#51,#55,#624,.T.);
#622=EDGE_CURVE('',#55,#53,#625,.T.);
#623=LINE('',#52,#626);
#624=LINE('',#50,#627);
#625=LINE('',#54,#628);
#626=VECTOR('',#629,1.0);
#627=VECTOR('',#630,1.0);
#628=VECTOR('',#631,1.0);
#629=DIRECTION('',(0.9999999999993778,0,-1.1155037168576906E-06));
#630=DIRECTION('',(0,0.960310902762951,-0.2789318376137908));
#631=DIRECTION('',(-0.999905103079386,-0.013229176306559448,0.003843661022082025));
#632=FACE_SURFACE('',(#637),#633,.T.);
#633=PLANE('',#634);
#634=AXIS2_PLACEMENT_3D('',#52,#635,#636);
#635=DIRECTION('',(0,0.2790065027509884,0.9602892123848225));
#636=DIRECTION('',(0.999905103079386,0.013229176306559448,-0.003843661022082025));
#637=FACE_BOUND('',#638,.T.);
#638=EDGE_LOOP('',(#639,#640,#641));
#639=ORIENTED_EDGE('',*,*,#642,.T.);
#640=ORIENTED_EDGE('',*,*,#643,.T.);
#641=ORIENTED_EDGE('',*,*,#644,.T.);
#642=EDGE_CURVE('',#53,#55,#645,.F.);
#643=EDGE_CURVE('',#55,#57,#646,.T.);
#644=EDGE_CURVE('',#57,#53,#647,.T.);
#645=LINE('',#52,#648);
#646=LINE('',#54,#649);
#647=LINE('',#56,#650);
#648=VECTOR('',#651,1.0);
#649=VECTOR('',#652,1.0);
#650=VECTOR('',#653,1.0);
#651=DIRECTION('',(0.999905103079386,0.013229176306559448,-0.003843661022082025));
#652=DIRECTION('',(-1,0,0));
#653=DIRECTION('',(0,-0.9602892123848226,0.2790065027509884));
#654=FACE_SURFACE('',(#659),#655,.T.);
#655=PLANE('',#656);
#656=AXIS2_PLACEMENT_3D('',#56,#657,#658);
#657=DIRECTION('',(-0,0.33875100483056186,0.9408760581108889));
#658=DIRECTION('',(1,0,0));
#659=FACE_BOUND('',#660,.T.);
#660=EDGE_LOOP('',(#661,#662,#663));
#661=ORIENTED_EDGE('',*,*,#664,.T.);
#662=ORIENTED_EDGE('',*,*,#665,.T.);
#663=ORIENTED_EDGE('',*,*,#666,.T.);
#664=EDGE_CURVE('',#57,#55,#667,.F.);
#665=EDGE_CURVE('',#55,#59,#668,.T.);
#666=EDGE_CURVE('',#59,#57,#669,.T.);
#667=LINE('',#56,#670);
#668=LINE('',#54,#671);
#669=LINE('',#58,#672);
#670=VECTOR('',#673,1.0);
#671=VECTOR('',#674,1.0);
#672=VECTOR('',#675,1.0);
#673=DIRECTION('',(1,0,0));
#674=DIRECTION('',(0,0.9408760581108888,-0.3387510048305618));
#675=DIRECTION('',(-0.9999050986502996,-0.012962038461915735,0.004666824621345446));
#676=FACE_SURFACE('',(#681),#677,.T.);
#677=PLANE('',#678);
#678=AXIS2_PLACEMENT_3D('',#56,#679,#680);
#679=DIRECTION('',(0,0.33875100483056186,0.9408760581108889));
#680=DIRECTION('',(0.9999050986502996,0.012962038461915735,-0.004666824621345446));
#681=FACE_BOUND('',#682,.T.);
#682=EDGE_LOOP('',(#683,#684,#685));
#683=ORIENTED_EDGE('',*,*,#686,.T.);
#684=ORIENTED_EDGE('',*,*,#687,.T.);
#685=ORIENTED_EDGE('',*,*,#688,.T.);
#686=EDGE_CURVE('',#57,#59,#689,.F.);
#687=EDGE_CURVE('',#59,#61,#690,.T.);
#688=EDGE_CURVE('',#61,#57,#691,.T.);
#689=LINE('',#56,#692);
#690=LINE('',#58,#693);
#691=LINE('',#60,#694);
#692=VECTOR('',#695,1.0);
#693=VECTOR('',#696,1.0);
#694=VECTOR('',#697,1.0);
#695=DIRECTION('',(0.9999050986502996,0.012962038461915735,-0.004666824621345446));
#696=DIRECTION('',(-1,0,0));
#697=DIRECTION('',(0,-0.9408760581108888,0.3387510048305618));
#698=FACE_SURFACE('',(#703),#699,.T.);
#699=PLANE('',#700);
#700=AXIS2_PLACEMENT_3D('',#60,#701,#702);
#701=DIRECTION('',(-0,0.3971950185853789,0.9177342301619573));
#702=DIRECTION('',(1,0,0));
#703=FACE_BOUND('',#704,.T.);
#704=EDGE_LOOP('',(#705,#706,#707));
#705=ORIENTED_EDGE('',*,*,#708,.T.);
#706=ORIENTED_EDGE('',*,*,#709,.T.);
#707=ORIENTED_EDGE('',*,*,#710,.T.);
#708=EDGE_CURVE('',#61,#59,#711,.F.);
#709=EDGE_CURVE('',#59,#63,#712,.T.);
#710=EDGE_CURVE('',#63,#61,#713,.T.);
#711=LINE('',#60,#714);
#712=LINE('',#58,#715);
#713=LINE('',#62,#716);
#714=VECTOR('',#717,1.0);
#715=VECTOR('',#718,1.0);
#716=VECTOR('',#719,1.0);
#717=DIRECTION('',(1,0,0));
#718=DIRECTION('',(0,0.9177342301619574,-0.3971950185853789));
#719=DIRECTION('',(-0.9999050931149915,-0.012643592304591621,0.005472141841676723));
#720=FACE_SURFACE('',(#725),#721,.T.);
#721=PLANE('',#722);
#722=AXIS2_PLACEMENT_3D('',#60,#723,#724);
#723=DIRECTION('',(1.0237688636850388E-06,0.39712682695726964,0.9177637404636351));
#724=DIRECTION('',(0.9999050931149915,0.012643592304591621,-0.005472141841676723));
#725=FACE_BOUND('',#726,.T.);
#726=EDGE_LOOP('',(#727,#728,#729));
#727=ORIENTED_EDGE('',*,*,#730,.T.);
#728=ORIENTED_EDGE('',*,*,#731,.T.);
#729=ORIENTED_EDGE('',*,*,#732,.T.);
#730=EDGE_CURVE('',#61,#63,#733,.F.);
#731=EDGE_CURVE('',#63,#65,#734,.T.);
#732=EDGE_CURVE('',#65,#61,#735,.T.);
#733=LINE('',#60,#736);
#734=LINE('',#62,#737);
#735=LINE('',#64,#738);
#736=VECTOR('',#739,1.0);
#737=VECTOR('',#740,1.0);
#738=VECTOR('',#741,1.0);
#739=DIRECTION('',(0.9999050931149915,0.012643592304591621,-0.005472141841676723));
#740=DIRECTION('',(-0.9999999999993778,0,1.1155037168576906E-06));
#741=DIRECTION('',(0,-0.9177637404641161,0.3971268269574778));
#742=FACE_SURFACE('',(#747),#743,.T.);
#743=PLANE('',#744);
#744=AXIS2_PLACEMENT_3D('',#64,#745,#746);
#745=DIRECTION('',(9.939330566346214E-07,0.453969444178903,0.8910172522184462));
#746=DIRECTION('',(0.9999999999993778,0,-1.1155037168576906E-06));
#747=FACE_BOUND('',#748,.T.);
#748=EDGE_LOOP('',(#749,#750,#751));
#749=ORIENTED_EDGE('',*,*,#752,.T.);
#750=ORIENTED_EDGE('',*,*,#753,.T.);
#751=ORIENTED_EDGE('',*,*,#754,.T.);
#752=EDGE_CURVE('',#65,#63,#755,.F.);
#753=EDGE_CURVE('',#63,#67,#756,.T.);
#754=EDGE_CURVE('',#67,#65,#757,.T.);
#755=LINE('',#64,#758);
#756=LINE('',#62,#759);
#757=LINE('',#66,#760);
#758=VECTOR('',#761,1.0);
#759=VECTOR('',#762,1.0);
#760=VECTOR('',#763,1.0);
#761=DIRECTION('',(0.9999999999993778,0,-1.1155037168576906E-06));
#762=DIRECTION('',(0,0.8910172522188862,-0.4539694441791272));
#763=DIRECTION('',(-0.9999050947988932,-0.012274953336540578,0.006255151141419315));
#764=FACE_SURFACE('',(#769),#765,.T.);
#765=PLANE('',#766);
#766=AXIS2_PLACEMENT_3D('',#64,#767,#768);
#767=DIRECTION('',(9.939330566346214E-07,0.453969444178903,0.8910172522184462));
#768=DIRECTION('',(0.9999050947988932,0.012274953336540578,-0.006255151141419315));
#769=FACE_BOUND('',#770,.T.);
#770=EDGE_LOOP('',(#771,#772,#773));
#771=ORIENTED_EDGE('',*,*,#774,.T.);
#772=ORIENTED_EDGE('',*,*,#775,.T.);
#773=ORIENTED_EDGE('',*,*,#776,.T.);
#774=EDGE_CURVE('',#65,#67,#777,.F.);
#775=EDGE_CURVE('',#67,#69,#778,.T.);
#776=EDGE_CURVE('',#69,#65,#779,.T.);
#777=LINE('',#64,#780);
#778=LINE('',#66,#781);
#779=LINE('',#68,#782);
#780=VECTOR('',#783,1.0);
#781=VECTOR('',#784,1.0);
#782=VECTOR('',#785,1.0);
#783=DIRECTION('',(0.9999050947988932,0.012274953336540578,-0.006255151141419315));
#784=DIRECTION('',(-0.9999999999993778,0,1.1155037168576906E-06));
#785=DIRECTION('',(0,-0.8910172522188862,0.4539694441791272));
#786=FACE_SURFACE('',(#791),#787,.T.);
#787=PLANE('',#788);
#788=AXIS2_PLACEMENT_3D('',#68,#789,#790);
#789=DIRECTION('',(9.60178799369058E-07,0.5090143285273303,0.8607580457671883));
#790=DIRECTION('',(0.9999999999993778,0,-1.1155037168576906E-06));
#791=FACE_BOUND('',#792,.T.);
#792=EDGE_LOOP('',(#793,#794,#795));
#793=ORIENTED_EDGE('',*,*,#796,.T.);
#794=ORIENTED_EDGE('',*,*,#797,.T.);
#795=ORIENTED_EDGE('',*,*,#798,.T.);
#796=EDGE_CURVE('',#69,#67,#799,.F.);
#797=EDGE_CURVE('',#67,#71,#800,.T.);
#798=EDGE_CURVE('',#71,#69,#801,.T.);
#799=LINE('',#68,#802);
#800=LINE('',#66,#803);
#801=LINE('',#70,#804);
#802=VECTOR('',#805,1.0);
#803=VECTOR('',#806,1.0);
#804=VECTOR('',#807,1.0);
#805=DIRECTION('',(0.9999999999993778,0,-1.1155037168576906E-06));
#806=DIRECTION('',(0,0.8607580457675851,-0.509014328527565));
#807=DIRECTION('',(-0.9999050897935268,-0.0118583521802965,0.00701362164414282));
#808=FACE_SURFACE('',(#813),#809,.T.);
#809=PLANE('',#810);
#810=AXIS2_PLACEMENT_3D('',#68,#811,#812);
#811=DIRECTION('',(0,0.5090743106573142,0.8607225721617742));
#812=DIRECTION('',(0.9999050897935268,0.0118583521802965,-0.00701362164414282));
#813=FACE_BOUND('',#814,.T.);
#814=EDGE_LOOP('',(#815,#816,#817));
#815=ORIENTED_EDGE('',*,*,#818,.T.);
#816=ORIENTED_EDGE('',*,*,#819,.T.);
#817=ORIENTED_EDGE('',*,*,#820,.T.);
#818=EDGE_CURVE('',#69,#71,#821,.F.);
#819=EDGE_CURVE('',#71,#73,#822,.T.);
#820=EDGE_CURVE('',#73,#69,#823,.T.);
#821=LINE('',#68,#824);
#822=LINE('',#70,#825);
#823=LINE('',#72,#826);
#824=VECTOR('',#827,1.0);
#825=VECTOR('',#828,1.0);
#826=VECTOR('',#829,1.0);
#827=DIRECTION('',(0.9999050897935268,0.0118583521802965,-0.00701362164414282));
#828=DIRECTION('',(-1,0,0));
#829=DIRECTION('',(0,-0.8607225721617741,0.5090743106573141));
#830=FACE_SURFACE('',(#835),#831,.T.);
#831=PLANE('',#832);
#832=AXIS2_PLACEMENT_3D('',#72,#833,#834);
#833=DIRECTION('',(-0,0.5621140244482343,0.8270597460393111));
#834=DIRECTION('',(1,0,0));
#835=FACE_BOUND('',#836,.T.);
#836=EDGE_LOOP('',(#837,#838,#839));
#837=ORIENTED_EDGE('',*,*,#840,.T.);
#838=ORIENTED_EDGE('',*,*,#841,.T.);
#839=ORIENTED_EDGE('',*,*,#842,.T.);
#840=EDGE_CURVE('',#73,#71,#843,.F.);
#841=EDGE_CURVE('',#71,#75,#844,.T.);
#842=EDGE_CURVE('',#75,#73,#845,.T.);
#843=LINE('',#72,#846);
#844=LINE('',#70,#847);
#845=LINE('',#74,#848);
#846=VECTOR('',#849,1.0);
#847=VECTOR('',#850,1.0);
#848=VECTOR('',#851,1.0);
#849=DIRECTION('',(1,0,0));
#850=DIRECTION('',(0,0.8270597460393111,-0.5621140244482342));
#851=DIRECTION('',(-0.9999050935547434,-0.011394346719982332,0.007744207261204771));
#852=FACE_SURFACE('',(#857),#853,.T.);
#853=PLANE('',#854);
#854=AXIS2_PLACEMENT_3D('',#72,#855,#856);
#855=DIRECTION('',(9.22630207103891E-07,0.5620586409133363,0.8270973849395258));
#856=DIRECTION('',(0.9999050935547434,0.011394346719982332,-0.007744207261204771));
#857=FACE_BOUND('',#858,.T.);
#858=EDGE_LOOP('',(#859,#860,#861));
#859=ORIENTED_EDGE('',*,*,#862,.T.);
#860=ORIENTED_EDGE('',*,*,#863,.T.);
#861=ORIENTED_EDGE('',*,*,#864,.T.);
#862=EDGE_CURVE('',#73,#75,#865,.F.);
#863=EDGE_CURVE('',#75,#77,#866,.T.);
#864=EDGE_CURVE('',#77,#73,#867,.T.);
#865=LINE('',#72,#868);
#866=LINE('',#74,#869);
#867=LINE('',#76,#870);
#868=VECTOR('',#871,1.0);
#869=VECTOR('',#872,1.0);
#870=VECTOR('',#873,1.0);
#871=DIRECTION('',(0.9999050935547434,0.011394346719982332,-0.007744207261204771));
#872=DIRECTION('',(-0.9999999999993778,0,1.1155037168576906E-06));
#873=DIRECTION('',(0,-0.8270973849398777,0.5620586409135756));
#874=FACE_SURFACE('',(#879),#875,.T.);
#875=PLANE('',#876);
#876=AXIS2_PLACEMENT_3D('',#76,#877,#878);
#877=DIRECTION('',(8.814145697938055E-07,0.6129143153410803,0.7901493795790756));
#878=DIRECTION('',(0.9999999999993778,0,-1.1155037168576906E-06));
#879=FACE_BOUND('',#880,.T.);
#880=EDGE_LOOP('',(#881,#882,#883));
#881=ORIENTED_EDGE('',*,*,#884,.T.);
#882=ORIENTED_EDGE('',*,*,#885,.T.);
#883=ORIENTED_EDGE('',*,*,#886,.T.);
#884=EDGE_CURVE('',#77,#75,#887,.F.);
#885=EDGE_CURVE('',#75,#79,#888,.T.);
#886=EDGE_CURVE('',#79,#77,#889,.T.);
#887=LINE('',#76,#890);
#888=LINE('',#74,#891);
#889=LINE('',#78,#892);
#890=VECTOR('',#893,1.0);
#891=VECTOR('',#894,1.0);
#892=VECTOR('',#895,1.0);
#893=DIRECTION('',(0.9999999999993778,0,-1.1155037168576906E-06));
#894=DIRECTION('',(0,0.7901493795793824,-0.6129143153413182));
#895=DIRECTION('',(-0.9999050957735628,-0.01088516762635779,0.008444677128717576));
#896=FACE_SURFACE('',(#901),#897,.T.);
#897=PLANE('',#898);
#898=AXIS2_PLACEMENT_3D('',#76,#899,#900);
#899=DIRECTION('',(8.814145697938055E-07,0.6129143153410803,0.7901493795790756));
#900=DIRECTION('',(0.9999050957735628,0.01088516762635779,-0.008444677128717576));
#901=FACE_BOUND('',#902,.T.);
#902=EDGE_LOOP('',(#903,#904,#905));
#903=ORIENTED_EDGE('',*,*,#906,.T.);
#904=ORIENTED_EDGE('',*,*,#907,.T.);
#905=ORIENTED_EDGE('',*,*,#908,.T.);
#906=EDGE_CURVE('',#77,#79,#909,.F.);
#907=EDGE_CURVE('',#79,#81,#910,.T.);
#908=EDGE_CURVE('',#81,#77,#911,.T.);
#909=LINE('',#76,#912);
#910=LINE('',#78,#913);
#911=LINE('',#80,#914);
#912=VECTOR('',#915,1.0);
#913=VECTOR('',#916,1.0);
#914=VECTOR('',#917,1.0);
#915=DIRECTION('',(0.9999050957735628,0.01088516762635779,-0.008444677128717576));
#916=DIRECTION('',(-0.9999999999993778,0,1.1155037168576906E-06));
#917=DIRECTION('',(0,-0.7901493795793824,0.6129143153413182));
#918=FACE_SURFACE('',(#923),#919,.T.);
#919=PLANE('',#920);
#920=AXIS2_PLACEMENT_3D('',#80,#921,#922);
#921=DIRECTION('',(8.367604787336312E-07,0.661302924735959,0.7501189517236361));
#922=DIRECTION('',(0.9999999999993778,0,-1.1155037168576906E-06));
#923=FACE_BOUND('',#924,.T.);
#924=EDGE_LOOP('',(#925,#926,#927));
#925=ORIENTED_EDGE('',*,*,#928,.T.);
#926=ORIENTED_EDGE('',*,*,#929,.T.);
#927=ORIENTED_EDGE('',*,*,#930,.T.);
#928=EDGE_CURVE('',#81,#79,#931,.F.);
#929=EDGE_CURVE('',#79,#83,#932,.T.);
#930=EDGE_CURVE('',#83,#81,#933,.T.);
#931=LINE('',#80,#934);
#932=LINE('',#78,#935);
#933=LINE('',#82,#936);
#934=VECTOR('',#937,1.0);
#935=VECTOR('',#938,1.0);
#936=VECTOR('',#939,1.0);
#937=DIRECTION('',(0.9999999999993778,0,-1.1155037168576906E-06));
#938=DIRECTION('',(0,0.7501189517238986,-0.6613029247361903));
#939=DIRECTION('',(-0.9999050866525968,-0.010334160993775834,0.009111684960405266));
#940=FACE_SURFACE('',(#945),#941,.T.);
#941=PLANE('',#942);
#942=AXIS2_PLACEMENT_3D('',#80,#943,#944);
#943=DIRECTION('',(8.367604787336312E-07,0.661302924735959,0.7501189517236361));
#944=DIRECTION('',(0.9999050866525968,0.010334160993775834,-0.009111684960405266));
#945=FACE_BOUND('',#946,.T.);
#946=EDGE_LOOP('',(#947,#948,#949));
#947=ORIENTED_EDGE('',*,*,#950,.T.);
#948=ORIENTED_EDGE('',*,*,#951,.T.);
#949=ORIENTED_EDGE('',*,*,#952,.T.);
#950=EDGE_CURVE('',#81,#83,#953,.F.);
#951=EDGE_CURVE('',#83,#85,#954,.T.);
#952=EDGE_CURVE('',#85,#81,#955,.T.);
#953=LINE('',#80,#956);
#954=LINE('',#82,#957);
#955=LINE('',#84,#958);
#956=VECTOR('',#959,1.0);
#957=VECTOR('',#960,1.0);
#958=VECTOR('',#961,1.0);
#959=DIRECTION('',(0.9999050866525968,0.010334160993775834,-0.009111684960405266));
#960=DIRECTION('',(-0.9999999999993778,0,1.1155037168576906E-06));
#961=DIRECTION('',(0,-0.7501189517238986,0.6613029247361903));
#962=FACE_SURFACE('',(#967),#963,.T.);
#963=PLANE('',#964);
#964=AXIS2_PLACEMENT_3D('',#84,#965,#966);
#965=DIRECTION('',(7.888028221084746E-07,0.707086539097134,0.7071270226960746));
#966=DIRECTION('',(0.9999999999993778,0,-1.1155037168576906E-06));
#967=FACE_BOUND('',#968,.T.);
#968=EDGE_LOOP('',(#969,#970,#971));
#969=ORIENTED_EDGE('',*,*,#972,.T.);
#970=ORIENTED_EDGE('',*,*,#973,.T.);
#971=ORIENTED_EDGE('',*,*,#974,.T.);
#972=EDGE_CURVE('',#85,#83,#975,.F.);
#973=EDGE_CURVE('',#83,#87,#976,.T.);
#974=EDGE_CURVE('',#87,#85,#977,.T.);
#975=LINE('',#84,#978);
#976=LINE('',#82,#979);
#977=LINE('',#86,#980);
#978=VECTOR('',#981,1.0);
#979=VECTOR('',#982,1.0);
#980=VECTOR('',#983,1.0);
#981=DIRECTION('',(0.9999999999993778,0,-1.1155037168576906E-06));
#982=DIRECTION('',(0,0.7071270226962947,-0.707086539097354));
#983=DIRECTION('',(-0.9999050966093714,-0.009741327138462954,0.00974188483738884));
#984=FACE_SURFACE('',(#989),#985,.T.);
#985=PLANE('',#986);
#986=AXIS2_PLACEMENT_3D('',#84,#987,#988);
#987=DIRECTION('',(0,0.7071270215375014,0.7070865402562135));
#988=DIRECTION('',(0.9999050966093714,0.009741327138462954,-0.00974188483738884));
#989=FACE_BOUND('',#990,.T.);
#990=EDGE_LOOP('',(#991,#992,#993));
#991=ORIENTED_EDGE('',*,*,#994,.T.);
#992=ORIENTED_EDGE('',*,*,#995,.T.);
#993=ORIENTED_EDGE('',*,*,#996,.T.);
#994=EDGE_CURVE('',#85,#87,#997,.F.);
#995=EDGE_CURVE('',#87,#89,#998,.T.);
#996=EDGE_CURVE('',#89,#85,#999,.T.);
#997=LINE('',#84,#1000);
#998=LINE('',#86,#1001);
#999=LINE('',#88,#1002);
#1000=VECTOR('',#1003,1.0);
#1001=VECTOR('',#1004,1.0);
#1002=VECTOR('',#1005,1.0);
#1003=DIRECTION('',(0.9999050966093714,0.009741327138462954,-0.00974188483738884));
#1004=DIRECTION('',(-1,0,0));
#1005=DIRECTION('',(0,-0.7070865402562136,0.7071270215375015));
#1006=FACE_SURFACE('',(#1011),#1007,.T.);
#1007=PLANE('',#1008);
#1008=AXIS2_PLACEMENT_3D('',#88,#1009,#1010);
#1009=DIRECTION('',(-0,0.7501189517238986,0.6613029247361903));
#1010=DIRECTION('',(1,0,0));
#1011=FACE_BOUND('',#1012,.T.);
#1012=EDGE_LOOP('',(#1013,#1014,#1015));
#1013=ORIENTED_EDGE('',*,*,#1016,.T.);
#1014=ORIENTED_EDGE('',*,*,#1017,.T.);
#1015=ORIENTED_EDGE('',*,*,#1018,.T.);
#1016=EDGE_CURVE('',#89,#87,#1019,.F.);
#1017=EDGE_CURVE('',#87,#91,#1020,.T.);
#1018=EDGE_CURVE('',#91,#89,#1021,.T.);
#1019=LINE('',#88,#1022);
#1020=LINE('',#86,#1023);
#1021=LINE('',#90,#1024);
#1022=VECTOR('',#1025,1.0);
#1023=VECTOR('',#1026,1.0);
#1024=VECTOR('',#1027,1.0);
#1025=DIRECTION('',(1,0,0));
#1026=DIRECTION('',(0,0.6613029247361903,-0.7501189517238986));
#1027=DIRECTION('',(-0.999905096814164,-0.009110569655151052,0.010334161098797073));
#1028=FACE_SURFACE('',(#1033),#1029,.T.);
#1029=PLANE('',#1030);
#1030=AXIS2_PLACEMENT_3D('',#88,#1031,#1032);
#1031=DIRECTION('',(0,0.7501189517238986,0.6613029247361903));
#1032=DIRECTION('',(0.999905096814164,0.009110569655151052,-0.010334161098797073));
#1033=FACE_BOUND('',#1034,.T.);
#1034=EDGE_LOOP('',(#1035,#1036,#1037));
#1035=ORIENTED_EDGE('',*,*,#1038,.T.);
#1036=ORIENTED_EDGE('',*,*,#1039,.T.);
#1037=ORIENTED_EDGE('',*,*,#1040,.T.);
#1038=EDGE_CURVE('',#89,#91,#1041,.F.);
#1039=EDGE_CURVE('',#91,#93,#1042,.T.);
#1040=EDGE_CURVE('',#93,#89,#1043,.T.);
#1041=LINE('',#88,#1044);
#1042=LINE('',#90,#1045);
#1043=LINE('',#92,#1046);
#1044=VECTOR('',#1047,1.0);
#1045=VECTOR('',#1048,1.0);
#1046=VECTOR('',#1049,1.0);
#1047=DIRECTION('',(0.999905096814164,0.009110569655151052,-0.010334161098797073));
#1048=DIRECTION('',(-1,0,0));
#1049=DIRECTION('',(0,-0.6613029247361903,0.7501189517238986));
#1050=FACE_SURFACE('',(#1055),#1051,.T.);
#1051=PLANE('',#1052);
#1052=AXIS2_PLACEMENT_3D('',#92,#1053,#1054);
#1053=DIRECTION('',(-0,0.7901493795793825,0.6129143153413182));
#1054=DIRECTION('',(1,0,0));
#1055=FACE_BOUND('',#1056,.T.);
#1056=EDGE_LOOP('',(#1057,#1058,#1059));
#1057=ORIENTED_EDGE('',*,*,#1060,.T.);
#1058=ORIENTED_EDGE('',*,*,#1061,.T.);
#1059=ORIENTED_EDGE('',*,*,#1062,.T.);
#1060=EDGE_CURVE('',#93,#91,#1063,.F.);
#1061=EDGE_CURVE('',#91,#95,#1064,.T.);
#1062=EDGE_CURVE('',#95,#93,#1065,.T.);
#1063=LINE('',#92,#1066);
#1064=LINE('',#90,#1067);
#1065=LINE('',#94,#1068);
#1066=VECTOR('',#1069,1.0);
#1067=VECTOR('',#1070,1.0);
#1068=VECTOR('',#1071,1.0);
#1069=DIRECTION('',(1,0,0));
#1070=DIRECTION('',(0,0.6129143153413182,-0.7901493795793824));
#1071=DIRECTION('',(-0.9999051051912218,-0.008443561810392868,0.010885167728880317));
#1072=FACE_SURFACE('',(#1077),#1073,.T.);
#1073=PLANE('',#1074);
#1074=AXIS2_PLACEMENT_3D('',#92,#1075,#1076);
#1075=DIRECTION('',(0,0.7901493795793825,0.6129143153413182));
#1076=DIRECTION('',(0.9999051051912218,0.008443561810392868,-0.010885167728880317));
#1077=FACE_BOUND('',#1078,.T.);
#1078=EDGE_LOOP('',(#1079,#1080,#1081));
#1079=ORIENTED_EDGE('',*,*,#1082,.T.);
#1080=ORIENTED_EDGE('',*,*,#1083,.T.);
#1081=ORIENTED_EDGE('',*,*,#1084,.T.);
#1082=EDGE_CURVE('',#93,#95,#1085,.F.);
#1083=EDGE_CURVE('',#95,#97,#1086,.T.);
#1084=EDGE_CURVE('',#97,#93,#1087,.T.);
#1085=LINE('',#92,#1088);
#1086=LINE('',#94,#1089);
#1087=LINE('',#96,#1090);
#1088=VECTOR('',#1091,1.0);
#1089=VECTOR('',#1092,1.0);
#1090=VECTOR('',#1093,1.0);
#1091=DIRECTION('',(0.9999051051912218,0.008443561810392868,-0.010885167728880317));
#1092=DIRECTION('',(-1,0,0));
#1093=DIRECTION('',(0,-0.6129143153413182,0.7901493795793824));
#1094=FACE_SURFACE('',(#1099),#1095,.T.);
#1095=PLANE('',#1096);
#1096=AXIS2_PLACEMENT_3D('',#96,#1097,#1098);
#1097=DIRECTION('',(-0,0.8270913546661884,0.562067514660338));
#1098=DIRECTION('',(1,0,0));
#1099=FACE_BOUND('',#1100,.T.);
#1100=EDGE_LOOP('',(#1101,#1102,#1103));
#1101=ORIENTED_EDGE('',*,*,#1104,.T.);
#1102=ORIENTED_EDGE('',*,*,#1105,.T.);
#1103=ORIENTED_EDGE('',*,*,#1106,.T.);
#1104=EDGE_CURVE('',#97,#95,#1107,.F.);
#1105=EDGE_CURVE('',#95,#99,#1108,.T.);
#1106=EDGE_CURVE('',#99,#97,#1109,.T.);
#1107=LINE('',#96,#1110);
#1108=LINE('',#94,#1111);
#1109=LINE('',#98,#1112);
#1110=VECTOR('',#1113,1.0);
#1111=VECTOR('',#1114,1.0);
#1112=VECTOR('',#1115,1.0);
#1113=DIRECTION('',(1,0,0));
#1114=DIRECTION('',(0,0.562067514660338,-0.8270913546661884));
#1115=DIRECTION('',(-0.9999050915189468,-0.007743649546514596,0.011394904395706605));
#1116=FACE_SURFACE('',(#1121),#1117,.T.);
#1117=PLANE('',#1118);
#1118=AXIS2_PLACEMENT_3D('',#96,#1119,#1120);
#1119=DIRECTION('',(6.270303880623822E-07,0.8270657750988969,0.5621051535608509));
#1120=DIRECTION('',(0.9999050915189468,0.007743649546514596,-0.011394904395706605));
#1121=FACE_BOUND('',#1122,.T.);
#1122=EDGE_LOOP('',(#1123,#1124,#1125));
#1123=ORIENTED_EDGE('',*,*,#1126,.T.);
#1124=ORIENTED_EDGE('',*,*,#1127,.T.);
#1125=ORIENTED_EDGE('',*,*,#1128,.T.);
#1126=EDGE_CURVE('',#97,#99,#1129,.F.);
#1127=EDGE_CURVE('',#99,#101,#1130,.T.);
#1128=EDGE_CURVE('',#101,#97,#1131,.T.);
#1129=LINE('',#96,#1132);
#1130=LINE('',#98,#1133);
#1131=LINE('',#100,#1134);
#1132=VECTOR('',#1135,1.0);
#1133=VECTOR('',#1136,1.0);
#1134=VECTOR('',#1137,1.0);
#1135=DIRECTION('',(0.9999050915189468,0.007743649546514596,-0.011394904395706605));
#1136=DIRECTION('',(-0.9999999999993778,0,1.1155037168576906E-06));
#1137=DIRECTION('',(0,-0.5621051535609615,0.8270657750990595));
#1138=FACE_SURFACE('',(#1143),#1139,.T.);
#1139=PLANE('',#1140);
#1140=AXIS2_PLACEMENT_3D('',#100,#1141,#1142);
#1141=DIRECTION('',(5.67860617623447E-07,0.8607298189764763,0.5090620578322448));
#1142=DIRECTION('',(0.9999999999993778,0,-1.1155037168576906E-06));
#1143=FACE_BOUND('',#1144,.T.);
#1144=EDGE_LOOP('',(#1145,#1146,#1147));
#1145=ORIENTED_EDGE('',*,*,#1148,.T.);
#1146=ORIENTED_EDGE('',*,*,#1149,.T.);
#1147=ORIENTED_EDGE('',*,*,#1150,.T.);
#1148=EDGE_CURVE('',#101,#99,#1151,.F.);
#1149=EDGE_CURVE('',#99,#103,#1152,.T.);
#1150=EDGE_CURVE('',#103,#101,#1153,.T.);
#1151=LINE('',#100,#1154);
#1152=LINE('',#98,#1155);
#1153=LINE('',#102,#1156);
#1154=VECTOR('',#1157,1.0);
#1155=VECTOR('',#1158,1.0);
#1156=VECTOR('',#1159,1.0);
#1157=DIRECTION('',(0.9999999999993778,0,-1.1155037168576906E-06));
#1158=DIRECTION('',(0,0.5090620578323269,-0.8607298189766152));
#1159=DIRECTION('',(-0.9999050870915712,-0.00701306392626995,0.011858909847173298));
#1160=FACE_SURFACE('',(#1165),#1161,.T.);
#1161=PLANE('',#1162);
#1162=AXIS2_PLACEMENT_3D('',#100,#1163,#1164);
#1163=DIRECTION('',(0,0.8607507981702701,0.509026584226446));
#1164=DIRECTION('',(0.9999050870915712,0.00701306392626995,-0.011858909847173298));
#1165=FACE_BOUND('',#1166,.T.);
#1166=EDGE_LOOP('',(#1167,#1168,#1169));
#1167=ORIENTED_EDGE('',*,*,#1170,.T.);
#1168=ORIENTED_EDGE('',*,*,#1171,.T.);
#1169=ORIENTED_EDGE('',*,*,#1172,.T.);
#1170=EDGE_CURVE('',#101,#103,#1173,.F.);
#1171=EDGE_CURVE('',#103,#105,#1174,.T.);
#1172=EDGE_CURVE('',#105,#101,#1175,.T.);
#1173=LINE('',#100,#1176);
#1174=LINE('',#102,#1177);
#1175=LINE('',#104,#1178);
#1176=VECTOR('',#1179,1.0);
#1177=VECTOR('',#1180,1.0);
#1178=VECTOR('',#1181,1.0);
#1179=DIRECTION('',(0.9999050870915712,0.00701306392626995,-0.011858909847173298));
#1180=DIRECTION('',(-1,0,0));
#1181=DIRECTION('',(0,-0.5090265842264459,0.86075079817027));
#1182=FACE_SURFACE('',(#1187),#1183,.T.);
#1183=PLANE('',#1184);
#1184=AXIS2_PLACEMENT_3D('',#104,#1185,#1186);
#1185=DIRECTION('',(-0,0.8910172522188863,0.4539694441791272));
#1186=DIRECTION('',(1,0,0));
#1187=FACE_BOUND('',#1188,.T.);
#1188=EDGE_LOOP('',(#1189,#1190,#1191));
#1189=ORIENTED_EDGE('',*,*,#1192,.T.);
#1190=ORIENTED_EDGE('',*,*,#1193,.T.);
#1191=ORIENTED_EDGE('',*,*,#1194,.T.);
#1192=EDGE_CURVE('',#105,#103,#1195,.F.);
#1193=EDGE_CURVE('',#103,#107,#1196,.T.);
#1194=EDGE_CURVE('',#107,#105,#1197,.T.);
#1195=LINE('',#104,#1198);
#1196=LINE('',#102,#1199);
#1197=LINE('',#106,#1200);
#1198=VECTOR('',#1201,1.0);
#1199=VECTOR('',#1202,1.0);
#1200=VECTOR('',#1203,1.0);
#1201=DIRECTION('',(1,0,0));
#1202=DIRECTION('',(0,0.4539694441791272,-0.8910172522188862));
#1203=DIRECTION('',(-0.9999051017745914,-0.006254035787199967,0.012274953422175073));
#1204=FACE_SURFACE('',(#1209),#1205,.T.);
#1205=PLANE('',#1206);
#1206=AXIS2_PLACEMENT_3D('',#104,#1207,#1208);
#1207=DIRECTION('',(0,0.8910172522188863,0.4539694441791272));
#1208=DIRECTION('',(0.9999051017745914,0.006254035787199967,-0.012274953422175073));
#1209=FACE_BOUND('',#1210,.T.);
#1210=EDGE_LOOP('',(#1211,#1212,#1213));
#1211=ORIENTED_EDGE('',*,*,#1214,.T.);
#1212=ORIENTED_EDGE('',*,*,#1215,.T.);
#1213=ORIENTED_EDGE('',*,*,#1216,.T.);
#1214=EDGE_CURVE('',#105,#107,#1217,.F.);
#1215=EDGE_CURVE('',#107,#109,#1218,.T.);
#1216=EDGE_CURVE('',#109,#105,#1219,.T.);
#1217=LINE('',#104,#1220);
#1218=LINE('',#106,#1221);
#1219=LINE('',#108,#1222);
#1220=VECTOR('',#1223,1.0);
#1221=VECTOR('',#1224,1.0);
#1222=VECTOR('',#1225,1.0);
#1223=DIRECTION('',(0.9999051017745914,0.006254035787199967,-0.012274953422175073));
#1224=DIRECTION('',(-1,0,0));
#1225=DIRECTION('',(0,-0.4539694441791272,0.8910172522188862));
#1226=FACE_SURFACE('',(#1231),#1227,.T.);
#1227=PLANE('',#1228);
#1228=AXIS2_PLACEMENT_3D('',#108,#1229,#1230);
#1229=DIRECTION('',(-0,0.9177553707261767,0.39714616893941956));
#1230=DIRECTION('',(1,0,0));
#1231=FACE_BOUND('',#1232,.T.);
#1232=EDGE_LOOP('',(#1233,#1234,#1235));
#1233=ORIENTED_EDGE('',*,*,#1236,.T.);
#1234=ORIENTED_EDGE('',*,*,#1237,.T.);
#1235=ORIENTED_EDGE('',*,*,#1238,.T.);
#1236=EDGE_CURVE('',#109,#107,#1239,.F.);
#1237=EDGE_CURVE('',#107,#111,#1240,.T.);
#1238=EDGE_CURVE('',#111,#109,#1241,.T.);
#1239=LINE('',#108,#1242);
#1240=LINE('',#106,#1243);
#1241=LINE('',#110,#1244);
#1242=VECTOR('',#1245,1.0);
#1243=VECTOR('',#1246,1.0);
#1244=VECTOR('',#1247,1.0);
#1245=DIRECTION('',(1,0,0));
#1246=DIRECTION('',(0,0.39714616893941956,-0.9177553707261767));
#1247=DIRECTION('',(-0.9999050891155499,-0.005471584120867427,0.01264414995294122));
#1248=FACE_SURFACE('',(#1253),#1249,.T.);
#1249=PLANE('',#1250);
#1250=AXIS2_PLACEMENT_3D('',#108,#1251,#1252);
#1251=DIRECTION('',(4.43050946439783E-07,0.9177425999803867,0.3971756792416221));
#1252=DIRECTION('',(0.9999050891155499,0.005471584120867427,-0.01264414995294122));
#1253=FACE_BOUND('',#1254,.T.);
#1254=EDGE_LOOP('',(#1255,#1256,#1257));
#1255=ORIENTED_EDGE('',*,*,#1258,.T.);
#1256=ORIENTED_EDGE('',*,*,#1259,.T.);
#1257=ORIENTED_EDGE('',*,*,#1260,.T.);
#1258=EDGE_CURVE('',#109,#111,#1261,.F.);
#1259=EDGE_CURVE('',#111,#113,#1262,.T.);
#1260=EDGE_CURVE('',#113,#109,#1263,.T.);
#1261=LINE('',#108,#1264);
#1262=LINE('',#110,#1265);
#1263=LINE('',#112,#1266);
#1264=VECTOR('',#1267,1.0);
#1265=VECTOR('',#1268,1.0);
#1266=VECTOR('',#1269,1.0);
#1267=DIRECTION('',(0.9999050891155499,0.005471584120867427,-0.01264414995294122));
#1268=DIRECTION('',(-0.9999999999993778,0,1.1155037168576906E-06));
#1269=DIRECTION('',(0,-0.3971756792416611,0.9177425999804767));
#1270=FACE_SURFACE('',(#1275),#1271,.T.);
#1271=PLANE('',#1272);
#1272=AXIS2_PLACEMENT_3D('',#112,#1273,#1274);
#1273=DIRECTION('',(3.778780049779773E-07,0.9408760581108216,0.3387510048305376));
#1274=DIRECTION('',(0.9999999999993778,0,-1.1155037168576906E-06));
#1275=FACE_BOUND('',#1276,.T.);
#1276=EDGE_LOOP('',(#1277,#1278,#1279));
#1277=ORIENTED_EDGE('',*,*,#1280,.T.);
#1278=ORIENTED_EDGE('',*,*,#1281,.T.);
#1279=ORIENTED_EDGE('',*,*,#1282,.T.);
#1280=EDGE_CURVE('',#113,#111,#1283,.F.);
#1281=EDGE_CURVE('',#111,#115,#1284,.T.);
#1282=EDGE_CURVE('',#115,#113,#1285,.T.);
#1283=LINE('',#112,#1286);
#1284=LINE('',#110,#1287);
#1285=LINE('',#114,#1288);
#1286=VECTOR('',#1289,1.0);
#1287=VECTOR('',#1290,1.0);
#1288=VECTOR('',#1291,1.0);
#1289=DIRECTION('',(0.9999999999993778,0,-1.1155037168576906E-06));
#1290=DIRECTION('',(0,0.3387510048305618,-0.9408760581108888));
#1291=DIRECTION('',(-0.9999050841932201,-0.004666824553870388,0.012963153672342652));
#1292=FACE_SURFACE('',(#1297),#1293,.T.);
#1293=PLANE('',#1294);
#1294=AXIS2_PLACEMENT_3D('',#112,#1295,#1296);
#1295=DIRECTION('',(3.778780049779773E-07,0.9408760581108216,0.3387510048305376));
#1296=DIRECTION('',(0.9999050841932201,0.004666824553870388,-0.012963153672342652));
#1297=FACE_BOUND('',#1298,.T.);
#1298=EDGE_LOOP('',(#1299,#1300,#1301));
#1299=ORIENTED_EDGE('',*,*,#1302,.T.);
#1300=ORIENTED_EDGE('',*,*,#1303,.T.);
#1301=ORIENTED_EDGE('',*,*,#1304,.T.);
#1302=EDGE_CURVE('',#113,#115,#1305,.F.);
#1303=EDGE_CURVE('',#115,#117,#1306,.T.);
#1304=EDGE_CURVE('',#117,#113,#1307,.T.);
#1305=LINE('',#112,#1308);
#1306=LINE('',#114,#1309);
#1307=LINE('',#116,#1310);
#1308=VECTOR('',#1311,1.0);
#1309=VECTOR('',#1312,1.0);
#1310=VECTOR('',#1313,1.0);
#1311=DIRECTION('',(0.9999050841932201,0.004666824553870388,-0.012963153672342652));
#1312=DIRECTION('',(-0.9999999999993778,0,1.1155037168576906E-06));
#1313=DIRECTION('',(0,-0.3387510048305618,0.9408760581108888));
#1314=FACE_SURFACE('',(#1319),#1315,.T.);
#1315=PLANE('',#1316);
#1316=AXIS2_PLACEMENT_3D('',#116,#1317,#1318);
#1317=DIRECTION('',(3.112032452320357E-07,0.9602969074432376,0.2789800164077298));
#1318=DIRECTION('',(0.9999999999993778,0,-1.1155037168576906E-06));
#1319=FACE_BOUND('',#1320,.T.);
#1320=EDGE_LOOP('',(#1321,#1322,#1323));
#1321=ORIENTED_EDGE('',*,*,#1324,.T.);
#1322=ORIENTED_EDGE('',*,*,#1325,.T.);
#1323=ORIENTED_EDGE('',*,*,#1326,.T.);
#1324=EDGE_CURVE('',#117,#115,#1327,.F.);
#1325=EDGE_CURVE('',#115,#119,#1328,.T.);
#1326=EDGE_CURVE('',#119,#117,#1329,.T.);
#1327=LINE('',#116,#1330);
#1328=LINE('',#114,#1331);
#1329=LINE('',#118,#1332);
#1330=VECTOR('',#1333,1.0);
#1331=VECTOR('',#1334,1.0);
#1332=VECTOR('',#1335,1.0);
#1333=DIRECTION('',(0.9999999999993778,0,-1.1155037168576906E-06));
#1334=DIRECTION('',(0,0.2789800164077433,-0.9602969074432841));
#1335=DIRECTION('',(-0.9999050978452798,-0.00384310330303541,0.01322973393623654));
#1336=FACE_SURFACE('',(#1341),#1337,.T.);
#1337=PLANE('',#1338);
#1338=AXIS2_PLACEMENT_3D('',#116,#1339,#1340);
#1339=DIRECTION('',(0,0.9603032085434252,0.2789583260295398));
#1340=DIRECTION('',(0.9999050978452798,0.00384310330303541,-0.01322973393623654));
#1341=FACE_BOUND('',#1342,.T.);
#1342=EDGE_LOOP('',(#1343,#1344,#1345));
#1343=ORIENTED_EDGE('',*,*,#1346,.T.);
#1344=ORIENTED_EDGE('',*,*,#1347,.T.);
#1345=ORIENTED_EDGE('',*,*,#1348,.T.);
#1346=EDGE_CURVE('',#117,#119,#1349,.F.);
#1347=EDGE_CURVE('',#119,#121,#1350,.T.);
#1348=EDGE_CURVE('',#121,#117,#1351,.T.);
#1349=LINE('',#116,#1352);
#1350=LINE('',#118,#1353);
#1351=LINE('',#120,#1354);
#1352=VECTOR('',#1355,1.0);
#1353=VECTOR('',#1356,1.0);
#1354=VECTOR('',#1357,1.0);
#1355=DIRECTION('',(0.9999050978452798,0.00384310330303541,-0.01322973393623654));
#1356=DIRECTION('',(-1,0,0));
#1357=DIRECTION('',(0,-0.2789583260295398,0.9603032085434251));
#1358=FACE_SURFACE('',(#1363),#1359,.T.);
#1359=PLANE('',#1360);
#1360=AXIS2_PLACEMENT_3D('',#120,#1361,#1362);
#1361=DIRECTION('',(-0,0.9759148353494508,0.21815186028281858));
#1362=DIRECTION('',(1,0,0));
#1363=FACE_BOUND('',#1364,.T.);
#1364=EDGE_LOOP('',(#1365,#1366,#1367));
#1365=ORIENTED_EDGE('',*,*,#1368,.T.);
#1366=ORIENTED_EDGE('',*,*,#1369,.T.);
#1367=ORIENTED_EDGE('',*,*,#1370,.T.);
#1368=EDGE_CURVE('',#121,#119,#1371,.F.);
#1369=EDGE_CURVE('',#119,#123,#1372,.T.);
#1370=EDGE_CURVE('',#123,#121,#1373,.T.);
#1371=LINE('',#120,#1374);
#1372=LINE('',#118,#1375);
#1373=LINE('',#122,#1376);
#1374=VECTOR('',#1377,1.0);
#1375=VECTOR('',#1378,1.0);
#1376=VECTOR('',#1379,1.0);
#1377=DIRECTION('',(1,0,0));
#1378=DIRECTION('',(0,0.21815186028281855,-0.9759148353494507));
#1379=DIRECTION('',(-0.9999050950742825,-0.0030054395069893606,0.013445005684635277));
#1380=FACE_SURFACE('',(#1385),#1381,.T.);
#1381=PLANE('',#1382);
#1382=AXIS2_PLACEMENT_3D('',#120,#1383,#1384);
#1383=DIRECTION('',(0,0.9759148353494508,0.21815186028281858));
#1384=DIRECTION('',(0.9999050950742825,0.0030054395069893606,-0.013445005684635277));
#1385=FACE_BOUND('',#1386,.T.);
#1386=EDGE_LOOP('',(#1387,#1388,#1389));
#1387=ORIENTED_EDGE('',*,*,#1390,.T.);
#1388=ORIENTED_EDGE('',*,*,#1391,.T.);
#1389=ORIENTED_EDGE('',*,*,#1392,.T.);
#1390=EDGE_CURVE('',#121,#123,#1393,.F.);
#1391=EDGE_CURVE('',#123,#125,#1394,.T.);
#1392=EDGE_CURVE('',#125,#121,#1395,.T.);
#1393=LINE('',#120,#1396);
#1394=LINE('',#122,#1397);
#1395=LINE('',#124,#1398);
#1396=VECTOR('',#1399,1.0);
#1397=VECTOR('',#1400,1.0);
#1398=VECTOR('',#1401,1.0);
#1399=DIRECTION('',(0.9999050950742825,0.0030054395069893606,-0.013445005684635277));
#1400=DIRECTION('',(-1,0,0));
#1401=DIRECTION('',(0,-0.21815186028281855,0.9759148353494507));
#1402=FACE_SURFACE('',(#1407),#1403,.T.);
#1403=PLANE('',#1404);
#1404=AXIS2_PLACEMENT_3D('',#124,#1405,#1406);
#1405=DIRECTION('',(-0,0.9876899891698057,0.15642405599443107));
#1406=DIRECTION('',(1,0,0));
#1407=FACE_BOUND('',#1408,.T.);
#1408=EDGE_LOOP('',(#1409,#1410,#1411));
#1409=ORIENTED_EDGE('',*,*,#1412,.T.);
#1410=ORIENTED_EDGE('',*,*,#1413,.T.);
#1411=ORIENTED_EDGE('',*,*,#1414,.T.);
#1412=EDGE_CURVE('',#125,#123,#1415,.F.);
#1413=EDGE_CURVE('',#123,#127,#1416,.T.);
#1414=EDGE_CURVE('',#127,#125,#1417,.T.);
#1415=LINE('',#124,#1418);
#1416=LINE('',#122,#1419);
#1417=LINE('',#126,#1420);
#1418=VECTOR('',#1421,1.0);
#1419=VECTOR('',#1422,1.0);
#1420=VECTOR('',#1423,1.0);
#1421=DIRECTION('',(1,0,0));
#1422=DIRECTION('',(0,0.1564240559944311,-0.9876899891698059));
#1423=DIRECTION('',(-0.9999051019294687,-0.0021549486610918252,0.0136067384661797));
#1424=FACE_SURFACE('',(#1429),#1425,.T.);
#1425=PLANE('',#1426);
#1426=AXIS2_PLACEMENT_3D('',#124,#1427,#1428);
#1427=DIRECTION('',(0,0.9876899891698057,0.15642405599443107));
#1428=DIRECTION('',(0.9999051019294687,0.0021549486610918252,-0.0136067384661797));
#1429=FACE_BOUND('',#1430,.T.);
#1430=EDGE_LOOP('',(#1431,#1432,#1433));
#1431=ORIENTED_EDGE('',*,*,#1434,.T.);
#1432=ORIENTED_EDGE('',*,*,#1435,.T.);
#1433=ORIENTED_EDGE('',*,*,#1436,.T.);
#1434=EDGE_CURVE('',#125,#127,#1437,.F.);
#1435=EDGE_CURVE('',#127,#129,#1438,.T.);
#1436=EDGE_CURVE('',#129,#125,#1439,.T.);
#1437=LINE('',#124,#1440);
#1438=LINE('',#126,#1441);
#1439=LINE('',#128,#1442);
#1440=VECTOR('',#1443,1.0);
#1441=VECTOR('',#1444,1.0);
#1442=VECTOR('',#1445,1.0);
#1443=DIRECTION('',(0.9999051019294687,0.0021549486610918252,-0.0136067384661797));
#1444=DIRECTION('',(-1,0,0));
#1445=DIRECTION('',(0,-0.1564240559944311,0.9876899891698059));
#1446=FACE_SURFACE('',(#1451),#1447,.T.);
#1447=PLANE('',#1448);
#1448=AXIS2_PLACEMENT_3D('',#128,#1449,#1450);
#1449=DIRECTION('',(-0,0.9955612723539594,0.09411563626181002));
#1450=DIRECTION('',(1,0,0));
#1451=FACE_BOUND('',#1452,.T.);
#1452=EDGE_LOOP('',(#1453,#1454,#1455));
#1453=ORIENTED_EDGE('',*,*,#1456,.T.);
#1454=ORIENTED_EDGE('',*,*,#1457,.T.);
#1455=ORIENTED_EDGE('',*,*,#1458,.T.);
#1456=EDGE_CURVE('',#129,#127,#1459,.F.);
#1457=EDGE_CURVE('',#127,#131,#1460,.T.);
#1458=EDGE_CURVE('',#131,#129,#1461,.T.);
#1459=LINE('',#128,#1462);
#1460=LINE('',#126,#1463);
#1461=LINE('',#130,#1464);
#1462=VECTOR('',#1465,1.0);
#1463=VECTOR('',#1466,1.0);
#1464=VECTOR('',#1467,1.0);
#1465=DIRECTION('',(1,0,0));
#1466=DIRECTION('',(0,0.09411563626181002,-0.9955612723539594));
#1467=DIRECTION('',(-0.9999050898687885,-0.0012966499939455665,0.01371604729079452));
#1468=FACE_SURFACE('',(#1473),#1469,.T.);
#1469=PLANE('',#1470);
#1470=AXIS2_PLACEMENT_3D('',#128,#1471,#1472);
#1471=DIRECTION('',(1.0499480467730349E-07,0.9955605551463339,0.09412322262179679));
#1472=DIRECTION('',(0.9999050898687885,0.0012966499939455665,-0.01371604729079452));
#1473=FACE_BOUND('',#1474,.T.);
#1474=EDGE_LOOP('',(#1475,#1476,#1477));
#1475=ORIENTED_EDGE('',*,*,#1478,.T.);
#1476=ORIENTED_EDGE('',*,*,#1479,.T.);
#1477=ORIENTED_EDGE('',*,*,#1480,.T.);
#1478=EDGE_CURVE('',#129,#131,#1481,.F.);
#1479=EDGE_CURVE('',#131,#133,#1482,.T.);
#1480=EDGE_CURVE('',#133,#129,#1483,.T.);
#1481=LINE('',#128,#1484);
#1482=LINE('',#130,#1485);
#1483=LINE('',#132,#1486);
#1484=VECTOR('',#1487,1.0);
#1485=VECTOR('',#1488,1.0);
#1486=VECTOR('',#1489,1.0);
#1487=DIRECTION('',(0.9999050898687885,0.0012966499939455665,-0.01371604729079452));
#1488=DIRECTION('',(-0.9999999999993778,0,1.1155037168576906E-06));
#1489=DIRECTION('',(0,-0.0941232226217973,0.9955605551463395));
#1490=FACE_SURFACE('',(#1495),#1491,.T.);
#1491=PLANE('',#1492);
#1492=AXIS2_PLACEMENT_3D('',#132,#1493,#1494);
#1493=DIRECTION('',(3.5042675319343164E-08,0.9995064517044375,0.031414216546077095));
#1494=DIRECTION('',(0.9999999999993778,0,-1.1155037168576906E-06));
#1495=FACE_BOUND('',#1496,.T.);
#1496=EDGE_LOOP('',(#1497,#1498,#1499));
#1497=ORIENTED_EDGE('',*,*,#1500,.T.);
#1498=ORIENTED_EDGE('',*,*,#1501,.T.);
#1499=ORIENTED_EDGE('',*,*,#1502,.T.);
#1500=EDGE_CURVE('',#133,#131,#1503,.F.);
#1501=EDGE_CURVE('',#131,#135,#1504,.T.);
#1502=EDGE_CURVE('',#135,#133,#1505,.T.);
#1503=LINE('',#132,#1506);
#1504=LINE('',#130,#1507);
#1505=LINE('',#134,#1508);
#1506=VECTOR('',#1509,1.0);
#1507=VECTOR('',#1510,1.0);
#1508=VECTOR('',#1511,1.0);
#1509=DIRECTION('',(0.9999999999993778,0,-1.1155037168576906E-06));
#1510=DIRECTION('',(0,0.031414216546077116,-0.9995064517044381));
#1511=DIRECTION('',(-0.999905085735773,-0.0004327743617818163,0.01377070172824305));
#1512=FACE_SURFACE('',(#1517),#1513,.T.);
#1513=PLANE('',#1514);
#1514=AXIS2_PLACEMENT_3D('',#132,#1515,#1516);
#1515=DIRECTION('',(3.5042675319343164E-08,0.9995064517044375,0.031414216546077095));
#1516=DIRECTION('',(0.999905085735773,0.0004327743617818163,-0.01377070172824305));
#1517=FACE_BOUND('',#1518,.T.);
#1518=EDGE_LOOP('',(#1519,#1520,#1521));
#1519=ORIENTED_EDGE('',*,*,#1522,.T.);
#1520=ORIENTED_EDGE('',*,*,#1523,.T.);
#1521=ORIENTED_EDGE('',*,*,#1524,.T.);
#1522=EDGE_CURVE('',#133,#135,#1525,.F.);
#1523=EDGE_CURVE('',#135,#137,#1526,.T.);
#1524=EDGE_CURVE('',#137,#133,#1527,.T.);
#1525=LINE('',#132,#1528);
#1526=LINE('',#134,#1529);
#1527=LINE('',#136,#1530);
#1528=VECTOR('',#1531,1.0);
#1529=VECTOR('',#1532,1.0);
#1530=VECTOR('',#1533,1.0);
#1531=DIRECTION('',(0.999905085735773,0.0004327743617818163,-0.01377070172824305));
#1532=DIRECTION('',(-0.9999999999993778,0,1.1155037168576906E-06));
#1533=DIRECTION('',(0,-0.031414216546077116,0.9995064517044381));
#1534=FACE_SURFACE('',(#1539),#1535,.T.);
#1535=PLANE('',#1536);
#1536=AXIS2_PLACEMENT_3D('',#136,#1537,#1538);
#1537=DIRECTION('',(-3.5042675319343164E-08,0.9995064517044375,-0.031414216546077095));
#1538=DIRECTION('',(0.9999999999993778,0,-1.1155037168576906E-06));
#1539=FACE_BOUND('',#1540,.T.);
#1540=EDGE_LOOP('',(#1541,#1542,#1543));
#1541=ORIENTED_EDGE('',*,*,#1544,.T.);
#1542=ORIENTED_EDGE('',*,*,#1545,.T.);
#1543=ORIENTED_EDGE('',*,*,#1546,.T.);
#1544=EDGE_CURVE('',#137,#135,#1547,.F.);
#1545=EDGE_CURVE('',#135,#139,#1548,.T.);
#1546=EDGE_CURVE('',#139,#137,#1549,.T.);
#1547=LINE('',#136,#1550);
#1548=LINE('',#134,#1551);
#1549=LINE('',#138,#1552);
#1550=VECTOR('',#1553,1.0);
#1551=VECTOR('',#1554,1.0);
#1552=VECTOR('',#1555,1.0);
#1553=DIRECTION('',(0.9999999999993778,0,-1.1155037168576906E-06));
#1554=DIRECTION('',(0,-0.031414216546077116,-0.9995064517044381));
#1555=DIRECTION('',(-0.999905085735773,0.0004327743617818163,0.01377070172824305));
#1556=FACE_SURFACE('',(#1561),#1557,.T.);
#1557=PLANE('',#1558);
#1558=AXIS2_PLACEMENT_3D('',#136,#1559,#1560);
#1559=DIRECTION('',(-3.5042675319343164E-08,0.9995064517044375,-0.031414216546077095));
#1560=DIRECTION('',(0.999905085735773,-0.0004327743617818163,-0.01377070172824305));
#1561=FACE_BOUND('',#1562,.T.);
#1562=EDGE_LOOP('',(#1563,#1564,#1565));
#1563=ORIENTED_EDGE('',*,*,#1566,.T.);
#1564=ORIENTED_EDGE('',*,*,#1567,.T.);
#1565=ORIENTED_EDGE('',*,*,#1568,.T.);
#1566=EDGE_CURVE('',#137,#139,#1569,.F.);
#1567=EDGE_CURVE('',#139,#141,#1570,.T.);
#1568=EDGE_CURVE('',#141,#137,#1571,.T.);
#1569=LINE('',#136,#1572);
#1570=LINE('',#138,#1573);
#1571=LINE('',#140,#1574);
#1572=VECTOR('',#1575,1.0);
#1573=VECTOR('',#1576,1.0);
#1574=VECTOR('',#1577,1.0);
#1575=DIRECTION('',(0.999905085735773,-0.0004327743617818163,-0.01377070172824305));
#1576=DIRECTION('',(-0.9999999999993778,0,1.1155037168576906E-06));
#1577=DIRECTION('',(0,0.031414216546077116,0.9995064517044381));
#1578=FACE_SURFACE('',(#1583),#1579,.T.);
#1579=PLANE('',#1580);
#1580=AXIS2_PLACEMENT_3D('',#140,#1581,#1582);
#1581=DIRECTION('',(-1.0499480467730349E-07,0.9955605551463339,-0.09412322262179679));
#1582=DIRECTION('',(0.9999999999993778,0,-1.1155037168576906E-06));
#1583=FACE_BOUND('',#1584,.T.);
#1584=EDGE_LOOP('',(#1585,#1586,#1587));
#1585=ORIENTED_EDGE('',*,*,#1588,.T.);
#1586=ORIENTED_EDGE('',*,*,#1589,.T.);
#1587=ORIENTED_EDGE('',*,*,#1590,.T.);
#1588=EDGE_CURVE('',#141,#139,#1591,.F.);
#1589=EDGE_CURVE('',#139,#143,#1592,.T.);
#1590=EDGE_CURVE('',#143,#141,#1593,.T.);
#1591=LINE('',#140,#1594);
#1592=LINE('',#138,#1595);
#1593=LINE('',#142,#1596);
#1594=VECTOR('',#1597,1.0);
#1595=VECTOR('',#1598,1.0);
#1596=VECTOR('',#1599,1.0);
#1597=DIRECTION('',(0.9999999999993778,0,-1.1155037168576906E-06));
#1598=DIRECTION('',(0,-0.0941232226217973,-0.9955605551463395));
#1599=DIRECTION('',(-0.9999050898687885,0.0012966499939455665,0.01371604729079452));
#1600=FACE_SURFACE('',(#1605),#1601,.T.);
#1601=PLANE('',#1602);
#1602=AXIS2_PLACEMENT_3D('',#140,#1603,#1604);
#1603=DIRECTION('',(0,0.9955612723539594,-0.09411563626181002));
#1604=DIRECTION('',(0.9999050898687885,-0.0012966499939455665,-0.01371604729079452));
#1605=FACE_BOUND('',#1606,.T.);
#1606=EDGE_LOOP('',(#1607,#1608,#1609));
#1607=ORIENTED_EDGE('',*,*,#1610,.T.);
#1608=ORIENTED_EDGE('',*,*,#1611,.T.);
#1609=ORIENTED_EDGE('',*,*,#1612,.T.);
#1610=EDGE_CURVE('',#141,#143,#1613,.F.);
#1611=EDGE_CURVE('',#143,#145,#1614,.T.);
#1612=EDGE_CURVE('',#145,#141,#1615,.T.);
#1613=LINE('',#140,#1616);
#1614=LINE('',#142,#1617);
#1615=LINE('',#144,#1618);
#1616=VECTOR('',#1619,1.0);
#1617=VECTOR('',#1620,1.0);
#1618=VECTOR('',#1621,1.0);
#1619=DIRECTION('',(0.9999050898687885,-0.0012966499939455665,-0.01371604729079452));
#1620=DIRECTION('',(-1,0,0));
#1621=DIRECTION('',(0,0.09411563626181002,0.9955612723539594));
#1622=FACE_SURFACE('',(#1627),#1623,.T.);
#1623=PLANE('',#1624);
#1624=AXIS2_PLACEMENT_3D('',#144,#1625,#1626);
#1625=DIRECTION('',(0,0.9876899891698057,-0.15642405599443107));
#1626=DIRECTION('',(1,0,0));
#1627=FACE_BOUND('',#1628,.T.);
#1628=EDGE_LOOP('',(#1629,#1630,#1631));
#1629=ORIENTED_EDGE('',*,*,#1632,.T.);
#1630=ORIENTED_EDGE('',*,*,#1633,.T.);
#1631=ORIENTED_EDGE('',*,*,#1634,.T.);
#1632=EDGE_CURVE('',#145,#143,#1635,.F.);
#1633=EDGE_CURVE('',#143,#147,#1636,.T.);
#1634=EDGE_CURVE('',#147,#145,#1637,.T.);
#1635=LINE('',#144,#1638);
#1636=LINE('',#142,#1639);
#1637=LINE('',#146,#1640);
#1638=VECTOR('',#1641,1.0);
#1639=VECTOR('',#1642,1.0);
#1640=VECTOR('',#1643,1.0);
#1641=DIRECTION('',(1,0,0));
#1642=DIRECTION('',(0,-0.1564240559944311,-0.9876899891698059));
#1643=DIRECTION('',(-0.9999051019294687,0.0021549486610918252,0.0136067384661797));
#1644=FACE_SURFACE('',(#1649),#1645,.T.);
#1645=PLANE('',#1646);
#1646=AXIS2_PLACEMENT_3D('',#144,#1647,#1648);
#1647=DIRECTION('',(0,0.9876899891698057,-0.15642405599443107));
#1648=DIRECTION('',(0.9999051019294687,-0.0021549486610918252,-0.0136067384661797));
#1649=FACE_BOUND('',#1650,.T.);
#1650=EDGE_LOOP('',(#1651,#1652,#1653));
#1651=ORIENTED_EDGE('',*,*,#1654,.T.);
#1652=ORIENTED_EDGE('',*,*,#1655,.T.);
#1653=ORIENTED_EDGE('',*,*,#1656,.T.);
#1654=EDGE_CURVE('',#145,#147,#1657,.F.);
#1655=EDGE_CURVE('',#147,#149,#1658,.T.);
#1656=EDGE_CURVE('',#149,#145,#1659,.T.);
#1657=LINE('',#144,#1660);
#1658=LINE('',#146,#1661);
#1659=LINE('',#148,#1662);
#1660=VECTOR('',#1663,1.0);
#1661=VECTOR('',#1664,1.0);
#1662=VECTOR('',#1665,1.0);
#1663=DIRECTION('',(0.9999051019294687,-0.0021549486610918252,-0.0136067384661797));
#1664=DIRECTION('',(-1,0,0));
#1665=DIRECTION('',(0,0.1564240559944311,0.9876899891698059));
#1666=FACE_SURFACE('',(#1671),#1667,.T.);
#1667=PLANE('',#1668);
#1668=AXIS2_PLACEMENT_3D('',#148,#1669,#1670);
#1669=DIRECTION('',(0,0.9759148353494508,-0.21815186028281858));
#1670=DIRECTION('',(1,0,0));
#1671=FACE_BOUND('',#1672,.T.);
#1672=EDGE_LOOP('',(#1673,#1674,#1675));
#1673=ORIENTED_EDGE('',*,*,#1676,.T.);
#1674=ORIENTED_EDGE('',*,*,#1677,.T.);
#1675=ORIENTED_EDGE('',*,*,#1678,.T.);
#1676=EDGE_CURVE('',#149,#147,#1679,.F.);
#1677=EDGE_CURVE('',#147,#151,#1680,.T.);
#1678=EDGE_CURVE('',#151,#149,#1681,.T.);
#1679=LINE('',#148,#1682);
#1680=LINE('',#146,#1683);
#1681=LINE('',#150,#1684);
#1682=VECTOR('',#1685,1.0);
#1683=VECTOR('',#1686,1.0);
#1684=VECTOR('',#1687,1.0);
#1685=DIRECTION('',(1,0,0));
#1686=DIRECTION('',(0,-0.21815186028281855,-0.9759148353494507));
#1687=DIRECTION('',(-0.9999050950742825,0.0030054395069893606,0.013445005684635277));
#1688=FACE_SURFACE('',(#1693),#1689,.T.);
#1689=PLANE('',#1690);
#1690=AXIS2_PLACEMENT_3D('',#148,#1691,#1692);
#1691=DIRECTION('',(0,0.9759148353494508,-0.21815186028281858));
#1692=DIRECTION('',(0.9999050950742825,-0.0030054395069893606,-0.013445005684635277));
#1693=FACE_BOUND('',#1694,.T.);
#1694=EDGE_LOOP('',(#1695,#1696,#1697));
#1695=ORIENTED_EDGE('',*,*,#1698,.T.);
#1696=ORIENTED_EDGE('',*,*,#1699,.T.);
#1697=ORIENTED_EDGE('',*,*,#1700,.T.);
#1698=EDGE_CURVE('',#149,#151,#1701,.F.);
#1699=EDGE_CURVE('',#151,#153,#1702,.T.);
#1700=EDGE_CURVE('',#153,#149,#1703,.T.);
#1701=LINE('',#148,#1704);
#1702=LINE('',#150,#1705);
#1703=LINE('',#152,#1706);
#1704=VECTOR('',#1707,1.0);
#1705=VECTOR('',#1708,1.0);
#1706=VECTOR('',#1709,1.0);
#1707=DIRECTION('',(0.9999050950742825,-0.0030054395069893606,-0.013445005684635277));
#1708=DIRECTION('',(-1,0,0));
#1709=DIRECTION('',(0,0.21815186028281855,0.9759148353494507));
#1710=FACE_SURFACE('',(#1715),#1711,.T.);
#1711=PLANE('',#1712);
#1712=AXIS2_PLACEMENT_3D('',#152,#1713,#1714);
#1713=DIRECTION('',(0,0.9603032085434252,-0.2789583260295398));
#1714=DIRECTION('',(1,0,0));
#1715=FACE_BOUND('',#1716,.T.);
#1716=EDGE_LOOP('',(#1717,#1718,#1719));
#1717=ORIENTED_EDGE('',*,*,#1720,.T.);
#1718=ORIENTED_EDGE('',*,*,#1721,.T.);
#1719=ORIENTED_EDGE('',*,*,#1722,.T.);
#1720=EDGE_CURVE('',#153,#151,#1723,.F.);
#1721=EDGE_CURVE('',#151,#155,#1724,.T.);
#1722=EDGE_CURVE('',#155,#153,#1725,.T.);
#1723=LINE('',#152,#1726);
#1724=LINE('',#150,#1727);
#1725=LINE('',#154,#1728);
#1726=VECTOR('',#1729,1.0);
#1727=VECTOR('',#1730,1.0);
#1728=VECTOR('',#1731,1.0);
#1729=DIRECTION('',(1,0,0));
#1730=DIRECTION('',(0,-0.2789583260295398,-0.9603032085434251));
#1731=DIRECTION('',(-0.9999050978452798,0.00384310330303541,0.01322973393623654));
#1732=FACE_SURFACE('',(#1737),#1733,.T.);
#1733=PLANE('',#1734);
#1734=AXIS2_PLACEMENT_3D('',#152,#1735,#1736);
#1735=DIRECTION('',(-3.112032452320357E-07,0.9602969074432376,-0.2789800164077298));
#1736=DIRECTION('',(0.9999050978452798,-0.00384310330303541,-0.01322973393623654));
#1737=FACE_BOUND('',#1738,.T.);
#1738=EDGE_LOOP('',(#1739,#1740,#1741));
#1739=ORIENTED_EDGE('',*,*,#1742,.T.);
#1740=ORIENTED_EDGE('',*,*,#1743,.T.);
#1741=ORIENTED_EDGE('',*,*,#1744,.T.);
#1742=EDGE_CURVE('',#153,#155,#1745,.F.);
#1743=EDGE_CURVE('',#155,#157,#1746,.T.);
#1744=EDGE_CURVE('',#157,#153,#1747,.T.);
#1745=LINE('',#152,#1748);
#1746=LINE('',#154,#1749);
#1747=LINE('',#156,#1750);
#1748=VECTOR('',#1751,1.0);
#1749=VECTOR('',#1752,1.0);
#1750=VECTOR('',#1753,1.0);
#1751=DIRECTION('',(0.9999050978452798,-0.00384310330303541,-0.01322973393623654));
#1752=DIRECTION('',(-0.9999999999993778,0,1.1155037168576906E-06));
#1753=DIRECTION('',(0,0.2789800164077433,0.9602969074432841));
#1754=FACE_SURFACE('',(#1759),#1755,.T.);
#1755=PLANE('',#1756);
#1756=AXIS2_PLACEMENT_3D('',#156,#1757,#1758);
#1757=DIRECTION('',(-3.778780049779773E-07,0.9408760581108216,-0.3387510048305376));
#1758=DIRECTION('',(0.9999999999993778,0,-1.1155037168576906E-06));
#1759=FACE_BOUND('',#1760,.T.);
#1760=EDGE_LOOP('',(#1761,#1762,#1763));
#1761=ORIENTED_EDGE('',*,*,#1764,.T.);
#1762=ORIENTED_EDGE('',*,*,#1765,.T.);
#1763=ORIENTED_EDGE('',*,*,#1766,.T.);
#1764=EDGE_CURVE('',#157,#155,#1767,.F.);
#1765=EDGE_CURVE('',#155,#159,#1768,.T.);
#1766=EDGE_CURVE('',#159,#157,#1769,.T.);
#1767=LINE('',#156,#1770);
#1768=LINE('',#154,#1771);
#1769=LINE('',#158,#1772);
#1770=VECTOR('',#1773,1.0);
#1771=VECTOR('',#1774,1.0);
#1772=VECTOR('',#1775,1.0);
#1773=DIRECTION('',(0.9999999999993778,0,-1.1155037168576906E-06));
#1774=DIRECTION('',(0,-0.3387510048305618,-0.9408760581108888));
#1775=DIRECTION('',(-0.9999050841932201,0.004666824553870388,0.012963153672342652));
#1776=FACE_SURFACE('',(#1781),#1777,.T.);
#1777=PLANE('',#1778);
#1778=AXIS2_PLACEMENT_3D('',#156,#1779,#1780);
#1779=DIRECTION('',(-3.778780049779773E-07,0.9408760581108216,-0.3387510048305376));
#1780=DIRECTION('',(0.9999050841932201,-0.004666824553870388,-0.012963153672342652));
#1781=FACE_BOUND('',#1782,.T.);
#1782=EDGE_LOOP('',(#1783,#1784,#1785));
#1783=ORIENTED_EDGE('',*,*,#1786,.T.);
#1784=ORIENTED_EDGE('',*,*,#1787,.T.);
#1785=ORIENTED_EDGE('',*,*,#1788,.T.);
#1786=EDGE_CURVE('',#157,#159,#1789,.F.);
#1787=EDGE_CURVE('',#159,#161,#1790,.T.);
#1788=EDGE_CURVE('',#161,#157,#1791,.T.);
#1789=LINE('',#156,#1792);
#1790=LINE('',#158,#1793);
#1791=LINE('',#160,#1794);
#1792=VECTOR('',#1795,1.0);
#1793=VECTOR('',#1796,1.0);
#1794=VECTOR('',#1797,1.0);
#1795=DIRECTION('',(0.9999050841932201,-0.004666824553870388,-0.012963153672342652));
#1796=DIRECTION('',(-0.9999999999993778,0,1.1155037168576906E-06));
#1797=DIRECTION('',(0,0.3387510048305618,0.9408760581108888));
#1798=FACE_SURFACE('',(#1803),#1799,.T.);
#1799=PLANE('',#1800);
#1800=AXIS2_PLACEMENT_3D('',#160,#1801,#1802);
#1801=DIRECTION('',(-4.43050946439783E-07,0.9177425999803867,-0.3971756792416221));
#1802=DIRECTION('',(0.9999999999993778,0,-1.1155037168576906E-06));
#1803=FACE_BOUND('',#1804,.T.);
#1804=EDGE_LOOP('',(#1805,#1806,#1807));
#1805=ORIENTED_EDGE('',*,*,#1808,.T.);
#1806=ORIENTED_EDGE('',*,*,#1809,.T.);
#1807=ORIENTED_EDGE('',*,*,#1810,.T.);
#1808=EDGE_CURVE('',#161,#159,#1811,.F.);
#1809=EDGE_CURVE('',#159,#163,#1812,.T.);
#1810=EDGE_CURVE('',#163,#161,#1813,.T.);
#1811=LINE('',#160,#1814);
#1812=LINE('',#158,#1815);
#1813=LINE('',#162,#1816);
#1814=VECTOR('',#1817,1.0);
#1815=VECTOR('',#1818,1.0);
#1816=VECTOR('',#1819,1.0);
#1817=DIRECTION('',(0.9999999999993778,0,-1.1155037168576906E-06));
#1818=DIRECTION('',(0,-0.3971756792416611,-0.9177425999804767));
#1819=DIRECTION('',(-0.9999050891155499,0.005471584120867427,0.01264414995294122));
#1820=FACE_SURFACE('',(#1825),#1821,.T.);
#1821=PLANE('',#1822);
#1822=AXIS2_PLACEMENT_3D('',#160,#1823,#1824);
#1823=DIRECTION('',(0,0.9177553707261767,-0.39714616893941956));
#1824=DIRECTION('',(0.9999050891155499,-0.005471584120867427,-0.01264414995294122));
#1825=FACE_BOUND('',#1826,.T.);
#1826=EDGE_LOOP('',(#1827,#1828,#1829));
#1827=ORIENTED_EDGE('',*,*,#1830,.T.);
#1828=ORIENTED_EDGE('',*,*,#1831,.T.);
#1829=ORIENTED_EDGE('',*,*,#1832,.T.);
#1830=EDGE_CURVE('',#161,#163,#1833,.F.);
#1831=EDGE_CURVE('',#163,#165,#1834,.T.);
#1832=EDGE_CURVE('',#165,#161,#1835,.T.);
#1833=LINE('',#160,#1836);
#1834=LINE('',#162,#1837);
#1835=LINE('',#164,#1838);
#1836=VECTOR('',#1839,1.0);
#1837=VECTOR('',#1840,1.0);
#1838=VECTOR('',#1841,1.0);
#1839=DIRECTION('',(0.9999050891155499,-0.005471584120867427,-0.01264414995294122));
#1840=DIRECTION('',(-1,0,0));
#1841=DIRECTION('',(0,0.39714616893941956,0.9177553707261767));
#1842=FACE_SURFACE('',(#1847),#1843,.T.);
#1843=PLANE('',#1844);
#1844=AXIS2_PLACEMENT_3D('',#164,#1845,#1846);
#1845=DIRECTION('',(0,0.8910172522188863,-0.4539694441791272));
#1846=DIRECTION('',(1,0,0));
#1847=FACE_BOUND('',#1848,.T.);
#1848=EDGE_LOOP('',(#1849,#1850,#1851));
#1849=ORIENTED_EDGE('',*,*,#1852,.T.);
#1850=ORIENTED_EDGE('',*,*,#1853,.T.);
#1851=ORIENTED_EDGE('',*,*,#1854,.T.);
#1852=EDGE_CURVE('',#165,#163,#1855,.F.);
#1853=EDGE_CURVE('',#163,#167,#1856,.T.);
#1854=EDGE_CURVE('',#167,#165,#1857,.T.);
#1855=LINE('',#164,#1858);
#1856=LINE('',#162,#1859);
#1857=LINE('',#166,#1860);
#1858=VECTOR('',#1861,1.0);
#1859=VECTOR('',#1862,1.0);
#1860=VECTOR('',#1863,1.0);
#1861=DIRECTION('',(1,0,0));
#1862=DIRECTION('',(0,-0.4539694441791272,-0.8910172522188862));
#1863=DIRECTION('',(-0.9999051017745914,0.006254035787199967,0.012274953422175073));
#1864=FACE_SURFACE('',(#1869),#1865,.T.);
#1865=PLANE('',#1866);
#1866=AXIS2_PLACEMENT_3D('',#164,#1867,#1868);
#1867=DIRECTION('',(0,0.8910172522188863,-0.4539694441791272));
#1868=DIRECTION('',(0.9999051017745914,-0.006254035787199967,-0.012274953422175073));
#1869=FACE_BOUND('',#1870,.T.);
#1870=EDGE_LOOP('',(#1871,#1872,#1873));
#1871=ORIENTED_EDGE('',*,*,#1874,.T.);
#1872=ORIENTED_EDGE('',*,*,#1875,.T.);
#1873=ORIENTED_EDGE('',*,*,#1876,.T.);
#1874=EDGE_CURVE('',#165,#167,#1877,.F.);
#1875=EDGE_CURVE('',#167,#169,#1878,.T.);
#1876=EDGE_CURVE('',#169,#165,#1879,.T.);
#1877=LINE('',#164,#1880);
#1878=LINE('',#166,#1881);
#1879=LINE('',#168,#1882);
#1880=VECTOR('',#1883,1.0);
#1881=VECTOR('',#1884,1.0);
#1882=VECTOR('',#1885,1.0);
#1883=DIRECTION('',(0.9999051017745914,-0.006254035787199967,-0.012274953422175073));
#1884=DIRECTION('',(-1,0,0));
#1885=DIRECTION('',(0,0.4539694441791272,0.8910172522188862));
#1886=FACE_SURFACE('',(#1891),#1887,.T.);
#1887=PLANE('',#1888);
#1888=AXIS2_PLACEMENT_3D('',#168,#1889,#1890);
#1889=DIRECTION('',(0,0.8607507981702701,-0.509026584226446));
#1890=DIRECTION('',(1,0,0));
#1891=FACE_BOUND('',#1892,.T.);
#1892=EDGE_LOOP('',(#1893,#1894,#1895));
#1893=ORIENTED_EDGE('',*,*,#1896,.T.);
#1894=ORIENTED_EDGE('',*,*,#1897,.T.);
#1895=ORIENTED_EDGE('',*,*,#1898,.T.);
#1896=EDGE_CURVE('',#169,#167,#1899,.F.);
#1897=EDGE_CURVE('',#167,#171,#1900,.T.);
#1898=EDGE_CURVE('',#171,#169,#1901,.T.);
#1899=LINE('',#168,#1902);
#1900=LINE('',#166,#1903);
#1901=LINE('',#170,#1904);
#1902=VECTOR('',#1905,1.0);
#1903=VECTOR('',#1906,1.0);
#1904=VECTOR('',#1907,1.0);
#1905=DIRECTION('',(1,0,0));
#1906=DIRECTION('',(0,-0.5090265842264459,-0.86075079817027));
#1907=DIRECTION('',(-0.9999050870915712,0.00701306392626995,0.011858909847173298));
#1908=FACE_SURFACE('',(#1913),#1909,.T.);
#1909=PLANE('',#1910);
#1910=AXIS2_PLACEMENT_3D('',#168,#1911,#1912);
#1911=DIRECTION('',(-5.67860617623447E-07,0.8607298189764763,-0.5090620578322448));
#1912=DIRECTION('',(0.9999050870915712,-0.00701306392626995,-0.011858909847173298));
#1913=FACE_BOUND('',#1914,.T.);
#1914=EDGE_LOOP('',(#1915,#1916,#1917));
#1915=ORIENTED_EDGE('',*,*,#1918,.T.);
#1916=ORIENTED_EDGE('',*,*,#1919,.T.);
#1917=ORIENTED_EDGE('',*,*,#1920,.T.);
#1918=EDGE_CURVE('',#169,#171,#1921,.F.);
#1919=EDGE_CURVE('',#171,#173,#1922,.T.);
#1920=EDGE_CURVE('',#173,#169,#1923,.T.);
#1921=LINE('',#168,#1924);
#1922=LINE('',#170,#1925);
#1923=LINE('',#172,#1926);
#1924=VECTOR('',#1927,1.0);
#1925=VECTOR('',#1928,1.0);
#1926=VECTOR('',#1929,1.0);
#1927=DIRECTION('',(0.9999050870915712,-0.00701306392626995,-0.011858909847173298));
#1928=DIRECTION('',(-0.9999999999993778,0,1.1155037168576906E-06));
#1929=DIRECTION('',(0,0.5090620578323269,0.8607298189766152));
#1930=FACE_SURFACE('',(#1935),#1931,.T.);
#1931=PLANE('',#1932);
#1932=AXIS2_PLACEMENT_3D('',#172,#1933,#1934);
#1933=DIRECTION('',(-6.270303880623822E-07,0.8270657750988969,-0.5621051535608509));
#1934=DIRECTION('',(0.9999999999993778,0,-1.1155037168576906E-06));
#1935=FACE_BOUND('',#1936,.T.);
#1936=EDGE_LOOP('',(#1937,#1938,#1939));
#1937=ORIENTED_EDGE('',*,*,#1940,.T.);
#1938=ORIENTED_EDGE('',*,*,#1941,.T.);
#1939=ORIENTED_EDGE('',*,*,#1942,.T.);
#1940=EDGE_CURVE('',#173,#171,#1943,.F.);
#1941=EDGE_CURVE('',#171,#175,#1944,.T.);
#1942=EDGE_CURVE('',#175,#173,#1945,.T.);
#1943=LINE('',#172,#1946);
#1944=LINE('',#170,#1947);
#1945=LINE('',#174,#1948);
#1946=VECTOR('',#1949,1.0);
#1947=VECTOR('',#1950,1.0);
#1948=VECTOR('',#1951,1.0);
#1949=DIRECTION('',(0.9999999999993778,0,-1.1155037168576906E-06));
#1950=DIRECTION('',(0,-0.5621051535609615,-0.8270657750990595));
#1951=DIRECTION('',(-0.9999050915189468,0.007743649546514596,0.011394904395706605));
#1952=FACE_SURFACE('',(#1957),#1953,.T.);
#1953=PLANE('',#1954);
#1954=AXIS2_PLACEMENT_3D('',#172,#1955,#1956);
#1955=DIRECTION('',(0,0.8270913546661884,-0.562067514660338));
#1956=DIRECTION('',(0.9999050915189468,-0.007743649546514596,-0.011394904395706605));
#1957=FACE_BOUND('',#1958,.T.);
#1958=EDGE_LOOP('',(#1959,#1960,#1961));
#1959=ORIENTED_EDGE('',*,*,#1962,.T.);
#1960=ORIENTED_EDGE('',*,*,#1963,.T.);
#1961=ORIENTED_EDGE('',*,*,#1964,.T.);
#1962=EDGE_CURVE('',#173,#175,#1965,.F.);
#1963=EDGE_CURVE('',#175,#177,#1966,.T.);
#1964=EDGE_CURVE('',#177,#173,#1967,.T.);
#1965=LINE('',#172,#1968);
#1966=LINE('',#174,#1969);
#1967=LINE('',#176,#1970);
#1968=VECTOR('',#1971,1.0);
#1969=VECTOR('',#1972,1.0);
#1970=VECTOR('',#1973,1.0);
#1971=DIRECTION('',(0.9999050915189468,-0.007743649546514596,-0.011394904395706605));
#1972=DIRECTION('',(-1,0,0));
#1973=DIRECTION('',(0,0.562067514660338,0.8270913546661884));
#1974=FACE_SURFACE('',(#1979),#1975,.T.);
#1975=PLANE('',#1976);
#1976=AXIS2_PLACEMENT_3D('',#176,#1977,#1978);
#1977=DIRECTION('',(0,0.7901493795793825,-0.6129143153413182));
#1978=DIRECTION('',(1,0,0));
#1979=FACE_BOUND('',#1980,.T.);
#1980=EDGE_LOOP('',(#1981,#1982,#1983));
#1981=ORIENTED_EDGE('',*,*,#1984,.T.);
#1982=ORIENTED_EDGE('',*,*,#1985,.T.);
#1983=ORIENTED_EDGE('',*,*,#1986,.T.);
#1984=EDGE_CURVE('',#177,#175,#1987,.F.);
#1985=EDGE_CURVE('',#175,#179,#1988,.T.);
#1986=EDGE_CURVE('',#179,#177,#1989,.T.);
#1987=LINE('',#176,#1990);
#1988=LINE('',#174,#1991);
#1989=LINE('',#178,#1992);
#1990=VECTOR('',#1993,1.0);
#1991=VECTOR('',#1994,1.0);
#1992=VECTOR('',#1995,1.0);
#1993=DIRECTION('',(1,0,0));
#1994=DIRECTION('',(0,-0.6129143153413182,-0.7901493795793824));
#1995=DIRECTION('',(-0.9999051051912218,0.008443561810392868,0.010885167728880317));
#1996=FACE_SURFACE('',(#2001),#1997,.T.);
#1997=PLANE('',#1998);
#1998=AXIS2_PLACEMENT_3D('',#176,#1999,#2000);
#1999=DIRECTION('',(0,0.7901493795793825,-0.6129143153413182));
#2000=DIRECTION('',(0.9999051051912218,-0.008443561810392868,-0.010885167728880317));
#2001=FACE_BOUND('',#2002,.T.);
#2002=EDGE_LOOP('',(#2003,#2004,#2005));
#2003=ORIENTED_EDGE('',*,*,#2006,.T.);
#2004=ORIENTED_EDGE('',*,*,#2007,.T.);
#2005=ORIENTED_EDGE('',*,*,#2008,.T.);
#2006=EDGE_CURVE('',#177,#179,#2009,.F.);
#2007=EDGE_CURVE('',#179,#181,#2010,.T.);
#2008=EDGE_CURVE('',#181,#177,#2011,.T.);
#2009=LINE('',#176,#2012);
#2010=LINE('',#178,#2013);
#2011=LINE('',#180,#2014);
#2012=VECTOR('',#2015,1.0);
#2013=VECTOR('',#2016,1.0);
#2014=VECTOR('',#2017,1.0);
#2015=DIRECTION('',(0.9999051051912218,-0.008443561810392868,-0.010885167728880317));
#2016=DIRECTION('',(-1,0,0));
#2017=DIRECTION('',(0,0.6129143153413182,0.7901493795793824));
#2018=FACE_SURFACE('',(#2023),#2019,.T.);
#2019=PLANE('',#2020);
#2020=AXIS2_PLACEMENT_3D('',#180,#2021,#2022);
#2021=DIRECTION('',(0,0.7501189517238986,-0.6613029247361903));
#2022=DIRECTION('',(1,0,0));
#2023=FACE_BOUND('',#2024,.T.);
#2024=EDGE_LOOP('',(#2025,#2026,#2027));
#2025=ORIENTED_EDGE('',*,*,#2028,.T.);
#2026=ORIENTED_EDGE('',*,*,#2029,.T.);
#2027=ORIENTED_EDGE('',*,*,#2030,.T.);
#2028=EDGE_CURVE('',#181,#179,#2031,.F.);
#2029=EDGE_CURVE('',#179,#183,#2032,.T.);
#2030=EDGE_CURVE('',#183,#181,#2033,.T.);
#2031=LINE('',#180,#2034);
#2032=LINE('',#178,#2035);
#2033=LINE('',#182,#2036);
#2034=VECTOR('',#2037,1.0);
#2035=VECTOR('',#2038,1.0);
#2036=VECTOR('',#2039,1.0);
#2037=DIRECTION('',(1,0,0));
#2038=DIRECTION('',(0,-0.6613029247361903,-0.7501189517238986));
#2039=DIRECTION('',(-0.999905096814164,0.009110569655151052,0.010334161098797073));
#2040=FACE_SURFACE('',(#2045),#2041,.T.);
#2041=PLANE('',#2042);
#2042=AXIS2_PLACEMENT_3D('',#180,#2043,#2044);
#2043=DIRECTION('',(0,0.7501189517238986,-0.6613029247361903));
#2044=DIRECTION('',(0.999905096814164,-0.009110569655151052,-0.010334161098797073));
#2045=FACE_BOUND('',#2046,.T.);
#2046=EDGE_LOOP('',(#2047,#2048,#2049));
#2047=ORIENTED_EDGE('',*,*,#2050,.T.);
#2048=ORIENTED_EDGE('',*,*,#2051,.T.);
#2049=ORIENTED_EDGE('',*,*,#2052,.T.);
#2050=EDGE_CURVE('',#181,#183,#2053,.F.);
#2051=EDGE_CURVE('',#183,#185,#2054,.T.);
#2052=EDGE_CURVE('',#185,#181,#2055,.T.);
#2053=LINE('',#180,#2056);
#2054=LINE('',#182,#2057);
#2055=LINE('',#184,#2058);
#2056=VECTOR('',#2059,1.0);
#2057=VECTOR('',#2060,1.0);
#2058=VECTOR('',#2061,1.0);
#2059=DIRECTION('',(0.999905096814164,-0.009110569655151052,-0.010334161098797073));
#2060=DIRECTION('',(-1,0,0));
#2061=DIRECTION('',(0,0.6613029247361903,0.7501189517238986));
#2062=FACE_SURFACE('',(#2067),#2063,.T.);
#2063=PLANE('',#2064);
#2064=AXIS2_PLACEMENT_3D('',#184,#2065,#2066);
#2065=DIRECTION('',(0,0.7071270215375014,-0.7070865402562135));
#2066=DIRECTION('',(1,0,0));
#2067=FACE_BOUND('',#2068,.T.);
#2068=EDGE_LOOP('',(#2069,#2070,#2071));
#2069=ORIENTED_EDGE('',*,*,#2072,.T.);
#2070=ORIENTED_EDGE('',*,*,#2073,.T.);
#2071=ORIENTED_EDGE('',*,*,#2074,.T.);
#2072=EDGE_CURVE('',#185,#183,#2075,.F.);
#2073=EDGE_CURVE('',#183,#187,#2076,.T.);
#2074=EDGE_CURVE('',#187,#185,#2077,.T.);
#2075=LINE('',#184,#2078);
#2076=LINE('',#182,#2079);
#2077=LINE('',#186,#2080);
#2078=VECTOR('',#2081,1.0);
#2079=VECTOR('',#2082,1.0);
#2080=VECTOR('',#2083,1.0);
#2081=DIRECTION('',(1,0,0));
#2082=DIRECTION('',(0,-0.7070865402562136,-0.7071270215375015));
#2083=DIRECTION('',(-0.9999050966093714,0.009741327138462954,0.00974188483738884));
#2084=FACE_SURFACE('',(#2089),#2085,.T.);
#2085=PLANE('',#2086);
#2086=AXIS2_PLACEMENT_3D('',#184,#2087,#2088);
#2087=DIRECTION('',(-7.888028221084746E-07,0.707086539097134,-0.7071270226960746));
#2088=DIRECTION('',(0.9999050966093714,-0.009741327138462954,-0.00974188483738884));
#2089=FACE_BOUND('',#2090,.T.);
#2090=EDGE_LOOP('',(#2091,#2092,#2093));
#2091=ORIENTED_EDGE('',*,*,#2094,.T.);
#2092=ORIENTED_EDGE('',*,*,#2095,.T.);
#2093=ORIENTED_EDGE('',*,*,#2096,.T.);
#2094=EDGE_CURVE('',#185,#187,#2097,.F.);
#2095=EDGE_CURVE('',#187,#189,#2098,.T.);
#2096=EDGE_CURVE('',#189,#185,#2099,.T.);
#2097=LINE('',#184,#2100);
#2098=LINE('',#186,#2101);
#2099=LINE('',#188,#2102);
#2100=VECTOR('',#2103,1.0);
#2101=VECTOR('',#2104,1.0);
#2102=VECTOR('',#2105,1.0);
#2103=DIRECTION('',(0.9999050966093714,-0.009741327138462954,-0.00974188483738884));
#2104=DIRECTION('',(-0.9999999999993778,0,1.1155037168576906E-06));
#2105=DIRECTION('',(0,0.7071270226962947,0.707086539097354));
#2106=FACE_SURFACE('',(#2111),#2107,.T.);
#2107=PLANE('',#2108);
#2108=AXIS2_PLACEMENT_3D('',#188,#2109,#2110);
#2109=DIRECTION('',(-8.367604787336312E-07,0.661302924735959,-0.7501189517236361));
#2110=DIRECTION('',(0.9999999999993778,0,-1.1155037168576906E-06));
#2111=FACE_BOUND('',#2112,.T.);
#2112=EDGE_LOOP('',(#2113,#2114,#2115));
#2113=ORIENTED_EDGE('',*,*,#2116,.T.);
#2114=ORIENTED_EDGE('',*,*,#2117,.T.);
#2115=ORIENTED_EDGE('',*,*,#2118,.T.);
#2116=EDGE_CURVE('',#189,#187,#2119,.F.);
#2117=EDGE_CURVE('',#187,#191,#2120,.T.);
#2118=EDGE_CURVE('',#191,#189,#2121,.T.);
#2119=LINE('',#188,#2122);
#2120=LINE('',#186,#2123);
#2121=LINE('',#190,#2124);
#2122=VECTOR('',#2125,1.0);
#2123=VECTOR('',#2126,1.0);
#2124=VECTOR('',#2127,1.0);
#2125=DIRECTION('',(0.9999999999993778,0,-1.1155037168576906E-06));
#2126=DIRECTION('',(0,-0.7501189517238986,-0.6613029247361903));
#2127=DIRECTION('',(-0.9999050866525968,0.010334160993775834,0.009111684960405266));
#2128=FACE_SURFACE('',(#2133),#2129,.T.);
#2129=PLANE('',#2130);
#2130=AXIS2_PLACEMENT_3D('',#188,#2131,#2132);
#2131=DIRECTION('',(-8.367604787336312E-07,0.661302924735959,-0.7501189517236361));
#2132=DIRECTION('',(0.9999050866525968,-0.010334160993775834,-0.009111684960405266));
#2133=FACE_BOUND('',#2134,.T.);
#2134=EDGE_LOOP('',(#2135,#2136,#2137));
#2135=ORIENTED_EDGE('',*,*,#2138,.T.);
#2136=ORIENTED_EDGE('',*,*,#2139,.T.);
#2137=ORIENTED_EDGE('',*,*,#2140,.T.);
#2138=EDGE_CURVE('',#189,#191,#2141,.F.);
#2139=EDGE_CURVE('',#191,#193,#2142,.T.);
#2140=EDGE_CURVE('',#193,#189,#2143,.T.);
#2141=LINE('',#188,#2144);
#2142=LINE('',#190,#2145);
#2143=LINE('',#192,#2146);
#2144=VECTOR('',#2147,1.0);
#2145=VECTOR('',#2148,1.0);
#2146=VECTOR('',#2149,1.0);
#2147=DIRECTION('',(0.9999050866525968,-0.010334160993775834,-0.009111684960405266));
#2148=DIRECTION('',(-0.9999999999993778,0,1.1155037168576906E-06));
#2149=DIRECTION('',(0,0.7501189517238986,0.6613029247361903));
#2150=FACE_SURFACE('',(#2155),#2151,.T.);
#2151=PLANE('',#2152);
#2152=AXIS2_PLACEMENT_3D('',#192,#2153,#2154);
#2153=DIRECTION('',(-8.814145697938055E-07,0.6129143153410803,-0.7901493795790756));
#2154=DIRECTION('',(0.9999999999993778,0,-1.1155037168576906E-06));
#2155=FACE_BOUND('',#2156,.T.);
#2156=EDGE_LOOP('',(#2157,#2158,#2159));
#2157=ORIENTED_EDGE('',*,*,#2160,.T.);
#2158=ORIENTED_EDGE('',*,*,#2161,.T.);
#2159=ORIENTED_EDGE('',*,*,#2162,.T.);
#2160=EDGE_CURVE('',#193,#191,#2163,.F.);
#2161=EDGE_CURVE('',#191,#195,#2164,.T.);
#2162=EDGE_CURVE('',#195,#193,#2165,.T.);
#2163=LINE('',#192,#2166);
#2164=LINE('',#190,#2167);
#2165=LINE('',#194,#2168);
#2166=VECTOR('',#2169,1.0);
#2167=VECTOR('',#2170,1.0);
#2168=VECTOR('',#2171,1.0);
#2169=DIRECTION('',(0.9999999999993778,0,-1.1155037168576906E-06));
#2170=DIRECTION('',(0,-0.7901493795793824,-0.6129143153413182));
#2171=DIRECTION('',(-0.9999050957735628,0.01088516762635779,0.008444677128717576));
#2172=FACE_SURFACE('',(#2177),#2173,.T.);
#2173=PLANE('',#2174);
#2174=AXIS2_PLACEMENT_3D('',#192,#2175,#2176);
#2175=DIRECTION('',(-8.814145697938055E-07,0.6129143153410803,-0.7901493795790756));
#2176=DIRECTION('',(0.9999050957735628,-0.01088516762635779,-0.008444677128717576));
#2177=FACE_BOUND('',#2178,.T.);
#2178=EDGE_LOOP('',(#2179,#2180,#2181));
#2179=ORIENTED_EDGE('',*,*,#2182,.T.);
#2180=ORIENTED_EDGE('',*,*,#2183,.T.);
#2181=ORIENTED_EDGE('',*,*,#2184,.T.);
#2182=EDGE_CURVE('',#193,#195,#2185,.F.);
#2183=EDGE_CURVE('',#195,#197,#2186,.T.);
#2184=EDGE_CURVE('',#197,#193,#2187,.T.);
#2185=LINE('',#192,#2188);
#2186=LINE('',#194,#2189);
#2187=LINE('',#196,#2190);
#2188=VECTOR('',#2191,1.0);
#2189=VECTOR('',#2192,1.0);
#2190=VECTOR('',#2193,1.0);
#2191=DIRECTION('',(0.9999050957735628,-0.01088516762635779,-0.008444677128717576));
#2192=DIRECTION('',(-0.9999999999993778,0,1.1155037168576906E-06));
#2193=DIRECTION('',(0,0.7901493795793824,0.6129143153413182));
#2194=FACE_SURFACE('',(#2199),#2195,.T.);
#2195=PLANE('',#2196);
#2196=AXIS2_PLACEMENT_3D('',#196,#2197,#2198);
#2197=DIRECTION('',(-9.22630207103891E-07,0.5620586409133363,-0.8270973849395258));
#2198=DIRECTION('',(0.9999999999993778,0,-1.1155037168576906E-06));
#2199=FACE_BOUND('',#2200,.T.);
#2200=EDGE_LOOP('',(#2201,#2202,#2203));
#2201=ORIENTED_EDGE('',*,*,#2204,.T.);
#2202=ORIENTED_EDGE('',*,*,#2205,.T.);
#2203=ORIENTED_EDGE('',*,*,#2206,.T.);
#2204=EDGE_CURVE('',#197,#195,#2207,.F.);
#2205=EDGE_CURVE('',#195,#199,#2208,.T.);
#2206=EDGE_CURVE('',#199,#197,#2209,.T.);
#2207=LINE('',#196,#2210);
#2208=LINE('',#194,#2211);
#2209=LINE('',#198,#2212);
#2210=VECTOR('',#2213,1.0);
#2211=VECTOR('',#2214,1.0);
#2212=VECTOR('',#2215,1.0);
#2213=DIRECTION('',(0.9999999999993778,0,-1.1155037168576906E-06));
#2214=DIRECTION('',(0,-0.8270973849398777,-0.5620586409135756));
#2215=DIRECTION('',(-0.9999050935547434,0.011394346719982332,0.007744207261204771));
#2216=FACE_SURFACE('',(#2221),#2217,.T.);
#2217=PLANE('',#2218);
#2218=AXIS2_PLACEMENT_3D('',#196,#2219,#2220);
#2219=DIRECTION('',(0,0.5621140244482343,-0.8270597460393111));
#2220=DIRECTION('',(0.9999050935547434,-0.011394346719982332,-0.007744207261204771));
#2221=FACE_BOUND('',#2222,.T.);
#2222=EDGE_LOOP('',(#2223,#2224,#2225));
#2223=ORIENTED_EDGE('',*,*,#2226,.T.);
#2224=ORIENTED_EDGE('',*,*,#2227,.T.);
#2225=ORIENTED_EDGE('',*,*,#2228,.T.);
#2226=EDGE_CURVE('',#197,#199,#2229,.F.);
#2227=EDGE_CURVE('',#199,#201,#2230,.T.);
#2228=EDGE_CURVE('',#201,#197,#2231,.T.);
#2229=LINE('',#196,#2232);
#2230=LINE('',#198,#2233);
#2231=LINE('',#200,#2234);
#2232=VECTOR('',#2235,1.0);
#2233=VECTOR('',#2236,1.0);
#2234=VECTOR('',#2237,1.0);
#2235=DIRECTION('',(0.9999050935547434,-0.011394346719982332,-0.007744207261204771));
#2236=DIRECTION('',(-1,0,0));
#2237=DIRECTION('',(0,0.8270597460393111,0.5621140244482342));
#2238=FACE_SURFACE('',(#2243),#2239,.T.);
#2239=PLANE('',#2240);
#2240=AXIS2_PLACEMENT_3D('',#200,#2241,#2242);
#2241=DIRECTION('',(0,0.5090743106573142,-0.8607225721617742));
#2242=DIRECTION('',(1,0,0));
#2243=FACE_BOUND('',#2244,.T.);
#2244=EDGE_LOOP('',(#2245,#2246,#2247));
#2245=ORIENTED_EDGE('',*,*,#2248,.T.);
#2246=ORIENTED_EDGE('',*,*,#2249,.T.);
#2247=ORIENTED_EDGE('',*,*,#2250,.T.);
#2248=EDGE_CURVE('',#201,#199,#2251,.F.);
#2249=EDGE_CURVE('',#199,#203,#2252,.T.);
#2250=EDGE_CURVE('',#203,#201,#2253,.T.);
#2251=LINE('',#200,#2254);
#2252=LINE('',#198,#2255);
#2253=LINE('',#202,#2256);
#2254=VECTOR('',#2257,1.0);
#2255=VECTOR('',#2258,1.0);
#2256=VECTOR('',#2259,1.0);
#2257=DIRECTION('',(1,0,0));
#2258=DIRECTION('',(0,-0.8607225721617741,-0.5090743106573141));
#2259=DIRECTION('',(-0.9999050897935268,0.0118583521802965,0.00701362164414282));
#2260=FACE_SURFACE('',(#2265),#2261,.T.);
#2261=PLANE('',#2262);
#2262=AXIS2_PLACEMENT_3D('',#200,#2263,#2264);
#2263=DIRECTION('',(-9.60178799369058E-07,0.5090143285273303,-0.8607580457671883));
#2264=DIRECTION('',(0.9999050897935268,-0.0118583521802965,-0.00701362164414282));
#2265=FACE_BOUND('',#2266,.T.);
#2266=EDGE_LOOP('',(#2267,#2268,#2269));
#2267=ORIENTED_EDGE('',*,*,#2270,.T.);
#2268=ORIENTED_EDGE('',*,*,#2271,.T.);
#2269=ORIENTED_EDGE('',*,*,#2272,.T.);
#2270=EDGE_CURVE('',#201,#203,#2273,.F.);
#2271=EDGE_CURVE('',#203,#205,#2274,.T.);
#2272=EDGE_CURVE('',#205,#201,#2275,.T.);
#2273=LINE('',#200,#2276);
#2274=LINE('',#202,#2277);
#2275=LINE('',#204,#2278);
#2276=VECTOR('',#2279,1.0);
#2277=VECTOR('',#2280,1.0);
#2278=VECTOR('',#2281,1.0);
#2279=DIRECTION('',(0.9999050897935268,-0.0118583521802965,-0.00701362164414282));
#2280=DIRECTION('',(-0.9999999999993778,0,1.1155037168576906E-06));
#2281=DIRECTION('',(0,0.8607580457675851,0.509014328527565));
#2282=FACE_SURFACE('',(#2287),#2283,.T.);
#2283=PLANE('',#2284);
#2284=AXIS2_PLACEMENT_3D('',#204,#2285,#2286);
#2285=DIRECTION('',(-9.939330566346214E-07,0.453969444178903,-0.8910172522184462));
#2286=DIRECTION('',(0.9999999999993778,0,-1.1155037168576906E-06));
#2287=FACE_BOUND('',#2288,.T.);
#2288=EDGE_LOOP('',(#2289,#2290,#2291));
#2289=ORIENTED_EDGE('',*,*,#2292,.T.);
#2290=ORIENTED_EDGE('',*,*,#2293,.T.);
#2291=ORIENTED_EDGE('',*,*,#2294,.T.);
#2292=EDGE_CURVE('',#205,#203,#2295,.F.);
#2293=EDGE_CURVE('',#203,#207,#2296,.T.);
#2294=EDGE_CURVE('',#207,#205,#2297,.T.);
#2295=LINE('',#204,#2298);
#2296=LINE('',#202,#2299);
#2297=LINE('',#206,#2300);
#2298=VECTOR('',#2301,1.0);
#2299=VECTOR('',#2302,1.0);
#2300=VECTOR('',#2303,1.0);
#2301=DIRECTION('',(0.9999999999993778,0,-1.1155037168576906E-06));
#2302=DIRECTION('',(0,-0.8910172522188862,-0.4539694441791272));
#2303=DIRECTION('',(-0.9999050947988932,0.012274953336540578,0.006255151141419315));
#2304=FACE_SURFACE('',(#2309),#2305,.T.);
#2305=PLANE('',#2306);
#2306=AXIS2_PLACEMENT_3D('',#204,#2307,#2308);
#2307=DIRECTION('',(-9.939330566346214E-07,0.453969444178903,-0.8910172522184462));
#2308=DIRECTION('',(0.9999050947988932,-0.012274953336540578,-0.006255151141419315));
#2309=FACE_BOUND('',#2310,.T.);
#2310=EDGE_LOOP('',(#2311,#2312,#2313));
#2311=ORIENTED_EDGE('',*,*,#2314,.T.);
#2312=ORIENTED_EDGE('',*,*,#2315,.T.);
#2313=ORIENTED_EDGE('',*,*,#2316,.T.);
#2314=EDGE_CURVE('',#205,#207,#2317,.F.);
#2315=EDGE_CURVE('',#207,#209,#2318,.T.);
#2316=EDGE_CURVE('',#209,#205,#2319,.T.);
#2317=LINE('',#204,#2320);
#2318=LINE('',#206,#2321);
#2319=LINE('',#208,#2322);
#2320=VECTOR('',#2323,1.0);
#2321=VECTOR('',#2324,1.0);
#2322=VECTOR('',#2325,1.0);
#2323=DIRECTION('',(0.9999050947988932,-0.012274953336540578,-0.006255151141419315));
#2324=DIRECTION('',(-0.9999999999993778,0,1.1155037168576906E-06));
#2325=DIRECTION('',(0,0.8910172522188862,0.4539694441791272));
#2326=FACE_SURFACE('',(#2331),#2327,.T.);
#2327=PLANE('',#2328);
#2328=AXIS2_PLACEMENT_3D('',#208,#2329,#2330);
#2329=DIRECTION('',(-1.0237688636850388E-06,0.39712682695726964,-0.9177637404636351));
#2330=DIRECTION('',(0.9999999999993778,0,-1.1155037168576906E-06));
#2331=FACE_BOUND('',#2332,.T.);
#2332=EDGE_LOOP('',(#2333,#2334,#2335));
#2333=ORIENTED_EDGE('',*,*,#2336,.T.);
#2334=ORIENTED_EDGE('',*,*,#2337,.T.);
#2335=ORIENTED_EDGE('',*,*,#2338,.T.);
#2336=EDGE_CURVE('',#209,#207,#2339,.F.);
#2337=EDGE_CURVE('',#207,#211,#2340,.T.);
#2338=EDGE_CURVE('',#211,#209,#2341,.T.);
#2339=LINE('',#208,#2342);
#2340=LINE('',#206,#2343);
#2341=LINE('',#210,#2344);
#2342=VECTOR('',#2345,1.0);
#2343=VECTOR('',#2346,1.0);
#2344=VECTOR('',#2347,1.0);
#2345=DIRECTION('',(0.9999999999993778,0,-1.1155037168576906E-06));
#2346=DIRECTION('',(0,-0.9177637404641161,-0.3971268269574778));
#2347=DIRECTION('',(-0.9999050931149915,0.012643592304591621,0.005472141841676723));
#2348=FACE_SURFACE('',(#2353),#2349,.T.);
#2349=PLANE('',#2350);
#2350=AXIS2_PLACEMENT_3D('',#208,#2351,#2352);
#2351=DIRECTION('',(0,0.3971950185853789,-0.9177342301619573));
#2352=DIRECTION('',(0.9999050931149915,-0.012643592304591621,-0.005472141841676723));
#2353=FACE_BOUND('',#2354,.T.);
#2354=EDGE_LOOP('',(#2355,#2356,#2357));
#2355=ORIENTED_EDGE('',*,*,#2358,.T.);
#2356=ORIENTED_EDGE('',*,*,#2359,.T.);
#2357=ORIENTED_EDGE('',*,*,#2360,.T.);
#2358=EDGE_CURVE('',#209,#211,#2361,.F.);
#2359=EDGE_CURVE('',#211,#213,#2362,.T.);
#2360=EDGE_CURVE('',#213,#209,#2363,.T.);
#2361=LINE('',#208,#2364);
#2362=LINE('',#210,#2365);
#2363=LINE('',#212,#2366);
#2364=VECTOR('',#2367,1.0);
#2365=VECTOR('',#2368,1.0);
#2366=VECTOR('',#2369,1.0);
#2367=DIRECTION('',(0.9999050931149915,-0.012643592304591621,-0.005472141841676723));
#2368=DIRECTION('',(-1,0,0));
#2369=DIRECTION('',(0,0.9177342301619574,0.3971950185853789));
#2370=FACE_SURFACE('',(#2375),#2371,.T.);
#2371=PLANE('',#2372);
#2372=AXIS2_PLACEMENT_3D('',#212,#2373,#2374);
#2373=DIRECTION('',(0,0.33875100483056186,-0.9408760581108889));
#2374=DIRECTION('',(1,0,0));
#2375=FACE_BOUND('',#2376,.T.);
#2376=EDGE_LOOP('',(#2377,#2378,#2379));
#2377=ORIENTED_EDGE('',*,*,#2380,.T.);
#2378=ORIENTED_EDGE('',*,*,#2381,.T.);
#2379=ORIENTED_EDGE('',*,*,#2382,.T.);
#2380=EDGE_CURVE('',#213,#211,#2383,.F.);
#2381=EDGE_CURVE('',#211,#215,#2384,.T.);
#2382=EDGE_CURVE('',#215,#213,#2385,.T.);
#2383=LINE('',#212,#2386);
#2384=LINE('',#210,#2387);
#2385=LINE('',#214,#2388);
#2386=VECTOR('',#2389,1.0);
#2387=VECTOR('',#2390,1.0);
#2388=VECTOR('',#2391,1.0);
#2389=DIRECTION('',(1,0,0));
#2390=DIRECTION('',(0,-0.9408760581108888,-0.3387510048305618));
#2391=DIRECTION('',(-0.9999050986502996,0.012962038461915735,0.004666824621345446));
#2392=FACE_SURFACE('',(#2397),#2393,.T.);
#2393=PLANE('',#2394);
#2394=AXIS2_PLACEMENT_3D('',#212,#2395,#2396);
#2395=DIRECTION('',(0,0.33875100483056186,-0.9408760581108889));
#2396=DIRECTION('',(0.9999050986502996,-0.012962038461915735,-0.004666824621345446));
#2397=FACE_BOUND('',#2398,.T.);
#2398=EDGE_LOOP('',(#2399,#2400,#2401));
#2399=ORIENTED_EDGE('',*,*,#2402,.T.);
#2400=ORIENTED_EDGE('',*,*,#2403,.T.);
#2401=ORIENTED_EDGE('',*,*,#2404,.T.);
#2402=EDGE_CURVE('',#213,#215,#2405,.F.);
#2403=EDGE_CURVE('',#215,#217,#2406,.T.);
#2404=EDGE_CURVE('',#217,#213,#2407,.T.);
#2405=LINE('',#212,#2408);
#2406=LINE('',#214,#2409);
#2407=LINE('',#216,#2410);
#2408=VECTOR('',#2411,1.0);
#2409=VECTOR('',#2412,1.0);
#2410=VECTOR('',#2413,1.0);
#2411=DIRECTION('',(0.9999050986502996,-0.012962038461915735,-0.004666824621345446));
#2412=DIRECTION('',(-1,0,0));
#2413=DIRECTION('',(0,0.9408760581108888,0.3387510048305618));
#2414=FACE_SURFACE('',(#2419),#2415,.T.);
#2415=PLANE('',#2416);
#2416=AXIS2_PLACEMENT_3D('',#216,#2417,#2418);
#2417=DIRECTION('',(0,0.2790065027509884,-0.9602892123848225));
#2418=DIRECTION('',(1,0,0));
#2419=FACE_BOUND('',#2420,.T.);
#2420=EDGE_LOOP('',(#2421,#2422,#2423));
#2421=ORIENTED_EDGE('',*,*,#2424,.T.);
#2422=ORIENTED_EDGE('',*,*,#2425,.T.);
#2423=ORIENTED_EDGE('',*,*,#2426,.T.);
#2424=EDGE_CURVE('',#217,#215,#2427,.F.);
#2425=EDGE_CURVE('',#215,#219,#2428,.T.);
#2426=EDGE_CURVE('',#219,#217,#2429,.T.);
#2427=LINE('',#216,#2430);
#2428=LINE('',#214,#2431);
#2429=LINE('',#218,#2432);
#2430=VECTOR('',#2433,1.0);
#2431=VECTOR('',#2434,1.0);
#2432=VECTOR('',#2435,1.0);
#2433=DIRECTION('',(1,0,0));
#2434=DIRECTION('',(0,-0.9602892123848226,-0.2790065027509884));
#2435=DIRECTION('',(-0.999905103079386,0.013229176306559448,0.003843661022082025));
#2436=FACE_SURFACE('',(#2441),#2437,.T.);
#2437=PLANE('',#2438);
#2438=AXIS2_PLACEMENT_3D('',#216,#2439,#2440);
#2439=DIRECTION('',(-1.0712303813710879E-06,0.2789318376136308,-0.9603109027623999));
#2440=DIRECTION('',(0.999905103079386,-0.013229176306559448,-0.003843661022082025));
#2441=FACE_BOUND('',#2442,.T.);
#2442=EDGE_LOOP('',(#2443,#2444,#2445));
#2443=ORIENTED_EDGE('',*,*,#2446,.T.);
#2444=ORIENTED_EDGE('',*,*,#2447,.T.);
#2445=ORIENTED_EDGE('',*,*,#2448,.T.);
#2446=EDGE_CURVE('',#217,#219,#2449,.F.);
#2447=EDGE_CURVE('',#219,#221,#2450,.T.);
#2448=EDGE_CURVE('',#221,#217,#2451,.T.);
#2449=LINE('',#216,#2452);
#2450=LINE('',#218,#2453);
#2451=LINE('',#220,#2454);
#2452=VECTOR('',#2455,1.0);
#2453=VECTOR('',#2456,1.0);
#2454=VECTOR('',#2457,1.0);
#2455=DIRECTION('',(0.999905103079386,-0.013229176306559448,-0.003843661022082025));
#2456=DIRECTION('',(-0.9999999999993778,0,1.1155037168576906E-06));
#2457=DIRECTION('',(0,0.960310902762951,0.2789318376137908));
#2458=FACE_SURFACE('',(#2463),#2459,.T.);
#2459=PLANE('',#2460);
#2460=AXIS2_PLACEMENT_3D('',#220,#2461,#2462);
#2461=DIRECTION('',(-1.0886462391492785E-06,0.21811330531622683,-0.9759234529628056));
#2462=DIRECTION('',(0.9999999999993778,0,-1.1155037168576906E-06));
#2463=FACE_BOUND('',#2464,.T.);
#2464=EDGE_LOOP('',(#2465,#2466,#2467));
#2465=ORIENTED_EDGE('',*,*,#2468,.T.);
#2466=ORIENTED_EDGE('',*,*,#2469,.T.);
#2467=ORIENTED_EDGE('',*,*,#2470,.T.);
#2468=EDGE_CURVE('',#221,#219,#2471,.F.);
#2469=EDGE_CURVE('',#219,#223,#2472,.T.);
#2470=EDGE_CURVE('',#223,#221,#2473,.T.);
#2471=LINE('',#220,#2474);
#2472=LINE('',#218,#2475);
#2473=LINE('',#222,#2476);
#2474=VECTOR('',#2477,1.0);
#2475=VECTOR('',#2478,1.0);
#2476=VECTOR('',#2479,1.0);
#2477=DIRECTION('',(0.9999999999993778,0,-1.1155037168576906E-06));
#2478=DIRECTION('',(0,-0.9759234529633838,-0.21811330531635606));
#2479=DIRECTION('',(-0.9999050933981557,0.013445005662097604,0.00300599720087548));
#2480=FACE_SURFACE('',(#2485),#2481,.T.);
#2481=PLANE('',#2482);
#2482=AXIS2_PLACEMENT_3D('',#220,#2483,#2484);
#2483=DIRECTION('',(0,0.21819041422785843,-0.9759062163646032));
#2484=DIRECTION('',(0.9999050933981557,-0.013445005662097604,-0.00300599720087548));
#2485=FACE_BOUND('',#2486,.T.);
#2486=EDGE_LOOP('',(#2487,#2488,#2489));
#2487=ORIENTED_EDGE('',*,*,#2490,.T.);
#2488=ORIENTED_EDGE('',*,*,#2491,.T.);
#2489=ORIENTED_EDGE('',*,*,#2492,.T.);
#2490=EDGE_CURVE('',#221,#223,#2493,.F.);
#2491=EDGE_CURVE('',#223,#225,#2494,.T.);
#2492=EDGE_CURVE('',#225,#221,#2495,.T.);
#2493=LINE('',#220,#2496);
#2494=LINE('',#222,#2497);
#2495=LINE('',#224,#2498);
#2496=VECTOR('',#2499,1.0);
#2497=VECTOR('',#2500,1.0);
#2498=VECTOR('',#2501,1.0);
#2499=DIRECTION('',(0.9999050933981557,-0.013445005662097604,-0.00300599720087548));
#2500=DIRECTION('',(-1,0,0));
#2501=DIRECTION('',(0,0.9759062163646032,0.21819041422785843));
#2502=FACE_SURFACE('',(#2507),#2503,.T.);
#2503=PLANE('',#2504);
#2504=AXIS2_PLACEMENT_3D('',#224,#2505,#2506);
#2505=DIRECTION('',(0,0.15642405599443107,-0.9876899891698057));
#2506=DIRECTION('',(1,0,0));
#2507=FACE_BOUND('',#2508,.T.);
#2508=EDGE_LOOP('',(#2509,#2510,#2511));
#2509=ORIENTED_EDGE('',*,*,#2512,.T.);
#2510=ORIENTED_EDGE('',*,*,#2513,.T.);
#2511=ORIENTED_EDGE('',*,*,#2514,.T.);
#2512=EDGE_CURVE('',#225,#223,#2515,.F.);
#2513=EDGE_CURVE('',#223,#227,#2516,.T.);
#2514=EDGE_CURVE('',#227,#225,#2517,.T.);
#2515=LINE('',#224,#2518);
#2516=LINE('',#222,#2519);
#2517=LINE('',#226,#2520);
#2518=VECTOR('',#2521,1.0);
#2519=VECTOR('',#2522,1.0);
#2520=VECTOR('',#2523,1.0);
#2521=DIRECTION('',(1,0,0));
#2522=DIRECTION('',(0,-0.9876899891698059,-0.1564240559944311));
#2523=DIRECTION('',(-0.9999051019294687,0.0136067384661797,0.0021549486610918252));
#2524=FACE_SURFACE('',(#2529),#2525,.T.);
#2525=PLANE('',#2526);
#2526=AXIS2_PLACEMENT_3D('',#224,#2527,#2528);
#2527=DIRECTION('',(0,0.15642405599443107,-0.9876899891698057));
#2528=DIRECTION('',(0.9999051019294687,-0.0136067384661797,-0.0021549486610918252));
#2529=FACE_BOUND('',#2530,.T.);
#2530=EDGE_LOOP('',(#2531,#2532,#2533));
#2531=ORIENTED_EDGE('',*,*,#2534,.T.);
#2532=ORIENTED_EDGE('',*,*,#2535,.T.);
#2533=ORIENTED_EDGE('',*,*,#2536,.T.);
#2534=EDGE_CURVE('',#225,#227,#2537,.F.);
#2535=EDGE_CURVE('',#227,#229,#2538,.T.);
#2536=EDGE_CURVE('',#229,#225,#2539,.T.);
#2537=LINE('',#224,#2540);
#2538=LINE('',#226,#2541);
#2539=LINE('',#228,#2542);
#2540=VECTOR('',#2543,1.0);
#2541=VECTOR('',#2544,1.0);
#2542=VECTOR('',#2545,1.0);
#2543=DIRECTION('',(0.9999051019294687,-0.0136067384661797,-0.0021549486610918252));
#2544=DIRECTION('',(-1,0,0));
#2545=DIRECTION('',(0,0.9876899891698059,0.1564240559944311));
#2546=FACE_SURFACE('',(#2551),#2547,.T.);
#2547=PLANE('',#2548);
#2548=AXIS2_PLACEMENT_3D('',#228,#2549,#2550);
#2549=DIRECTION('',(0,0.09415955193143011,-0.9955571197977905));
#2550=DIRECTION('',(1,0,0));
#2551=FACE_BOUND('',#2552,.T.);
#2552=EDGE_LOOP('',(#2553,#2554,#2555));
#2553=ORIENTED_EDGE('',*,*,#2556,.T.);
#2554=ORIENTED_EDGE('',*,*,#2557,.T.);
#2555=ORIENTED_EDGE('',*,*,#2558,.T.);
#2556=EDGE_CURVE('',#229,#227,#2559,.F.);
#2557=EDGE_CURVE('',#227,#231,#2560,.T.);
#2558=EDGE_CURVE('',#231,#229,#2561,.T.);
#2559=LINE('',#228,#2562);
#2560=LINE('',#226,#2563);
#2561=LINE('',#230,#2564);
#2562=VECTOR('',#2565,1.0);
#2563=VECTOR('',#2566,1.0);
#2564=VECTOR('',#2567,1.0);
#2565=DIRECTION('',(1,0,0));
#2566=DIRECTION('',(0,-0.9955571197977906,-0.09415955193143012));
#2567=DIRECTION('',(-0.9999050967941047,0.01371548968686551,0.0012972077018521197));
#2568=FACE_SURFACE('',(#2573),#2569,.T.);
#2569=PLANE('',#2570);
#2570=AXIS2_PLACEMENT_3D('',#228,#2571,#2572);
#2571=DIRECTION('',(-1.1105561300913077E-06,0.09407930618912609,-0.9955647061571334));
#2572=DIRECTION('',(0.9999050967941047,-0.01371548968686551,-0.0012972077018521197));
#2573=FACE_BOUND('',#2574,.T.);
#2574=EDGE_LOOP('',(#2575,#2576,#2577));
#2575=ORIENTED_EDGE('',*,*,#2578,.T.);
#2576=ORIENTED_EDGE('',*,*,#2579,.T.);
#2577=ORIENTED_EDGE('',*,*,#2580,.T.);
#2578=EDGE_CURVE('',#229,#231,#2581,.F.);
#2579=EDGE_CURVE('',#231,#233,#2582,.T.);
#2580=EDGE_CURVE('',#233,#229,#2583,.T.);
#2581=LINE('',#228,#2584);
#2582=LINE('',#230,#2585);
#2583=LINE('',#232,#2586);
#2584=VECTOR('',#2587,1.0);
#2585=VECTOR('',#2588,1.0);
#2586=VECTOR('',#2589,1.0);
#2587=DIRECTION('',(0.9999050967941047,-0.01371548968686551,-0.0012972077018521197));
#2588=DIRECTION('',(-0.9999999999993778,0,1.1155037168576906E-06));
#2589=DIRECTION('',(0,0.9955647061577474,0.09407930618918411));
#2590=FACE_SURFACE('',(#2595),#2591,.T.);
#2591=PLANE('',#2592);
#2592=AXIS2_PLACEMENT_3D('',#232,#2593,#2594);
#2593=DIRECTION('',(-1.114953161899543E-06,0.03141421654605759,-0.9995064517038168));
#2594=DIRECTION('',(0.9999999999993778,0,-1.1155037168576906E-06));
#2595=FACE_BOUND('',#2596,.T.);
#2596=EDGE_LOOP('',(#2597,#2598,#2599));
#2597=ORIENTED_EDGE('',*,*,#2600,.T.);
#2598=ORIENTED_EDGE('',*,*,#2601,.T.);
#2599=ORIENTED_EDGE('',*,*,#2602,.T.);
#2600=EDGE_CURVE('',#233,#231,#2603,.F.);
#2601=EDGE_CURVE('',#231,#235,#2604,.T.);
#2602=EDGE_CURVE('',#235,#233,#2605,.T.);
#2603=LINE('',#232,#2606);
#2604=LINE('',#230,#2607);
#2605=LINE('',#234,#2608);
#2606=VECTOR('',#2609,1.0);
#2607=VECTOR('',#2610,1.0);
#2608=VECTOR('',#2611,1.0);
#2609=DIRECTION('',(0.9999999999993778,0,-1.1155037168576906E-06));
#2610=DIRECTION('',(0,-0.9995064517044381,-0.031414216546077116));
#2611=DIRECTION('',(-0.9999051006102126,0.013769586535237731,0.00043388976607593985));
#2612=FACE_SURFACE('',(#2617),#2613,.T.);
#2613=PLANE('',#2614);
#2614=AXIS2_PLACEMENT_3D('',#232,#2615,#2616);
#2615=DIRECTION('',(-1.114953161899543E-06,0.03141421654605759,-0.9995064517038168));
#2616=DIRECTION('',(0.9999051006102126,-0.013769586535237731,-0.00043388976607593985));
#2617=FACE_BOUND('',#2618,.T.);
#2618=EDGE_LOOP('',(#2619,#2620,#2621));
#2619=ORIENTED_EDGE('',*,*,#2622,.T.);
#2620=ORIENTED_EDGE('',*,*,#2623,.T.);
#2621=ORIENTED_EDGE('',*,*,#2624,.T.);
#2622=EDGE_CURVE('',#233,#235,#2625,.F.);
#2623=EDGE_CURVE('',#235,#237,#2626,.T.);
#2624=EDGE_CURVE('',#237,#233,#2627,.T.);
#2625=LINE('',#232,#2628);
#2626=LINE('',#234,#2629);
#2627=LINE('',#236,#2630);
#2628=VECTOR('',#2631,1.0);
#2629=VECTOR('',#2632,1.0);
#2630=VECTOR('',#2633,1.0);
#2631=DIRECTION('',(0.9999051006102126,-0.013769586535237731,-0.00043388976607593985));
#2632=DIRECTION('',(-0.9999999999993778,0,1.1155037168576906E-06));
#2633=DIRECTION('',(0,0.9995064517044381,0.031414216546077116));
#2634=FACE_SURFACE('',(#2639),#2635,.T.);
#2635=PLANE('',#2636);
#2636=AXIS2_PLACEMENT_3D('',#236,#2637,#2638);
#2637=DIRECTION('',(-1.114953161899543E-06,-0.03141421654605759,-0.9995064517038168));
#2638=DIRECTION('',(0.9999999999993778,0,-1.1155037168576906E-06));
#2639=FACE_BOUND('',#2640,.T.);
#2640=EDGE_LOOP('',(#2641,#2642,#2643));
#2641=ORIENTED_EDGE('',*,*,#2644,.T.);
#2642=ORIENTED_EDGE('',*,*,#2645,.T.);
#2643=ORIENTED_EDGE('',*,*,#2646,.T.);
#2644=EDGE_CURVE('',#237,#235,#2647,.F.);
#2645=EDGE_CURVE('',#235,#239,#2648,.T.);
#2646=EDGE_CURVE('',#239,#237,#2649,.T.);
#2647=LINE('',#236,#2650);
#2648=LINE('',#234,#2651);
#2649=LINE('',#238,#2652);
#2650=VECTOR('',#2653,1.0);
#2651=VECTOR('',#2654,1.0);
#2652=VECTOR('',#2655,1.0);
#2653=DIRECTION('',(0.9999999999993778,0,-1.1155037168576906E-06));
#2654=DIRECTION('',(0,-0.9995064517044381,0.031414216546077116));
#2655=DIRECTION('',(-0.9999051015755522,0.01376958654853132,-0.0004316589707802042));
#2656=FACE_SURFACE('',(#2661),#2657,.T.);
#2657=PLANE('',#2658);
#2658=AXIS2_PLACEMENT_3D('',#236,#2659,#2660);
#2659=DIRECTION('',(-1.114953161899543E-06,-0.03141421654605759,-0.9995064517038168));
#2660=DIRECTION('',(0.9999051015755522,-0.01376958654853132,0.0004316589707802042));
#2661=FACE_BOUND('',#2662,.T.);
#2662=EDGE_LOOP('',(#2663,#2664,#2665));
#2663=ORIENTED_EDGE('',*,*,#2666,.T.);
#2664=ORIENTED_EDGE('',*,*,#2667,.T.);
#2665=ORIENTED_EDGE('',*,*,#2668,.T.);
#2666=EDGE_CURVE('',#237,#239,#2669,.F.);
#2667=EDGE_CURVE('',#239,#241,#2670,.T.);
#2668=EDGE_CURVE('',#241,#237,#2671,.T.);
#2669=LINE('',#236,#2672);
#2670=LINE('',#238,#2673);
#2671=LINE('',#240,#2674);
#2672=VECTOR('',#2675,1.0);
#2673=VECTOR('',#2676,1.0);
#2674=VECTOR('',#2677,1.0);
#2675=DIRECTION('',(0.9999051015755522,-0.01376958654853132,0.0004316589707802042));
#2676=DIRECTION('',(-0.9999999999993778,0,1.1155037168576906E-06));
#2677=DIRECTION('',(0,0.9995064517044381,-0.031414216546077116));
#2678=FACE_SURFACE('',(#2683),#2679,.T.);
#2679=PLANE('',#2680);
#2680=AXIS2_PLACEMENT_3D('',#240,#2681,#2682);
#2681=DIRECTION('',(-1.1105476674785787E-06,-0.09415955193137206,-0.9955571197971768));
#2682=DIRECTION('',(0.9999999999993778,0,-1.1155037168576906E-06));
#2683=FACE_BOUND('',#2684,.T.);
#2684=EDGE_LOOP('',(#2685,#2686,#2687));
#2685=ORIENTED_EDGE('',*,*,#2688,.T.);
#2686=ORIENTED_EDGE('',*,*,#2689,.T.);
#2687=ORIENTED_EDGE('',*,*,#2690,.T.);
#2688=EDGE_CURVE('',#241,#239,#2691,.F.);
#2689=EDGE_CURVE('',#239,#243,#2692,.T.);
#2690=EDGE_CURVE('',#243,#241,#2693,.T.);
#2691=LINE('',#240,#2694);
#2692=LINE('',#238,#2695);
#2693=LINE('',#242,#2696);
#2694=VECTOR('',#2697,1.0);
#2695=VECTOR('',#2698,1.0);
#2696=VECTOR('',#2699,1.0);
#2697=DIRECTION('',(0.9999999999993778,0,-1.1155037168576906E-06));
#2698=DIRECTION('',(0,-0.9955571197977906,0.09415955193143012));
#2699=DIRECTION('',(-0.999905098240248,0.013715489706701956,-0.0012960923058746533));
#2700=FACE_SURFACE('',(#2705),#2701,.T.);
#2701=PLANE('',#2702);
#2702=AXIS2_PLACEMENT_3D('',#240,#2703,#2704);
#2703=DIRECTION('',(0,-0.09407930618918411,-0.9955647061577474));
#2704=DIRECTION('',(0.999905098240248,-0.013715489706701956,0.0012960923058746533));
#2705=FACE_BOUND('',#2706,.T.);
#2706=EDGE_LOOP('',(#2707,#2708,#2709));
#2707=ORIENTED_EDGE('',*,*,#2710,.T.);
#2708=ORIENTED_EDGE('',*,*,#2711,.T.);
#2709=ORIENTED_EDGE('',*,*,#2712,.T.);
#2710=EDGE_CURVE('',#241,#243,#2713,.F.);
#2711=EDGE_CURVE('',#243,#245,#2714,.T.);
#2712=EDGE_CURVE('',#245,#241,#2715,.T.);
#2713=LINE('',#240,#2716);
#2714=LINE('',#242,#2717);
#2715=LINE('',#244,#2718);
#2716=VECTOR('',#2719,1.0);
#2717=VECTOR('',#2720,1.0);
#2718=VECTOR('',#2721,1.0);
#2719=DIRECTION('',(0.999905098240248,-0.013715489706701956,0.0012960923058746533));
#2720=DIRECTION('',(-1,0,0));
#2721=DIRECTION('',(0,0.9955647061577474,-0.09407930618918411));
#2722=FACE_SURFACE('',(#2727),#2723,.T.);
#2723=PLANE('',#2724);
#2724=AXIS2_PLACEMENT_3D('',#244,#2725,#2726);
#2725=DIRECTION('',(0,-0.15642405599443107,-0.9876899891698057));
#2726=DIRECTION('',(1,0,0));
#2727=FACE_BOUND('',#2728,.T.);
#2728=EDGE_LOOP('',(#2729,#2730,#2731));
#2729=ORIENTED_EDGE('',*,*,#2732,.T.);
#2730=ORIENTED_EDGE('',*,*,#2733,.T.);
#2731=ORIENTED_EDGE('',*,*,#2734,.T.);
#2732=EDGE_CURVE('',#245,#243,#2735,.F.);
#2733=EDGE_CURVE('',#243,#247,#2736,.T.);
#2734=EDGE_CURVE('',#247,#245,#2737,.T.);
#2735=LINE('',#244,#2738);
#2736=LINE('',#242,#2739);
#2737=LINE('',#246,#2740);
#2738=VECTOR('',#2741,1.0);
#2739=VECTOR('',#2742,1.0);
#2740=VECTOR('',#2743,1.0);
#2741=DIRECTION('',(1,0,0));
#2742=DIRECTION('',(0,-0.9876899891698059,0.1564240559944311));
#2743=DIRECTION('',(-0.9999051019294687,0.0136067384661797,-0.0021549486610918252));
#2744=FACE_SURFACE('',(#2749),#2745,.T.);
#2745=PLANE('',#2746);
#2746=AXIS2_PLACEMENT_3D('',#244,#2747,#2748);
#2747=DIRECTION('',(0,-0.15642405599443107,-0.9876899891698057));
#2748=DIRECTION('',(0.9999051019294687,-0.0136067384661797,0.0021549486610918252));
#2749=FACE_BOUND('',#2750,.T.);
#2750=EDGE_LOOP('',(#2751,#2752,#2753));
#2751=ORIENTED_EDGE('',*,*,#2754,.T.);
#2752=ORIENTED_EDGE('',*,*,#2755,.T.);
#2753=ORIENTED_EDGE('',*,*,#2756,.T.);
#2754=EDGE_CURVE('',#245,#247,#2757,.F.);
#2755=EDGE_CURVE('',#247,#249,#2758,.T.);
#2756=EDGE_CURVE('',#249,#245,#2759,.T.);
#2757=LINE('',#244,#2760);
#2758=LINE('',#246,#2761);
#2759=LINE('',#248,#2762);
#2760=VECTOR('',#2763,1.0);
#2761=VECTOR('',#2764,1.0);
#2762=VECTOR('',#2765,1.0);
#2763=DIRECTION('',(0.9999051019294687,-0.0136067384661797,0.0021549486610918252));
#2764=DIRECTION('',(-1,0,0));
#2765=DIRECTION('',(0,0.9876899891698059,-0.1564240559944311));
#2766=FACE_SURFACE('',(#2771),#2767,.T.);
#2767=PLANE('',#2768);
#2768=AXIS2_PLACEMENT_3D('',#248,#2769,#2770);
#2769=DIRECTION('',(0,-0.21811330531635606,-0.9759234529633839));
#2770=DIRECTION('',(1,0,0));
#2771=FACE_BOUND('',#2772,.T.);
#2772=EDGE_LOOP('',(#2773,#2774,#2775));
#2773=ORIENTED_EDGE('',*,*,#2776,.T.);
#2774=ORIENTED_EDGE('',*,*,#2777,.T.);
#2775=ORIENTED_EDGE('',*,*,#2778,.T.);
#2776=EDGE_CURVE('',#249,#247,#2779,.F.);
#2777=EDGE_CURVE('',#247,#251,#2780,.T.);
#2778=EDGE_CURVE('',#251,#249,#2781,.T.);
#2779=LINE('',#248,#2782);
#2780=LINE('',#246,#2783);
#2781=LINE('',#250,#2784);
#2782=VECTOR('',#2785,1.0);
#2783=VECTOR('',#2786,1.0);
#2784=VECTOR('',#2787,1.0);
#2785=DIRECTION('',(1,0,0));
#2786=DIRECTION('',(0,-0.9759234529633838,0.21811330531635606));
#2787=DIRECTION('',(-0.9999050967500983,0.013445005707168767,-0.0030048818131004364));
#2788=FACE_SURFACE('',(#2793),#2789,.T.);
#2789=PLANE('',#2790);
#2790=AXIS2_PLACEMENT_3D('',#248,#2791,#2792);
#2791=DIRECTION('',(-1.0886270116592725E-06,-0.21819041422772914,-0.9759062163640249));
#2792=DIRECTION('',(0.9999050967500983,-0.013445005707168767,0.0030048818131004364));
#2793=FACE_BOUND('',#2794,.T.);
#2794=EDGE_LOOP('',(#2795,#2796,#2797));
#2795=ORIENTED_EDGE('',*,*,#2798,.T.);
#2796=ORIENTED_EDGE('',*,*,#2799,.T.);
#2797=ORIENTED_EDGE('',*,*,#2800,.T.);
#2798=EDGE_CURVE('',#249,#251,#2801,.F.);
#2799=EDGE_CURVE('',#251,#253,#2802,.T.);
#2800=EDGE_CURVE('',#253,#249,#2803,.T.);
#2801=LINE('',#248,#2804);
#2802=LINE('',#250,#2805);
#2803=LINE('',#252,#2806);
#2804=VECTOR('',#2807,1.0);
#2805=VECTOR('',#2808,1.0);
#2806=VECTOR('',#2809,1.0);
#2807=DIRECTION('',(0.9999050967500983,-0.013445005707168767,0.0030048818131004364));
#2808=DIRECTION('',(-0.9999999999993778,0,1.1155037168576906E-06));
#2809=DIRECTION('',(0,0.9759062163646032,-0.21819041422785843));
#2810=FACE_SURFACE('',(#2815),#2811,.T.);
#2811=PLANE('',#2812);
#2812=AXIS2_PLACEMENT_3D('',#252,#2813,#2814);
#2813=DIRECTION('',(-1.0712061856736655E-06,-0.27900650275082833,-0.9602892123842715));
#2814=DIRECTION('',(0.9999999999993778,0,-1.1155037168576906E-06));
#2815=FACE_BOUND('',#2816,.T.);
#2816=EDGE_LOOP('',(#2817,#2818,#2819));
#2817=ORIENTED_EDGE('',*,*,#2820,.T.);
#2818=ORIENTED_EDGE('',*,*,#2821,.T.);
#2819=ORIENTED_EDGE('',*,*,#2822,.T.);
#2820=EDGE_CURVE('',#253,#251,#2823,.F.);
#2821=EDGE_CURVE('',#251,#255,#2824,.T.);
#2822=EDGE_CURVE('',#255,#253,#2825,.T.);
#2823=LINE('',#252,#2826);
#2824=LINE('',#250,#2827);
#2825=LINE('',#254,#2828);
#2826=VECTOR('',#2829,1.0);
#2827=VECTOR('',#2830,1.0);
#2828=VECTOR('',#2831,1.0);
#2829=DIRECTION('',(0.9999999999993778,0,-1.1155037168576906E-06));
#2830=DIRECTION('',(0,-0.9602892123848226,0.2790065027509884));
#2831=DIRECTION('',(-0.9999051073655684,0.013229176363267493,-0.003842545640694449));
#2832=FACE_SURFACE('',(#2837),#2833,.T.);
#2833=PLANE('',#2834);
#2834=AXIS2_PLACEMENT_3D('',#252,#2835,#2836);
#2835=DIRECTION('',(0,-0.2789318376137908,-0.9603109027629508));
#2836=DIRECTION('',(0.9999051073655684,-0.013229176363267493,0.003842545640694449));
#2837=FACE_BOUND('',#2838,.T.);
#2838=EDGE_LOOP('',(#2839,#2840,#2841));
#2839=ORIENTED_EDGE('',*,*,#2842,.T.);
#2840=ORIENTED_EDGE('',*,*,#2843,.T.);
#2841=ORIENTED_EDGE('',*,*,#2844,.T.);
#2842=EDGE_CURVE('',#253,#255,#2845,.F.);
#2843=EDGE_CURVE('',#255,#257,#2846,.T.);
#2844=EDGE_CURVE('',#257,#253,#2847,.T.);
#2845=LINE('',#252,#2848);
#2846=LINE('',#254,#2849);
#2847=LINE('',#256,#2850);
#2848=VECTOR('',#2851,1.0);
#2849=VECTOR('',#2852,1.0);
#2850=VECTOR('',#2853,1.0);
#2851=DIRECTION('',(0.9999051073655684,-0.013229176363267493,0.003842545640694449));
#2852=DIRECTION('',(-1,0,0));
#2853=DIRECTION('',(0,0.960310902762951,-0.2789318376137908));
#2854=FACE_SURFACE('',(#2859),#2855,.T.);
#2855=PLANE('',#2856);
#2856=AXIS2_PLACEMENT_3D('',#256,#2857,#2858);
#2857=DIRECTION('',(0,-0.33875100483056186,-0.9408760581108889));
#2858=DIRECTION('',(1,0,0));
#2859=FACE_BOUND('',#2860,.T.);
#2860=EDGE_LOOP('',(#2861,#2862,#2863));
#2861=ORIENTED_EDGE('',*,*,#2864,.T.);
#2862=ORIENTED_EDGE('',*,*,#2865,.T.);
#2863=ORIENTED_EDGE('',*,*,#2866,.T.);
#2864=EDGE_CURVE('',#257,#255,#2867,.F.);
#2865=EDGE_CURVE('',#255,#259,#2868,.T.);
#2866=EDGE_CURVE('',#259,#257,#2869,.T.);
#2867=LINE('',#256,#2870);
#2868=LINE('',#254,#2871);
#2869=LINE('',#258,#2872);
#2870=VECTOR('',#2873,1.0);
#2871=VECTOR('',#2874,1.0);
#2872=VECTOR('',#2875,1.0);
#2873=DIRECTION('',(1,0,0));
#2874=DIRECTION('',(0,-0.9408760581108888,0.3387510048305618));
#2875=DIRECTION('',(-0.9999050986502996,0.012962038461915735,-0.004666824621345446));
#2876=FACE_SURFACE('',(#2881),#2877,.T.);
#2877=PLANE('',#2878);
#2878=AXIS2_PLACEMENT_3D('',#256,#2879,#2880);
#2879=DIRECTION('',(0,-0.33875100483056186,-0.9408760581108889));
#2880=DIRECTION('',(0.9999050986502996,-0.012962038461915735,0.004666824621345446));
#2881=FACE_BOUND('',#2882,.T.);
#2882=EDGE_LOOP('',(#2883,#2884,#2885));
#2883=ORIENTED_EDGE('',*,*,#2886,.T.);
#2884=ORIENTED_EDGE('',*,*,#2887,.T.);
#2885=ORIENTED_EDGE('',*,*,#2888,.T.);
#2886=EDGE_CURVE('',#257,#259,#2889,.F.);
#2887=EDGE_CURVE('',#259,#261,#2890,.T.);
#2888=EDGE_CURVE('',#261,#257,#2891,.T.);
#2889=LINE('',#256,#2892);
#2890=LINE('',#258,#2893);
#2891=LINE('',#260,#2894);
#2892=VECTOR('',#2895,1.0);
#2893=VECTOR('',#2896,1.0);
#2894=VECTOR('',#2897,1.0);
#2895=DIRECTION('',(0.9999050986502996,-0.012962038461915735,0.004666824621345446));
#2896=DIRECTION('',(-1,0,0));
#2897=DIRECTION('',(0,0.9408760581108888,-0.3387510048305618));
#2898=FACE_SURFACE('',(#2903),#2899,.T.);
#2899=PLANE('',#2900);
#2900=AXIS2_PLACEMENT_3D('',#260,#2901,#2902);
#2901=DIRECTION('',(0,-0.3971268269574778,-0.9177637404641162));
#2902=DIRECTION('',(1,0,0));
#2903=FACE_BOUND('',#2904,.T.);
#2904=EDGE_LOOP('',(#2905,#2906,#2907));
#2905=ORIENTED_EDGE('',*,*,#2908,.T.);
#2906=ORIENTED_EDGE('',*,*,#2909,.T.);
#2907=ORIENTED_EDGE('',*,*,#2910,.T.);
#2908=EDGE_CURVE('',#261,#259,#2911,.F.);
#2909=EDGE_CURVE('',#259,#263,#2912,.T.);
#2910=EDGE_CURVE('',#263,#261,#2913,.T.);
#2911=LINE('',#260,#2914);
#2912=LINE('',#258,#2915);
#2913=LINE('',#262,#2916);
#2914=VECTOR('',#2917,1.0);
#2915=VECTOR('',#2918,1.0);
#2916=VECTOR('',#2919,1.0);
#2917=DIRECTION('',(1,0,0));
#2918=DIRECTION('',(0,-0.9177637404641161,0.3971268269574778));
#2919=DIRECTION('',(-0.9999050992174056,0.01264359238175538,-0.005471026477218485));
#2920=FACE_SURFACE('',(#2925),#2921,.T.);
#2921=PLANE('',#2922);
#2922=AXIS2_PLACEMENT_3D('',#260,#2923,#2924);
#2923=DIRECTION('',(-1.0237359448332951E-06,-0.39719501858517076,-0.9177342301614764));
#2924=DIRECTION('',(0.9999050992174056,-0.01264359238175538,0.005471026477218485));
#2925=FACE_BOUND('',#2926,.T.);
#2926=EDGE_LOOP('',(#2927,#2928,#2929));
#2927=ORIENTED_EDGE('',*,*,#2930,.T.);
#2928=ORIENTED_EDGE('',*,*,#2931,.T.);
#2929=ORIENTED_EDGE('',*,*,#2932,.T.);
#2930=EDGE_CURVE('',#261,#263,#2933,.F.);
#2931=EDGE_CURVE('',#263,#265,#2934,.T.);
#2932=EDGE_CURVE('',#265,#261,#2935,.T.);
#2933=LINE('',#260,#2936);
#2934=LINE('',#262,#2937);
#2935=LINE('',#264,#2938);
#2936=VECTOR('',#2939,1.0);
#2937=VECTOR('',#2940,1.0);
#2938=VECTOR('',#2941,1.0);
#2939=DIRECTION('',(0.9999050992174056,-0.01264359238175538,0.005471026477218485));
#2940=DIRECTION('',(-0.9999999999993778,0,1.1155037168576906E-06));
#2941=DIRECTION('',(0,0.9177342301619574,-0.3971950185853789));
#2942=FACE_SURFACE('',(#2947),#2943,.T.);
#2943=PLANE('',#2944);
#2944=AXIS2_PLACEMENT_3D('',#264,#2945,#2946);
#2945=DIRECTION('',(-9.939330566346214E-07,-0.453969444178903,-0.8910172522184462));
#2946=DIRECTION('',(0.9999999999993778,0,-1.1155037168576906E-06));
#2947=FACE_BOUND('',#2948,.T.);
#2948=EDGE_LOOP('',(#2949,#2950,#2951));
#2949=ORIENTED_EDGE('',*,*,#2952,.T.);
#2950=ORIENTED_EDGE('',*,*,#2953,.T.);
#2951=ORIENTED_EDGE('',*,*,#2954,.T.);
#2952=EDGE_CURVE('',#265,#263,#2955,.F.);
#2953=EDGE_CURVE('',#263,#267,#2956,.T.);
#2954=EDGE_CURVE('',#267,#265,#2957,.T.);
#2955=LINE('',#264,#2958);
#2956=LINE('',#262,#2959);
#2957=LINE('',#266,#2960);
#2958=VECTOR('',#2961,1.0);
#2959=VECTOR('',#2962,1.0);
#2960=VECTOR('',#2963,1.0);
#2961=DIRECTION('',(0.9999999999993778,0,-1.1155037168576906E-06));
#2962=DIRECTION('',(0,-0.8910172522188862,0.4539694441791272));
#2963=DIRECTION('',(-0.9999051087490456,0.0122749535077943,-0.006252920432957278));
#2964=FACE_SURFACE('',(#2969),#2965,.T.);
#2965=PLANE('',#2966);
#2966=AXIS2_PLACEMENT_3D('',#264,#2967,#2968);
#2967=DIRECTION('',(-9.939330566346214E-07,-0.453969444178903,-0.8910172522184462));
#2968=DIRECTION('',(0.9999051087490456,-0.0122749535077943,0.006252920432957278));
#2969=FACE_BOUND('',#2970,.T.);
#2970=EDGE_LOOP('',(#2971,#2972,#2973));
#2971=ORIENTED_EDGE('',*,*,#2974,.T.);
#2972=ORIENTED_EDGE('',*,*,#2975,.T.);
#2973=ORIENTED_EDGE('',*,*,#2976,.T.);
#2974=EDGE_CURVE('',#265,#267,#2977,.F.);
#2975=EDGE_CURVE('',#267,#269,#2978,.T.);
#2976=EDGE_CURVE('',#269,#265,#2979,.T.);
#2977=LINE('',#264,#2980);
#2978=LINE('',#266,#2981);
#2979=LINE('',#268,#2982);
#2980=VECTOR('',#2983,1.0);
#2981=VECTOR('',#2984,1.0);
#2982=VECTOR('',#2985,1.0);
#2983=DIRECTION('',(0.9999051087490456,-0.0122749535077943,0.006252920432957278));
#2984=DIRECTION('',(-0.9999999999993778,0,1.1155037168576906E-06));
#2985=DIRECTION('',(0,0.8910172522188862,-0.4539694441791272));
#2986=FACE_SURFACE('',(#2991),#2987,.T.);
#2987=PLANE('',#2988);
#2988=AXIS2_PLACEMENT_3D('',#268,#2989,#2990);
#2989=DIRECTION('',(-9.601392284299257E-07,-0.5090743106570795,-0.8607225721613774));
#2990=DIRECTION('',(0.9999999999993778,0,-1.1155037168576906E-06));
#2991=FACE_BOUND('',#2992,.T.);
#2992=EDGE_LOOP('',(#2993,#2994,#2995));
#2993=ORIENTED_EDGE('',*,*,#2996,.T.);
#2994=ORIENTED_EDGE('',*,*,#2997,.T.);
#2995=ORIENTED_EDGE('',*,*,#2998,.T.);
#2996=EDGE_CURVE('',#269,#267,#2999,.F.);
#2997=EDGE_CURVE('',#267,#271,#3000,.T.);
#2998=EDGE_CURVE('',#271,#269,#3001,.T.);
#2999=LINE('',#268,#3002);
#3000=LINE('',#266,#3003);
#3001=LINE('',#270,#3004);
#3002=VECTOR('',#3005,1.0);
#3003=VECTOR('',#3006,1.0);
#3004=VECTOR('',#3007,1.0);
#3005=DIRECTION('',(0.9999999999993778,0,-1.1155037168576906E-06));
#3006=DIRECTION('',(0,-0.8607225721617741,0.5090743106573141));
#3007=DIRECTION('',(-0.9999050976151408,0.011858352273056759,-0.007012506301152974));
#3008=FACE_SURFACE('',(#3013),#3009,.T.);
#3009=PLANE('',#3010);
#3010=AXIS2_PLACEMENT_3D('',#268,#3011,#3012);
#3011=DIRECTION('',(0,-0.5090143285275651,-0.8607580457675852));
#3012=DIRECTION('',(0.9999050976151408,-0.011858352273056759,0.007012506301152974));
#3013=FACE_BOUND('',#3014,.T.);
#3014=EDGE_LOOP('',(#3015,#3016,#3017));
#3015=ORIENTED_EDGE('',*,*,#3018,.T.);
#3016=ORIENTED_EDGE('',*,*,#3019,.T.);
#3017=ORIENTED_EDGE('',*,*,#3020,.T.);
#3018=EDGE_CURVE('',#269,#271,#3021,.F.);
#3019=EDGE_CURVE('',#271,#273,#3022,.T.);
#3020=EDGE_CURVE('',#273,#269,#3023,.T.);
#3021=LINE('',#268,#3024);
#3022=LINE('',#270,#3025);
#3023=LINE('',#272,#3026);
#3024=VECTOR('',#3027,1.0);
#3025=VECTOR('',#3028,1.0);
#3026=VECTOR('',#3029,1.0);
#3027=DIRECTION('',(0.9999050976151408,-0.011858352273056759,0.007012506301152974));
#3028=DIRECTION('',(-1,0,0));
#3029=DIRECTION('',(0,0.8607580457675851,-0.509014328527565));
#3030=FACE_SURFACE('',(#3035),#3031,.T.);
#3031=PLANE('',#3032);
#3032=AXIS2_PLACEMENT_3D('',#272,#3033,#3034);
#3033=DIRECTION('',(0,-0.5620586409135755,-0.8270973849398776));
#3034=DIRECTION('',(1,0,0));
#3035=FACE_BOUND('',#3036,.T.);
#3036=EDGE_LOOP('',(#3037,#3038,#3039));
#3037=ORIENTED_EDGE('',*,*,#3040,.T.);
#3038=ORIENTED_EDGE('',*,*,#3041,.T.);
#3039=ORIENTED_EDGE('',*,*,#3042,.T.);
#3040=EDGE_CURVE('',#273,#271,#3043,.F.);
#3041=EDGE_CURVE('',#271,#275,#3044,.T.);
#3042=EDGE_CURVE('',#275,#273,#3045,.T.);
#3043=LINE('',#272,#3046);
#3044=LINE('',#270,#3047);
#3045=LINE('',#274,#3048);
#3046=VECTOR('',#3049,1.0);
#3047=VECTOR('',#3050,1.0);
#3048=VECTOR('',#3051,1.0);
#3049=DIRECTION('',(1,0,0));
#3050=DIRECTION('',(0,-0.8270973849398777,0.5620586409135756));
#3051=DIRECTION('',(-0.999905102191174,0.011394346818398156,-0.007743091930235427));
#3052=FACE_SURFACE('',(#3057),#3053,.T.);
#3053=PLANE('',#3054);
#3054=AXIS2_PLACEMENT_3D('',#272,#3055,#3056);
#3055=DIRECTION('',(-9.225882207704105E-07,-0.562114024447995,-0.8270597460389592));
#3056=DIRECTION('',(0.999905102191174,-0.011394346818398156,0.007743091930235427));
#3057=FACE_BOUND('',#3058,.T.);
#3058=EDGE_LOOP('',(#3059,#3060,#3061));
#3059=ORIENTED_EDGE('',*,*,#3062,.T.);
#3060=ORIENTED_EDGE('',*,*,#3063,.T.);
#3061=ORIENTED_EDGE('',*,*,#3064,.T.);
#3062=EDGE_CURVE('',#273,#275,#3065,.F.);
#3063=EDGE_CURVE('',#275,#277,#3066,.T.);
#3064=EDGE_CURVE('',#277,#273,#3067,.T.);
#3065=LINE('',#272,#3068);
#3066=LINE('',#274,#3069);
#3067=LINE('',#276,#3070);
#3068=VECTOR('',#3071,1.0);
#3069=VECTOR('',#3072,1.0);
#3070=VECTOR('',#3073,1.0);
#3071=DIRECTION('',(0.999905102191174,-0.011394346818398156,0.007743091930235427));
#3072=DIRECTION('',(-0.9999999999993778,0,1.1155037168576906E-06));
#3073=DIRECTION('',(0,0.8270597460393111,-0.5621140244482342));
#3074=FACE_SURFACE('',(#3079),#3075,.T.);
#3075=PLANE('',#3076);
#3076=AXIS2_PLACEMENT_3D('',#276,#3077,#3078);
#3077=DIRECTION('',(-8.814145697938055E-07,-0.6129143153410803,-0.7901493795790756));
#3078=DIRECTION('',(0.9999999999993778,0,-1.1155037168576906E-06));
#3079=FACE_BOUND('',#3080,.T.);
#3080=EDGE_LOOP('',(#3081,#3082,#3083));
#3081=ORIENTED_EDGE('',*,*,#3084,.T.);
#3082=ORIENTED_EDGE('',*,*,#3085,.T.);
#3083=ORIENTED_EDGE('',*,*,#3086,.T.);
#3084=EDGE_CURVE('',#277,#275,#3087,.F.);
#3085=EDGE_CURVE('',#275,#279,#3088,.T.);
#3086=EDGE_CURVE('',#279,#277,#3089,.T.);
#3087=LINE('',#276,#3090);
#3088=LINE('',#274,#3091);
#3089=LINE('',#278,#3092);
#3090=VECTOR('',#3093,1.0);
#3091=VECTOR('',#3094,1.0);
#3092=VECTOR('',#3095,1.0);
#3093=DIRECTION('',(0.9999999999993778,0,-1.1155037168576906E-06));
#3094=DIRECTION('',(0,-0.7901493795793824,0.6129143153413182));
#3095=DIRECTION('',(-0.999905114607637,0.010885167831389304,-0.008442446492036647));
#3096=FACE_SURFACE('',(#3101),#3097,.T.);
#3097=PLANE('',#3098);
#3098=AXIS2_PLACEMENT_3D('',#276,#3099,#3100);
#3099=DIRECTION('',(-8.814145697938055E-07,-0.6129143153410803,-0.7901493795790756));
#3100=DIRECTION('',(0.999905114607637,-0.010885167831389304,0.008442446492036647));
#3101=FACE_BOUND('',#3102,.T.);
#3102=EDGE_LOOP('',(#3103,#3104,#3105));
#3103=ORIENTED_EDGE('',*,*,#3106,.T.);
#3104=ORIENTED_EDGE('',*,*,#3107,.T.);
#3105=ORIENTED_EDGE('',*,*,#3108,.T.);
#3106=EDGE_CURVE('',#277,#279,#3109,.F.);
#3107=EDGE_CURVE('',#279,#281,#3110,.T.);
#3108=EDGE_CURVE('',#281,#277,#3111,.T.);
#3109=LINE('',#276,#3112);
#3110=LINE('',#278,#3113);
#3111=LINE('',#280,#3114);
#3112=VECTOR('',#3115,1.0);
#3113=VECTOR('',#3116,1.0);
#3114=VECTOR('',#3117,1.0);
#3115=DIRECTION('',(0.999905114607637,-0.010885167831389304,0.008442446492036647));
#3116=DIRECTION('',(-0.9999999999993778,0,1.1155037168576906E-06));
#3117=DIRECTION('',(0,0.7901493795793824,-0.6129143153413182));
#3118=FACE_SURFACE('',(#3123),#3119,.T.);
#3119=PLANE('',#3120);
#3120=AXIS2_PLACEMENT_3D('',#280,#3121,#3122);
#3121=DIRECTION('',(-8.367604787336312E-07,-0.661302924735959,-0.7501189517236361));
#3122=DIRECTION('',(0.9999999999993778,0,-1.1155037168576906E-06));
#3123=FACE_BOUND('',#3124,.T.);
#3124=EDGE_LOOP('',(#3125,#3126,#3127));
#3125=ORIENTED_EDGE('',*,*,#3128,.T.);
#3126=ORIENTED_EDGE('',*,*,#3129,.T.);
#3127=ORIENTED_EDGE('',*,*,#3130,.T.);
#3128=EDGE_CURVE('',#281,#279,#3131,.F.);
#3129=EDGE_CURVE('',#279,#283,#3132,.T.);
#3130=EDGE_CURVE('',#283,#281,#3133,.T.);
#3131=LINE('',#280,#3134);
#3132=LINE('',#278,#3135);
#3133=LINE('',#282,#3136);
#3134=VECTOR('',#3137,1.0);
#3135=VECTOR('',#3138,1.0);
#3136=VECTOR('',#3139,1.0);
#3137=DIRECTION('',(0.9999999999993778,0,-1.1155037168576906E-06));
#3138=DIRECTION('',(0,-0.7501189517238986,0.6613029247361903));
#3139=DIRECTION('',(-0.9999051069744876,0.01033416120380546,-0.009109454349862838));
#3140=FACE_SURFACE('',(#3145),#3141,.T.);
#3141=PLANE('',#3142);
#3142=AXIS2_PLACEMENT_3D('',#280,#3143,#3144);
#3143=DIRECTION('',(-8.367604787336312E-07,-0.661302924735959,-0.7501189517236361));
#3144=DIRECTION('',(0.9999051069744876,-0.01033416120380546,0.009109454349862838));
#3145=FACE_BOUND('',#3146,.T.);
#3146=EDGE_LOOP('',(#3147,#3148,#3149));
#3147=ORIENTED_EDGE('',*,*,#3150,.T.);
#3148=ORIENTED_EDGE('',*,*,#3151,.T.);
#3149=ORIENTED_EDGE('',*,*,#3152,.T.);
#3150=EDGE_CURVE('',#281,#283,#3153,.F.);
#3151=EDGE_CURVE('',#283,#285,#3154,.T.);
#3152=EDGE_CURVE('',#285,#281,#3155,.T.);
#3153=LINE('',#280,#3156);
#3154=LINE('',#282,#3157);
#3155=LINE('',#284,#3158);
#3156=VECTOR('',#3159,1.0);
#3157=VECTOR('',#3160,1.0);
#3158=VECTOR('',#3161,1.0);
#3159=DIRECTION('',(0.9999051069744876,-0.01033416120380546,0.009109454349862838));
#3160=DIRECTION('',(-0.9999999999993778,0,1.1155037168576906E-06));
#3161=DIRECTION('',(0,0.7501189517238986,-0.6613029247361903));
#3162=FACE_SURFACE('',(#3167),#3163,.T.);
#3163=PLANE('',#3164);
#3164=AXIS2_PLACEMENT_3D('',#284,#3165,#3166);
#3165=DIRECTION('',(-7.887576637960965E-07,-0.7071270215372815,-0.7070865402559935));
#3166=DIRECTION('',(0.9999999999993778,0,-1.1155037168576906E-06));
#3167=FACE_BOUND('',#3168,.T.);
#3168=EDGE_LOOP('',(#3169,#3170,#3171));
#3169=ORIENTED_EDGE('',*,*,#3172,.T.);
#3170=ORIENTED_EDGE('',*,*,#3173,.T.);
#3171=ORIENTED_EDGE('',*,*,#3174,.T.);
#3172=EDGE_CURVE('',#285,#283,#3175,.F.);
#3173=EDGE_CURVE('',#283,#287,#3176,.T.);
#3174=EDGE_CURVE('',#287,#285,#3177,.T.);
#3175=LINE('',#284,#3178);
#3176=LINE('',#282,#3179);
#3177=LINE('',#286,#3180);
#3178=VECTOR('',#3181,1.0);
#3179=VECTOR('',#3182,1.0);
#3180=VECTOR('',#3183,1.0);
#3181=DIRECTION('',(0.9999999999993778,0,-1.1155037168576906E-06));
#3182=DIRECTION('',(0,-0.7070865402562136,0.7071270215375015));
#3183=DIRECTION('',(-0.9999051074737959,0.00974132724430691,-0.009740769545374965));
#3184=FACE_SURFACE('',(#3189),#3185,.T.);
#3185=PLANE('',#3186);
#3186=AXIS2_PLACEMENT_3D('',#284,#3187,#3188);
#3187=DIRECTION('',(0,-0.7070865390973541,-0.7071270226962947));
#3188=DIRECTION('',(0.9999051074737959,-0.00974132724430691,0.009740769545374965));
#3189=FACE_BOUND('',#3190,.T.);
#3190=EDGE_LOOP('',(#3191,#3192,#3193));
#3191=ORIENTED_EDGE('',*,*,#3194,.T.);
#3192=ORIENTED_EDGE('',*,*,#3195,.T.);
#3193=ORIENTED_EDGE('',*,*,#3196,.T.);
#3194=EDGE_CURVE('',#285,#287,#3197,.F.);
#3195=EDGE_CURVE('',#287,#289,#3198,.T.);
#3196=EDGE_CURVE('',#289,#285,#3199,.T.);
#3197=LINE('',#284,#3200);
#3198=LINE('',#286,#3201);
#3199=LINE('',#288,#3202);
#3200=VECTOR('',#3203,1.0);
#3201=VECTOR('',#3204,1.0);
#3202=VECTOR('',#3205,1.0);
#3203=DIRECTION('',(0.9999051074737959,-0.00974132724430691,0.009740769545374965));
#3204=DIRECTION('',(-1,0,0));
#3205=DIRECTION('',(0,0.7071270226962947,-0.707086539097354));
#3206=FACE_SURFACE('',(#3211),#3207,.T.);
#3207=PLANE('',#3208);
#3208=AXIS2_PLACEMENT_3D('',#288,#3209,#3210);
#3209=DIRECTION('',(0,-0.7501189517238986,-0.6613029247361903));
#3210=DIRECTION('',(1,0,0));
#3211=FACE_BOUND('',#3212,.T.);
#3212=EDGE_LOOP('',(#3213,#3214,#3215));
#3213=ORIENTED_EDGE('',*,*,#3216,.T.);
#3214=ORIENTED_EDGE('',*,*,#3217,.T.);
#3215=ORIENTED_EDGE('',*,*,#3218,.T.);
#3216=EDGE_CURVE('',#289,#287,#3219,.F.);
#3217=EDGE_CURVE('',#287,#291,#3220,.T.);
#3218=EDGE_CURVE('',#291,#289,#3221,.T.);
#3219=LINE('',#288,#3222);
#3220=LINE('',#286,#3223);
#3221=LINE('',#290,#3224);
#3222=VECTOR('',#3225,1.0);
#3223=VECTOR('',#3226,1.0);
#3224=VECTOR('',#3227,1.0);
#3225=DIRECTION('',(1,0,0));
#3226=DIRECTION('',(0,-0.6613029247361903,0.7501189517238986));
#3227=DIRECTION('',(-0.999905096814164,0.009110569655151052,-0.010334161098797073));
#3228=FACE_SURFACE('',(#3233),#3229,.T.);
#3229=PLANE('',#3230);
#3230=AXIS2_PLACEMENT_3D('',#288,#3231,#3232);
#3231=DIRECTION('',(0,-0.7501189517238986,-0.6613029247361903));
#3232=DIRECTION('',(0.999905096814164,-0.009110569655151052,0.010334161098797073));
#3233=FACE_BOUND('',#3234,.T.);
#3234=EDGE_LOOP('',(#3235,#3236,#3237));
#3235=ORIENTED_EDGE('',*,*,#3238,.T.);
#3236=ORIENTED_EDGE('',*,*,#3239,.T.);
#3237=ORIENTED_EDGE('',*,*,#3240,.T.);
#3238=EDGE_CURVE('',#289,#291,#3241,.F.);
#3239=EDGE_CURVE('',#291,#293,#3242,.T.);
#3240=EDGE_CURVE('',#293,#289,#3243,.T.);
#3241=LINE('',#288,#3244);
#3242=LINE('',#290,#3245);
#3243=LINE('',#292,#3246);
#3244=VECTOR('',#3247,1.0);
#3245=VECTOR('',#3248,1.0);
#3246=VECTOR('',#3249,1.0);
#3247=DIRECTION('',(0.999905096814164,-0.009110569655151052,0.010334161098797073));
#3248=DIRECTION('',(-1,0,0));
#3249=DIRECTION('',(0,0.6613029247361903,-0.7501189517238986));
#3250=FACE_SURFACE('',(#3255),#3251,.T.);
#3251=PLANE('',#3252);
#3252=AXIS2_PLACEMENT_3D('',#292,#3253,#3254);
#3253=DIRECTION('',(0,-0.7901493795793825,-0.6129143153413182));
#3254=DIRECTION('',(1,0,0));
#3255=FACE_BOUND('',#3256,.T.);
#3256=EDGE_LOOP('',(#3257,#3258,#3259));
#3257=ORIENTED_EDGE('',*,*,#3260,.T.);
#3258=ORIENTED_EDGE('',*,*,#3261,.T.);
#3259=ORIENTED_EDGE('',*,*,#3262,.T.);
#3260=EDGE_CURVE('',#293,#291,#3263,.F.);
#3261=EDGE_CURVE('',#291,#295,#3264,.T.);
#3262=EDGE_CURVE('',#295,#293,#3265,.T.);
#3263=LINE('',#292,#3266);
#3264=LINE('',#290,#3267);
#3265=LINE('',#294,#3268);
#3266=VECTOR('',#3269,1.0);
#3267=VECTOR('',#3270,1.0);
#3268=VECTOR('',#3271,1.0);
#3269=DIRECTION('',(1,0,0));
#3270=DIRECTION('',(0,-0.6129143153413182,0.7901493795793824));
#3271=DIRECTION('',(-0.9999051051912218,0.008443561810392868,-0.010885167728880317));
#3272=FACE_SURFACE('',(#3277),#3273,.T.);
#3273=PLANE('',#3274);
#3274=AXIS2_PLACEMENT_3D('',#292,#3275,#3276);
#3275=DIRECTION('',(0,-0.7901493795793825,-0.6129143153413182));
#3276=DIRECTION('',(0.9999051051912218,-0.008443561810392868,0.010885167728880317));
#3277=FACE_BOUND('',#3278,.T.);
#3278=EDGE_LOOP('',(#3279,#3280,#3281));
#3279=ORIENTED_EDGE('',*,*,#3282,.T.);
#3280=ORIENTED_EDGE('',*,*,#3283,.T.);
#3281=ORIENTED_EDGE('',*,*,#3284,.T.);
#3282=EDGE_CURVE('',#293,#295,#3285,.F.);
#3283=EDGE_CURVE('',#295,#297,#3286,.T.);
#3284=EDGE_CURVE('',#297,#293,#3287,.T.);
#3285=LINE('',#292,#3288);
#3286=LINE('',#294,#3289);
#3287=LINE('',#296,#3290);
#3288=VECTOR('',#3291,1.0);
#3289=VECTOR('',#3292,1.0);
#3290=VECTOR('',#3293,1.0);
#3291=DIRECTION('',(0.9999051051912218,-0.008443561810392868,0.010885167728880317));
#3292=DIRECTION('',(-1,0,0));
#3293=DIRECTION('',(0,0.6129143153413182,-0.7901493795793824));
#3294=FACE_SURFACE('',(#3299),#3295,.T.);
#3295=PLANE('',#3296);
#3296=AXIS2_PLACEMENT_3D('',#296,#3297,#3298);
#3297=DIRECTION('',(0,-0.8270657750990594,-0.5621051535609614));
#3298=DIRECTION('',(1,0,0));
#3299=FACE_BOUND('',#3300,.T.);
#3300=EDGE_LOOP('',(#3301,#3302,#3303));
#3301=ORIENTED_EDGE('',*,*,#3304,.T.);
#3302=ORIENTED_EDGE('',*,*,#3305,.T.);
#3303=ORIENTED_EDGE('',*,*,#3306,.T.);
#3304=EDGE_CURVE('',#297,#295,#3307,.F.);
#3305=EDGE_CURVE('',#295,#299,#3308,.T.);
#3306=EDGE_CURVE('',#299,#297,#3309,.T.);
#3307=LINE('',#296,#3310);
#3308=LINE('',#294,#3311);
#3309=LINE('',#298,#3312);
#3310=VECTOR('',#3313,1.0);
#3311=VECTOR('',#3314,1.0);
#3312=VECTOR('',#3315,1.0);
#3313=DIRECTION('',(1,0,0));
#3314=DIRECTION('',(0,-0.5621051535609615,0.8270657750990595));
#3315=DIRECTION('',(-0.9999051042269707,0.007743649644930419,-0.011393789142666796));
#3316=FACE_SURFACE('',(#3321),#3317,.T.);
#3317=PLANE('',#3318);
#3318=AXIS2_PLACEMENT_3D('',#296,#3319,#3320);
#3319=DIRECTION('',(-6.269884017288384E-07,-0.8270913546660259,-0.5620675146602275));
#3320=DIRECTION('',(0.9999051042269707,-0.007743649644930419,0.011393789142666796));
#3321=FACE_BOUND('',#3322,.T.);
#3322=EDGE_LOOP('',(#3323,#3324,#3325));
#3323=ORIENTED_EDGE('',*,*,#3326,.T.);
#3324=ORIENTED_EDGE('',*,*,#3327,.T.);
#3325=ORIENTED_EDGE('',*,*,#3328,.T.);
#3326=EDGE_CURVE('',#297,#299,#3329,.F.);
#3327=EDGE_CURVE('',#299,#301,#3330,.T.);
#3328=EDGE_CURVE('',#301,#297,#3331,.T.);
#3329=LINE('',#296,#3332);
#3330=LINE('',#298,#3333);
#3331=LINE('',#300,#3334);
#3332=VECTOR('',#3335,1.0);
#3333=VECTOR('',#3336,1.0);
#3334=VECTOR('',#3337,1.0);
#3335=DIRECTION('',(0.9999051042269707,-0.007743649644930419,0.011393789142666796));
#3336=DIRECTION('',(-0.9999999999993778,0,1.1155037168576906E-06));
#3337=DIRECTION('',(0,0.562067514660338,-0.8270913546661884));
#3338=FACE_SURFACE('',(#3343),#3339,.T.);
#3339=PLANE('',#3340);
#3340=AXIS2_PLACEMENT_3D('',#300,#3341,#3342);
#3341=DIRECTION('',(-5.678210466842365E-07,-0.8607507981701313,-0.5090265842263639));
#3342=DIRECTION('',(0.9999999999993778,0,-1.1155037168576906E-06));
#3343=FACE_BOUND('',#3344,.T.);
#3344=EDGE_LOOP('',(#3345,#3346,#3347));
#3345=ORIENTED_EDGE('',*,*,#3348,.T.);
#3346=ORIENTED_EDGE('',*,*,#3349,.T.);
#3347=ORIENTED_EDGE('',*,*,#3350,.T.);
#3348=EDGE_CURVE('',#301,#299,#3351,.F.);
#3349=EDGE_CURVE('',#299,#303,#3352,.T.);
#3350=EDGE_CURVE('',#303,#301,#3353,.T.);
#3351=LINE('',#300,#3354);
#3352=LINE('',#298,#3355);
#3353=LINE('',#302,#3356);
#3354=VECTOR('',#3357,1.0);
#3355=VECTOR('',#3358,1.0);
#3356=VECTOR('',#3359,1.0);
#3357=DIRECTION('',(0.9999999999993778,0,-1.1155037168576906E-06));
#3358=DIRECTION('',(0,-0.5090265842264459,0.86075079817027));
#3359=DIRECTION('',(-0.9999051003170966,0.007013064019030208,-0.011857794606172587));
#3360=FACE_SURFACE('',(#3365),#3361,.T.);
#3361=PLANE('',#3362);
#3362=AXIS2_PLACEMENT_3D('',#300,#3363,#3364);
#3363=DIRECTION('',(0,-0.8607298189766152,-0.5090620578323269));
#3364=DIRECTION('',(0.9999051003170966,-0.007013064019030208,0.011857794606172587));
#3365=FACE_BOUND('',#3366,.T.);
#3366=EDGE_LOOP('',(#3367,#3368,#3369));
#3367=ORIENTED_EDGE('',*,*,#3370,.T.);
#3368=ORIENTED_EDGE('',*,*,#3371,.T.);
#3369=ORIENTED_EDGE('',*,*,#3372,.T.);
#3370=EDGE_CURVE('',#301,#303,#3373,.F.);
#3371=EDGE_CURVE('',#303,#305,#3374,.T.);
#3372=EDGE_CURVE('',#305,#301,#3375,.T.);
#3373=LINE('',#300,#3376);
#3374=LINE('',#302,#3377);
#3375=LINE('',#304,#3378);
#3376=VECTOR('',#3379,1.0);
#3377=VECTOR('',#3380,1.0);
#3378=VECTOR('',#3381,1.0);
#3379=DIRECTION('',(0.9999051003170966,-0.007013064019030208,0.011857794606172587));
#3380=DIRECTION('',(-1,0,0));
#3381=DIRECTION('',(0,0.5090620578323269,-0.8607298189766152));
#3382=FACE_SURFACE('',(#3387),#3383,.T.);
#3383=PLANE('',#3384);
#3384=AXIS2_PLACEMENT_3D('',#304,#3385,#3386);
#3385=DIRECTION('',(0,-0.8910172522188863,-0.4539694441791272));
#3386=DIRECTION('',(1,0,0));
#3387=FACE_BOUND('',#3388,.T.);
#3388=EDGE_LOOP('',(#3389,#3390,#3391));
#3389=ORIENTED_EDGE('',*,*,#3392,.T.);
#3390=ORIENTED_EDGE('',*,*,#3393,.T.);
#3391=ORIENTED_EDGE('',*,*,#3394,.T.);
#3392=EDGE_CURVE('',#305,#303,#3395,.F.);
#3393=EDGE_CURVE('',#303,#307,#3396,.T.);
#3394=EDGE_CURVE('',#307,#305,#3397,.T.);
#3395=LINE('',#304,#3398);
#3396=LINE('',#302,#3399);
#3397=LINE('',#306,#3400);
#3398=VECTOR('',#3401,1.0);
#3399=VECTOR('',#3402,1.0);
#3400=VECTOR('',#3403,1.0);
#3401=DIRECTION('',(1,0,0));
#3402=DIRECTION('',(0,-0.4539694441791272,0.8910172522188862));
#3403=DIRECTION('',(-0.9999051017745914,0.006254035787199967,-0.012274953422175073));
#3404=FACE_SURFACE('',(#3409),#3405,.T.);
#3405=PLANE('',#3406);
#3406=AXIS2_PLACEMENT_3D('',#304,#3407,#3408);
#3407=DIRECTION('',(0,-0.8910172522188863,-0.4539694441791272));
#3408=DIRECTION('',(0.9999051017745914,-0.006254035787199967,0.012274953422175073));
#3409=FACE_BOUND('',#3410,.T.);
#3410=EDGE_LOOP('',(#3411,#3412,#3413));
#3411=ORIENTED_EDGE('',*,*,#3414,.T.);
#3412=ORIENTED_EDGE('',*,*,#3415,.T.);
#3413=ORIENTED_EDGE('',*,*,#3416,.T.);
#3414=EDGE_CURVE('',#305,#307,#3417,.F.);
#3415=EDGE_CURVE('',#307,#309,#3418,.T.);
#3416=EDGE_CURVE('',#309,#305,#3419,.T.);
#3417=LINE('',#304,#3420);
#3418=LINE('',#306,#3421);
#3419=LINE('',#308,#3422);
#3420=VECTOR('',#3423,1.0);
#3421=VECTOR('',#3424,1.0);
#3422=VECTOR('',#3425,1.0);
#3423=DIRECTION('',(0.9999051017745914,-0.006254035787199967,0.012274953422175073));
#3424=DIRECTION('',(-1,0,0));
#3425=DIRECTION('',(0,0.4539694441791272,-0.8910172522188862));
#3426=FACE_SURFACE('',(#3431),#3427,.T.);
#3427=PLANE('',#3428);
#3428=AXIS2_PLACEMENT_3D('',#308,#3429,#3430);
#3429=DIRECTION('',(0,-0.9177425999804766,-0.39717567924166103));
#3430=DIRECTION('',(1,0,0));
#3431=FACE_BOUND('',#3432,.T.);
#3432=EDGE_LOOP('',(#3433,#3434,#3435));
#3433=ORIENTED_EDGE('',*,*,#3436,.T.);
#3434=ORIENTED_EDGE('',*,*,#3437,.T.);
#3435=ORIENTED_EDGE('',*,*,#3438,.T.);
#3436=EDGE_CURVE('',#309,#307,#3439,.F.);
#3437=EDGE_CURVE('',#307,#311,#3440,.T.);
#3438=EDGE_CURVE('',#311,#309,#3441,.T.);
#3439=LINE('',#308,#3442);
#3440=LINE('',#306,#3443);
#3441=LINE('',#310,#3444);
#3442=VECTOR('',#3445,1.0);
#3443=VECTOR('',#3446,1.0);
#3444=VECTOR('',#3447,1.0);
#3445=DIRECTION('',(1,0,0));
#3446=DIRECTION('',(0,-0.3971756792416611,0.9177425999804767));
#3447=DIRECTION('',(-0.9999051032168473,0.005471584198031186,-0.012643034733397918));
#3448=FACE_SURFACE('',(#3453),#3449,.T.);
#3449=PLANE('',#3450);
#3450=AXIS2_PLACEMENT_3D('',#308,#3451,#3452);
#3451=DIRECTION('',(-4.4301802758794695E-07,-0.9177553707260866,-0.39714616893938054));
#3452=DIRECTION('',(0.9999051032168473,-0.005471584198031186,0.012643034733397918));
#3453=FACE_BOUND('',#3454,.T.);
#3454=EDGE_LOOP('',(#3455,#3456,#3457));
#3455=ORIENTED_EDGE('',*,*,#3458,.T.);
#3456=ORIENTED_EDGE('',*,*,#3459,.T.);
#3457=ORIENTED_EDGE('',*,*,#3460,.T.);
#3458=EDGE_CURVE('',#309,#311,#3461,.F.);
#3459=EDGE_CURVE('',#311,#313,#3462,.T.);
#3460=EDGE_CURVE('',#313,#309,#3463,.T.);
#3461=LINE('',#308,#3464);
#3462=LINE('',#310,#3465);
#3463=LINE('',#312,#3466);
#3464=VECTOR('',#3467,1.0);
#3465=VECTOR('',#3468,1.0);
#3466=VECTOR('',#3469,1.0);
#3467=DIRECTION('',(0.9999051032168473,-0.005471584198031186,0.012643034733397918));
#3468=DIRECTION('',(-0.9999999999993778,0,1.1155037168576906E-06));
#3469=DIRECTION('',(0,0.39714616893941956,-0.9177553707261767));
#3470=FACE_SURFACE('',(#3475),#3471,.T.);
#3471=PLANE('',#3472);
#3472=AXIS2_PLACEMENT_3D('',#312,#3473,#3474);
#3473=DIRECTION('',(-3.778780049779773E-07,-0.9408760581108216,-0.3387510048305376));
#3474=DIRECTION('',(0.9999999999993778,0,-1.1155037168576906E-06));
#3475=FACE_BOUND('',#3476,.T.);
#3476=EDGE_LOOP('',(#3477,#3478,#3479));
#3477=ORIENTED_EDGE('',*,*,#3480,.T.);
#3478=ORIENTED_EDGE('',*,*,#3481,.T.);
#3479=ORIENTED_EDGE('',*,*,#3482,.T.);
#3480=EDGE_CURVE('',#313,#311,#3483,.F.);
#3481=EDGE_CURVE('',#311,#315,#3484,.T.);
#3482=EDGE_CURVE('',#315,#313,#3485,.T.);
#3483=LINE('',#312,#3486);
#3484=LINE('',#310,#3487);
#3485=LINE('',#314,#3488);
#3486=VECTOR('',#3489,1.0);
#3487=VECTOR('',#3490,1.0);
#3488=VECTOR('',#3491,1.0);
#3489=DIRECTION('',(0.9999999999993778,0,-1.1155037168576906E-06));
#3490=DIRECTION('',(0,-0.3387510048305618,0.9408760581108888));
#3491=DIRECTION('',(-0.9999051131061357,0.004666824688814701,-0.012960923251440446));
#3492=FACE_SURFACE('',(#3497),#3493,.T.);
#3493=PLANE('',#3494);
#3494=AXIS2_PLACEMENT_3D('',#312,#3495,#3496);
#3495=DIRECTION('',(-3.778780049779773E-07,-0.9408760581108216,-0.3387510048305376));
#3496=DIRECTION('',(0.9999051131061357,-0.004666824688814701,0.012960923251440446));
#3497=FACE_BOUND('',#3498,.T.);
#3498=EDGE_LOOP('',(#3499,#3500,#3501));
#3499=ORIENTED_EDGE('',*,*,#3502,.T.);
#3500=ORIENTED_EDGE('',*,*,#3503,.T.);
#3501=ORIENTED_EDGE('',*,*,#3504,.T.);
#3502=EDGE_CURVE('',#313,#315,#3505,.F.);
#3503=EDGE_CURVE('',#315,#317,#3506,.T.);
#3504=EDGE_CURVE('',#317,#313,#3507,.T.);
#3505=LINE('',#312,#3508);
#3506=LINE('',#314,#3509);
#3507=LINE('',#316,#3510);
#3508=VECTOR('',#3511,1.0);
#3509=VECTOR('',#3512,1.0);
#3510=VECTOR('',#3513,1.0);
#3511=DIRECTION('',(0.9999051131061357,-0.004666824688814701,0.012960923251440446));
#3512=DIRECTION('',(-0.9999999999993778,0,1.1155037168576906E-06));
#3513=DIRECTION('',(0,0.3387510048305618,-0.9408760581108888));
#3514=FACE_SURFACE('',(#3519),#3515,.T.);
#3515=PLANE('',#3516);
#3516=AXIS2_PLACEMENT_3D('',#316,#3517,#3518);
#3517=DIRECTION('',(-3.1117904953452957E-07,-0.9603032085433786,-0.27895832602952625));
#3518=DIRECTION('',(0.9999999999993778,0,-1.1155037168576906E-06));
#3519=FACE_BOUND('',#3520,.T.);
#3520=EDGE_LOOP('',(#3521,#3522,#3523));
#3521=ORIENTED_EDGE('',*,*,#3524,.T.);
#3522=ORIENTED_EDGE('',*,*,#3525,.T.);
#3523=ORIENTED_EDGE('',*,*,#3526,.T.);
#3524=EDGE_CURVE('',#317,#315,#3527,.F.);
#3525=EDGE_CURVE('',#315,#319,#3528,.T.);
#3526=EDGE_CURVE('',#319,#317,#3529,.T.);
#3527=LINE('',#316,#3530);
#3528=LINE('',#314,#3531);
#3529=LINE('',#318,#3532);
#3530=VECTOR('',#3533,1.0);
#3531=VECTOR('',#3534,1.0);
#3532=VECTOR('',#3535,1.0);
#3533=DIRECTION('',(0.9999999999993778,0,-1.1155037168576906E-06));
#3534=DIRECTION('',(0,-0.2789583260295398,0.9603032085434251));
#3535=DIRECTION('',(-0.9999051125996746,0.003843103359743455,-0.013228618733582173));
#3536=FACE_SURFACE('',(#3541),#3537,.T.);
#3537=PLANE('',#3538);
#3538=AXIS2_PLACEMENT_3D('',#316,#3539,#3540);
#3539=DIRECTION('',(0,-0.9602969074432839,-0.2789800164077432));
#3540=DIRECTION('',(0.9999051125996746,-0.003843103359743455,0.013228618733582173));
#3541=FACE_BOUND('',#3542,.T.);
#3542=EDGE_LOOP('',(#3543,#3544,#3545));
#3543=ORIENTED_EDGE('',*,*,#3546,.T.);
#3544=ORIENTED_EDGE('',*,*,#3547,.T.);
#3545=ORIENTED_EDGE('',*,*,#3548,.T.);
#3546=EDGE_CURVE('',#317,#319,#3549,.F.);
#3547=EDGE_CURVE('',#319,#321,#3550,.T.);
#3548=EDGE_CURVE('',#321,#317,#3551,.T.);
#3549=LINE('',#316,#3552);
#3550=LINE('',#318,#3553);
#3551=LINE('',#320,#3554);
#3552=VECTOR('',#3555,1.0);
#3553=VECTOR('',#3556,1.0);
#3554=VECTOR('',#3557,1.0);
#3555=DIRECTION('',(0.9999051125996746,-0.003843103359743455,0.013228618733582173));
#3556=DIRECTION('',(-1,0,0));
#3557=DIRECTION('',(0,0.2789800164077433,-0.9602969074432841));
#3558=FACE_SURFACE('',(#3563),#3559,.T.);
#3559=PLANE('',#3560);
#3560=AXIS2_PLACEMENT_3D('',#320,#3561,#3562);
#3561=DIRECTION('',(0,-0.9759148353494508,-0.21815186028281858));
#3562=DIRECTION('',(1,0,0));
#3563=FACE_BOUND('',#3564,.T.);
#3564=EDGE_LOOP('',(#3565,#3566,#3567));
#3565=ORIENTED_EDGE('',*,*,#3568,.T.);
#3566=ORIENTED_EDGE('',*,*,#3569,.T.);
#3567=ORIENTED_EDGE('',*,*,#3570,.T.);
#3568=EDGE_CURVE('',#321,#319,#3571,.F.);
#3569=EDGE_CURVE('',#319,#323,#3572,.T.);
#3570=EDGE_CURVE('',#323,#321,#3573,.T.);
#3571=LINE('',#320,#3574);
#3572=LINE('',#318,#3575);
#3573=LINE('',#322,#3576);
#3574=VECTOR('',#3577,1.0);
#3575=VECTOR('',#3578,1.0);
#3576=VECTOR('',#3579,1.0);
#3577=DIRECTION('',(1,0,0));
#3578=DIRECTION('',(0,-0.21815186028281855,0.9759148353494507));
#3579=DIRECTION('',(-0.9999050950742825,0.0030054395069893606,-0.013445005684635277));
#3580=FACE_SURFACE('',(#3585),#3581,.T.);
#3581=PLANE('',#3582);
#3582=AXIS2_PLACEMENT_3D('',#320,#3583,#3584);
#3583=DIRECTION('',(0,-0.9759148353494508,-0.21815186028281858));
#3584=DIRECTION('',(0.9999050950742825,-0.0030054395069893606,0.013445005684635277));
#3585=FACE_BOUND('',#3586,.T.);
#3586=EDGE_LOOP('',(#3587,#3588,#3589));
#3587=ORIENTED_EDGE('',*,*,#3590,.T.);
#3588=ORIENTED_EDGE('',*,*,#3591,.T.);
#3589=ORIENTED_EDGE('',*,*,#3592,.T.);
#3590=EDGE_CURVE('',#321,#323,#3593,.F.);
#3591=EDGE_CURVE('',#323,#325,#3594,.T.);
#3592=EDGE_CURVE('',#325,#321,#3595,.T.);
#3593=LINE('',#320,#3596);
#3594=LINE('',#322,#3597);
#3595=LINE('',#324,#3598);
#3596=VECTOR('',#3599,1.0);
#3597=VECTOR('',#3600,1.0);
#3598=VECTOR('',#3601,1.0);
#3599=DIRECTION('',(0.9999050950742825,-0.0030054395069893606,0.013445005684635277));
#3600=DIRECTION('',(-1,0,0));
#3601=DIRECTION('',(0,0.21815186028281855,-0.9759148353494507));
#3602=FACE_SURFACE('',(#3607),#3603,.T.);
#3603=PLANE('',#3604);
#3604=AXIS2_PLACEMENT_3D('',#324,#3605,#3606);
#3605=DIRECTION('',(0,-0.9876899891698057,-0.15642405599443107));
#3606=DIRECTION('',(1,0,0));
#3607=FACE_BOUND('',#3608,.T.);
#3608=EDGE_LOOP('',(#3609,#3610,#3611));
#3609=ORIENTED_EDGE('',*,*,#3612,.T.);
#3610=ORIENTED_EDGE('',*,*,#3613,.T.);
#3611=ORIENTED_EDGE('',*,*,#3614,.T.);
#3612=EDGE_CURVE('',#325,#323,#3615,.F.);
#3613=EDGE_CURVE('',#323,#327,#3616,.T.);
#3614=EDGE_CURVE('',#327,#325,#3617,.T.);
#3615=LINE('',#324,#3618);
#3616=LINE('',#322,#3619);
#3617=LINE('',#326,#3620);
#3618=VECTOR('',#3621,1.0);
#3619=VECTOR('',#3622,1.0);
#3620=VECTOR('',#3623,1.0);
#3621=DIRECTION('',(1,0,0));
#3622=DIRECTION('',(0,-0.1564240559944311,0.9876899891698059));
#3623=DIRECTION('',(-0.9999051019294687,0.0021549486610918252,-0.0136067384661797));
#3624=FACE_SURFACE('',(#3629),#3625,.T.);
#3625=PLANE('',#3626);
#3626=AXIS2_PLACEMENT_3D('',#324,#3627,#3628);
#3627=DIRECTION('',(0,-0.9876899891698057,-0.15642405599443107));
#3628=DIRECTION('',(0.9999051019294687,-0.0021549486610918252,0.0136067384661797));
#3629=FACE_BOUND('',#3630,.T.);
#3630=EDGE_LOOP('',(#3631,#3632,#3633));
#3631=ORIENTED_EDGE('',*,*,#3634,.T.);
#3632=ORIENTED_EDGE('',*,*,#3635,.T.);
#3633=ORIENTED_EDGE('',*,*,#3636,.T.);
#3634=EDGE_CURVE('',#325,#327,#3637,.F.);
#3635=EDGE_CURVE('',#327,#329,#3638,.T.);
#3636=EDGE_CURVE('',#329,#325,#3639,.T.);
#3637=LINE('',#324,#3640);
#3638=LINE('',#326,#3641);
#3639=LINE('',#328,#3642);
#3640=VECTOR('',#3643,1.0);
#3641=VECTOR('',#3644,1.0);
#3642=VECTOR('',#3645,1.0);
#3643=DIRECTION('',(0.9999051019294687,-0.0021549486610918252,0.0136067384661797));
#3644=DIRECTION('',(-1,0,0));
#3645=DIRECTION('',(0,0.1564240559944311,-0.9876899891698059));
#3646=FACE_SURFACE('',(#3651),#3647,.T.);
#3647=PLANE('',#3648);
#3648=AXIS2_PLACEMENT_3D('',#328,#3649,#3650);
#3649=DIRECTION('',(0,-0.9955605551463395,-0.0941232226217973));
#3650=DIRECTION('',(1,0,0));
#3651=FACE_BOUND('',#3652,.T.);
#3652=EDGE_LOOP('',(#3653,#3654,#3655));
#3653=ORIENTED_EDGE('',*,*,#3656,.T.);
#3654=ORIENTED_EDGE('',*,*,#3657,.T.);
#3655=ORIENTED_EDGE('',*,*,#3658,.T.);
#3656=EDGE_CURVE('',#329,#327,#3659,.F.);
#3657=EDGE_CURVE('',#327,#331,#3660,.T.);
#3658=EDGE_CURVE('',#331,#329,#3661,.T.);
#3659=LINE('',#328,#3662);
#3660=LINE('',#326,#3663);
#3661=LINE('',#330,#3664);
#3662=VECTOR('',#3665,1.0);
#3663=VECTOR('',#3666,1.0);
#3664=VECTOR('',#3667,1.0);
#3665=DIRECTION('',(1,0,0));
#3666=DIRECTION('',(0,-0.0941232226217973,0.9955605551463395));
#3667=DIRECTION('',(-0.9999051051655644,0.0012966500137820134,-0.013714932102764418));
#3668=FACE_SURFACE('',(#3673),#3669,.T.);
#3669=PLANE('',#3670);
#3670=AXIS2_PLACEMENT_3D('',#328,#3671,#3672);
#3671=DIRECTION('',(-1.0498634206454028E-07,-0.9955612723539541,-0.09411563626180952));
#3672=DIRECTION('',(0.9999051051655644,-0.0012966500137820134,0.013714932102764418));
#3673=FACE_BOUND('',#3674,.T.);
#3674=EDGE_LOOP('',(#3675,#3676,#3677));
#3675=ORIENTED_EDGE('',*,*,#3678,.T.);
#3676=ORIENTED_EDGE('',*,*,#3679,.T.);
#3677=ORIENTED_EDGE('',*,*,#3680,.T.);
#3678=EDGE_CURVE('',#329,#331,#3681,.F.);
#3679=EDGE_CURVE('',#331,#333,#3682,.T.);
#3680=EDGE_CURVE('',#333,#329,#3683,.T.);
#3681=LINE('',#328,#3684);
#3682=LINE('',#330,#3685);
#3683=LINE('',#332,#3686);
#3684=VECTOR('',#3687,1.0);
#3685=VECTOR('',#3688,1.0);
#3686=VECTOR('',#3689,1.0);
#3687=DIRECTION('',(0.9999051051655644,-0.0012966500137820134,0.013714932102764418));
#3688=DIRECTION('',(-0.9999999999993778,0,1.1155037168576906E-06));
#3689=DIRECTION('',(0,0.09411563626181002,-0.9955612723539594));
#3690=FACE_SURFACE('',(#3695),#3691,.T.);
#3691=PLANE('',#3692);
#3692=AXIS2_PLACEMENT_3D('',#332,#3693,#3694);
#3693=DIRECTION('',(-3.5042675319343164E-08,-0.9995064517044375,-0.031414216546077095));
#3694=DIRECTION('',(0.9999999999993778,0,-1.1155037168576906E-06));
#3695=FACE_BOUND('',#3696,.T.);
#3696=EDGE_LOOP('',(#3697,#3698,#3699));
#3697=ORIENTED_EDGE('',*,*,#3700,.T.);
#3698=ORIENTED_EDGE('',*,*,#3701,.T.);
#3699=ORIENTED_EDGE('',*,*,#3702,.T.);
#3700=EDGE_CURVE('',#333,#331,#3703,.F.);
#3701=EDGE_CURVE('',#331,#335,#3704,.T.);
#3702=EDGE_CURVE('',#335,#333,#3705,.T.);
#3703=LINE('',#332,#3706);
#3704=LINE('',#330,#3707);
#3705=LINE('',#334,#3708);
#3706=VECTOR('',#3709,1.0);
#3707=VECTOR('',#3710,1.0);
#3708=VECTOR('',#3711,1.0);
#3709=DIRECTION('',(0.9999999999993778,0,-1.1155037168576906E-06));
#3710=DIRECTION('',(0,-0.031414216546077116,0.9995064517044381));
#3711=DIRECTION('',(-0.9999051164499926,0.00043277437507540484,-0.013768471355491746));
#3712=FACE_SURFACE('',(#3717),#3713,.T.);
#3713=PLANE('',#3714);
#3714=AXIS2_PLACEMENT_3D('',#332,#3715,#3716);
#3715=DIRECTION('',(-3.5042675319343164E-08,-0.9995064517044375,-0.031414216546077095));
#3716=DIRECTION('',(0.9999051164499926,-0.00043277437507540484,0.013768471355491746));
#3717=FACE_BOUND('',#3718,.T.);
#3718=EDGE_LOOP('',(#3719,#3720,#3721));
#3719=ORIENTED_EDGE('',*,*,#3722,.T.);
#3720=ORIENTED_EDGE('',*,*,#3723,.T.);
#3721=ORIENTED_EDGE('',*,*,#3724,.T.);
#3722=EDGE_CURVE('',#333,#335,#3725,.F.);
#3723=EDGE_CURVE('',#335,#337,#3726,.T.);
#3724=EDGE_CURVE('',#337,#333,#3727,.T.);
#3725=LINE('',#332,#3728);
#3726=LINE('',#334,#3729);
#3727=LINE('',#336,#3730);
#3728=VECTOR('',#3731,1.0);
#3729=VECTOR('',#3732,1.0);
#3730=VECTOR('',#3733,1.0);
#3731=DIRECTION('',(0.9999051164499926,-0.00043277437507540484,0.013768471355491746));
#3732=DIRECTION('',(-0.9999999999993778,0,1.1155037168576906E-06));
#3733=DIRECTION('',(0,0.031414216546077116,-0.9995064517044381));
#3734=FACE_SURFACE('',(#3739),#3735,.T.);
#3735=PLANE('',#3736);
#3736=AXIS2_PLACEMENT_3D('',#336,#3737,#3738);
#3737=DIRECTION('',(3.5042675319343164E-08,-0.9995064517044375,0.031414216546077095));
#3738=DIRECTION('',(0.9999999999993778,0,-1.1155037168576906E-06));
#3739=FACE_BOUND('',#3740,.T.);
#3740=EDGE_LOOP('',(#3741,#3742,#3743));
#3741=ORIENTED_EDGE('',*,*,#3744,.T.);
#3742=ORIENTED_EDGE('',*,*,#3745,.T.);
#3743=ORIENTED_EDGE('',*,*,#3746,.T.);
#3744=EDGE_CURVE('',#337,#335,#3747,.F.);
#3745=EDGE_CURVE('',#335,#339,#3748,.T.);
#3746=EDGE_CURVE('',#339,#337,#3749,.T.);
#3747=LINE('',#336,#3750);
#3748=LINE('',#334,#3751);
#3749=LINE('',#338,#3752);
#3750=VECTOR('',#3753,1.0);
#3751=VECTOR('',#3754,1.0);
#3752=VECTOR('',#3755,1.0);
#3753=DIRECTION('',(0.9999999999993778,0,-1.1155037168576906E-06));
#3754=DIRECTION('',(0,0.031414216546077116,0.9995064517044381));
#3755=DIRECTION('',(-0.9999051164499926,-0.00043277437507540484,-0.013768471355491746));
#3756=FACE_SURFACE('',(#3761),#3757,.T.);
#3757=PLANE('',#3758);
#3758=AXIS2_PLACEMENT_3D('',#336,#3759,#3760);
#3759=DIRECTION('',(3.5042675319343164E-08,-0.9995064517044375,0.031414216546077095));
#3760=DIRECTION('',(0.9999051164499926,0.00043277437507540484,0.013768471355491746));
#3761=FACE_BOUND('',#3762,.T.);
#3762=EDGE_LOOP('',(#3763,#3764,#3765));
#3763=ORIENTED_EDGE('',*,*,#3766,.T.);
#3764=ORIENTED_EDGE('',*,*,#3767,.T.);
#3765=ORIENTED_EDGE('',*,*,#3768,.T.);
#3766=EDGE_CURVE('',#337,#339,#3769,.F.);
#3767=EDGE_CURVE('',#339,#341,#3770,.T.);
#3768=EDGE_CURVE('',#341,#337,#3771,.T.);
#3769=LINE('',#336,#3772);
#3770=LINE('',#338,#3773);
#3771=LINE('',#340,#3774);
#3772=VECTOR('',#3775,1.0);
#3773=VECTOR('',#3776,1.0);
#3774=VECTOR('',#3777,1.0);
#3775=DIRECTION('',(0.9999051164499926,0.00043277437507540484,0.013768471355491746));
#3776=DIRECTION('',(-0.9999999999993778,0,1.1155037168576906E-06));
#3777=DIRECTION('',(0,-0.031414216546077116,-0.9995064517044381));
#3778=FACE_SURFACE('',(#3783),#3779,.T.);
#3779=PLANE('',#3780);
#3780=AXIS2_PLACEMENT_3D('',#340,#3781,#3782);
#3781=DIRECTION('',(1.0498634206454028E-07,-0.9955612723539541,0.09411563626180952));
#3782=DIRECTION('',(0.9999999999993778,0,-1.1155037168576906E-06));
#3783=FACE_BOUND('',#3784,.T.);
#3784=EDGE_LOOP('',(#3785,#3786,#3787));
#3785=ORIENTED_EDGE('',*,*,#3788,.T.);
#3786=ORIENTED_EDGE('',*,*,#3789,.T.);
#3787=ORIENTED_EDGE('',*,*,#3790,.T.);
#3788=EDGE_CURVE('',#341,#339,#3791,.F.);
#3789=EDGE_CURVE('',#339,#343,#3792,.T.);
#3790=EDGE_CURVE('',#343,#341,#3793,.T.);
#3791=LINE('',#340,#3794);
#3792=LINE('',#338,#3795);
#3793=LINE('',#342,#3796);
#3794=VECTOR('',#3797,1.0);
#3795=VECTOR('',#3798,1.0);
#3796=VECTOR('',#3799,1.0);
#3797=DIRECTION('',(0.9999999999993778,0,-1.1155037168576906E-06));
#3798=DIRECTION('',(0,0.09411563626181002,0.9955612723539594));
#3799=DIRECTION('',(-0.9999051051655644,-0.0012966500137820134,-0.013714932102764418));
#3800=FACE_SURFACE('',(#3805),#3801,.T.);
#3801=PLANE('',#3802);
#3802=AXIS2_PLACEMENT_3D('',#340,#3803,#3804);
#3803=DIRECTION('',(0,-0.9955605551463395,0.0941232226217973));
#3804=DIRECTION('',(0.9999051051655644,0.0012966500137820134,0.013714932102764418));
#3805=FACE_BOUND('',#3806,.T.);
#3806=EDGE_LOOP('',(#3807,#3808,#3809));
#3807=ORIENTED_EDGE('',*,*,#3810,.T.);
#3808=ORIENTED_EDGE('',*,*,#3811,.T.);
#3809=ORIENTED_EDGE('',*,*,#3812,.T.);
#3810=EDGE_CURVE('',#341,#343,#3813,.F.);
#3811=EDGE_CURVE('',#343,#345,#3814,.T.);
#3812=EDGE_CURVE('',#345,#341,#3815,.T.);
#3813=LINE('',#340,#3816);
#3814=LINE('',#342,#3817);
#3815=LINE('',#344,#3818);
#3816=VECTOR('',#3819,1.0);
#3817=VECTOR('',#3820,1.0);
#3818=VECTOR('',#3821,1.0);
#3819=DIRECTION('',(0.9999051051655644,0.0012966500137820134,0.013714932102764418));
#3820=DIRECTION('',(-1,0,0));
#3821=DIRECTION('',(0,-0.0941232226217973,-0.9955605551463395));
#3822=FACE_SURFACE('',(#3827),#3823,.T.);
#3823=PLANE('',#3824);
#3824=AXIS2_PLACEMENT_3D('',#344,#3825,#3826);
#3825=DIRECTION('',(0,-0.9876899891698057,0.15642405599443107));
#3826=DIRECTION('',(1,0,0));
#3827=FACE_BOUND('',#3828,.T.);
#3828=EDGE_LOOP('',(#3829,#3830,#3831));
#3829=ORIENTED_EDGE('',*,*,#3832,.T.);
#3830=ORIENTED_EDGE('',*,*,#3833,.T.);
#3831=ORIENTED_EDGE('',*,*,#3834,.T.);
#3832=EDGE_CURVE('',#345,#343,#3835,.F.);
#3833=EDGE_CURVE('',#343,#347,#3836,.T.);
#3834=EDGE_CURVE('',#347,#345,#3837,.T.);
#3835=LINE('',#344,#3838);
#3836=LINE('',#342,#3839);
#3837=LINE('',#346,#3840);
#3838=VECTOR('',#3841,1.0);
#3839=VECTOR('',#3842,1.0);
#3840=VECTOR('',#3843,1.0);
#3841=DIRECTION('',(1,0,0));
#3842=DIRECTION('',(0,0.1564240559944311,0.9876899891698059));
#3843=DIRECTION('',(-0.9999051019294687,-0.0021549486610918252,-0.0136067384661797));
#3844=FACE_SURFACE('',(#3849),#3845,.T.);
#3845=PLANE('',#3846);
#3846=AXIS2_PLACEMENT_3D('',#344,#3847,#3848);
#3847=DIRECTION('',(0,-0.9876899891698057,0.15642405599443107));
#3848=DIRECTION('',(0.9999051019294687,0.0021549486610918252,0.0136067384661797));
#3849=FACE_BOUND('',#3850,.T.);
#3850=EDGE_LOOP('',(#3851,#3852,#3853));
#3851=ORIENTED_EDGE('',*,*,#3854,.T.);
#3852=ORIENTED_EDGE('',*,*,#3855,.T.);
#3853=ORIENTED_EDGE('',*,*,#3856,.T.);
#3854=EDGE_CURVE('',#345,#347,#3857,.F.);
#3855=EDGE_CURVE('',#347,#349,#3858,.T.);
#3856=EDGE_CURVE('',#349,#345,#3859,.T.);
#3857=LINE('',#344,#3860);
#3858=LINE('',#346,#3861);
#3859=LINE('',#348,#3862);
#3860=VECTOR('',#3863,1.0);
#3861=VECTOR('',#3864,1.0);
#3862=VECTOR('',#3865,1.0);
#3863=DIRECTION('',(0.9999051019294687,0.0021549486610918252,0.0136067384661797));
#3864=DIRECTION('',(-1,0,0));
#3865=DIRECTION('',(0,-0.1564240559944311,-0.9876899891698059));
#3866=FACE_SURFACE('',(#3871),#3867,.T.);
#3867=PLANE('',#3868);
#3868=AXIS2_PLACEMENT_3D('',#348,#3869,#3870);
#3869=DIRECTION('',(0,-0.9759148353494508,0.21815186028281858));
#3870=DIRECTION('',(1,0,0));
#3871=FACE_BOUND('',#3872,.T.);
#3872=EDGE_LOOP('',(#3873,#3874,#3875));
#3873=ORIENTED_EDGE('',*,*,#3876,.T.);
#3874=ORIENTED_EDGE('',*,*,#3877,.T.);
#3875=ORIENTED_EDGE('',*,*,#3878,.T.);
#3876=EDGE_CURVE('',#349,#347,#3879,.F.);
#3877=EDGE_CURVE('',#347,#351,#3880,.T.);
#3878=EDGE_CURVE('',#351,#349,#3881,.T.);
#3879=LINE('',#348,#3882);
#3880=LINE('',#346,#3883);
#3881=LINE('',#350,#3884);
#3882=VECTOR('',#3885,1.0);
#3883=VECTOR('',#3886,1.0);
#3884=VECTOR('',#3887,1.0);
#3885=DIRECTION('',(1,0,0));
#3886=DIRECTION('',(0,0.21815186028281855,0.9759148353494507));
#3887=DIRECTION('',(-0.9999050950742825,-0.0030054395069893606,-0.013445005684635277));
#3888=FACE_SURFACE('',(#3893),#3889,.T.);
#3889=PLANE('',#3890);
#3890=AXIS2_PLACEMENT_3D('',#348,#3891,#3892);
#3891=DIRECTION('',(0,-0.9759148353494508,0.21815186028281858));
#3892=DIRECTION('',(0.9999050950742825,0.0030054395069893606,0.013445005684635277));
#3893=FACE_BOUND('',#3894,.T.);
#3894=EDGE_LOOP('',(#3895,#3896,#3897));
#3895=ORIENTED_EDGE('',*,*,#3898,.T.);
#3896=ORIENTED_EDGE('',*,*,#3899,.T.);
#3897=ORIENTED_EDGE('',*,*,#3900,.T.);
#3898=EDGE_CURVE('',#349,#351,#3901,.F.);
#3899=EDGE_CURVE('',#351,#353,#3902,.T.);
#3900=EDGE_CURVE('',#353,#349,#3903,.T.);
#3901=LINE('',#348,#3904);
#3902=LINE('',#350,#3905);
#3903=LINE('',#352,#3906);
#3904=VECTOR('',#3907,1.0);
#3905=VECTOR('',#3908,1.0);
#3906=VECTOR('',#3909,1.0);
#3907=DIRECTION('',(0.9999050950742825,0.0030054395069893606,0.013445005684635277));
#3908=DIRECTION('',(-1,0,0));
#3909=DIRECTION('',(0,-0.21815186028281855,-0.9759148353494507));
#3910=FACE_SURFACE('',(#3915),#3911,.T.);
#3911=PLANE('',#3912);
#3912=AXIS2_PLACEMENT_3D('',#352,#3913,#3914);
#3913=DIRECTION('',(0,-0.9602969074432839,0.2789800164077432));
#3914=DIRECTION('',(1,0,0));
#3915=FACE_BOUND('',#3916,.T.);
#3916=EDGE_LOOP('',(#3917,#3918,#3919));
#3917=ORIENTED_EDGE('',*,*,#3920,.T.);
#3918=ORIENTED_EDGE('',*,*,#3921,.T.);
#3919=ORIENTED_EDGE('',*,*,#3922,.T.);
#3920=EDGE_CURVE('',#353,#351,#3923,.F.);
#3921=EDGE_CURVE('',#351,#355,#3924,.T.);
#3922=EDGE_CURVE('',#355,#353,#3925,.T.);
#3923=LINE('',#352,#3926);
#3924=LINE('',#350,#3927);
#3925=LINE('',#354,#3928);
#3926=VECTOR('',#3929,1.0);
#3927=VECTOR('',#3930,1.0);
#3928=VECTOR('',#3931,1.0);
#3929=DIRECTION('',(1,0,0));
#3930=DIRECTION('',(0,0.2789800164077433,0.9602969074432841));
#3931=DIRECTION('',(-0.9999051125996746,-0.003843103359743455,-0.013228618733582173));
#3932=FACE_SURFACE('',(#3937),#3933,.T.);
#3933=PLANE('',#3934);
#3934=AXIS2_PLACEMENT_3D('',#352,#3935,#3936);
#3935=DIRECTION('',(3.1117904953452957E-07,-0.9603032085433786,0.27895832602952625));
#3936=DIRECTION('',(0.9999051125996746,0.003843103359743455,0.013228618733582173));
#3937=FACE_BOUND('',#3938,.T.);
#3938=EDGE_LOOP('',(#3939,#3940,#3941));
#3939=ORIENTED_EDGE('',*,*,#3942,.T.);
#3940=ORIENTED_EDGE('',*,*,#3943,.T.);
#3941=ORIENTED_EDGE('',*,*,#3944,.T.);
#3942=EDGE_CURVE('',#353,#355,#3945,.F.);
#3943=EDGE_CURVE('',#355,#357,#3946,.T.);
#3944=EDGE_CURVE('',#357,#353,#3947,.T.);
#3945=LINE('',#352,#3948);
#3946=LINE('',#354,#3949);
#3947=LINE('',#356,#3950);
#3948=VECTOR('',#3951,1.0);
#3949=VECTOR('',#3952,1.0);
#3950=VECTOR('',#3953,1.0);
#3951=DIRECTION('',(0.9999051125996746,0.003843103359743455,0.013228618733582173));
#3952=DIRECTION('',(-0.9999999999993778,0,1.1155037168576906E-06));
#3953=DIRECTION('',(0,-0.2789583260295398,-0.9603032085434251));
#3954=FACE_SURFACE('',(#3959),#3955,.T.);
#3955=PLANE('',#3956);
#3956=AXIS2_PLACEMENT_3D('',#356,#3957,#3958);
#3957=DIRECTION('',(3.778780049779773E-07,-0.9408760581108216,0.3387510048305376));
#3958=DIRECTION('',(0.9999999999993778,0,-1.1155037168576906E-06));
#3959=FACE_BOUND('',#3960,.T.);
#3960=EDGE_LOOP('',(#3961,#3962,#3963));
#3961=ORIENTED_EDGE('',*,*,#3964,.T.);
#3962=ORIENTED_EDGE('',*,*,#3965,.T.);
#3963=ORIENTED_EDGE('',*,*,#3966,.T.);
#3964=EDGE_CURVE('',#357,#355,#3967,.F.);
#3965=EDGE_CURVE('',#355,#359,#3968,.T.);
#3966=EDGE_CURVE('',#359,#357,#3969,.T.);
#3967=LINE('',#356,#3970);
#3968=LINE('',#354,#3971);
#3969=LINE('',#358,#3972);
#3970=VECTOR('',#3973,1.0);
#3971=VECTOR('',#3974,1.0);
#3972=VECTOR('',#3975,1.0);
#3973=DIRECTION('',(0.9999999999993778,0,-1.1155037168576906E-06));
#3974=DIRECTION('',(0,0.3387510048305618,0.9408760581108888));
#3975=DIRECTION('',(-0.9999051131061357,-0.004666824688814701,-0.012960923251440446));
#3976=FACE_SURFACE('',(#3981),#3977,.T.);
#3977=PLANE('',#3978);
#3978=AXIS2_PLACEMENT_3D('',#356,#3979,#3980);
#3979=DIRECTION('',(3.778780049779773E-07,-0.9408760581108216,0.3387510048305376));
#3980=DIRECTION('',(0.9999051131061357,0.004666824688814701,0.012960923251440446));
#3981=FACE_BOUND('',#3982,.T.);
#3982=EDGE_LOOP('',(#3983,#3984,#3985));
#3983=ORIENTED_EDGE('',*,*,#3986,.T.);
#3984=ORIENTED_EDGE('',*,*,#3987,.T.);
#3985=ORIENTED_EDGE('',*,*,#3988,.T.);
#3986=EDGE_CURVE('',#357,#359,#3989,.F.);
#3987=EDGE_CURVE('',#359,#361,#3990,.T.);
#3988=EDGE_CURVE('',#361,#357,#3991,.T.);
#3989=LINE('',#356,#3992);
#3990=LINE('',#358,#3993);
#3991=LINE('',#360,#3994);
#3992=VECTOR('',#3995,1.0);
#3993=VECTOR('',#3996,1.0);
#3994=VECTOR('',#3997,1.0);
#3995=DIRECTION('',(0.9999051131061357,0.004666824688814701,0.012960923251440446));
#3996=DIRECTION('',(-0.9999999999993778,0,1.1155037168576906E-06));
#3997=DIRECTION('',(0,-0.3387510048305618,-0.9408760581108888));
#3998=FACE_SURFACE('',(#4003),#3999,.T.);
#3999=PLANE('',#4000);
#4000=AXIS2_PLACEMENT_3D('',#360,#4001,#4002);
#4001=DIRECTION('',(4.4301802758794695E-07,-0.9177553707260866,0.39714616893938054));
#4002=DIRECTION('',(0.9999999999993778,0,-1.1155037168576906E-06));
#4003=FACE_BOUND('',#4004,.T.);
#4004=EDGE_LOOP('',(#4005,#4006,#4007));
#4005=ORIENTED_EDGE('',*,*,#4008,.T.);
#4006=ORIENTED_EDGE('',*,*,#4009,.T.);
#4007=ORIENTED_EDGE('',*,*,#4010,.T.);
#4008=EDGE_CURVE('',#361,#359,#4011,.F.);
#4009=EDGE_CURVE('',#359,#363,#4012,.T.);
#4010=EDGE_CURVE('',#363,#361,#4013,.T.);
#4011=LINE('',#360,#4014);
#4012=LINE('',#358,#4015);
#4013=LINE('',#362,#4016);
#4014=VECTOR('',#4017,1.0);
#4015=VECTOR('',#4018,1.0);
#4016=VECTOR('',#4019,1.0);
#4017=DIRECTION('',(0.9999999999993778,0,-1.1155037168576906E-06));
#4018=DIRECTION('',(0,0.39714616893941956,0.9177553707261767));
#4019=DIRECTION('',(-0.9999051032168473,-0.005471584198031186,-0.012643034733397918));
#4020=FACE_SURFACE('',(#4025),#4021,.T.);
#4021=PLANE('',#4022);
#4022=AXIS2_PLACEMENT_3D('',#360,#4023,#4024);
#4023=DIRECTION('',(0,-0.9177425999804766,0.39717567924166103));
#4024=DIRECTION('',(0.9999051032168473,0.005471584198031186,0.012643034733397918));
#4025=FACE_BOUND('',#4026,.T.);
#4026=EDGE_LOOP('',(#4027,#4028,#4029));
#4027=ORIENTED_EDGE('',*,*,#4030,.T.);
#4028=ORIENTED_EDGE('',*,*,#4031,.T.);
#4029=ORIENTED_EDGE('',*,*,#4032,.T.);
#4030=EDGE_CURVE('',#361,#363,#4033,.F.);
#4031=EDGE_CURVE('',#363,#365,#4034,.T.);
#4032=EDGE_CURVE('',#365,#361,#4035,.T.);
#4033=LINE('',#360,#4036);
#4034=LINE('',#362,#4037);
#4035=LINE('',#364,#4038);
#4036=VECTOR('',#4039,1.0);
#4037=VECTOR('',#4040,1.0);
#4038=VECTOR('',#4041,1.0);
#4039=DIRECTION('',(0.9999051032168473,0.005471584198031186,0.012643034733397918));
#4040=DIRECTION('',(-1,0,0));
#4041=DIRECTION('',(0,-0.3971756792416611,-0.9177425999804767));
#4042=FACE_SURFACE('',(#4047),#4043,.T.);
#4043=PLANE('',#4044);
#4044=AXIS2_PLACEMENT_3D('',#364,#4045,#4046);
#4045=DIRECTION('',(0,-0.8910172522188863,0.4539694441791272));
#4046=DIRECTION('',(1,0,0));
#4047=FACE_BOUND('',#4048,.T.);
#4048=EDGE_LOOP('',(#4049,#4050,#4051));
#4049=ORIENTED_EDGE('',*,*,#4052,.T.);
#4050=ORIENTED_EDGE('',*,*,#4053,.T.);
#4051=ORIENTED_EDGE('',*,*,#4054,.T.);
#4052=EDGE_CURVE('',#365,#363,#4055,.F.);
#4053=EDGE_CURVE('',#363,#367,#4056,.T.);
#4054=EDGE_CURVE('',#367,#365,#4057,.T.);
#4055=LINE('',#364,#4058);
#4056=LINE('',#362,#4059);
#4057=LINE('',#366,#4060);
#4058=VECTOR('',#4061,1.0);
#4059=VECTOR('',#4062,1.0);
#4060=VECTOR('',#4063,1.0);
#4061=DIRECTION('',(1,0,0));
#4062=DIRECTION('',(0,0.4539694441791272,0.8910172522188862));
#4063=DIRECTION('',(-0.9999051017745914,-0.006254035787199967,-0.012274953422175073));
#4064=FACE_SURFACE('',(#4069),#4065,.T.);
#4065=PLANE('',#4066);
#4066=AXIS2_PLACEMENT_3D('',#364,#4067,#4068);
#4067=DIRECTION('',(0,-0.8910172522188863,0.4539694441791272));
#4068=DIRECTION('',(0.9999051017745914,0.006254035787199967,0.012274953422175073));
#4069=FACE_BOUND('',#4070,.T.);
#4070=EDGE_LOOP('',(#4071,#4072,#4073));
#4071=ORIENTED_EDGE('',*,*,#4074,.T.);
#4072=ORIENTED_EDGE('',*,*,#4075,.T.);
#4073=ORIENTED_EDGE('',*,*,#4076,.T.);
#4074=EDGE_CURVE('',#365,#367,#4077,.F.);
#4075=EDGE_CURVE('',#367,#369,#4078,.T.);
#4076=EDGE_CURVE('',#369,#365,#4079,.T.);
#4077=LINE('',#364,#4080);
#4078=LINE('',#366,#4081);
#4079=LINE('',#368,#4082);
#4080=VECTOR('',#4083,1.0);
#4081=VECTOR('',#4084,1.0);
#4082=VECTOR('',#4085,1.0);
#4083=DIRECTION('',(0.9999051017745914,0.006254035787199967,0.012274953422175073));
#4084=DIRECTION('',(-1,0,0));
#4085=DIRECTION('',(0,-0.4539694441791272,-0.8910172522188862));
#4086=FACE_SURFACE('',(#4091),#4087,.T.);
#4087=PLANE('',#4088);
#4088=AXIS2_PLACEMENT_3D('',#368,#4089,#4090);
#4089=DIRECTION('',(0,-0.8607298189766152,0.5090620578323269));
#4090=DIRECTION('',(1,0,0));
#4091=FACE_BOUND('',#4092,.T.);
#4092=EDGE_LOOP('',(#4093,#4094,#4095));
#4093=ORIENTED_EDGE('',*,*,#4096,.T.);
#4094=ORIENTED_EDGE('',*,*,#4097,.T.);
#4095=ORIENTED_EDGE('',*,*,#4098,.T.);
#4096=EDGE_CURVE('',#369,#367,#4099,.F.);
#4097=EDGE_CURVE('',#367,#371,#4100,.T.);
#4098=EDGE_CURVE('',#371,#369,#4101,.T.);
#4099=LINE('',#368,#4102);
#4100=LINE('',#366,#4103);
#4101=LINE('',#370,#4104);
#4102=VECTOR('',#4105,1.0);
#4103=VECTOR('',#4106,1.0);
#4104=VECTOR('',#4107,1.0);
#4105=DIRECTION('',(1,0,0));
#4106=DIRECTION('',(0,0.5090620578323269,0.8607298189766152));
#4107=DIRECTION('',(-0.9999051003170966,-0.007013064019030208,-0.011857794606172587));
#4108=FACE_SURFACE('',(#4113),#4109,.T.);
#4109=PLANE('',#4110);
#4110=AXIS2_PLACEMENT_3D('',#368,#4111,#4112);
#4111=DIRECTION('',(5.678210466842365E-07,-0.8607507981701313,0.5090265842263639));
#4112=DIRECTION('',(0.9999051003170966,0.007013064019030208,0.011857794606172587));
#4113=FACE_BOUND('',#4114,.T.);
#4114=EDGE_LOOP('',(#4115,#4116,#4117));
#4115=ORIENTED_EDGE('',*,*,#4118,.T.);
#4116=ORIENTED_EDGE('',*,*,#4119,.T.);
#4117=ORIENTED_EDGE('',*,*,#4120,.T.);
#4118=EDGE_CURVE('',#369,#371,#4121,.F.);
#4119=EDGE_CURVE('',#371,#373,#4122,.T.);
#4120=EDGE_CURVE('',#373,#369,#4123,.T.);
#4121=LINE('',#368,#4124);
#4122=LINE('',#370,#4125);
#4123=LINE('',#372,#4126);
#4124=VECTOR('',#4127,1.0);
#4125=VECTOR('',#4128,1.0);
#4126=VECTOR('',#4129,1.0);
#4127=DIRECTION('',(0.9999051003170966,0.007013064019030208,0.011857794606172587));
#4128=DIRECTION('',(-0.9999999999993778,0,1.1155037168576906E-06));
#4129=DIRECTION('',(0,-0.5090265842264459,-0.86075079817027));
#4130=FACE_SURFACE('',(#4135),#4131,.T.);
#4131=PLANE('',#4132);
#4132=AXIS2_PLACEMENT_3D('',#372,#4133,#4134);
#4133=DIRECTION('',(6.269884017288384E-07,-0.8270913546660259,0.5620675146602275));
#4134=DIRECTION('',(0.9999999999993778,0,-1.1155037168576906E-06));
#4135=FACE_BOUND('',#4136,.T.);
#4136=EDGE_LOOP('',(#4137,#4138,#4139));
#4137=ORIENTED_EDGE('',*,*,#4140,.T.);
#4138=ORIENTED_EDGE('',*,*,#4141,.T.);
#4139=ORIENTED_EDGE('',*,*,#4142,.T.);
#4140=EDGE_CURVE('',#373,#371,#4143,.F.);
#4141=EDGE_CURVE('',#371,#375,#4144,.T.);
#4142=EDGE_CURVE('',#375,#373,#4145,.T.);
#4143=LINE('',#372,#4146);
#4144=LINE('',#370,#4147);
#4145=LINE('',#374,#4148);
#4146=VECTOR('',#4149,1.0);
#4147=VECTOR('',#4150,1.0);
#4148=VECTOR('',#4151,1.0);
#4149=DIRECTION('',(0.9999999999993778,0,-1.1155037168576906E-06));
#4150=DIRECTION('',(0,0.562067514660338,0.8270913546661884));
#4151=DIRECTION('',(-0.9999051042269707,-0.007743649644930419,-0.011393789142666796));
#4152=FACE_SURFACE('',(#4157),#4153,.T.);
#4153=PLANE('',#4154);
#4154=AXIS2_PLACEMENT_3D('',#372,#4155,#4156);
#4155=DIRECTION('',(0,-0.8270657750990594,0.5621051535609614));
#4156=DIRECTION('',(0.9999051042269707,0.007743649644930419,0.011393789142666796));
#4157=FACE_BOUND('',#4158,.T.);
#4158=EDGE_LOOP('',(#4159,#4160,#4161));
#4159=ORIENTED_EDGE('',*,*,#4162,.T.);
#4160=ORIENTED_EDGE('',*,*,#4163,.T.);
#4161=ORIENTED_EDGE('',*,*,#4164,.T.);
#4162=EDGE_CURVE('',#373,#375,#4165,.F.);
#4163=EDGE_CURVE('',#375,#377,#4166,.T.);
#4164=EDGE_CURVE('',#377,#373,#4167,.T.);
#4165=LINE('',#372,#4168);
#4166=LINE('',#374,#4169);
#4167=LINE('',#376,#4170);
#4168=VECTOR('',#4171,1.0);
#4169=VECTOR('',#4172,1.0);
#4170=VECTOR('',#4173,1.0);
#4171=DIRECTION('',(0.9999051042269707,0.007743649644930419,0.011393789142666796));
#4172=DIRECTION('',(-1,0,0));
#4173=DIRECTION('',(0,-0.5621051535609615,-0.8270657750990595));
#4174=FACE_SURFACE('',(#4179),#4175,.T.);
#4175=PLANE('',#4176);
#4176=AXIS2_PLACEMENT_3D('',#376,#4177,#4178);
#4177=DIRECTION('',(0,-0.7901493795793825,0.6129143153413182));
#4178=DIRECTION('',(1,0,0));
#4179=FACE_BOUND('',#4180,.T.);
#4180=EDGE_LOOP('',(#4181,#4182,#4183));
#4181=ORIENTED_EDGE('',*,*,#4184,.T.);
#4182=ORIENTED_EDGE('',*,*,#4185,.T.);
#4183=ORIENTED_EDGE('',*,*,#4186,.T.);
#4184=EDGE_CURVE('',#377,#375,#4187,.F.);
#4185=EDGE_CURVE('',#375,#379,#4188,.T.);
#4186=EDGE_CURVE('',#379,#377,#4189,.T.);
#4187=LINE('',#376,#4190);
#4188=LINE('',#374,#4191);
#4189=LINE('',#378,#4192);
#4190=VECTOR('',#4193,1.0);
#4191=VECTOR('',#4194,1.0);
#4192=VECTOR('',#4195,1.0);
#4193=DIRECTION('',(1,0,0));
#4194=DIRECTION('',(0,0.6129143153413182,0.7901493795793824));
#4195=DIRECTION('',(-0.9999051051912218,-0.008443561810392868,-0.010885167728880317));
#4196=FACE_SURFACE('',(#4201),#4197,.T.);
#4197=PLANE('',#4198);
#4198=AXIS2_PLACEMENT_3D('',#376,#4199,#4200);
#4199=DIRECTION('',(0,-0.7901493795793825,0.6129143153413182));
#4200=DIRECTION('',(0.9999051051912218,0.008443561810392868,0.010885167728880317));
#4201=FACE_BOUND('',#4202,.T.);
#4202=EDGE_LOOP('',(#4203,#4204,#4205));
#4203=ORIENTED_EDGE('',*,*,#4206,.T.);
#4204=ORIENTED_EDGE('',*,*,#4207,.T.);
#4205=ORIENTED_EDGE('',*,*,#4208,.T.);
#4206=EDGE_CURVE('',#377,#379,#4209,.F.);
#4207=EDGE_CURVE('',#379,#381,#4210,.T.);
#4208=EDGE_CURVE('',#381,#377,#4211,.T.);
#4209=LINE('',#376,#4212);
#4210=LINE('',#378,#4213);
#4211=LINE('',#380,#4214);
#4212=VECTOR('',#4215,1.0);
#4213=VECTOR('',#4216,1.0);
#4214=VECTOR('',#4217,1.0);
#4215=DIRECTION('',(0.9999051051912218,0.008443561810392868,0.010885167728880317));
#4216=DIRECTION('',(-1,0,0));
#4217=DIRECTION('',(0,-0.6129143153413182,-0.7901493795793824));
#4218=FACE_SURFACE('',(#4223),#4219,.T.);
#4219=PLANE('',#4220);
#4220=AXIS2_PLACEMENT_3D('',#380,#4221,#4222);
#4221=DIRECTION('',(0,-0.7501189517238986,0.6613029247361903));
#4222=DIRECTION('',(1,0,0));
#4223=FACE_BOUND('',#4224,.T.);
#4224=EDGE_LOOP('',(#4225,#4226,#4227));
#4225=ORIENTED_EDGE('',*,*,#4228,.T.);
#4226=ORIENTED_EDGE('',*,*,#4229,.T.);
#4227=ORIENTED_EDGE('',*,*,#4230,.T.);
#4228=EDGE_CURVE('',#381,#379,#4231,.F.);
#4229=EDGE_CURVE('',#379,#383,#4232,.T.);
#4230=EDGE_CURVE('',#383,#381,#4233,.T.);
#4231=LINE('',#380,#4234);
#4232=LINE('',#378,#4235);
#4233=LINE('',#382,#4236);
#4234=VECTOR('',#4237,1.0);
#4235=VECTOR('',#4238,1.0);
#4236=VECTOR('',#4239,1.0);
#4237=DIRECTION('',(1,0,0));
#4238=DIRECTION('',(0,0.6613029247361903,0.7501189517238986));
#4239=DIRECTION('',(-0.999905096814164,-0.009110569655151052,-0.010334161098797073));
#4240=FACE_SURFACE('',(#4245),#4241,.T.);
#4241=PLANE('',#4242);
#4242=AXIS2_PLACEMENT_3D('',#380,#4243,#4244);
#4243=DIRECTION('',(0,-0.7501189517238986,0.6613029247361903));
#4244=DIRECTION('',(0.999905096814164,0.009110569655151052,0.010334161098797073));
#4245=FACE_BOUND('',#4246,.T.);
#4246=EDGE_LOOP('',(#4247,#4248,#4249));
#4247=ORIENTED_EDGE('',*,*,#4250,.T.);
#4248=ORIENTED_EDGE('',*,*,#4251,.T.);
#4249=ORIENTED_EDGE('',*,*,#4252,.T.);
#4250=EDGE_CURVE('',#381,#383,#4253,.F.);
#4251=EDGE_CURVE('',#383,#385,#4254,.T.);
#4252=EDGE_CURVE('',#385,#381,#4255,.T.);
#4253=LINE('',#380,#4256);
#4254=LINE('',#382,#4257);
#4255=LINE('',#384,#4258);
#4256=VECTOR('',#4259,1.0);
#4257=VECTOR('',#4260,1.0);
#4258=VECTOR('',#4261,1.0);
#4259=DIRECTION('',(0.999905096814164,0.009110569655151052,0.010334161098797073));
#4260=DIRECTION('',(-1,0,0));
#4261=DIRECTION('',(0,-0.6613029247361903,-0.7501189517238986));
#4262=FACE_SURFACE('',(#4267),#4263,.T.);
#4263=PLANE('',#4264);
#4264=AXIS2_PLACEMENT_3D('',#384,#4265,#4266);
#4265=DIRECTION('',(0,-0.7070865390973541,0.7071270226962947));
#4266=DIRECTION('',(1,0,0));
#4267=FACE_BOUND('',#4268,.T.);
#4268=EDGE_LOOP('',(#4269,#4270,#4271));
#4269=ORIENTED_EDGE('',*,*,#4272,.T.);
#4270=ORIENTED_EDGE('',*,*,#4273,.T.);
#4271=ORIENTED_EDGE('',*,*,#4274,.T.);
#4272=EDGE_CURVE('',#385,#383,#4275,.F.);
#4273=EDGE_CURVE('',#383,#387,#4276,.T.);
#4274=EDGE_CURVE('',#387,#385,#4277,.T.);
#4275=LINE('',#384,#4278);
#4276=LINE('',#382,#4279);
#4277=LINE('',#386,#4280);
#4278=VECTOR('',#4281,1.0);
#4279=VECTOR('',#4282,1.0);
#4280=VECTOR('',#4283,1.0);
#4281=DIRECTION('',(1,0,0));
#4282=DIRECTION('',(0,0.7071270226962947,0.707086539097354));
#4283=DIRECTION('',(-0.9999051074737959,-0.00974132724430691,-0.009740769545374965));
#4284=FACE_SURFACE('',(#4289),#4285,.T.);
#4285=PLANE('',#4286);
#4286=AXIS2_PLACEMENT_3D('',#384,#4287,#4288);
#4287=DIRECTION('',(7.887576637960965E-07,-0.7071270215372815,0.7070865402559935));
#4288=DIRECTION('',(0.9999051074737959,0.00974132724430691,0.009740769545374965));
#4289=FACE_BOUND('',#4290,.T.);
#4290=EDGE_LOOP('',(#4291,#4292,#4293));
#4291=ORIENTED_EDGE('',*,*,#4294,.T.);
#4292=ORIENTED_EDGE('',*,*,#4295,.T.);
#4293=ORIENTED_EDGE('',*,*,#4296,.T.);
#4294=EDGE_CURVE('',#385,#387,#4297,.F.);
#4295=EDGE_CURVE('',#387,#389,#4298,.T.);
#4296=EDGE_CURVE('',#389,#385,#4299,.T.);
#4297=LINE('',#384,#4300);
#4298=LINE('',#386,#4301);
#4299=LINE('',#388,#4302);
#4300=VECTOR('',#4303,1.0);
#4301=VECTOR('',#4304,1.0);
#4302=VECTOR('',#4305,1.0);
#4303=DIRECTION('',(0.9999051074737959,0.00974132724430691,0.009740769545374965));
#4304=DIRECTION('',(-0.9999999999993778,0,1.1155037168576906E-06));
#4305=DIRECTION('',(0,-0.7070865402562136,-0.7071270215375015));
#4306=FACE_SURFACE('',(#4311),#4307,.T.);
#4307=PLANE('',#4308);
#4308=AXIS2_PLACEMENT_3D('',#388,#4309,#4310);
#4309=DIRECTION('',(8.367604787336312E-07,-0.661302924735959,0.7501189517236361));
#4310=DIRECTION('',(0.9999999999993778,0,-1.1155037168576906E-06));
#4311=FACE_BOUND('',#4312,.T.);
#4312=EDGE_LOOP('',(#4313,#4314,#4315));
#4313=ORIENTED_EDGE('',*,*,#4316,.T.);
#4314=ORIENTED_EDGE('',*,*,#4317,.T.);
#4315=ORIENTED_EDGE('',*,*,#4318,.T.);
#4316=EDGE_CURVE('',#389,#387,#4319,.F.);
#4317=EDGE_CURVE('',#387,#391,#4320,.T.);
#4318=EDGE_CURVE('',#391,#389,#4321,.T.);
#4319=LINE('',#388,#4322);
#4320=LINE('',#386,#4323);
#4321=LINE('',#390,#4324);
#4322=VECTOR('',#4325,1.0);
#4323=VECTOR('',#4326,1.0);
#4324=VECTOR('',#4327,1.0);
#4325=DIRECTION('',(0.9999999999993778,0,-1.1155037168576906E-06));
#4326=DIRECTION('',(0,0.7501189517238986,0.6613029247361903));
#4327=DIRECTION('',(-0.9999051069744876,-0.01033416120380546,-0.009109454349862838));
#4328=FACE_SURFACE('',(#4333),#4329,.T.);
#4329=PLANE('',#4330);
#4330=AXIS2_PLACEMENT_3D('',#388,#4331,#4332);
#4331=DIRECTION('',(8.367604787336312E-07,-0.661302924735959,0.7501189517236361));
#4332=DIRECTION('',(0.9999051069744876,0.01033416120380546,0.009109454349862838));
#4333=FACE_BOUND('',#4334,.T.);
#4334=EDGE_LOOP('',(#4335,#4336,#4337));
#4335=ORIENTED_EDGE('',*,*,#4338,.T.);
#4336=ORIENTED_EDGE('',*,*,#4339,.T.);
#4337=ORIENTED_EDGE('',*,*,#4340,.T.);
#4338=EDGE_CURVE('',#389,#391,#4341,.F.);
#4339=EDGE_CURVE('',#391,#393,#4342,.T.);
#4340=EDGE_CURVE('',#393,#389,#4343,.T.);
#4341=LINE('',#388,#4344);
#4342=LINE('',#390,#4345);
#4343=LINE('',#392,#4346);
#4344=VECTOR('',#4347,1.0);
#4345=VECTOR('',#4348,1.0);
#4346=VECTOR('',#4349,1.0);
#4347=DIRECTION('',(0.9999051069744876,0.01033416120380546,0.009109454349862838));
#4348=DIRECTION('',(-0.9999999999993778,0,1.1155037168576906E-06));
#4349=DIRECTION('',(0,-0.7501189517238986,-0.6613029247361903));
#4350=FACE_SURFACE('',(#4355),#4351,.T.);
#4351=PLANE('',#4352);
#4352=AXIS2_PLACEMENT_3D('',#392,#4353,#4354);
#4353=DIRECTION('',(8.814145697938055E-07,-0.6129143153410803,0.7901493795790756));
#4354=DIRECTION('',(0.9999999999993778,0,-1.1155037168576906E-06));
#4355=FACE_BOUND('',#4356,.T.);
#4356=EDGE_LOOP('',(#4357,#4358,#4359));
#4357=ORIENTED_EDGE('',*,*,#4360,.T.);
#4358=ORIENTED_EDGE('',*,*,#4361,.T.);
#4359=ORIENTED_EDGE('',*,*,#4362,.T.);
#4360=EDGE_CURVE('',#393,#391,#4363,.F.);
#4361=EDGE_CURVE('',#391,#395,#4364,.T.);
#4362=EDGE_CURVE('',#395,#393,#4365,.T.);
#4363=LINE('',#392,#4366);
#4364=LINE('',#390,#4367);
#4365=LINE('',#394,#4368);
#4366=VECTOR('',#4369,1.0);
#4367=VECTOR('',#4370,1.0);
#4368=VECTOR('',#4371,1.0);
#4369=DIRECTION('',(0.9999999999993778,0,-1.1155037168576906E-06));
#4370=DIRECTION('',(0,0.7901493795793824,0.6129143153413182));
#4371=DIRECTION('',(-0.999905114607637,-0.010885167831389304,-0.008442446492036647));
#4372=FACE_SURFACE('',(#4377),#4373,.T.);
#4373=PLANE('',#4374);
#4374=AXIS2_PLACEMENT_3D('',#392,#4375,#4376);
#4375=DIRECTION('',(8.814145697938055E-07,-0.6129143153410803,0.7901493795790756));
#4376=DIRECTION('',(0.999905114607637,0.010885167831389304,0.008442446492036647));
#4377=FACE_BOUND('',#4378,.T.);
#4378=EDGE_LOOP('',(#4379,#4380,#4381));
#4379=ORIENTED_EDGE('',*,*,#4382,.T.);
#4380=ORIENTED_EDGE('',*,*,#4383,.T.);
#4381=ORIENTED_EDGE('',*,*,#4384,.T.);
#4382=EDGE_CURVE('',#393,#395,#4385,.F.);
#4383=EDGE_CURVE('',#395,#397,#4386,.T.);
#4384=EDGE_CURVE('',#397,#393,#4387,.T.);
#4385=LINE('',#392,#4388);
#4386=LINE('',#394,#4389);
#4387=LINE('',#396,#4390);
#4388=VECTOR('',#4391,1.0);
#4389=VECTOR('',#4392,1.0);
#4390=VECTOR('',#4393,1.0);
#4391=DIRECTION('',(0.999905114607637,0.010885167831389304,0.008442446492036647));
#4392=DIRECTION('',(-0.9999999999993778,0,1.1155037168576906E-06));
#4393=DIRECTION('',(0,-0.7901493795793824,-0.6129143153413182));
#4394=FACE_SURFACE('',(#4399),#4395,.T.);
#4395=PLANE('',#4396);
#4396=AXIS2_PLACEMENT_3D('',#396,#4397,#4398);
#4397=DIRECTION('',(9.225882207704105E-07,-0.562114024447995,0.8270597460389592));
#4398=DIRECTION('',(0.9999999999993778,0,-1.1155037168576906E-06));
#4399=FACE_BOUND('',#4400,.T.);
#4400=EDGE_LOOP('',(#4401,#4402,#4403));
#4401=ORIENTED_EDGE('',*,*,#4404,.T.);
#4402=ORIENTED_EDGE('',*,*,#4405,.T.);
#4403=ORIENTED_EDGE('',*,*,#4406,.T.);
#4404=EDGE_CURVE('',#397,#395,#4407,.F.);
#4405=EDGE_CURVE('',#395,#399,#4408,.T.);
#4406=EDGE_CURVE('',#399,#397,#4409,.T.);
#4407=LINE('',#396,#4410);
#4408=LINE('',#394,#4411);
#4409=LINE('',#398,#4412);
#4410=VECTOR('',#4413,1.0);
#4411=VECTOR('',#4414,1.0);
#4412=VECTOR('',#4415,1.0);
#4413=DIRECTION('',(0.9999999999993778,0,-1.1155037168576906E-06));
#4414=DIRECTION('',(0,0.8270597460393111,0.5621140244482342));
#4415=DIRECTION('',(-0.999905102191174,-0.011394346818398156,-0.007743091930235427));
#4416=FACE_SURFACE('',(#4421),#4417,.T.);
#4417=PLANE('',#4418);
#4418=AXIS2_PLACEMENT_3D('',#396,#4419,#4420);
#4419=DIRECTION('',(0,-0.5620586409135755,0.8270973849398776));
#4420=DIRECTION('',(0.999905102191174,0.011394346818398156,0.007743091930235427));
#4421=FACE_BOUND('',#4422,.T.);
#4422=EDGE_LOOP('',(#4423,#4424,#4425));
#4423=ORIENTED_EDGE('',*,*,#4426,.T.);
#4424=ORIENTED_EDGE('',*,*,#4427,.T.);
#4425=ORIENTED_EDGE('',*,*,#4428,.T.);
#4426=EDGE_CURVE('',#397,#399,#4429,.F.);
#4427=EDGE_CURVE('',#399,#401,#4430,.T.);
#4428=EDGE_CURVE('',#401,#397,#4431,.T.);
#4429=LINE('',#396,#4432);
#4430=LINE('',#398,#4433);
#4431=LINE('',#400,#4434);
#4432=VECTOR('',#4435,1.0);
#4433=VECTOR('',#4436,1.0);
#4434=VECTOR('',#4437,1.0);
#4435=DIRECTION('',(0.999905102191174,0.011394346818398156,0.007743091930235427));
#4436=DIRECTION('',(-1,0,0));
#4437=DIRECTION('',(0,-0.8270973849398777,-0.5620586409135756));
#4438=FACE_SURFACE('',(#4443),#4439,.T.);
#4439=PLANE('',#4440);
#4440=AXIS2_PLACEMENT_3D('',#400,#4441,#4442);
#4441=DIRECTION('',(0,-0.5090143285275651,0.8607580457675852));
#4442=DIRECTION('',(1,0,0));
#4443=FACE_BOUND('',#4444,.T.);
#4444=EDGE_LOOP('',(#4445,#4446,#4447));
#4445=ORIENTED_EDGE('',*,*,#4448,.T.);
#4446=ORIENTED_EDGE('',*,*,#4449,.T.);
#4447=ORIENTED_EDGE('',*,*,#4450,.T.);
#4448=EDGE_CURVE('',#401,#399,#4451,.F.);
#4449=EDGE_CURVE('',#399,#403,#4452,.T.);
#4450=EDGE_CURVE('',#403,#401,#4453,.T.);
#4451=LINE('',#400,#4454);
#4452=LINE('',#398,#4455);
#4453=LINE('',#402,#4456);
#4454=VECTOR('',#4457,1.0);
#4455=VECTOR('',#4458,1.0);
#4456=VECTOR('',#4459,1.0);
#4457=DIRECTION('',(1,0,0));
#4458=DIRECTION('',(0,0.8607580457675851,0.509014328527565));
#4459=DIRECTION('',(-0.9999050976151408,-0.011858352273056759,-0.007012506301152974));
#4460=FACE_SURFACE('',(#4465),#4461,.T.);
#4461=PLANE('',#4462);
#4462=AXIS2_PLACEMENT_3D('',#400,#4463,#4464);
#4463=DIRECTION('',(9.601392284299257E-07,-0.5090743106570795,0.8607225721613774));
#4464=DIRECTION('',(0.9999050976151408,0.011858352273056759,0.007012506301152974));
#4465=FACE_BOUND('',#4466,.T.);
#4466=EDGE_LOOP('',(#4467,#4468,#4469));
#4467=ORIENTED_EDGE('',*,*,#4470,.T.);
#4468=ORIENTED_EDGE('',*,*,#4471,.T.);
#4469=ORIENTED_EDGE('',*,*,#4472,.T.);
#4470=EDGE_CURVE('',#401,#403,#4473,.F.);
#4471=EDGE_CURVE('',#403,#405,#4474,.T.);
#4472=EDGE_CURVE('',#405,#401,#4475,.T.);
#4473=LINE('',#400,#4476);
#4474=LINE('',#402,#4477);
#4475=LINE('',#404,#4478);
#4476=VECTOR('',#4479,1.0);
#4477=VECTOR('',#4480,1.0);
#4478=VECTOR('',#4481,1.0);
#4479=DIRECTION('',(0.9999050976151408,0.011858352273056759,0.007012506301152974));
#4480=DIRECTION('',(-0.9999999999993778,0,1.1155037168576906E-06));
#4481=DIRECTION('',(0,-0.8607225721617741,-0.5090743106573141));
#4482=FACE_SURFACE('',(#4487),#4483,.T.);
#4483=PLANE('',#4484);
#4484=AXIS2_PLACEMENT_3D('',#404,#4485,#4486);
#4485=DIRECTION('',(9.939330566346214E-07,-0.453969444178903,0.8910172522184462));
#4486=DIRECTION('',(0.9999999999993778,0,-1.1155037168576906E-06));
#4487=FACE_BOUND('',#4488,.T.);
#4488=EDGE_LOOP('',(#4489,#4490,#4491));
#4489=ORIENTED_EDGE('',*,*,#4492,.T.);
#4490=ORIENTED_EDGE('',*,*,#4493,.T.);
#4491=ORIENTED_EDGE('',*,*,#4494,.T.);
#4492=EDGE_CURVE('',#405,#403,#4495,.F.);
#4493=EDGE_CURVE('',#403,#407,#4496,.T.);
#4494=EDGE_CURVE('',#407,#405,#4497,.T.);
#4495=LINE('',#404,#4498);
#4496=LINE('',#402,#4499);
#4497=LINE('',#406,#4500);
#4498=VECTOR('',#4501,1.0);
#4499=VECTOR('',#4502,1.0);
#4500=VECTOR('',#4503,1.0);
#4501=DIRECTION('',(0.9999999999993778,0,-1.1155037168576906E-06));
#4502=DIRECTION('',(0,0.8910172522188862,0.4539694441791272));
#4503=DIRECTION('',(-0.9999051087490456,-0.0122749535077943,-0.006252920432957278));
#4504=FACE_SURFACE('',(#4509),#4505,.T.);
#4505=PLANE('',#4506);
#4506=AXIS2_PLACEMENT_3D('',#404,#4507,#4508);
#4507=DIRECTION('',(9.939330566346214E-07,-0.453969444178903,0.8910172522184462));
#4508=DIRECTION('',(0.9999051087490456,0.0122749535077943,0.006252920432957278));
#4509=FACE_BOUND('',#4510,.T.);
#4510=EDGE_LOOP('',(#4511,#4512,#4513));
#4511=ORIENTED_EDGE('',*,*,#4514,.T.);
#4512=ORIENTED_EDGE('',*,*,#4515,.T.);
#4513=ORIENTED_EDGE('',*,*,#4516,.T.);
#4514=EDGE_CURVE('',#405,#407,#4517,.F.);
#4515=EDGE_CURVE('',#407,#409,#4518,.T.);
#4516=EDGE_CURVE('',#409,#405,#4519,.T.);
#4517=LINE('',#404,#4520);
#4518=LINE('',#406,#4521);
#4519=LINE('',#408,#4522);
#4520=VECTOR('',#4523,1.0);
#4521=VECTOR('',#4524,1.0);
#4522=VECTOR('',#4525,1.0);
#4523=DIRECTION('',(0.9999051087490456,0.0122749535077943,0.006252920432957278));
#4524=DIRECTION('',(-0.9999999999993778,0,1.1155037168576906E-06));
#4525=DIRECTION('',(0,-0.8910172522188862,-0.4539694441791272));
#4526=FACE_SURFACE('',(#4531),#4527,.T.);
#4527=PLANE('',#4528);
#4528=AXIS2_PLACEMENT_3D('',#408,#4529,#4530);
#4529=DIRECTION('',(1.0237359448332951E-06,-0.39719501858517076,0.9177342301614764));
#4530=DIRECTION('',(0.9999999999993778,0,-1.1155037168576906E-06));
#4531=FACE_BOUND('',#4532,.T.);
#4532=EDGE_LOOP('',(#4533,#4534,#4535));
#4533=ORIENTED_EDGE('',*,*,#4536,.T.);
#4534=ORIENTED_EDGE('',*,*,#4537,.T.);
#4535=ORIENTED_EDGE('',*,*,#4538,.T.);
#4536=EDGE_CURVE('',#409,#407,#4539,.F.);
#4537=EDGE_CURVE('',#407,#411,#4540,.T.);
#4538=EDGE_CURVE('',#411,#409,#4541,.T.);
#4539=LINE('',#408,#4542);
#4540=LINE('',#406,#4543);
#4541=LINE('',#410,#4544);
#4542=VECTOR('',#4545,1.0);
#4543=VECTOR('',#4546,1.0);
#4544=VECTOR('',#4547,1.0);
#4545=DIRECTION('',(0.9999999999993778,0,-1.1155037168576906E-06));
#4546=DIRECTION('',(0,0.9177342301619574,0.3971950185853789));
#4547=DIRECTION('',(-0.9999050992174056,-0.01264359238175538,-0.005471026477218485));
#4548=FACE_SURFACE('',(#4553),#4549,.T.);
#4549=PLANE('',#4550);
#4550=AXIS2_PLACEMENT_3D('',#408,#4551,#4552);
#4551=DIRECTION('',(0,-0.3971268269574778,0.9177637404641162));
#4552=DIRECTION('',(0.9999050992174056,0.01264359238175538,0.005471026477218485));
#4553=FACE_BOUND('',#4554,.T.);
#4554=EDGE_LOOP('',(#4555,#4556,#4557));
#4555=ORIENTED_EDGE('',*,*,#4558,.T.);
#4556=ORIENTED_EDGE('',*,*,#4559,.T.);
#4557=ORIENTED_EDGE('',*,*,#4560,.T.);
#4558=EDGE_CURVE('',#409,#411,#4561,.F.);
#4559=EDGE_CURVE('',#411,#413,#4562,.T.);
#4560=EDGE_CURVE('',#413,#409,#4563,.T.);
#4561=LINE('',#408,#4564);
#4562=LINE('',#410,#4565);
#4563=LINE('',#412,#4566);
#4564=VECTOR('',#4567,1.0);
#4565=VECTOR('',#4568,1.0);
#4566=VECTOR('',#4569,1.0);
#4567=DIRECTION('',(0.9999050992174056,0.01264359238175538,0.005471026477218485));
#4568=DIRECTION('',(-1,0,0));
#4569=DIRECTION('',(0,-0.9177637404641161,-0.3971268269574778));
#4570=FACE_SURFACE('',(#4575),#4571,.T.);
#4571=PLANE('',#4572);
#4572=AXIS2_PLACEMENT_3D('',#412,#4573,#4574);
#4573=DIRECTION('',(0,-0.33875100483056186,0.9408760581108889));
#4574=DIRECTION('',(1,0,0));
#4575=FACE_BOUND('',#4576,.T.);
#4576=EDGE_LOOP('',(#4577,#4578,#4579));
#4577=ORIENTED_EDGE('',*,*,#4580,.T.);
#4578=ORIENTED_EDGE('',*,*,#4581,.T.);
#4579=ORIENTED_EDGE('',*,*,#4582,.T.);
#4580=EDGE_CURVE('',#413,#411,#4583,.F.);
#4581=EDGE_CURVE('',#411,#415,#4584,.T.);
#4582=EDGE_CURVE('',#415,#413,#4585,.T.);
#4583=LINE('',#412,#4586);
#4584=LINE('',#410,#4587);
#4585=LINE('',#414,#4588);
#4586=VECTOR('',#4589,1.0);
#4587=VECTOR('',#4590,1.0);
#4588=VECTOR('',#4591,1.0);
#4589=DIRECTION('',(1,0,0));
#4590=DIRECTION('',(0,0.9408760581108888,0.3387510048305618));
#4591=DIRECTION('',(-0.9999050986502996,-0.012962038461915735,-0.004666824621345446));
#4592=FACE_SURFACE('',(#4597),#4593,.T.);
#4593=PLANE('',#4594);
#4594=AXIS2_PLACEMENT_3D('',#412,#4595,#4596);
#4595=DIRECTION('',(0,-0.33875100483056186,0.9408760581108889));
#4596=DIRECTION('',(0.9999050986502996,0.012962038461915735,0.004666824621345446));
#4597=FACE_BOUND('',#4598,.T.);
#4598=EDGE_LOOP('',(#4599,#4600,#4601));
#4599=ORIENTED_EDGE('',*,*,#4602,.T.);
#4600=ORIENTED_EDGE('',*,*,#4603,.T.);
#4601=ORIENTED_EDGE('',*,*,#4604,.T.);
#4602=EDGE_CURVE('',#413,#415,#4605,.F.);
#4603=EDGE_CURVE('',#415,#417,#4606,.T.);
#4604=EDGE_CURVE('',#417,#413,#4607,.T.);
#4605=LINE('',#412,#4608);
#4606=LINE('',#414,#4609);
#4607=LINE('',#416,#4610);
#4608=VECTOR('',#4611,1.0);
#4609=VECTOR('',#4612,1.0);
#4610=VECTOR('',#4613,1.0);
#4611=DIRECTION('',(0.9999050986502996,0.012962038461915735,0.004666824621345446));
#4612=DIRECTION('',(-1,0,0));
#4613=DIRECTION('',(0,-0.9408760581108888,-0.3387510048305618));
#4614=FACE_SURFACE('',(#4619),#4615,.T.);
#4615=PLANE('',#4616);
#4616=AXIS2_PLACEMENT_3D('',#416,#4617,#4618);
#4617=DIRECTION('',(0,-0.2789318376137908,0.9603109027629508));
#4618=DIRECTION('',(1,0,0));
#4619=FACE_BOUND('',#4620,.T.);
#4620=EDGE_LOOP('',(#4621,#4622,#4623));
#4621=ORIENTED_EDGE('',*,*,#4624,.T.);
#4622=ORIENTED_EDGE('',*,*,#4625,.T.);
#4623=ORIENTED_EDGE('',*,*,#4626,.T.);
#4624=EDGE_CURVE('',#417,#415,#4627,.F.);
#4625=EDGE_CURVE('',#415,#419,#4628,.T.);
#4626=EDGE_CURVE('',#419,#417,#4629,.T.);
#4627=LINE('',#416,#4630);
#4628=LINE('',#414,#4631);
#4629=LINE('',#418,#4632);
#4630=VECTOR('',#4633,1.0);
#4631=VECTOR('',#4634,1.0);
#4632=VECTOR('',#4635,1.0);
#4633=DIRECTION('',(1,0,0));
#4634=DIRECTION('',(0,0.960310902762951,0.2789318376137908));
#4635=DIRECTION('',(-0.9999051073655684,-0.013229176363267493,-0.003842545640694449));
#4636=FACE_SURFACE('',(#4641),#4637,.T.);
#4637=PLANE('',#4638);
#4638=AXIS2_PLACEMENT_3D('',#416,#4639,#4640);
#4639=DIRECTION('',(1.0712061856736655E-06,-0.27900650275082833,0.9602892123842715));
#4640=DIRECTION('',(0.9999051073655684,0.013229176363267493,0.003842545640694449));
#4641=FACE_BOUND('',#4642,.T.);
#4642=EDGE_LOOP('',(#4643,#4644,#4645));
#4643=ORIENTED_EDGE('',*,*,#4646,.T.);
#4644=ORIENTED_EDGE('',*,*,#4647,.T.);
#4645=ORIENTED_EDGE('',*,*,#4648,.T.);
#4646=EDGE_CURVE('',#417,#419,#4649,.F.);
#4647=EDGE_CURVE('',#419,#421,#4650,.T.);
#4648=EDGE_CURVE('',#421,#417,#4651,.T.);
#4649=LINE('',#416,#4652);
#4650=LINE('',#418,#4653);
#4651=LINE('',#420,#4654);
#4652=VECTOR('',#4655,1.0);
#4653=VECTOR('',#4656,1.0);
#4654=VECTOR('',#4657,1.0);
#4655=DIRECTION('',(0.9999051073655684,0.013229176363267493,0.003842545640694449));
#4656=DIRECTION('',(-0.9999999999993778,0,1.1155037168576906E-06));
#4657=DIRECTION('',(0,-0.9602892123848226,-0.2790065027509884));
#4658=FACE_SURFACE('',(#4663),#4659,.T.);
#4659=PLANE('',#4660);
#4660=AXIS2_PLACEMENT_3D('',#420,#4661,#4662);
#4661=DIRECTION('',(1.0886270116592725E-06,-0.21819041422772914,0.9759062163640249));
#4662=DIRECTION('',(0.9999999999993778,0,-1.1155037168576906E-06));
#4663=FACE_BOUND('',#4664,.T.);
#4664=EDGE_LOOP('',(#4665,#4666,#4667));
#4665=ORIENTED_EDGE('',*,*,#4668,.T.);
#4666=ORIENTED_EDGE('',*,*,#4669,.T.);
#4667=ORIENTED_EDGE('',*,*,#4670,.T.);
#4668=EDGE_CURVE('',#421,#419,#4671,.F.);
#4669=EDGE_CURVE('',#419,#423,#4672,.T.);
#4670=EDGE_CURVE('',#423,#421,#4673,.T.);
#4671=LINE('',#420,#4674);
#4672=LINE('',#418,#4675);
#4673=LINE('',#422,#4676);
#4674=VECTOR('',#4677,1.0);
#4675=VECTOR('',#4678,1.0);
#4676=VECTOR('',#4679,1.0);
#4677=DIRECTION('',(0.9999999999993778,0,-1.1155037168576906E-06));
#4678=DIRECTION('',(0,0.9759062163646032,0.21819041422785843));
#4679=DIRECTION('',(-0.9999050967500983,-0.013445005707168767,-0.0030048818131004364));
#4680=FACE_SURFACE('',(#4685),#4681,.T.);
#4681=PLANE('',#4682);
#4682=AXIS2_PLACEMENT_3D('',#420,#4683,#4684);
#4683=DIRECTION('',(0,-0.21811330531635606,0.9759234529633839));
#4684=DIRECTION('',(0.9999050967500983,0.013445005707168767,0.0030048818131004364));
#4685=FACE_BOUND('',#4686,.T.);
#4686=EDGE_LOOP('',(#4687,#4688,#4689));
#4687=ORIENTED_EDGE('',*,*,#4690,.T.);
#4688=ORIENTED_EDGE('',*,*,#4691,.T.);
#4689=ORIENTED_EDGE('',*,*,#4692,.T.);
#4690=EDGE_CURVE('',#421,#423,#4693,.F.);
#4691=EDGE_CURVE('',#423,#425,#4694,.T.);
#4692=EDGE_CURVE('',#425,#421,#4695,.T.);
#4693=LINE('',#420,#4696);
#4694=LINE('',#422,#4697);
#4695=LINE('',#424,#4698);
#4696=VECTOR('',#4699,1.0);
#4697=VECTOR('',#4700,1.0);
#4698=VECTOR('',#4701,1.0);
#4699=DIRECTION('',(0.9999050967500983,0.013445005707168767,0.0030048818131004364));
#4700=DIRECTION('',(-1,0,0));
#4701=DIRECTION('',(0,-0.9759234529633838,-0.21811330531635606));
#4702=FACE_SURFACE('',(#4707),#4703,.T.);
#4703=PLANE('',#4704);
#4704=AXIS2_PLACEMENT_3D('',#424,#4705,#4706);
#4705=DIRECTION('',(0,-0.15642405599443107,0.9876899891698057));
#4706=DIRECTION('',(1,0,0));
#4707=FACE_BOUND('',#4708,.T.);
#4708=EDGE_LOOP('',(#4709,#4710,#4711));
#4709=ORIENTED_EDGE('',*,*,#4712,.T.);
#4710=ORIENTED_EDGE('',*,*,#4713,.T.);
#4711=ORIENTED_EDGE('',*,*,#4714,.T.);
#4712=EDGE_CURVE('',#425,#423,#4715,.F.);
#4713=EDGE_CURVE('',#423,#427,#4716,.T.);
#4714=EDGE_CURVE('',#427,#425,#4717,.T.);
#4715=LINE('',#424,#4718);
#4716=LINE('',#422,#4719);
#4717=LINE('',#426,#4720);
#4718=VECTOR('',#4721,1.0);
#4719=VECTOR('',#4722,1.0);
#4720=VECTOR('',#4723,1.0);
#4721=DIRECTION('',(1,0,0));
#4722=DIRECTION('',(0,0.9876899891698059,0.1564240559944311));
#4723=DIRECTION('',(-0.9999051019294687,-0.0136067384661797,-0.0021549486610918252));
#4724=FACE_SURFACE('',(#4729),#4725,.T.);
#4725=PLANE('',#4726);
#4726=AXIS2_PLACEMENT_3D('',#424,#4727,#4728);
#4727=DIRECTION('',(0,-0.15642405599443107,0.9876899891698057));
#4728=DIRECTION('',(0.9999051019294687,0.0136067384661797,0.0021549486610918252));
#4729=FACE_BOUND('',#4730,.T.);
#4730=EDGE_LOOP('',(#4731,#4732,#4733));
#4731=ORIENTED_EDGE('',*,*,#4734,.T.);
#4732=ORIENTED_EDGE('',*,*,#4735,.T.);
#4733=ORIENTED_EDGE('',*,*,#4736,.T.);
#4734=EDGE_CURVE('',#425,#427,#4737,.F.);
#4735=EDGE_CURVE('',#427,#429,#4738,.T.);
#4736=EDGE_CURVE('',#429,#425,#4739,.T.);
#4737=LINE('',#424,#4740);
#4738=LINE('',#426,#4741);
#4739=LINE('',#428,#4742);
#4740=VECTOR('',#4743,1.0);
#4741=VECTOR('',#4744,1.0);
#4742=VECTOR('',#4745,1.0);
#4743=DIRECTION('',(0.9999051019294687,0.0136067384661797,0.0021549486610918252));
#4744=DIRECTION('',(-1,0,0));
#4745=DIRECTION('',(0,-0.9876899891698059,-0.1564240559944311));
#4746=FACE_SURFACE('',(#4751),#4747,.T.);
#4747=PLANE('',#4748);
#4748=AXIS2_PLACEMENT_3D('',#42,#4749,#4750);
#4749=DIRECTION('',(1,0,0));
#4750=DIRECTION('',(0,-0.9955647061577474,0.09407930618918411));
#4751=FACE_BOUND('',#4752,.T.);
#4752=EDGE_LOOP('',(#4753,#4754,#4755));
#4753=ORIENTED_EDGE('',*,*,#4756,.T.);
#4754=ORIENTED_EDGE('',*,*,#4757,.T.);
#4755=ORIENTED_EDGE('',*,*,#4758,.T.);
#4756=EDGE_CURVE('',#43,#39,#4759,.F.);
#4757=EDGE_CURVE('',#39,#37,#4760,.T.);
#4758=EDGE_CURVE('',#37,#43,#4761,.T.);
#4759=LINE('',#42,#4762);
#4760=LINE('',#38,#4763);
#4761=LINE('',#36,#4764);
#4762=VECTOR('',#4765,1.0);
#4763=VECTOR('',#4766,1.0);
#4764=VECTOR('',#4767,1.0);
#4765=DIRECTION('',(0,-0.9955647061577474,0.09407930618918411));
#4766=DIRECTION('',(0,-0.9995064517044381,0.031414216546077116));
#4767=DIRECTION('',(0,0.9980275196656757,-0.0627779419062069));
#4768=FACE_SURFACE('',(#4773),#4769,.T.);
#4769=PLANE('',#4770);
#4770=AXIS2_PLACEMENT_3D('',#36,#4771,#4772);
#4771=DIRECTION('',(1,0,0));
#4772=DIRECTION('',(0,-0.9995064517044381,-0.031414216546077116));
#4773=FACE_BOUND('',#4774,.T.);
#4774=EDGE_LOOP('',(#4775,#4776,#4777));
#4775=ORIENTED_EDGE('',*,*,#4778,.T.);
#4776=ORIENTED_EDGE('',*,*,#4779,.T.);
#4777=ORIENTED_EDGE('',*,*,#4780,.T.);
#4778=EDGE_CURVE('',#37,#431,#4781,.F.);
#4779=EDGE_CURVE('',#431,#427,#4782,.T.);
#4780=EDGE_CURVE('',#427,#37,#4783,.T.);
#4781=LINE('',#36,#4784);
#4782=LINE('',#430,#4785);
#4783=LINE('',#426,#4786);
#4784=VECTOR('',#4787,1.0);
#4785=VECTOR('',#4788,1.0);
#4786=VECTOR('',#4789,1.0);
#4787=DIRECTION('',(0,-0.9995064517044381,-0.031414216546077116));
#4788=DIRECTION('',(0,-0.9955647061577474,-0.09407930618918411));
#4789=DIRECTION('',(0,0.9980275196656757,0.0627779419062069));
#4790=FACE_SURFACE('',(#4795),#4791,.T.);
#4791=PLANE('',#4792);
#4792=AXIS2_PLACEMENT_3D('',#426,#4793,#4794);
#4793=DIRECTION('',(1,0,0));
#4794=DIRECTION('',(0,-0.9876899891698059,-0.1564240559944311));
#4795=FACE_BOUND('',#4796,.T.);
#4796=EDGE_LOOP('',(#4797,#4798,#4799));
#4797=ORIENTED_EDGE('',*,*,#4800,.T.);
#4798=ORIENTED_EDGE('',*,*,#4801,.T.);
#4799=ORIENTED_EDGE('',*,*,#4802,.T.);
#4800=EDGE_CURVE('',#427,#423,#4803,.F.);
#4801=EDGE_CURVE('',#423,#419,#4804,.T.);
#4802=EDGE_CURVE('',#419,#427,#4805,.T.);
#4803=LINE('',#426,#4806);
#4804=LINE('',#422,#4807);
#4805=LINE('',#418,#4808);
#4806=VECTOR('',#4809,1.0);
#4807=VECTOR('',#4810,1.0);
#4808=VECTOR('',#4811,1.0);
#4809=DIRECTION('',(0,-0.9876899891698059,-0.1564240559944311));
#4810=DIRECTION('',(0,-0.9759062163646032,-0.21819041422785843));
#4811=DIRECTION('',(0,0.9822835766964447,0.18740057351150166));
#4812=FACE_SURFACE('',(#4817),#4813,.T.);
#4813=PLANE('',#4814);
#4814=AXIS2_PLACEMENT_3D('',#418,#4815,#4816);
#4815=DIRECTION('',(1,0,0));
#4816=DIRECTION('',(0,-0.960310902762951,-0.2789318376137908));
#4817=FACE_BOUND('',#4818,.T.);
#4818=EDGE_LOOP('',(#4819,#4820,#4821));
#4819=ORIENTED_EDGE('',*,*,#4822,.T.);
#4820=ORIENTED_EDGE('',*,*,#4823,.T.);
#4821=ORIENTED_EDGE('',*,*,#4824,.T.);
#4822=EDGE_CURVE('',#419,#415,#4825,.F.);
#4823=EDGE_CURVE('',#415,#411,#4826,.T.);
#4824=EDGE_CURVE('',#411,#419,#4827,.T.);
#4825=LINE('',#418,#4828);
#4826=LINE('',#414,#4829);
#4827=LINE('',#410,#4830);
#4828=VECTOR('',#4831,1.0);
#4829=VECTOR('',#4832,1.0);
#4830=VECTOR('',#4833,1.0);
#4831=DIRECTION('',(0,-0.960310902762951,-0.2789318376137908));
#4832=DIRECTION('',(0,-0.9408760581108888,-0.3387510048305618));
#4833=DIRECTION('',(0,0.9510636800897234,0.3089949456126951));
#4834=FACE_SURFACE('',(#4839),#4835,.T.);
#4835=PLANE('',#4836);
#4836=AXIS2_PLACEMENT_3D('',#410,#4837,#4838);
#4837=DIRECTION('',(1,0,0));
#4838=DIRECTION('',(0,-0.9177342301619574,-0.3971950185853789));
#4839=FACE_BOUND('',#4840,.T.);
#4840=EDGE_LOOP('',(#4841,#4842,#4843));
#4841=ORIENTED_EDGE('',*,*,#4844,.T.);
#4842=ORIENTED_EDGE('',*,*,#4845,.T.);
#4843=ORIENTED_EDGE('',*,*,#4846,.T.);
#4844=EDGE_CURVE('',#411,#407,#4847,.F.);
#4845=EDGE_CURVE('',#407,#403,#4848,.T.);
#4846=EDGE_CURVE('',#403,#411,#4849,.T.);
#4847=LINE('',#410,#4850);
#4848=LINE('',#406,#4851);
#4849=LINE('',#402,#4852);
#4850=VECTOR('',#4853,1.0);
#4851=VECTOR('',#4854,1.0);
#4852=VECTOR('',#4855,1.0);
#4853=DIRECTION('',(0,-0.9177342301619574,-0.3971950185853789));
#4854=DIRECTION('',(0,-0.8910172522188862,-0.4539694441791272));
#4855=DIRECTION('',(0,0.9048214558181181,0.4257911848443802));
#4856=FACE_SURFACE('',(#4861),#4857,.T.);
#4857=PLANE('',#4858);
#4858=AXIS2_PLACEMENT_3D('',#402,#4859,#4860);
#4859=DIRECTION('',(1,0,0));
#4860=DIRECTION('',(0,-0.8607580457675851,-0.509014328527565));
#4861=FACE_BOUND('',#4862,.T.);
#4862=EDGE_LOOP('',(#4863,#4864,#4865));
#4863=ORIENTED_EDGE('',*,*,#4866,.T.);
#4864=ORIENTED_EDGE('',*,*,#4867,.T.);
#4865=ORIENTED_EDGE('',*,*,#4868,.T.);
#4866=EDGE_CURVE('',#403,#399,#4869,.F.);
#4867=EDGE_CURVE('',#399,#395,#4870,.T.);
#4868=EDGE_CURVE('',#395,#403,#4871,.T.);
#4869=LINE('',#402,#4872);
#4870=LINE('',#398,#4873);
#4871=LINE('',#394,#4874);
#4872=VECTOR('',#4875,1.0);
#4873=VECTOR('',#4876,1.0);
#4874=VECTOR('',#4877,1.0);
#4875=DIRECTION('',(0,-0.8607580457675851,-0.509014328527565));
#4876=DIRECTION('',(0,-0.8270597460393111,-0.5621140244482342));
#4877=DIRECTION('',(0,0.8443262488462114,0.5358294369566545));
#4878=FACE_SURFACE('',(#4883),#4879,.T.);
#4879=PLANE('',#4880);
#4880=AXIS2_PLACEMENT_3D('',#394,#4881,#4882);
#4881=DIRECTION('',(1,0,0));
#4882=DIRECTION('',(0,-0.7901493795793824,-0.6129143153413182));
#4883=FACE_BOUND('',#4884,.T.);
#4884=EDGE_LOOP('',(#4885,#4886,#4887));
#4885=ORIENTED_EDGE('',*,*,#4888,.T.);
#4886=ORIENTED_EDGE('',*,*,#4889,.T.);
#4887=ORIENTED_EDGE('',*,*,#4890,.T.);
#4888=EDGE_CURVE('',#395,#391,#4891,.F.);
#4889=EDGE_CURVE('',#391,#387,#4892,.T.);
#4890=EDGE_CURVE('',#387,#395,#4893,.T.);
#4891=LINE('',#394,#4894);
#4892=LINE('',#390,#4895);
#4893=LINE('',#386,#4896);
#4894=VECTOR('',#4897,1.0);
#4895=VECTOR('',#4898,1.0);
#4896=VECTOR('',#4899,1.0);
#4897=DIRECTION('',(0,-0.7901493795793824,-0.6129143153413182));
#4898=DIRECTION('',(0,-0.7501189517238986,-0.6613029247361903));
#4899=DIRECTION('',(0,0.7705136704656457,0.6374234727601099));
#4900=FACE_SURFACE('',(#4905),#4901,.T.);
#4901=PLANE('',#4902);
#4902=AXIS2_PLACEMENT_3D('',#386,#4903,#4904);
#4903=DIRECTION('',(1,0,0));
#4904=DIRECTION('',(0,-0.7071270226962947,-0.707086539097354));
#4905=FACE_BOUND('',#4906,.T.);
#4906=EDGE_LOOP('',(#4907,#4908,#4909));
#4907=ORIENTED_EDGE('',*,*,#4910,.T.);
#4908=ORIENTED_EDGE('',*,*,#4911,.T.);
#4909=ORIENTED_EDGE('',*,*,#4912,.T.);
#4910=EDGE_CURVE('',#387,#383,#4913,.F.);
#4911=EDGE_CURVE('',#383,#379,#4914,.T.);
#4912=EDGE_CURVE('',#379,#387,#4915,.T.);
#4913=LINE('',#386,#4916);
#4914=LINE('',#382,#4917);
#4915=LINE('',#378,#4918);
#4916=VECTOR('',#4919,1.0);
#4917=VECTOR('',#4920,1.0);
#4918=VECTOR('',#4921,1.0);
#4919=DIRECTION('',(0,-0.7071270226962947,-0.707086539097354));
#4920=DIRECTION('',(0,-0.6613029247361903,-0.7501189517238986));
#4921=DIRECTION('',(0,0.6845525516204714,0.7289635135381619));
#4922=FACE_SURFACE('',(#4927),#4923,.T.);
#4923=PLANE('',#4924);
#4924=AXIS2_PLACEMENT_3D('',#378,#4925,#4926);
#4925=DIRECTION('',(1,0,0));
#4926=DIRECTION('',(0,-0.6129143153413182,-0.7901493795793824));
#4927=FACE_BOUND('',#4928,.T.);
#4928=EDGE_LOOP('',(#4929,#4930,#4931));
#4929=ORIENTED_EDGE('',*,*,#4932,.T.);
#4930=ORIENTED_EDGE('',*,*,#4933,.T.);
#4931=ORIENTED_EDGE('',*,*,#4934,.T.);
#4932=EDGE_CURVE('',#379,#375,#4935,.F.);
#4933=EDGE_CURVE('',#375,#371,#4936,.T.);
#4934=EDGE_CURVE('',#371,#379,#4937,.T.);
#4935=LINE('',#378,#4938);
#4936=LINE('',#374,#4939);
#4937=LINE('',#370,#4940);
#4938=VECTOR('',#4941,1.0);
#4939=VECTOR('',#4942,1.0);
#4940=VECTOR('',#4943,1.0);
#4941=DIRECTION('',(0,-0.6129143153413182,-0.7901493795793824));
#4942=DIRECTION('',(0,-0.562067514660338,-0.8270913546661884));
#4943=DIRECTION('',(0,0.5877802952405364,0.80902059586079));
#4944=FACE_SURFACE('',(#4949),#4945,.T.);
#4945=PLANE('',#4946);
#4946=AXIS2_PLACEMENT_3D('',#370,#4947,#4948);
#4947=DIRECTION('',(1,0,0));
#4948=DIRECTION('',(0,-0.5090620578323269,-0.8607298189766152));
#4949=FACE_BOUND('',#4950,.T.);
#4950=EDGE_LOOP('',(#4951,#4952,#4953));
#4951=ORIENTED_EDGE('',*,*,#4954,.T.);
#4952=ORIENTED_EDGE('',*,*,#4955,.T.);
#4953=ORIENTED_EDGE('',*,*,#4956,.T.);
#4954=EDGE_CURVE('',#371,#367,#4957,.F.);
#4955=EDGE_CURVE('',#367,#363,#4958,.T.);
#4956=EDGE_CURVE('',#363,#371,#4959,.T.);
#4957=LINE('',#370,#4960);
#4958=LINE('',#366,#4961);
#4959=LINE('',#362,#4962);
#4960=VECTOR('',#4963,1.0);
#4961=VECTOR('',#4964,1.0);
#4962=VECTOR('',#4965,1.0);
#4963=DIRECTION('',(0,-0.5090620578323269,-0.8607298189766152));
#4964=DIRECTION('',(0,-0.4539694441791272,-0.8910172522188862));
#4965=DIRECTION('',(0,0.481753933654571,0.8763065373534236));
#4966=FACE_SURFACE('',(#4971),#4967,.T.);
#4967=PLANE('',#4968);
#4968=AXIS2_PLACEMENT_3D('',#362,#4969,#4970);
#4969=DIRECTION('',(1,0,0));
#4970=DIRECTION('',(0,-0.39714616893941956,-0.9177553707261767));
#4971=FACE_BOUND('',#4972,.T.);
#4972=EDGE_LOOP('',(#4973,#4974,#4975));
#4973=ORIENTED_EDGE('',*,*,#4976,.T.);
#4974=ORIENTED_EDGE('',*,*,#4977,.T.);
#4975=ORIENTED_EDGE('',*,*,#4978,.T.);
#4976=EDGE_CURVE('',#363,#359,#4979,.F.);
#4977=EDGE_CURVE('',#359,#355,#4980,.T.);
#4978=EDGE_CURVE('',#355,#363,#4981,.T.);
#4979=LINE('',#362,#4982);
#4980=LINE('',#358,#4983);
#4981=LINE('',#354,#4984);
#4982=VECTOR('',#4985,1.0);
#4983=VECTOR('',#4986,1.0);
#4984=VECTOR('',#4987,1.0);
#4985=DIRECTION('',(0,-0.39714616893941956,-0.9177553707261767));
#4986=DIRECTION('',(0,-0.3387510048305618,-0.9408760581108888));
#4987=DIRECTION('',(0,0.3681308794513732,0.9297739809192117));
#4988=FACE_SURFACE('',(#4993),#4989,.T.);
#4989=PLANE('',#4990);
#4990=AXIS2_PLACEMENT_3D('',#354,#4991,#4992);
#4991=DIRECTION('',(1,0,0));
#4992=DIRECTION('',(0,-0.2789800164077433,-0.9602969074432841));
#4993=FACE_BOUND('',#4994,.T.);
#4994=EDGE_LOOP('',(#4995,#4996,#4997));
#4995=ORIENTED_EDGE('',*,*,#4998,.T.);
#4996=ORIENTED_EDGE('',*,*,#4999,.T.);
#4997=ORIENTED_EDGE('',*,*,#5000,.T.);
#4998=EDGE_CURVE('',#355,#351,#5001,.F.);
#4999=EDGE_CURVE('',#351,#347,#5002,.T.);
#5000=EDGE_CURVE('',#347,#355,#5003,.T.);
#5001=LINE('',#354,#5004);
#5002=LINE('',#350,#5005);
#5003=LINE('',#346,#5006);
#5004=VECTOR('',#5007,1.0);
#5005=VECTOR('',#5008,1.0);
#5006=VECTOR('',#5009,1.0);
#5007=DIRECTION('',(0,-0.2789800164077433,-0.9602969074432841));
#5008=DIRECTION('',(0,-0.21815186028281855,-0.9759148353494507));
#5009=DIRECTION('',(0,0.2486871664493357,0.9685838596855723));
#5010=FACE_SURFACE('',(#5015),#5011,.T.);
#5011=PLANE('',#5012);
#5012=AXIS2_PLACEMENT_3D('',#346,#5013,#5014);
#5013=DIRECTION('',(1,0,0));
#5014=DIRECTION('',(0,-0.1564240559944311,-0.9876899891698059));
#5015=FACE_BOUND('',#5016,.T.);
#5016=EDGE_LOOP('',(#5017,#5018,#5019));
#5017=ORIENTED_EDGE('',*,*,#5020,.T.);
#5018=ORIENTED_EDGE('',*,*,#5021,.T.);
#5019=ORIENTED_EDGE('',*,*,#5022,.T.);
#5020=EDGE_CURVE('',#347,#343,#5023,.F.);
#5021=EDGE_CURVE('',#343,#339,#5024,.T.);
#5022=EDGE_CURVE('',#339,#347,#5025,.T.);
#5023=LINE('',#346,#5026);
#5024=LINE('',#342,#5027);
#5025=LINE('',#338,#5028);
#5026=VECTOR('',#5029,1.0);
#5027=VECTOR('',#5030,1.0);
#5028=VECTOR('',#5031,1.0);
#5029=DIRECTION('',(0,-0.1564240559944311,-0.9876899891698059));
#5030=DIRECTION('',(0,-0.09411563626181002,-0.9955612723539594));
#5031=DIRECTION('',(0,0.12533066409536567,0.9921150259105113));
#5032=FACE_SURFACE('',(#5037),#5033,.T.);
#5033=PLANE('',#5034);
#5034=AXIS2_PLACEMENT_3D('',#338,#5035,#5036);
#5035=DIRECTION('',(1,0,0));
#5036=DIRECTION('',(0,-0.031414216546077116,-0.9995064517044381));
#5037=FACE_BOUND('',#5038,.T.);
#5038=EDGE_LOOP('',(#5039,#5040,#5041));
#5039=ORIENTED_EDGE('',*,*,#5042,.T.);
#5040=ORIENTED_EDGE('',*,*,#5043,.T.);
#5041=ORIENTED_EDGE('',*,*,#5044,.T.);
#5042=EDGE_CURVE('',#339,#335,#5045,.F.);
#5043=EDGE_CURVE('',#335,#331,#5046,.T.);
#5044=EDGE_CURVE('',#331,#339,#5047,.T.);
#5045=LINE('',#338,#5048);
#5046=LINE('',#334,#5049);
#5047=LINE('',#330,#5050);
#5048=VECTOR('',#5051,1.0);
#5049=VECTOR('',#5052,1.0);
#5050=VECTOR('',#5053,1.0);
#5051=DIRECTION('',(0,-0.031414216546077116,-0.9995064517044381));
#5052=DIRECTION('',(0,0.031414216546077116,-0.9995064517044381));
#5053=DIRECTION('',(0,0,1));
#5054=FACE_SURFACE('',(#5059),#5055,.T.);
#5055=PLANE('',#5056);
#5056=AXIS2_PLACEMENT_3D('',#330,#5057,#5058);
#5057=DIRECTION('',(1,0,0));
#5058=DIRECTION('',(0,0.0941232226217973,-0.9955605551463395));
#5059=FACE_BOUND('',#5060,.T.);
#5060=EDGE_LOOP('',(#5061,#5062,#5063));
#5061=ORIENTED_EDGE('',*,*,#5064,.T.);
#5062=ORIENTED_EDGE('',*,*,#5065,.T.);
#5063=ORIENTED_EDGE('',*,*,#5066,.T.);
#5064=EDGE_CURVE('',#331,#327,#5067,.F.);
#5065=EDGE_CURVE('',#327,#323,#5068,.T.);
#5066=EDGE_CURVE('',#323,#331,#5069,.T.);
#5067=LINE('',#330,#5070);
#5068=LINE('',#326,#5071);
#5069=LINE('',#322,#5072);
#5070=VECTOR('',#5073,1.0);
#5071=VECTOR('',#5074,1.0);
#5072=VECTOR('',#5075,1.0);
#5073=DIRECTION('',(0,0.0941232226217973,-0.9955605551463395));
#5074=DIRECTION('',(0,0.1564240559944311,-0.9876899891698059));
#5075=DIRECTION('',(0,-0.12533570030191862,0.9921143896899327));
#5076=FACE_SURFACE('',(#5081),#5077,.T.);
#5077=PLANE('',#5078);
#5078=AXIS2_PLACEMENT_3D('',#322,#5079,#5080);
#5079=DIRECTION('',(1,0,0));
#5080=DIRECTION('',(0,0.21815186028281855,-0.9759148353494507));
#5081=FACE_BOUND('',#5082,.T.);
#5082=EDGE_LOOP('',(#5083,#5084,#5085));
#5083=ORIENTED_EDGE('',*,*,#5086,.T.);
#5084=ORIENTED_EDGE('',*,*,#5087,.T.);
#5085=ORIENTED_EDGE('',*,*,#5088,.T.);
#5086=EDGE_CURVE('',#323,#319,#5089,.F.);
#5087=EDGE_CURVE('',#319,#315,#5090,.T.);
#5088=EDGE_CURVE('',#315,#323,#5091,.T.);
#5089=LINE('',#322,#5092);
#5090=LINE('',#318,#5093);
#5091=LINE('',#314,#5094);
#5092=VECTOR('',#5095,1.0);
#5093=VECTOR('',#5096,1.0);
#5094=VECTOR('',#5097,1.0);
#5095=DIRECTION('',(0,0.21815186028281855,-0.9759148353494507));
#5096=DIRECTION('',(0,0.2789583260295398,-0.9603032085434251));
#5097=DIRECTION('',(0,-0.2486774107337865,0.9685863644460104));
#5098=FACE_SURFACE('',(#5103),#5099,.T.);
#5099=PLANE('',#5100);
#5100=AXIS2_PLACEMENT_3D('',#314,#5101,#5102);
#5101=DIRECTION('',(1,0,0));
#5102=DIRECTION('',(0,0.3387510048305618,-0.9408760581108888));
#5103=FACE_BOUND('',#5104,.T.);
#5104=EDGE_LOOP('',(#5105,#5106,#5107));
#5105=ORIENTED_EDGE('',*,*,#5108,.T.);
#5106=ORIENTED_EDGE('',*,*,#5109,.T.);
#5107=ORIENTED_EDGE('',*,*,#5110,.T.);
#5108=EDGE_CURVE('',#315,#311,#5111,.F.);
#5109=EDGE_CURVE('',#311,#307,#5112,.T.);
#5110=EDGE_CURVE('',#307,#315,#5113,.T.);
#5111=LINE('',#314,#5114);
#5112=LINE('',#310,#5115);
#5113=LINE('',#306,#5116);
#5114=VECTOR('',#5117,1.0);
#5115=VECTOR('',#5118,1.0);
#5116=VECTOR('',#5119,1.0);
#5117=DIRECTION('',(0,0.3387510048305618,-0.9408760581108888));
#5118=DIRECTION('',(0,0.3971756792416611,-0.9177425999804767));
#5119=DIRECTION('',(0,-0.36814474244308637,0.9297684919438353));
#5120=FACE_SURFACE('',(#5125),#5121,.T.);
#5121=PLANE('',#5122);
#5122=AXIS2_PLACEMENT_3D('',#306,#5123,#5124);
#5123=DIRECTION('',(1,0,0));
#5124=DIRECTION('',(0,0.4539694441791272,-0.8910172522188862));
#5125=FACE_BOUND('',#5126,.T.);
#5126=EDGE_LOOP('',(#5127,#5128,#5129));
#5127=ORIENTED_EDGE('',*,*,#5130,.T.);
#5128=ORIENTED_EDGE('',*,*,#5131,.T.);
#5129=ORIENTED_EDGE('',*,*,#5132,.T.);
#5130=EDGE_CURVE('',#307,#303,#5133,.F.);
#5131=EDGE_CURVE('',#303,#299,#5134,.T.);
#5132=EDGE_CURVE('',#299,#307,#5135,.T.);
#5133=LINE('',#306,#5136);
#5134=LINE('',#302,#5137);
#5135=LINE('',#298,#5138);
#5136=VECTOR('',#5139,1.0);
#5137=VECTOR('',#5140,1.0);
#5138=VECTOR('',#5141,1.0);
#5139=DIRECTION('',(0,0.4539694441791272,-0.8910172522188862));
#5140=DIRECTION('',(0,0.5090265842264459,-0.86075079817027));
#5141=DIRECTION('',(0,-0.4817368355757362,0.8763159368911854));
#5142=FACE_SURFACE('',(#5147),#5143,.T.);
#5143=PLANE('',#5144);
#5144=AXIS2_PLACEMENT_3D('',#298,#5145,#5146);
#5145=DIRECTION('',(1,0,0));
#5146=DIRECTION('',(0,0.5621051535609615,-0.8270657750990595));
#5147=FACE_BOUND('',#5148,.T.);
#5148=EDGE_LOOP('',(#5149,#5150,#5151));
#5149=ORIENTED_EDGE('',*,*,#5152,.T.);
#5150=ORIENTED_EDGE('',*,*,#5153,.T.);
#5151=ORIENTED_EDGE('',*,*,#5154,.T.);
#5152=EDGE_CURVE('',#299,#295,#5155,.F.);
#5153=EDGE_CURVE('',#295,#291,#5156,.T.);
#5154=EDGE_CURVE('',#291,#299,#5157,.T.);
#5155=LINE('',#298,#5158);
#5156=LINE('',#294,#5159);
#5157=LINE('',#290,#5160);
#5158=VECTOR('',#5161,1.0);
#5159=VECTOR('',#5162,1.0);
#5160=VECTOR('',#5163,1.0);
#5161=DIRECTION('',(0,0.5621051535609615,-0.8270657750990595));
#5162=DIRECTION('',(0,0.6129143153413182,-0.7901493795793824));
#5163=DIRECTION('',(0,-0.5877995553107104,0.809006602430741));
#5164=FACE_SURFACE('',(#5169),#5165,.T.);
#5165=PLANE('',#5166);
#5166=AXIS2_PLACEMENT_3D('',#290,#5167,#5168);
#5167=DIRECTION('',(1,0,0));
#5168=DIRECTION('',(0,0.6613029247361903,-0.7501189517238986));
#5169=FACE_BOUND('',#5170,.T.);
#5170=EDGE_LOOP('',(#5171,#5172,#5173));
#5171=ORIENTED_EDGE('',*,*,#5174,.T.);
#5172=ORIENTED_EDGE('',*,*,#5175,.T.);
#5173=ORIENTED_EDGE('',*,*,#5176,.T.);
#5174=EDGE_CURVE('',#291,#287,#5177,.F.);
#5175=EDGE_CURVE('',#287,#283,#5178,.T.);
#5176=EDGE_CURVE('',#283,#291,#5179,.T.);
#5177=LINE('',#290,#5180);
#5178=LINE('',#286,#5181);
#5179=LINE('',#282,#5182);
#5180=VECTOR('',#5183,1.0);
#5181=VECTOR('',#5184,1.0);
#5182=VECTOR('',#5185,1.0);
#5183=DIRECTION('',(0,0.6613029247361903,-0.7501189517238986));
#5184=DIRECTION('',(0,0.7070865402562136,-0.7071270215375015));
#5185=DIRECTION('',(0,-0.6845323406596608,0.7289824926505479));
#5186=FACE_SURFACE('',(#5191),#5187,.T.);
#5187=PLANE('',#5188);
#5188=AXIS2_PLACEMENT_3D('',#282,#5189,#5190);
#5189=DIRECTION('',(1,0,0));
#5190=DIRECTION('',(0,0.7501189517238986,-0.6613029247361903));
#5191=FACE_BOUND('',#5192,.T.);
#5192=EDGE_LOOP('',(#5193,#5194,#5195));
#5193=ORIENTED_EDGE('',*,*,#5196,.T.);
#5194=ORIENTED_EDGE('',*,*,#5197,.T.);
#5195=ORIENTED_EDGE('',*,*,#5198,.T.);
#5196=EDGE_CURVE('',#283,#279,#5199,.F.);
#5197=EDGE_CURVE('',#279,#275,#5200,.T.);
#5198=EDGE_CURVE('',#275,#283,#5201,.T.);
#5199=LINE('',#282,#5202);
#5200=LINE('',#278,#5203);
#5201=LINE('',#274,#5204);
#5202=VECTOR('',#5205,1.0);
#5203=VECTOR('',#5206,1.0);
#5204=VECTOR('',#5207,1.0);
#5205=DIRECTION('',(0,0.7501189517238986,-0.6613029247361903));
#5206=DIRECTION('',(0,0.7901493795793824,-0.6129143153413182));
#5207=DIRECTION('',(0,-0.7705136704656457,0.6374234727601099));
#5208=FACE_SURFACE('',(#5213),#5209,.T.);
#5209=PLANE('',#5210);
#5210=AXIS2_PLACEMENT_3D('',#274,#5211,#5212);
#5211=DIRECTION('',(1,0,0));
#5212=DIRECTION('',(0,0.8270973849398777,-0.5620586409135756));
#5213=FACE_BOUND('',#5214,.T.);
#5214=EDGE_LOOP('',(#5215,#5216,#5217));
#5215=ORIENTED_EDGE('',*,*,#5218,.T.);
#5216=ORIENTED_EDGE('',*,*,#5219,.T.);
#5217=ORIENTED_EDGE('',*,*,#5220,.T.);
#5218=EDGE_CURVE('',#275,#271,#5221,.F.);
#5219=EDGE_CURVE('',#271,#267,#5222,.T.);
#5220=EDGE_CURVE('',#267,#275,#5223,.T.);
#5221=LINE('',#274,#5224);
#5222=LINE('',#270,#5225);
#5223=LINE('',#266,#5226);
#5224=VECTOR('',#5227,1.0);
#5225=VECTOR('',#5228,1.0);
#5226=VECTOR('',#5229,1.0);
#5227=DIRECTION('',(0,0.8270973849398777,-0.5620586409135756));
#5228=DIRECTION('',(0,0.8607225721617741,-0.5090743106573141));
#5229=DIRECTION('',(0,-0.8443262488462114,0.5358294369566545));
#5230=FACE_SURFACE('',(#5235),#5231,.T.);
#5231=PLANE('',#5232);
#5232=AXIS2_PLACEMENT_3D('',#266,#5233,#5234);
#5233=DIRECTION('',(1,0,0));
#5234=DIRECTION('',(0,0.8910172522188862,-0.4539694441791272));
#5235=FACE_BOUND('',#5236,.T.);
#5236=EDGE_LOOP('',(#5237,#5238,#5239));
#5237=ORIENTED_EDGE('',*,*,#5240,.T.);
#5238=ORIENTED_EDGE('',*,*,#5241,.T.);
#5239=ORIENTED_EDGE('',*,*,#5242,.T.);
#5240=EDGE_CURVE('',#267,#263,#5243,.F.);
#5241=EDGE_CURVE('',#263,#259,#5244,.T.);
#5242=EDGE_CURVE('',#259,#267,#5245,.T.);
#5243=LINE('',#266,#5246);
#5244=LINE('',#262,#5247);
#5245=LINE('',#258,#5248);
#5246=VECTOR('',#5249,1.0);
#5247=VECTOR('',#5250,1.0);
#5248=VECTOR('',#5251,1.0);
#5249=DIRECTION('',(0,0.8910172522188862,-0.4539694441791272));
#5250=DIRECTION('',(0,0.9177637404641161,-0.3971268269574778));
#5251=DIRECTION('',(0,-0.9048370592502456,0.4257580254174518));
#5252=FACE_SURFACE('',(#5257),#5253,.T.);
#5253=PLANE('',#5254);
#5254=AXIS2_PLACEMENT_3D('',#258,#5255,#5256);
#5255=DIRECTION('',(1,0,0));
#5256=DIRECTION('',(0,0.9408760581108888,-0.3387510048305618));
#5257=FACE_BOUND('',#5258,.T.);
#5258=EDGE_LOOP('',(#5259,#5260,#5261));
#5259=ORIENTED_EDGE('',*,*,#5262,.T.);
#5260=ORIENTED_EDGE('',*,*,#5263,.T.);
#5261=ORIENTED_EDGE('',*,*,#5264,.T.);
#5262=EDGE_CURVE('',#259,#255,#5265,.F.);
#5263=EDGE_CURVE('',#255,#251,#5266,.T.);
#5264=EDGE_CURVE('',#251,#259,#5267,.T.);
#5265=LINE('',#258,#5268);
#5266=LINE('',#254,#5269);
#5267=LINE('',#250,#5270);
#5268=VECTOR('',#5271,1.0);
#5269=VECTOR('',#5272,1.0);
#5270=VECTOR('',#5273,1.0);
#5271=DIRECTION('',(0,0.9408760581108888,-0.3387510048305618));
#5272=DIRECTION('',(0,0.9602892123848226,-0.2790065027509884));
#5273=DIRECTION('',(0,-0.9510517768537818,0.30903158049504315));
#5274=FACE_SURFACE('',(#5279),#5275,.T.);
#5275=PLANE('',#5276);
#5276=AXIS2_PLACEMENT_3D('',#250,#5277,#5278);
#5277=DIRECTION('',(1,0,0));
#5278=DIRECTION('',(0,0.9759234529633838,-0.21811330531635606));
#5279=FACE_BOUND('',#5280,.T.);
#5280=EDGE_LOOP('',(#5281,#5282,#5283));
#5281=ORIENTED_EDGE('',*,*,#5284,.T.);
#5282=ORIENTED_EDGE('',*,*,#5285,.T.);
#5283=ORIENTED_EDGE('',*,*,#5286,.T.);
#5284=EDGE_CURVE('',#251,#247,#5287,.F.);
#5285=EDGE_CURVE('',#247,#243,#5288,.T.);
#5286=EDGE_CURVE('',#243,#251,#5289,.T.);
#5287=LINE('',#250,#5290);
#5288=LINE('',#246,#5291);
#5289=LINE('',#242,#5292);
#5290=VECTOR('',#5293,1.0);
#5291=VECTOR('',#5294,1.0);
#5292=VECTOR('',#5295,1.0);
#5293=DIRECTION('',(0,0.9759234529633838,-0.21811330531635606));
#5294=DIRECTION('',(0,0.9876899891698059,-0.1564240559944311));
#5295=DIRECTION('',(0,-0.9822910315175432,0.18736149391003812));
#5296=FACE_SURFACE('',(#5301),#5297,.T.);
#5297=PLANE('',#5298);
#5298=AXIS2_PLACEMENT_3D('',#242,#5299,#5300);
#5299=DIRECTION('',(1,0,0));
#5300=DIRECTION('',(0,0.9955571197977906,-0.09415955193143012));
#5301=FACE_BOUND('',#5302,.T.);
#5302=EDGE_LOOP('',(#5303,#5304,#5305));
#5303=ORIENTED_EDGE('',*,*,#5306,.T.);
#5304=ORIENTED_EDGE('',*,*,#5307,.T.);
#5305=ORIENTED_EDGE('',*,*,#5308,.T.);
#5306=EDGE_CURVE('',#243,#239,#5309,.F.);
#5307=EDGE_CURVE('',#239,#235,#5310,.T.);
#5308=EDGE_CURVE('',#235,#243,#5311,.T.);
#5309=LINE('',#242,#5312);
#5310=LINE('',#238,#5313);
#5311=LINE('',#234,#5314);
#5312=VECTOR('',#5315,1.0);
#5313=VECTOR('',#5316,1.0);
#5314=VECTOR('',#5317,1.0);
#5315=DIRECTION('',(0,0.9955571197977906,-0.09415955193143012));
#5316=DIRECTION('',(0,0.9995064517044381,-0.031414216546077116));
#5317=DIRECTION('',(0,-0.9980249812462557,0.06281828402950075));
#5318=FACE_SURFACE('',(#5323),#5319,.T.);
#5319=PLANE('',#5320);
#5320=AXIS2_PLACEMENT_3D('',#234,#5321,#5322);
#5321=DIRECTION('',(1,0,0));
#5322=DIRECTION('',(0,0.9995064517044381,0.031414216546077116));
#5323=FACE_BOUND('',#5324,.T.);
#5324=EDGE_LOOP('',(#5325,#5326,#5327));
#5325=ORIENTED_EDGE('',*,*,#5328,.T.);
#5326=ORIENTED_EDGE('',*,*,#5329,.T.);
#5327=ORIENTED_EDGE('',*,*,#5330,.T.);
#5328=EDGE_CURVE('',#235,#231,#5331,.F.);
#5329=EDGE_CURVE('',#231,#227,#5332,.T.);
#5330=EDGE_CURVE('',#227,#235,#5333,.T.);
#5331=LINE('',#234,#5334);
#5332=LINE('',#230,#5335);
#5333=LINE('',#226,#5336);
#5334=VECTOR('',#5337,1.0);
#5335=VECTOR('',#5338,1.0);
#5336=VECTOR('',#5339,1.0);
#5337=DIRECTION('',(0,0.9995064517044381,0.031414216546077116));
#5338=DIRECTION('',(0,0.9955571197977906,0.09415955193143012));
#5339=DIRECTION('',(0,-0.9980249812462557,-0.06281828402950075));
#5340=FACE_SURFACE('',(#5345),#5341,.T.);
#5341=PLANE('',#5342);
#5342=AXIS2_PLACEMENT_3D('',#226,#5343,#5344);
#5343=DIRECTION('',(1,0,0));
#5344=DIRECTION('',(0,0.9876899891698059,0.1564240559944311));
#5345=FACE_BOUND('',#5346,.T.);
#5346=EDGE_LOOP('',(#5347,#5348,#5349));
#5347=ORIENTED_EDGE('',*,*,#5350,.T.);
#5348=ORIENTED_EDGE('',*,*,#5351,.T.);
#5349=ORIENTED_EDGE('',*,*,#5352,.T.);
#5350=EDGE_CURVE('',#227,#223,#5353,.F.);
#5351=EDGE_CURVE('',#223,#219,#5354,.T.);
#5352=EDGE_CURVE('',#219,#227,#5355,.T.);
#5353=LINE('',#226,#5356);
#5354=LINE('',#222,#5357);
#5355=LINE('',#218,#5358);
#5356=VECTOR('',#5359,1.0);
#5357=VECTOR('',#5360,1.0);
#5358=VECTOR('',#5361,1.0);
#5359=DIRECTION('',(0,0.9876899891698059,0.1564240559944311));
#5360=DIRECTION('',(0,0.9759234529633838,0.21811330531635606));
#5361=DIRECTION('',(0,-0.9822910315175432,-0.18736149391003812));
#5362=FACE_SURFACE('',(#5367),#5363,.T.);
#5363=PLANE('',#5364);
#5364=AXIS2_PLACEMENT_3D('',#218,#5365,#5366);
#5365=DIRECTION('',(1,0,0));
#5366=DIRECTION('',(0,0.9602892123848226,0.2790065027509884));
#5367=FACE_BOUND('',#5368,.T.);
#5368=EDGE_LOOP('',(#5369,#5370,#5371));
#5369=ORIENTED_EDGE('',*,*,#5372,.T.);
#5370=ORIENTED_EDGE('',*,*,#5373,.T.);
#5371=ORIENTED_EDGE('',*,*,#5374,.T.);
#5372=EDGE_CURVE('',#219,#215,#5375,.F.);
#5373=EDGE_CURVE('',#215,#211,#5376,.T.);
#5374=EDGE_CURVE('',#211,#219,#5377,.T.);
#5375=LINE('',#218,#5378);
#5376=LINE('',#214,#5379);
#5377=LINE('',#210,#5380);
#5378=VECTOR('',#5381,1.0);
#5379=VECTOR('',#5382,1.0);
#5380=VECTOR('',#5383,1.0);
#5381=DIRECTION('',(0,0.9602892123848226,0.2790065027509884));
#5382=DIRECTION('',(0,0.9408760581108888,0.3387510048305618));
#5383=DIRECTION('',(0,-0.9510517768537818,-0.30903158049504315));
#5384=FACE_SURFACE('',(#5389),#5385,.T.);
#5385=PLANE('',#5386);
#5386=AXIS2_PLACEMENT_3D('',#210,#5387,#5388);
#5387=DIRECTION('',(1,0,0));
#5388=DIRECTION('',(0,0.9177637404641161,0.3971268269574778));
#5389=FACE_BOUND('',#5390,.T.);
#5390=EDGE_LOOP('',(#5391,#5392,#5393));
#5391=ORIENTED_EDGE('',*,*,#5394,.T.);
#5392=ORIENTED_EDGE('',*,*,#5395,.T.);
#5393=ORIENTED_EDGE('',*,*,#5396,.T.);
#5394=EDGE_CURVE('',#211,#207,#5397,.F.);
#5395=EDGE_CURVE('',#207,#203,#5398,.T.);
#5396=EDGE_CURVE('',#203,#211,#5399,.T.);
#5397=LINE('',#210,#5400);
#5398=LINE('',#206,#5401);
#5399=LINE('',#202,#5402);
#5400=VECTOR('',#5403,1.0);
#5401=VECTOR('',#5404,1.0);
#5402=VECTOR('',#5405,1.0);
#5403=DIRECTION('',(0,0.9177637404641161,0.3971268269574778));
#5404=DIRECTION('',(0,0.8910172522188862,0.4539694441791272));
#5405=DIRECTION('',(0,-0.9048370592502456,-0.4257580254174518));
#5406=FACE_SURFACE('',(#5411),#5407,.T.);
#5407=PLANE('',#5408);
#5408=AXIS2_PLACEMENT_3D('',#202,#5409,#5410);
#5409=DIRECTION('',(1,0,0));
#5410=DIRECTION('',(0,0.8607225721617741,0.5090743106573141));
#5411=FACE_BOUND('',#5412,.T.);
#5412=EDGE_LOOP('',(#5413,#5414,#5415));
#5413=ORIENTED_EDGE('',*,*,#5416,.T.);
#5414=ORIENTED_EDGE('',*,*,#5417,.T.);
#5415=ORIENTED_EDGE('',*,*,#5418,.T.);
#5416=EDGE_CURVE('',#203,#199,#5419,.F.);
#5417=EDGE_CURVE('',#199,#195,#5420,.T.);
#5418=EDGE_CURVE('',#195,#203,#5421,.T.);
#5419=LINE('',#202,#5422);
#5420=LINE('',#198,#5423);
#5421=LINE('',#194,#5424);
#5422=VECTOR('',#5425,1.0);
#5423=VECTOR('',#5426,1.0);
#5424=VECTOR('',#5427,1.0);
#5425=DIRECTION('',(0,0.8607225721617741,0.5090743106573141));
#5426=DIRECTION('',(0,0.8270973849398777,0.5620586409135756));
#5427=DIRECTION('',(0,-0.8443262488462114,-0.5358294369566545));
#5428=FACE_SURFACE('',(#5433),#5429,.T.);
#5429=PLANE('',#5430);
#5430=AXIS2_PLACEMENT_3D('',#194,#5431,#5432);
#5431=DIRECTION('',(1,0,0));
#5432=DIRECTION('',(0,0.7901493795793824,0.6129143153413182));
#5433=FACE_BOUND('',#5434,.T.);
#5434=EDGE_LOOP('',(#5435,#5436,#5437));
#5435=ORIENTED_EDGE('',*,*,#5438,.T.);
#5436=ORIENTED_EDGE('',*,*,#5439,.T.);
#5437=ORIENTED_EDGE('',*,*,#5440,.T.);
#5438=EDGE_CURVE('',#195,#191,#5441,.F.);
#5439=EDGE_CURVE('',#191,#187,#5442,.T.);
#5440=EDGE_CURVE('',#187,#195,#5443,.T.);
#5441=LINE('',#194,#5444);
#5442=LINE('',#190,#5445);
#5443=LINE('',#186,#5446);
#5444=VECTOR('',#5447,1.0);
#5445=VECTOR('',#5448,1.0);
#5446=VECTOR('',#5449,1.0);
#5447=DIRECTION('',(0,0.7901493795793824,0.6129143153413182));
#5448=DIRECTION('',(0,0.7501189517238986,0.6613029247361903));
#5449=DIRECTION('',(0,-0.7705136704656457,-0.6374234727601099));
#5450=FACE_SURFACE('',(#5455),#5451,.T.);
#5451=PLANE('',#5452);
#5452=AXIS2_PLACEMENT_3D('',#186,#5453,#5454);
#5453=DIRECTION('',(1,0,0));
#5454=DIRECTION('',(0,0.7070865402562136,0.7071270215375015));
#5455=FACE_BOUND('',#5456,.T.);
#5456=EDGE_LOOP('',(#5457,#5458,#5459));
#5457=ORIENTED_EDGE('',*,*,#5460,.T.);
#5458=ORIENTED_EDGE('',*,*,#5461,.T.);
#5459=ORIENTED_EDGE('',*,*,#5462,.T.);
#5460=EDGE_CURVE('',#187,#183,#5463,.F.);
#5461=EDGE_CURVE('',#183,#179,#5464,.T.);
#5462=EDGE_CURVE('',#179,#187,#5465,.T.);
#5463=LINE('',#186,#5466);
#5464=LINE('',#182,#5467);
#5465=LINE('',#178,#5468);
#5466=VECTOR('',#5469,1.0);
#5467=VECTOR('',#5470,1.0);
#5468=VECTOR('',#5471,1.0);
#5469=DIRECTION('',(0,0.7070865402562136,0.7071270215375015));
#5470=DIRECTION('',(0,0.6613029247361903,0.7501189517238986));
#5471=DIRECTION('',(0,-0.6845323406596608,-0.7289824926505479));
#5472=FACE_SURFACE('',(#5477),#5473,.T.);
#5473=PLANE('',#5474);
#5474=AXIS2_PLACEMENT_3D('',#178,#5475,#5476);
#5475=DIRECTION('',(1,0,0));
#5476=DIRECTION('',(0,0.6129143153413182,0.7901493795793824));
#5477=FACE_BOUND('',#5478,.T.);
#5478=EDGE_LOOP('',(#5479,#5480,#5481));
#5479=ORIENTED_EDGE('',*,*,#5482,.T.);
#5480=ORIENTED_EDGE('',*,*,#5483,.T.);
#5481=ORIENTED_EDGE('',*,*,#5484,.T.);
#5482=EDGE_CURVE('',#179,#175,#5485,.F.);
#5483=EDGE_CURVE('',#175,#171,#5486,.T.);
#5484=EDGE_CURVE('',#171,#179,#5487,.T.);
#5485=LINE('',#178,#5488);
#5486=LINE('',#174,#5489);
#5487=LINE('',#170,#5490);
#5488=VECTOR('',#5491,1.0);
#5489=VECTOR('',#5492,1.0);
#5490=VECTOR('',#5493,1.0);
#5491=DIRECTION('',(0,0.6129143153413182,0.7901493795793824));
#5492=DIRECTION('',(0,0.5621051535609615,0.8270657750990595));
#5493=DIRECTION('',(0,-0.5877995553107104,-0.809006602430741));
#5494=FACE_SURFACE('',(#5499),#5495,.T.);
#5495=PLANE('',#5496);
#5496=AXIS2_PLACEMENT_3D('',#170,#5497,#5498);
#5497=DIRECTION('',(1,0,0));
#5498=DIRECTION('',(0,0.5090265842264459,0.86075079817027));
#5499=FACE_BOUND('',#5500,.T.);
#5500=EDGE_LOOP('',(#5501,#5502,#5503));
#5501=ORIENTED_EDGE('',*,*,#5504,.T.);
#5502=ORIENTED_EDGE('',*,*,#5505,.T.);
#5503=ORIENTED_EDGE('',*,*,#5506,.T.);
#5504=EDGE_CURVE('',#171,#167,#5507,.F.);
#5505=EDGE_CURVE('',#167,#163,#5508,.T.);
#5506=EDGE_CURVE('',#163,#171,#5509,.T.);
#5507=LINE('',#170,#5510);
#5508=LINE('',#166,#5511);
#5509=LINE('',#162,#5512);
#5510=VECTOR('',#5513,1.0);
#5511=VECTOR('',#5514,1.0);
#5512=VECTOR('',#5515,1.0);
#5513=DIRECTION('',(0,0.5090265842264459,0.86075079817027));
#5514=DIRECTION('',(0,0.4539694441791272,0.8910172522188862));
#5515=DIRECTION('',(0,-0.4817368355757362,-0.8763159368911854));
#5516=FACE_SURFACE('',(#5521),#5517,.T.);
#5517=PLANE('',#5518);
#5518=AXIS2_PLACEMENT_3D('',#162,#5519,#5520);
#5519=DIRECTION('',(1,0,0));
#5520=DIRECTION('',(0,0.3971756792416611,0.9177425999804767));
#5521=FACE_BOUND('',#5522,.T.);
#5522=EDGE_LOOP('',(#5523,#5524,#5525));
#5523=ORIENTED_EDGE('',*,*,#5526,.T.);
#5524=ORIENTED_EDGE('',*,*,#5527,.T.);
#5525=ORIENTED_EDGE('',*,*,#5528,.T.);
#5526=EDGE_CURVE('',#163,#159,#5529,.F.);
#5527=EDGE_CURVE('',#159,#155,#5530,.T.);
#5528=EDGE_CURVE('',#155,#163,#5531,.T.);
#5529=LINE('',#162,#5532);
#5530=LINE('',#158,#5533);
#5531=LINE('',#154,#5534);
#5532=VECTOR('',#5535,1.0);
#5533=VECTOR('',#5536,1.0);
#5534=VECTOR('',#5537,1.0);
#5535=DIRECTION('',(0,0.3971756792416611,0.9177425999804767));
#5536=DIRECTION('',(0,0.3387510048305618,0.9408760581108888));
#5537=DIRECTION('',(0,-0.36814474244308637,-0.9297684919438353));
#5538=FACE_SURFACE('',(#5543),#5539,.T.);
#5539=PLANE('',#5540);
#5540=AXIS2_PLACEMENT_3D('',#154,#5541,#5542);
#5541=DIRECTION('',(1,0,0));
#5542=DIRECTION('',(0,0.2789583260295398,0.9603032085434251));
#5543=FACE_BOUND('',#5544,.T.);
#5544=EDGE_LOOP('',(#5545,#5546,#5547));
#5545=ORIENTED_EDGE('',*,*,#5548,.T.);
#5546=ORIENTED_EDGE('',*,*,#5549,.T.);
#5547=ORIENTED_EDGE('',*,*,#5550,.T.);
#5548=EDGE_CURVE('',#155,#151,#5551,.F.);
#5549=EDGE_CURVE('',#151,#147,#5552,.T.);
#5550=EDGE_CURVE('',#147,#155,#5553,.T.);
#5551=LINE('',#154,#5554);
#5552=LINE('',#150,#5555);
#5553=LINE('',#146,#5556);
#5554=VECTOR('',#5557,1.0);
#5555=VECTOR('',#5558,1.0);
#5556=VECTOR('',#5559,1.0);
#5557=DIRECTION('',(0,0.2789583260295398,0.9603032085434251));
#5558=DIRECTION('',(0,0.21815186028281855,0.9759148353494507));
#5559=DIRECTION('',(0,-0.2486774107337865,-0.9685863644460104));
#5560=FACE_SURFACE('',(#5565),#5561,.T.);
#5561=PLANE('',#5562);
#5562=AXIS2_PLACEMENT_3D('',#146,#5563,#5564);
#5563=DIRECTION('',(1,0,0));
#5564=DIRECTION('',(0,0.1564240559944311,0.9876899891698059));
#5565=FACE_BOUND('',#5566,.T.);
#5566=EDGE_LOOP('',(#5567,#5568,#5569));
#5567=ORIENTED_EDGE('',*,*,#5570,.T.);
#5568=ORIENTED_EDGE('',*,*,#5571,.T.);
#5569=ORIENTED_EDGE('',*,*,#5572,.T.);
#5570=EDGE_CURVE('',#147,#143,#5573,.F.);
#5571=EDGE_CURVE('',#143,#139,#5574,.T.);
#5572=EDGE_CURVE('',#139,#147,#5575,.T.);
#5573=LINE('',#146,#5576);
#5574=LINE('',#142,#5577);
#5575=LINE('',#138,#5578);
#5576=VECTOR('',#5579,1.0);
#5577=VECTOR('',#5580,1.0);
#5578=VECTOR('',#5581,1.0);
#5579=DIRECTION('',(0,0.1564240559944311,0.9876899891698059));
#5580=DIRECTION('',(0,0.0941232226217973,0.9955605551463395));
#5581=DIRECTION('',(0,-0.12533570030191862,-0.9921143896899327));
#5582=FACE_SURFACE('',(#5587),#5583,.T.);
#5583=PLANE('',#5584);
#5584=AXIS2_PLACEMENT_3D('',#138,#5585,#5586);
#5585=DIRECTION('',(1,0,0));
#5586=DIRECTION('',(0,0.031414216546077116,0.9995064517044381));
#5587=FACE_BOUND('',#5588,.T.);
#5588=EDGE_LOOP('',(#5589,#5590,#5591));
#5589=ORIENTED_EDGE('',*,*,#5592,.T.);
#5590=ORIENTED_EDGE('',*,*,#5593,.T.);
#5591=ORIENTED_EDGE('',*,*,#5594,.T.);
#5592=EDGE_CURVE('',#139,#135,#5595,.F.);
#5593=EDGE_CURVE('',#135,#131,#5596,.T.);
#5594=EDGE_CURVE('',#131,#139,#5597,.T.);
#5595=LINE('',#138,#5598);
#5596=LINE('',#134,#5599);
#5597=LINE('',#130,#5600);
#5598=VECTOR('',#5601,1.0);
#5599=VECTOR('',#5602,1.0);
#5600=VECTOR('',#5603,1.0);
#5601=DIRECTION('',(0,0.031414216546077116,0.9995064517044381));
#5602=DIRECTION('',(0,-0.031414216546077116,0.9995064517044381));
#5603=DIRECTION('',(0,0,-1));
#5604=FACE_SURFACE('',(#5609),#5605,.T.);
#5605=PLANE('',#5606);
#5606=AXIS2_PLACEMENT_3D('',#130,#5607,#5608);
#5607=DIRECTION('',(1,0,0));
#5608=DIRECTION('',(0,-0.09411563626181002,0.9955612723539594));
#5609=FACE_BOUND('',#5610,.T.);
#5610=EDGE_LOOP('',(#5611,#5612,#5613));
#5611=ORIENTED_EDGE('',*,*,#5614,.T.);
#5612=ORIENTED_EDGE('',*,*,#5615,.T.);
#5613=ORIENTED_EDGE('',*,*,#5616,.T.);
#5614=EDGE_CURVE('',#131,#127,#5617,.F.);
#5615=EDGE_CURVE('',#127,#123,#5618,.T.);
#5616=EDGE_CURVE('',#123,#131,#5619,.T.);
#5617=LINE('',#130,#5620);
#5618=LINE('',#126,#5621);
#5619=LINE('',#122,#5622);
#5620=VECTOR('',#5623,1.0);
#5621=VECTOR('',#5624,1.0);
#5622=VECTOR('',#5625,1.0);
#5623=DIRECTION('',(0,-0.09411563626181002,0.9955612723539594));
#5624=DIRECTION('',(0,-0.1564240559944311,0.9876899891698059));
#5625=DIRECTION('',(0,0.12533066409536567,-0.9921150259105113));
#5626=FACE_SURFACE('',(#5631),#5627,.T.);
#5627=PLANE('',#5628);
#5628=AXIS2_PLACEMENT_3D('',#122,#5629,#5630);
#5629=DIRECTION('',(1,0,0));
#5630=DIRECTION('',(0,-0.21815186028281855,0.9759148353494507));
#5631=FACE_BOUND('',#5632,.T.);
#5632=EDGE_LOOP('',(#5633,#5634,#5635));
#5633=ORIENTED_EDGE('',*,*,#5636,.T.);
#5634=ORIENTED_EDGE('',*,*,#5637,.T.);
#5635=ORIENTED_EDGE('',*,*,#5638,.T.);
#5636=EDGE_CURVE('',#123,#119,#5639,.F.);
#5637=EDGE_CURVE('',#119,#115,#5640,.T.);
#5638=EDGE_CURVE('',#115,#123,#5641,.T.);
#5639=LINE('',#122,#5642);
#5640=LINE('',#118,#5643);
#5641=LINE('',#114,#5644);
#5642=VECTOR('',#5645,1.0);
#5643=VECTOR('',#5646,1.0);
#5644=VECTOR('',#5647,1.0);
#5645=DIRECTION('',(0,-0.21815186028281855,0.9759148353494507));
#5646=DIRECTION('',(0,-0.2789800164077433,0.9602969074432841));
#5647=DIRECTION('',(0,0.2486871664493357,-0.9685838596855723));
#5648=FACE_SURFACE('',(#5653),#5649,.T.);
#5649=PLANE('',#5650);
#5650=AXIS2_PLACEMENT_3D('',#114,#5651,#5652);
#5651=DIRECTION('',(1,0,0));
#5652=DIRECTION('',(0,-0.3387510048305618,0.9408760581108888));
#5653=FACE_BOUND('',#5654,.T.);
#5654=EDGE_LOOP('',(#5655,#5656,#5657));
#5655=ORIENTED_EDGE('',*,*,#5658,.T.);
#5656=ORIENTED_EDGE('',*,*,#5659,.T.);
#5657=ORIENTED_EDGE('',*,*,#5660,.T.);
#5658=EDGE_CURVE('',#115,#111,#5661,.F.);
#5659=EDGE_CURVE('',#111,#107,#5662,.T.);
#5660=EDGE_CURVE('',#107,#115,#5663,.T.);
#5661=LINE('',#114,#5664);
#5662=LINE('',#110,#5665);
#5663=LINE('',#106,#5666);
#5664=VECTOR('',#5667,1.0);
#5665=VECTOR('',#5668,1.0);
#5666=VECTOR('',#5669,1.0);
#5667=DIRECTION('',(0,-0.3387510048305618,0.9408760581108888));
#5668=DIRECTION('',(0,-0.39714616893941956,0.9177553707261767));
#5669=DIRECTION('',(0,0.3681308794513732,-0.9297739809192117));
#5670=FACE_SURFACE('',(#5675),#5671,.T.);
#5671=PLANE('',#5672);
#5672=AXIS2_PLACEMENT_3D('',#106,#5673,#5674);
#5673=DIRECTION('',(1,0,0));
#5674=DIRECTION('',(0,-0.4539694441791272,0.8910172522188862));
#5675=FACE_BOUND('',#5676,.T.);
#5676=EDGE_LOOP('',(#5677,#5678,#5679));
#5677=ORIENTED_EDGE('',*,*,#5680,.T.);
#5678=ORIENTED_EDGE('',*,*,#5681,.T.);
#5679=ORIENTED_EDGE('',*,*,#5682,.T.);
#5680=EDGE_CURVE('',#107,#103,#5683,.F.);
#5681=EDGE_CURVE('',#103,#99,#5684,.T.);
#5682=EDGE_CURVE('',#99,#107,#5685,.T.);
#5683=LINE('',#106,#5686);
#5684=LINE('',#102,#5687);
#5685=LINE('',#98,#5688);
#5686=VECTOR('',#5689,1.0);
#5687=VECTOR('',#5690,1.0);
#5688=VECTOR('',#5691,1.0);
#5689=DIRECTION('',(0,-0.4539694441791272,0.8910172522188862));
#5690=DIRECTION('',(0,-0.5090620578323269,0.8607298189766152));
#5691=DIRECTION('',(0,0.481753933654571,-0.8763065373534236));
#5692=FACE_SURFACE('',(#5697),#5693,.T.);
#5693=PLANE('',#5694);
#5694=AXIS2_PLACEMENT_3D('',#98,#5695,#5696);
#5695=DIRECTION('',(1,0,0));
#5696=DIRECTION('',(0,-0.562067514660338,0.8270913546661884));
#5697=FACE_BOUND('',#5698,.T.);
#5698=EDGE_LOOP('',(#5699,#5700,#5701));
#5699=ORIENTED_EDGE('',*,*,#5702,.T.);
#5700=ORIENTED_EDGE('',*,*,#5703,.T.);
#5701=ORIENTED_EDGE('',*,*,#5704,.T.);
#5702=EDGE_CURVE('',#99,#95,#5705,.F.);
#5703=EDGE_CURVE('',#95,#91,#5706,.T.);
#5704=EDGE_CURVE('',#91,#99,#5707,.T.);
#5705=LINE('',#98,#5708);
#5706=LINE('',#94,#5709);
#5707=LINE('',#90,#5710);
#5708=VECTOR('',#5711,1.0);
#5709=VECTOR('',#5712,1.0);
#5710=VECTOR('',#5713,1.0);
#5711=DIRECTION('',(0,-0.562067514660338,0.8270913546661884));
#5712=DIRECTION('',(0,-0.6129143153413182,0.7901493795793824));
#5713=DIRECTION('',(0,0.5877802952405364,-0.80902059586079));
#5714=FACE_SURFACE('',(#5719),#5715,.T.);
#5715=PLANE('',#5716);
#5716=AXIS2_PLACEMENT_3D('',#90,#5717,#5718);
#5717=DIRECTION('',(1,0,0));
#5718=DIRECTION('',(0,-0.6613029247361903,0.7501189517238986));
#5719=FACE_BOUND('',#5720,.T.);
#5720=EDGE_LOOP('',(#5721,#5722,#5723));
#5721=ORIENTED_EDGE('',*,*,#5724,.T.);
#5722=ORIENTED_EDGE('',*,*,#5725,.T.);
#5723=ORIENTED_EDGE('',*,*,#5726,.T.);
#5724=EDGE_CURVE('',#91,#87,#5727,.F.);
#5725=EDGE_CURVE('',#87,#83,#5728,.T.);
#5726=EDGE_CURVE('',#83,#91,#5729,.T.);
#5727=LINE('',#90,#5730);
#5728=LINE('',#86,#5731);
#5729=LINE('',#82,#5732);
#5730=VECTOR('',#5733,1.0);
#5731=VECTOR('',#5734,1.0);
#5732=VECTOR('',#5735,1.0);
#5733=DIRECTION('',(0,-0.6613029247361903,0.7501189517238986));
#5734=DIRECTION('',(0,-0.7071270226962947,0.707086539097354));
#5735=DIRECTION('',(0,0.6845525516204714,-0.7289635135381619));
#5736=FACE_SURFACE('',(#5741),#5737,.T.);
#5737=PLANE('',#5738);
#5738=AXIS2_PLACEMENT_3D('',#82,#5739,#5740);
#5739=DIRECTION('',(1,0,0));
#5740=DIRECTION('',(0,-0.7501189517238986,0.6613029247361903));
#5741=FACE_BOUND('',#5742,.T.);
#5742=EDGE_LOOP('',(#5743,#5744,#5745));
#5743=ORIENTED_EDGE('',*,*,#5746,.T.);
#5744=ORIENTED_EDGE('',*,*,#5747,.T.);
#5745=ORIENTED_EDGE('',*,*,#5748,.T.);
#5746=EDGE_CURVE('',#83,#79,#5749,.F.);
#5747=EDGE_CURVE('',#79,#75,#5750,.T.);
#5748=EDGE_CURVE('',#75,#83,#5751,.T.);
#5749=LINE('',#82,#5752);
#5750=LINE('',#78,#5753);
#5751=LINE('',#74,#5754);
#5752=VECTOR('',#5755,1.0);
#5753=VECTOR('',#5756,1.0);
#5754=VECTOR('',#5757,1.0);
#5755=DIRECTION('',(0,-0.7501189517238986,0.6613029247361903));
#5756=DIRECTION('',(0,-0.7901493795793824,0.6129143153413182));
#5757=DIRECTION('',(0,0.7705136704656457,-0.6374234727601099));
#5758=FACE_SURFACE('',(#5763),#5759,.T.);
#5759=PLANE('',#5760);
#5760=AXIS2_PLACEMENT_3D('',#74,#5761,#5762);
#5761=DIRECTION('',(1,0,0));
#5762=DIRECTION('',(0,-0.8270597460393111,0.5621140244482342));
#5763=FACE_BOUND('',#5764,.T.);
#5764=EDGE_LOOP('',(#5765,#5766,#5767));
#5765=ORIENTED_EDGE('',*,*,#5768,.T.);
#5766=ORIENTED_EDGE('',*,*,#5769,.T.);
#5767=ORIENTED_EDGE('',*,*,#5770,.T.);
#5768=EDGE_CURVE('',#75,#71,#5771,.F.);
#5769=EDGE_CURVE('',#71,#67,#5772,.T.);
#5770=EDGE_CURVE('',#67,#75,#5773,.T.);
#5771=LINE('',#74,#5774);
#5772=LINE('',#70,#5775);
#5773=LINE('',#66,#5776);
#5774=VECTOR('',#5777,1.0);
#5775=VECTOR('',#5778,1.0);
#5776=VECTOR('',#5779,1.0);
#5777=DIRECTION('',(0,-0.8270597460393111,0.5621140244482342));
#5778=DIRECTION('',(0,-0.8607580457675851,0.509014328527565));
#5779=DIRECTION('',(0,0.8443262488462114,-0.5358294369566545));
#5780=FACE_SURFACE('',(#5785),#5781,.T.);
#5781=PLANE('',#5782);
#5782=AXIS2_PLACEMENT_3D('',#66,#5783,#5784);
#5783=DIRECTION('',(1,0,0));
#5784=DIRECTION('',(0,-0.8910172522188862,0.4539694441791272));
#5785=FACE_BOUND('',#5786,.T.);
#5786=EDGE_LOOP('',(#5787,#5788,#5789));
#5787=ORIENTED_EDGE('',*,*,#5790,.T.);
#5788=ORIENTED_EDGE('',*,*,#5791,.T.);
#5789=ORIENTED_EDGE('',*,*,#5792,.T.);
#5790=EDGE_CURVE('',#67,#63,#5793,.F.);
#5791=EDGE_CURVE('',#63,#59,#5794,.T.);
#5792=EDGE_CURVE('',#59,#67,#5795,.T.);
#5793=LINE('',#66,#5796);
#5794=LINE('',#62,#5797);
#5795=LINE('',#58,#5798);
#5796=VECTOR('',#5799,1.0);
#5797=VECTOR('',#5800,1.0);
#5798=VECTOR('',#5801,1.0);
#5799=DIRECTION('',(0,-0.8910172522188862,0.4539694441791272));
#5800=DIRECTION('',(0,-0.9177342301619574,0.3971950185853789));
#5801=DIRECTION('',(0,0.9048214558181181,-0.4257911848443802));
#5802=FACE_SURFACE('',(#5807),#5803,.T.);
#5803=PLANE('',#5804);
#5804=AXIS2_PLACEMENT_3D('',#58,#5805,#5806);
#5805=DIRECTION('',(1,0,0));
#5806=DIRECTION('',(0,-0.9408760581108888,0.3387510048305618));
#5807=FACE_BOUND('',#5808,.T.);
#5808=EDGE_LOOP('',(#5809,#5810,#5811));
#5809=ORIENTED_EDGE('',*,*,#5812,.T.);
#5810=ORIENTED_EDGE('',*,*,#5813,.T.);
#5811=ORIENTED_EDGE('',*,*,#5814,.T.);
#5812=EDGE_CURVE('',#59,#55,#5815,.F.);
#5813=EDGE_CURVE('',#55,#51,#5816,.T.);
#5814=EDGE_CURVE('',#51,#59,#5817,.T.);
#5815=LINE('',#58,#5818);
#5816=LINE('',#54,#5819);
#5817=LINE('',#50,#5820);
#5818=VECTOR('',#5821,1.0);
#5819=VECTOR('',#5822,1.0);
#5820=VECTOR('',#5823,1.0);
#5821=DIRECTION('',(0,-0.9408760581108888,0.3387510048305618));
#5822=DIRECTION('',(0,-0.960310902762951,0.2789318376137908));
#5823=DIRECTION('',(0,0.9510636800897234,-0.3089949456126951));
#5824=FACE_SURFACE('',(#5829),#5825,.T.);
#5825=PLANE('',#5826);
#5826=AXIS2_PLACEMENT_3D('',#50,#5827,#5828);
#5827=DIRECTION('',(1,0,0));
#5828=DIRECTION('',(0,-0.9759062163646032,0.21819041422785843));
#5829=FACE_BOUND('',#5830,.T.);
#5830=EDGE_LOOP('',(#5831,#5832,#5833));
#5831=ORIENTED_EDGE('',*,*,#5834,.T.);
#5832=ORIENTED_EDGE('',*,*,#5835,.T.);
#5833=ORIENTED_EDGE('',*,*,#5836,.T.);
#5834=EDGE_CURVE('',#51,#47,#5837,.F.);
#5835=EDGE_CURVE('',#47,#43,#5838,.T.);
#5836=EDGE_CURVE('',#43,#51,#5839,.T.);
#5837=LINE('',#50,#5840);
#5838=LINE('',#46,#5841);
#5839=LINE('',#42,#5842);
#5840=VECTOR('',#5843,1.0);
#5841=VECTOR('',#5844,1.0);
#5842=VECTOR('',#5845,1.0);
#5843=DIRECTION('',(0,-0.9759062163646032,0.21819041422785843));
#5844=DIRECTION('',(0,-0.9876899891698059,0.1564240559944311));
#5845=DIRECTION('',(0,0.9822835766964447,-0.18740057351150166));
#5846=FACE_SURFACE('',(#5851),#5847,.T.);
#5847=PLANE('',#5848);
#5848=AXIS2_PLACEMENT_3D('',#42,#5849,#5850);
#5849=DIRECTION('',(1,0,0));
#5850=DIRECTION('',(0,-0.9980275196656757,0.0627779419062069));
#5851=FACE_BOUND('',#5852,.T.);
#5852=EDGE_LOOP('',(#5853,#5854,#5855));
#5853=ORIENTED_EDGE('',*,*,#5856,.T.);
#5854=ORIENTED_EDGE('',*,*,#5857,.T.);
#5855=ORIENTED_EDGE('',*,*,#5858,.T.);
#5856=EDGE_CURVE('',#43,#37,#5859,.F.);
#5857=EDGE_CURVE('',#37,#427,#5860,.T.);
#5858=EDGE_CURVE('',#427,#43,#5861,.T.);
#5859=LINE('',#42,#5862);
#5860=LINE('',#36,#5863);
#5861=LINE('',#426,#5864);
#5862=VECTOR('',#5865,1.0);
#5863=VECTOR('',#5866,1.0);
#5864=VECTOR('',#5867,1.0);
#5865=DIRECTION('',(0,-0.9980275196656757,0.0627779419062069));
#5866=DIRECTION('',(0,-0.9980275196656757,-0.0627779419062069));
#5867=DIRECTION('',(0,1,0));
#5868=FACE_SURFACE('',(#5873),#5869,.T.);
#5869=PLANE('',#5870);
#5870=AXIS2_PLACEMENT_3D('',#426,#5871,#5872);
#5871=DIRECTION('',(1,0,0));
#5872=DIRECTION('',(0,-0.9822835766964447,-0.18740057351150166));
#5873=FACE_BOUND('',#5874,.T.);
#5874=EDGE_LOOP('',(#5875,#5876,#5877));
#5875=ORIENTED_EDGE('',*,*,#5878,.T.);
#5876=ORIENTED_EDGE('',*,*,#5879,.T.);
#5877=ORIENTED_EDGE('',*,*,#5880,.T.);
#5878=EDGE_CURVE('',#427,#419,#5881,.F.);
#5879=EDGE_CURVE('',#419,#411,#5882,.T.);
#5880=EDGE_CURVE('',#411,#427,#5883,.T.);
#5881=LINE('',#426,#5884);
#5882=LINE('',#418,#5885);
#5883=LINE('',#410,#5886);
#5884=VECTOR('',#5887,1.0);
#5885=VECTOR('',#5888,1.0);
#5886=VECTOR('',#5889,1.0);
#5887=DIRECTION('',(0,-0.9822835766964447,-0.18740057351150166));
#5888=DIRECTION('',(0,-0.9510636800897234,-0.3089949456126951));
#5889=DIRECTION('',(0,0.9685838282106954,0.24868728903728504));
#5890=FACE_SURFACE('',(#5895),#5891,.T.);
#5891=PLANE('',#5892);
#5892=AXIS2_PLACEMENT_3D('',#410,#5893,#5894);
#5893=DIRECTION('',(1,0,0));
#5894=DIRECTION('',(0,-0.9048214558181181,-0.4257911848443802));
#5895=FACE_BOUND('',#5896,.T.);
#5896=EDGE_LOOP('',(#5897,#5898,#5899));
#5897=ORIENTED_EDGE('',*,*,#5900,.T.);
#5898=ORIENTED_EDGE('',*,*,#5901,.T.);
#5899=ORIENTED_EDGE('',*,*,#5902,.T.);
#5900=EDGE_CURVE('',#411,#403,#5903,.F.);
#5901=EDGE_CURVE('',#403,#395,#5904,.T.);
#5902=EDGE_CURVE('',#395,#411,#5905,.T.);
#5903=LINE('',#410,#5906);
#5904=LINE('',#402,#5907);
#5905=LINE('',#394,#5908);
#5906=VECTOR('',#5909,1.0);
#5907=VECTOR('',#5910,1.0);
#5908=VECTOR('',#5911,1.0);
#5909=DIRECTION('',(0,-0.9048214558181181,-0.4257911848443802));
#5910=DIRECTION('',(0,-0.8443262488462114,-0.5358294369566545));
#5911=DIRECTION('',(0,0.8763026457912052,0.4817610123072784));
#5912=FACE_SURFACE('',(#5917),#5913,.T.);
#5913=PLANE('',#5914);
#5914=AXIS2_PLACEMENT_3D('',#394,#5915,#5916);
#5915=DIRECTION('',(1,0,0));
#5916=DIRECTION('',(0,-0.7705136704656457,-0.6374234727601099));
#5917=FACE_BOUND('',#5918,.T.);
#5918=EDGE_LOOP('',(#5919,#5920,#5921));
#5919=ORIENTED_EDGE('',*,*,#5922,.T.);
#5920=ORIENTED_EDGE('',*,*,#5923,.T.);
#5921=ORIENTED_EDGE('',*,*,#5924,.T.);
#5922=EDGE_CURVE('',#395,#387,#5925,.F.);
#5923=EDGE_CURVE('',#387,#379,#5926,.T.);
#5924=EDGE_CURVE('',#379,#395,#5927,.T.);
#5925=LINE('',#394,#5928);
#5926=LINE('',#386,#5929);
#5927=LINE('',#378,#5930);
#5928=VECTOR('',#5931,1.0);
#5929=VECTOR('',#5932,1.0);
#5930=VECTOR('',#5933,1.0);
#5931=DIRECTION('',(0,-0.7705136704656457,-0.6374234727601099));
#5932=DIRECTION('',(0,-0.6845525516204714,-0.7289635135381619));
#5933=DIRECTION('',(0,0.7289715643672193,0.6845439783856178));
#5934=FACE_SURFACE('',(#5939),#5935,.T.);
#5935=PLANE('',#5936);
#5936=AXIS2_PLACEMENT_3D('',#378,#5937,#5938);
#5937=DIRECTION('',(1,0,0));
#5938=DIRECTION('',(0,-0.5877802952405364,-0.80902059586079));
#5939=FACE_BOUND('',#5940,.T.);
#5940=EDGE_LOOP('',(#5941,#5942,#5943));
#5941=ORIENTED_EDGE('',*,*,#5944,.T.);
#5942=ORIENTED_EDGE('',*,*,#5945,.T.);
#5943=ORIENTED_EDGE('',*,*,#5946,.T.);
#5944=EDGE_CURVE('',#379,#371,#5947,.F.);
#5945=EDGE_CURVE('',#371,#363,#5948,.T.);
#5946=EDGE_CURVE('',#363,#379,#5949,.T.);
#5947=LINE('',#378,#5950);
#5948=LINE('',#370,#5951);
#5949=LINE('',#362,#5952);
#5950=VECTOR('',#5953,1.0);
#5951=VECTOR('',#5954,1.0);
#5952=VECTOR('',#5955,1.0);
#5953=DIRECTION('',(0,-0.5877802952405364,-0.80902059586079));
#5954=DIRECTION('',(0,-0.481753933654571,-0.8763065373534236));
#5955=DIRECTION('',(0,0.5358247179103441,0.8443292436462806));
#5956=FACE_SURFACE('',(#5961),#5957,.T.);
#5957=PLANE('',#5958);
#5958=AXIS2_PLACEMENT_3D('',#362,#5959,#5960);
#5959=DIRECTION('',(1,0,0));
#5960=DIRECTION('',(0,-0.3681308794513732,-0.9297739809192117));
#5961=FACE_BOUND('',#5962,.T.);
#5962=EDGE_LOOP('',(#5963,#5964,#5965));
#5963=ORIENTED_EDGE('',*,*,#5966,.T.);
#5964=ORIENTED_EDGE('',*,*,#5967,.T.);
#5965=ORIENTED_EDGE('',*,*,#5968,.T.);
#5966=EDGE_CURVE('',#363,#355,#5969,.F.);
#5967=EDGE_CURVE('',#355,#347,#5970,.T.);
#5968=EDGE_CURVE('',#347,#363,#5971,.T.);
#5969=LINE('',#362,#5972);
#5970=LINE('',#354,#5973);
#5971=LINE('',#346,#5974);
#5972=VECTOR('',#5975,1.0);
#5973=VECTOR('',#5976,1.0);
#5974=VECTOR('',#5977,1.0);
#5975=DIRECTION('',(0,-0.3681308794513732,-0.9297739809192117));
#5976=DIRECTION('',(0,-0.2486871664493357,-0.9685838596855723));
#5977=DIRECTION('',(0,0.30902046163982316,0.9510553897055157));
#5978=FACE_SURFACE('',(#5983),#5979,.T.);
#5979=PLANE('',#5980);
#5980=AXIS2_PLACEMENT_3D('',#346,#5981,#5982);
#5981=DIRECTION('',(1,0,0));
#5982=DIRECTION('',(0,-0.12533066409536567,-0.9921150259105113));
#5983=FACE_BOUND('',#5984,.T.);
#5984=EDGE_LOOP('',(#5985,#5986,#5987));
#5985=ORIENTED_EDGE('',*,*,#5988,.T.);
#5986=ORIENTED_EDGE('',*,*,#5989,.T.);
#5987=ORIENTED_EDGE('',*,*,#5990,.T.);
#5988=EDGE_CURVE('',#347,#339,#5991,.F.);
#5989=EDGE_CURVE('',#339,#331,#5992,.T.);
#5990=EDGE_CURVE('',#331,#347,#5993,.T.);
#5991=LINE('',#346,#5994);
#5992=LINE('',#338,#5995);
#5993=LINE('',#330,#5996);
#5994=VECTOR('',#5997,1.0);
#5995=VECTOR('',#5998,1.0);
#5996=VECTOR('',#5999,1.0);
#5997=DIRECTION('',(0,-0.12533066409536567,-0.9921150259105113));
#5998=DIRECTION('',(0,0,-1));
#5999=DIRECTION('',(0,0.06279009866747379,0.998026754906565));
#6000=FACE_SURFACE('',(#6005),#6001,.T.);
#6001=PLANE('',#6002);
#6002=AXIS2_PLACEMENT_3D('',#330,#6003,#6004);
#6003=DIRECTION('',(1,0,0));
#6004=DIRECTION('',(0,0.12533570030191862,-0.9921143896899327));
#6005=FACE_BOUND('',#6006,.T.);
#6006=EDGE_LOOP('',(#6007,#6008,#6009));
#6007=ORIENTED_EDGE('',*,*,#6010,.T.);
#6008=ORIENTED_EDGE('',*,*,#6011,.T.);
#6009=ORIENTED_EDGE('',*,*,#6012,.T.);
#6010=EDGE_CURVE('',#331,#323,#6013,.F.);
#6011=EDGE_CURVE('',#323,#315,#6014,.T.);
#6012=EDGE_CURVE('',#315,#331,#6015,.T.);
#6013=LINE('',#330,#6016);
#6014=LINE('',#322,#6017);
#6015=LINE('',#314,#6018);
#6016=VECTOR('',#6019,1.0);
#6017=VECTOR('',#6020,1.0);
#6018=VECTOR('',#6021,1.0);
#6019=DIRECTION('',(0,0.12533570030191862,-0.9921143896899327));
#6020=DIRECTION('',(0,0.2486774107337865,-0.9685863644460104));
#6021=DIRECTION('',(0,-0.18737737166951668,0.9822880028719804));
#6022=FACE_SURFACE('',(#6027),#6023,.T.);
#6023=PLANE('',#6024);
#6024=AXIS2_PLACEMENT_3D('',#314,#6025,#6026);
#6025=DIRECTION('',(1,0,0));
#6026=DIRECTION('',(0,0.36814474244308637,-0.9297684919438353));
#6027=FACE_BOUND('',#6028,.T.);
#6028=EDGE_LOOP('',(#6029,#6030,#6031));
#6029=ORIENTED_EDGE('',*,*,#6032,.T.);
#6030=ORIENTED_EDGE('',*,*,#6033,.T.);
#6031=ORIENTED_EDGE('',*,*,#6034,.T.);
#6032=EDGE_CURVE('',#315,#307,#6035,.F.);
#6033=EDGE_CURVE('',#307,#299,#6036,.T.);
#6034=EDGE_CURVE('',#299,#315,#6037,.T.);
#6035=LINE('',#314,#6038);
#6036=LINE('',#306,#6039);
#6037=LINE('',#298,#6040);
#6038=VECTOR('',#6041,1.0);
#6039=VECTOR('',#6042,1.0);
#6040=VECTOR('',#6043,1.0);
#6041=DIRECTION('',(0,0.36814474244308637,-0.9297684919438353));
#6042=DIRECTION('',(0,0.4817368355757362,-0.8763159368911854));
#6043=DIRECTION('',(0,-0.4257814014563023,0.904826059623565));
#6044=FACE_SURFACE('',(#6049),#6045,.T.);
#6045=PLANE('',#6046);
#6046=AXIS2_PLACEMENT_3D('',#298,#6047,#6048);
#6047=DIRECTION('',(1,0,0));
#6048=DIRECTION('',(0,0.5877995553107104,-0.809006602430741));
#6049=FACE_BOUND('',#6050,.T.);
#6050=EDGE_LOOP('',(#6051,#6052,#6053));
#6051=ORIENTED_EDGE('',*,*,#6054,.T.);
#6052=ORIENTED_EDGE('',*,*,#6055,.T.);
#6053=ORIENTED_EDGE('',*,*,#6056,.T.);
#6054=EDGE_CURVE('',#299,#291,#6057,.F.);
#6055=EDGE_CURVE('',#291,#283,#6058,.T.);
#6056=EDGE_CURVE('',#283,#299,#6059,.T.);
#6057=LINE('',#298,#6060);
#6058=LINE('',#290,#6061);
#6059=LINE('',#282,#6062);
#6060=VECTOR('',#6063,1.0);
#6061=VECTOR('',#6064,1.0);
#6062=VECTOR('',#6065,1.0);
#6063=DIRECTION('',(0,0.5877995553107104,-0.809006602430741));
#6064=DIRECTION('',(0,0.6845323406596608,-0.7289824926505479));
#6065=DIRECTION('',(0,-0.6374240186074303,0.7705132189017619));
#6066=FACE_SURFACE('',(#6071),#6067,.T.);
#6067=PLANE('',#6068);
#6068=AXIS2_PLACEMENT_3D('',#282,#6069,#6070);
#6069=DIRECTION('',(1,0,0));
#6070=DIRECTION('',(0,0.7705136704656457,-0.6374234727601099));
#6071=FACE_BOUND('',#6072,.T.);
#6072=EDGE_LOOP('',(#6073,#6074,#6075));
#6073=ORIENTED_EDGE('',*,*,#6076,.T.);
#6074=ORIENTED_EDGE('',*,*,#6077,.T.);
#6075=ORIENTED_EDGE('',*,*,#6078,.T.);
#6076=EDGE_CURVE('',#283,#275,#6079,.F.);
#6077=EDGE_CURVE('',#275,#267,#6080,.T.);
#6078=EDGE_CURVE('',#267,#283,#6081,.T.);
#6079=LINE('',#282,#6082);
#6080=LINE('',#274,#6083);
#6081=LINE('',#266,#6084);
#6082=VECTOR('',#6085,1.0);
#6083=VECTOR('',#6086,1.0);
#6084=VECTOR('',#6087,1.0);
#6085=DIRECTION('',(0,0.7705136704656457,-0.6374234727601099));
#6086=DIRECTION('',(0,0.8443262488462114,-0.5358294369566545));
#6087=DIRECTION('',(0,-0.8090167737446722,0.5877855559638752));
#6088=FACE_SURFACE('',(#6093),#6089,.T.);
#6089=PLANE('',#6090);
#6090=AXIS2_PLACEMENT_3D('',#266,#6091,#6092);
#6091=DIRECTION('',(1,0,0));
#6092=DIRECTION('',(0,0.9048370592502456,-0.4257580254174518));
#6093=FACE_BOUND('',#6094,.T.);
#6094=EDGE_LOOP('',(#6095,#6096,#6097));
#6095=ORIENTED_EDGE('',*,*,#6098,.T.);
#6096=ORIENTED_EDGE('',*,*,#6099,.T.);
#6097=ORIENTED_EDGE('',*,*,#6100,.T.);
#6098=EDGE_CURVE('',#267,#259,#6101,.F.);
#6099=EDGE_CURVE('',#259,#251,#6102,.T.);
#6100=EDGE_CURVE('',#251,#267,#6103,.T.);
#6101=LINE('',#266,#6104);
#6102=LINE('',#258,#6105);
#6103=LINE('',#250,#6106);
#6104=VECTOR('',#6107,1.0);
#6105=VECTOR('',#6108,1.0);
#6106=VECTOR('',#6109,1.0);
#6107=DIRECTION('',(0,0.9048370592502456,-0.4257580254174518));
#6108=DIRECTION('',(0,0.9510517768537818,-0.30903158049504315));
#6109=DIRECTION('',(0,-0.92977796670907,0.36812081253624784));
#6110=FACE_SURFACE('',(#6115),#6111,.T.);
#6111=PLANE('',#6112);
#6112=AXIS2_PLACEMENT_3D('',#250,#6113,#6114);
#6113=DIRECTION('',(1,0,0));
#6114=DIRECTION('',(0,0.9822910315175432,-0.18736149391003812));
#6115=FACE_BOUND('',#6116,.T.);
#6116=EDGE_LOOP('',(#6117,#6118,#6119));
#6117=ORIENTED_EDGE('',*,*,#6120,.T.);
#6118=ORIENTED_EDGE('',*,*,#6121,.T.);
#6119=ORIENTED_EDGE('',*,*,#6122,.T.);
#6120=EDGE_CURVE('',#251,#243,#6123,.F.);
#6121=EDGE_CURVE('',#243,#235,#6124,.T.);
#6122=EDGE_CURVE('',#235,#251,#6125,.T.);
#6123=LINE('',#250,#6126);
#6124=LINE('',#242,#6127);
#6125=LINE('',#234,#6128);
#6126=VECTOR('',#6129,1.0);
#6127=VECTOR('',#6130,1.0);
#6128=VECTOR('',#6131,1.0);
#6129=DIRECTION('',(0,0.9822910315175432,-0.18736149391003812));
#6130=DIRECTION('',(0,0.9980249812462557,-0.06281828402950075));
#6131=DIRECTION('',(0,-0.9921142264509936,0.12533699243857258));
#6132=FACE_SURFACE('',(#6137),#6133,.T.);
#6133=PLANE('',#6134);
#6134=AXIS2_PLACEMENT_3D('',#234,#6135,#6136);
#6135=DIRECTION('',(1,0,0));
#6136=DIRECTION('',(0,0.9980249812462557,0.06281828402950075));
#6137=FACE_BOUND('',#6138,.T.);
#6138=EDGE_LOOP('',(#6139,#6140,#6141));
#6139=ORIENTED_EDGE('',*,*,#6142,.T.);
#6140=ORIENTED_EDGE('',*,*,#6143,.T.);
#6141=ORIENTED_EDGE('',*,*,#6144,.T.);
#6142=EDGE_CURVE('',#235,#227,#6145,.F.);
#6143=EDGE_CURVE('',#227,#219,#6146,.T.);
#6144=EDGE_CURVE('',#219,#235,#6147,.T.);
#6145=LINE('',#234,#6148);
#6146=LINE('',#226,#6149);
#6147=LINE('',#218,#6150);
#6148=VECTOR('',#6151,1.0);
#6149=VECTOR('',#6152,1.0);
#6150=VECTOR('',#6153,1.0);
#6151=DIRECTION('',(0,0.9980249812462557,0.06281828402950075));
#6152=DIRECTION('',(0,0.9822910315175432,0.18736149391003812));
#6153=DIRECTION('',(0,-0.9921142264509936,-0.12533699243857258));
#6154=FACE_SURFACE('',(#6159),#6155,.T.);
#6155=PLANE('',#6156);
#6156=AXIS2_PLACEMENT_3D('',#218,#6157,#6158);
#6157=DIRECTION('',(1,0,0));
#6158=DIRECTION('',(0,0.9510517768537818,0.30903158049504315));
#6159=FACE_BOUND('',#6160,.T.);
#6160=EDGE_LOOP('',(#6161,#6162,#6163));
#6161=ORIENTED_EDGE('',*,*,#6164,.T.);
#6162=ORIENTED_EDGE('',*,*,#6165,.T.);
#6163=ORIENTED_EDGE('',*,*,#6166,.T.);
#6164=EDGE_CURVE('',#219,#211,#6167,.F.);
#6165=EDGE_CURVE('',#211,#203,#6168,.T.);
#6166=EDGE_CURVE('',#203,#219,#6169,.T.);
#6167=LINE('',#218,#6170);
#6168=LINE('',#210,#6171);
#6169=LINE('',#202,#6172);
#6170=VECTOR('',#6173,1.0);
#6171=VECTOR('',#6174,1.0);
#6172=VECTOR('',#6175,1.0);
#6173=DIRECTION('',(0,0.9510517768537818,0.30903158049504315));
#6174=DIRECTION('',(0,0.9048370592502456,0.4257580254174518));
#6175=DIRECTION('',(0,-0.92977796670907,-0.36812081253624784));
#6176=FACE_SURFACE('',(#6181),#6177,.T.);
#6177=PLANE('',#6178);
#6178=AXIS2_PLACEMENT_3D('',#202,#6179,#6180);
#6179=DIRECTION('',(1,0,0));
#6180=DIRECTION('',(0,0.8443262488462114,0.5358294369566545));
#6181=FACE_BOUND('',#6182,.T.);
#6182=EDGE_LOOP('',(#6183,#6184,#6185));
#6183=ORIENTED_EDGE('',*,*,#6186,.T.);
#6184=ORIENTED_EDGE('',*,*,#6187,.T.);
#6185=ORIENTED_EDGE('',*,*,#6188,.T.);
#6186=EDGE_CURVE('',#203,#195,#6189,.F.);
#6187=EDGE_CURVE('',#195,#187,#6190,.T.);
#6188=EDGE_CURVE('',#187,#203,#6191,.T.);
#6189=LINE('',#202,#6192);
#6190=LINE('',#194,#6193);
#6191=LINE('',#186,#6194);
#6192=VECTOR('',#6195,1.0);
#6193=VECTOR('',#6196,1.0);
#6194=VECTOR('',#6197,1.0);
#6195=DIRECTION('',(0,0.8443262488462114,0.5358294369566545));
#6196=DIRECTION('',(0,0.7705136704656457,0.6374234727601099));
#6197=DIRECTION('',(0,-0.8090167737446722,-0.5877855559638752));
#6198=FACE_SURFACE('',(#6203),#6199,.T.);
#6199=PLANE('',#6200);
#6200=AXIS2_PLACEMENT_3D('',#186,#6201,#6202);
#6201=DIRECTION('',(1,0,0));
#6202=DIRECTION('',(0,0.6845323406596608,0.7289824926505479));
#6203=FACE_BOUND('',#6204,.T.);
#6204=EDGE_LOOP('',(#6205,#6206,#6207));
#6205=ORIENTED_EDGE('',*,*,#6208,.T.);
#6206=ORIENTED_EDGE('',*,*,#6209,.T.);
#6207=ORIENTED_EDGE('',*,*,#6210,.T.);
#6208=EDGE_CURVE('',#187,#179,#6211,.F.);
#6209=EDGE_CURVE('',#179,#171,#6212,.T.);
#6210=EDGE_CURVE('',#171,#187,#6213,.T.);
#6211=LINE('',#186,#6214);
#6212=LINE('',#178,#6215);
#6213=LINE('',#170,#6216);
#6214=VECTOR('',#6217,1.0);
#6215=VECTOR('',#6218,1.0);
#6216=VECTOR('',#6219,1.0);
#6217=DIRECTION('',(0,0.6845323406596608,0.7289824926505479));
#6218=DIRECTION('',(0,0.5877995553107104,0.809006602430741));
#6219=DIRECTION('',(0,-0.6374240186074303,-0.7705132189017619));
#6220=FACE_SURFACE('',(#6225),#6221,.T.);
#6221=PLANE('',#6222);
#6222=AXIS2_PLACEMENT_3D('',#170,#6223,#6224);
#6223=DIRECTION('',(1,0,0));
#6224=DIRECTION('',(0,0.4817368355757362,0.8763159368911854));
#6225=FACE_BOUND('',#6226,.T.);
#6226=EDGE_LOOP('',(#6227,#6228,#6229));
#6227=ORIENTED_EDGE('',*,*,#6230,.T.);
#6228=ORIENTED_EDGE('',*,*,#6231,.T.);
#6229=ORIENTED_EDGE('',*,*,#6232,.T.);
#6230=EDGE_CURVE('',#171,#163,#6233,.F.);
#6231=EDGE_CURVE('',#163,#155,#6234,.T.);
#6232=EDGE_CURVE('',#155,#171,#6235,.T.);
#6233=LINE('',#170,#6236);
#6234=LINE('',#162,#6237);
#6235=LINE('',#154,#6238);
#6236=VECTOR('',#6239,1.0);
#6237=VECTOR('',#6240,1.0);
#6238=VECTOR('',#6241,1.0);
#6239=DIRECTION('',(0,0.4817368355757362,0.8763159368911854));
#6240=DIRECTION('',(0,0.36814474244308637,0.9297684919438353));
#6241=DIRECTION('',(0,-0.4257814014563023,-0.904826059623565));
#6242=FACE_SURFACE('',(#6247),#6243,.T.);
#6243=PLANE('',#6244);
#6244=AXIS2_PLACEMENT_3D('',#154,#6245,#6246);
#6245=DIRECTION('',(1,0,0));
#6246=DIRECTION('',(0,0.2486774107337865,0.9685863644460104));
#6247=FACE_BOUND('',#6248,.T.);
#6248=EDGE_LOOP('',(#6249,#6250,#6251));
#6249=ORIENTED_EDGE('',*,*,#6252,.T.);
#6250=ORIENTED_EDGE('',*,*,#6253,.T.);
#6251=ORIENTED_EDGE('',*,*,#6254,.T.);
#6252=EDGE_CURVE('',#155,#147,#6255,.F.);
#6253=EDGE_CURVE('',#147,#139,#6256,.T.);
#6254=EDGE_CURVE('',#139,#155,#6257,.T.);
#6255=LINE('',#154,#6258);
#6256=LINE('',#146,#6259);
#6257=LINE('',#138,#6260);
#6258=VECTOR('',#6261,1.0);
#6259=VECTOR('',#6262,1.0);
#6260=VECTOR('',#6263,1.0);
#6261=DIRECTION('',(0,0.2486774107337865,0.9685863644460104));
#6262=DIRECTION('',(0,0.12533570030191862,0.9921143896899327));
#6263=DIRECTION('',(0,-0.18737737166951668,-0.9822880028719804));
#6264=FACE_SURFACE('',(#6269),#6265,.T.);
#6265=PLANE('',#6266);
#6266=AXIS2_PLACEMENT_3D('',#138,#6267,#6268);
#6267=DIRECTION('',(1,0,-0));
#6268=DIRECTION('',(0,0,1));
#6269=FACE_BOUND('',#6270,.T.);
#6270=EDGE_LOOP('',(#6271,#6272,#6273));
#6271=ORIENTED_EDGE('',*,*,#6274,.T.);
#6272=ORIENTED_EDGE('',*,*,#6275,.T.);
#6273=ORIENTED_EDGE('',*,*,#6276,.T.);
#6274=EDGE_CURVE('',#139,#131,#6277,.F.);
#6275=EDGE_CURVE('',#131,#123,#6278,.T.);
#6276=EDGE_CURVE('',#123,#139,#6279,.T.);
#6277=LINE('',#138,#6280);
#6278=LINE('',#130,#6281);
#6279=LINE('',#122,#6282);
#6280=VECTOR('',#6283,1.0);
#6281=VECTOR('',#6284,1.0);
#6282=VECTOR('',#6285,1.0);
#6283=DIRECTION('',(0,0,1));
#6284=DIRECTION('',(0,-0.12533066409536567,0.9921150259105113));
#6285=DIRECTION('',(0,0.06279009866747379,-0.998026754906565));
#6286=FACE_SURFACE('',(#6291),#6287,.T.);
#6287=PLANE('',#6288);
#6288=AXIS2_PLACEMENT_3D('',#122,#6289,#6290);
#6289=DIRECTION('',(1,0,0));
#6290=DIRECTION('',(0,-0.2486871664493357,0.9685838596855723));
#6291=FACE_BOUND('',#6292,.T.);
#6292=EDGE_LOOP('',(#6293,#6294,#6295));
#6293=ORIENTED_EDGE('',*,*,#6296,.T.);
#6294=ORIENTED_EDGE('',*,*,#6297,.T.);
#6295=ORIENTED_EDGE('',*,*,#6298,.T.);
#6296=EDGE_CURVE('',#123,#115,#6299,.F.);
#6297=EDGE_CURVE('',#115,#107,#6300,.T.);
#6298=EDGE_CURVE('',#107,#123,#6301,.T.);
#6299=LINE('',#122,#6302);
#6300=LINE('',#114,#6303);
#6301=LINE('',#106,#6304);
#6302=VECTOR('',#6305,1.0);
#6303=VECTOR('',#6306,1.0);
#6304=VECTOR('',#6307,1.0);
#6305=DIRECTION('',(0,-0.2486871664493357,0.9685838596855723));
#6306=DIRECTION('',(0,-0.3681308794513732,0.9297739809192117));
#6307=DIRECTION('',(0,0.30902046163982316,-0.9510553897055157));
#6308=FACE_SURFACE('',(#6313),#6309,.T.);
#6309=PLANE('',#6310);
#6310=AXIS2_PLACEMENT_3D('',#106,#6311,#6312);
#6311=DIRECTION('',(1,0,0));
#6312=DIRECTION('',(0,-0.481753933654571,0.8763065373534236));
#6313=FACE_BOUND('',#6314,.T.);
#6314=EDGE_LOOP('',(#6315,#6316,#6317));
#6315=ORIENTED_EDGE('',*,*,#6318,.T.);
#6316=ORIENTED_EDGE('',*,*,#6319,.T.);
#6317=ORIENTED_EDGE('',*,*,#6320,.T.);
#6318=EDGE_CURVE('',#107,#99,#6321,.F.);
#6319=EDGE_CURVE('',#99,#91,#6322,.T.);
#6320=EDGE_CURVE('',#91,#107,#6323,.T.);
#6321=LINE('',#106,#6324);
#6322=LINE('',#98,#6325);
#6323=LINE('',#90,#6326);
#6324=VECTOR('',#6327,1.0);
#6325=VECTOR('',#6328,1.0);
#6326=VECTOR('',#6329,1.0);
#6327=DIRECTION('',(0,-0.481753933654571,0.8763065373534236));
#6328=DIRECTION('',(0,-0.5877802952405364,0.80902059586079));
#6329=DIRECTION('',(0,0.5358247179103441,-0.8443292436462806));
#6330=FACE_SURFACE('',(#6335),#6331,.T.);
#6331=PLANE('',#6332);
#6332=AXIS2_PLACEMENT_3D('',#90,#6333,#6334);
#6333=DIRECTION('',(1,0,0));
#6334=DIRECTION('',(0,-0.6845525516204714,0.7289635135381619));
#6335=FACE_BOUND('',#6336,.T.);
#6336=EDGE_LOOP('',(#6337,#6338,#6339));
#6337=ORIENTED_EDGE('',*,*,#6340,.T.);
#6338=ORIENTED_EDGE('',*,*,#6341,.T.);
#6339=ORIENTED_EDGE('',*,*,#6342,.T.);
#6340=EDGE_CURVE('',#91,#83,#6343,.F.);
#6341=EDGE_CURVE('',#83,#75,#6344,.T.);
#6342=EDGE_CURVE('',#75,#91,#6345,.T.);
#6343=LINE('',#90,#6346);
#6344=LINE('',#82,#6347);
#6345=LINE('',#74,#6348);
#6346=VECTOR('',#6349,1.0);
#6347=VECTOR('',#6350,1.0);
#6348=VECTOR('',#6351,1.0);
#6349=DIRECTION('',(0,-0.6845525516204714,0.7289635135381619));
#6350=DIRECTION('',(0,-0.7705136704656457,0.6374234727601099));
#6351=DIRECTION('',(0,0.7289715643672193,-0.6845439783856178));
#6352=FACE_SURFACE('',(#6357),#6353,.T.);
#6353=PLANE('',#6354);
#6354=AXIS2_PLACEMENT_3D('',#74,#6355,#6356);
#6355=DIRECTION('',(1,0,0));
#6356=DIRECTION('',(0,-0.8443262488462114,0.5358294369566545));
#6357=FACE_BOUND('',#6358,.T.);
#6358=EDGE_LOOP('',(#6359,#6360,#6361));
#6359=ORIENTED_EDGE('',*,*,#6362,.T.);
#6360=ORIENTED_EDGE('',*,*,#6363,.T.);
#6361=ORIENTED_EDGE('',*,*,#6364,.T.);
#6362=EDGE_CURVE('',#75,#67,#6365,.F.);
#6363=EDGE_CURVE('',#67,#59,#6366,.T.);
#6364=EDGE_CURVE('',#59,#75,#6367,.T.);
#6365=LINE('',#74,#6368);
#6366=LINE('',#66,#6369);
#6367=LINE('',#58,#6370);
#6368=VECTOR('',#6371,1.0);
#6369=VECTOR('',#6372,1.0);
#6370=VECTOR('',#6373,1.0);
#6371=DIRECTION('',(0,-0.8443262488462114,0.5358294369566545));
#6372=DIRECTION('',(0,-0.9048214558181181,0.4257911848443802));
#6373=DIRECTION('',(0,0.8763026457912052,-0.4817610123072784));
#6374=FACE_SURFACE('',(#6379),#6375,.T.);
#6375=PLANE('',#6376);
#6376=AXIS2_PLACEMENT_3D('',#58,#6377,#6378);
#6377=DIRECTION('',(1,0,0));
#6378=DIRECTION('',(0,-0.9510636800897234,0.3089949456126951));
#6379=FACE_BOUND('',#6380,.T.);
#6380=EDGE_LOOP('',(#6381,#6382,#6383));
#6381=ORIENTED_EDGE('',*,*,#6384,.T.);
#6382=ORIENTED_EDGE('',*,*,#6385,.T.);
#6383=ORIENTED_EDGE('',*,*,#6386,.T.);
#6384=EDGE_CURVE('',#59,#51,#6387,.F.);
#6385=EDGE_CURVE('',#51,#43,#6388,.T.);
#6386=EDGE_CURVE('',#43,#59,#6389,.T.);
#6387=LINE('',#58,#6390);
#6388=LINE('',#50,#6391);
#6389=LINE('',#42,#6392);
#6390=VECTOR('',#6393,1.0);
#6391=VECTOR('',#6394,1.0);
#6392=VECTOR('',#6395,1.0);
#6393=DIRECTION('',(0,-0.9510636800897234,0.3089949456126951));
#6394=DIRECTION('',(0,-0.9822835766964447,0.18740057351150166));
#6395=DIRECTION('',(0,0.9685838282106954,-0.24868728903728504));
#6396=FACE_SURFACE('',(#6401),#6397,.T.);
#6397=PLANE('',#6398);
#6398=AXIS2_PLACEMENT_3D('',#42,#6399,#6400);
#6399=DIRECTION('',(1,0,0));
#6400=DIRECTION('',(0,-1,0));
#6401=FACE_BOUND('',#6402,.T.);
#6402=EDGE_LOOP('',(#6403,#6404,#6405));
#6403=ORIENTED_EDGE('',*,*,#6406,.T.);
#6404=ORIENTED_EDGE('',*,*,#6407,.T.);
#6405=ORIENTED_EDGE('',*,*,#6408,.T.);
#6406=EDGE_CURVE('',#43,#427,#6409,.F.);
#6407=EDGE_CURVE('',#427,#411,#6410,.T.);
#6408=EDGE_CURVE('',#411,#43,#6411,.T.);
#6409=LINE('',#42,#6412);
#6410=LINE('',#426,#6413);
#6411=LINE('',#410,#6414);
#6412=VECTOR('',#6415,1.0);
#6413=VECTOR('',#6416,1.0);
#6414=VECTOR('',#6417,1.0);
#6415=DIRECTION('',(0,-1,0));
#6416=DIRECTION('',(0,-0.9685838282106954,-0.24868728903728504));
#6417=DIRECTION('',(0,0.9921149053662015,0.1253316183180165));
#6418=FACE_SURFACE('',(#6423),#6419,.T.);
#6419=PLANE('',#6420);
#6420=AXIS2_PLACEMENT_3D('',#410,#6421,#6422);
#6421=DIRECTION('',(1,0,0));
#6422=DIRECTION('',(0,-0.8763026457912052,-0.4817610123072784));
#6423=FACE_BOUND('',#6424,.T.);
#6424=EDGE_LOOP('',(#6425,#6426,#6427));
#6425=ORIENTED_EDGE('',*,*,#6428,.T.);
#6426=ORIENTED_EDGE('',*,*,#6429,.T.);
#6427=ORIENTED_EDGE('',*,*,#6430,.T.);
#6428=EDGE_CURVE('',#411,#395,#6431,.F.);
#6429=EDGE_CURVE('',#395,#379,#6432,.T.);
#6430=EDGE_CURVE('',#379,#411,#6433,.T.);
#6431=LINE('',#410,#6434);
#6432=LINE('',#394,#6435);
#6433=LINE('',#378,#6436);
#6434=VECTOR('',#6437,1.0);
#6435=VECTOR('',#6438,1.0);
#6436=VECTOR('',#6439,1.0);
#6437=DIRECTION('',(0,-0.8763026457912052,-0.4817610123072784));
#6438=DIRECTION('',(0,-0.7289715643672193,-0.6845439783856178));
#6439=DIRECTION('',(0,0.8090167950882405,0.5877855265869956));
#6440=FACE_SURFACE('',(#6445),#6441,.T.);
#6441=PLANE('',#6442);
#6442=AXIS2_PLACEMENT_3D('',#378,#6443,#6444);
#6443=DIRECTION('',(1,0,0));
#6444=DIRECTION('',(0,-0.5358247179103441,-0.8443292436462806));
#6445=FACE_BOUND('',#6446,.T.);
#6446=EDGE_LOOP('',(#6447,#6448,#6449));
#6447=ORIENTED_EDGE('',*,*,#6450,.T.);
#6448=ORIENTED_EDGE('',*,*,#6451,.T.);
#6449=ORIENTED_EDGE('',*,*,#6452,.T.);
#6450=EDGE_CURVE('',#379,#363,#6453,.F.);
#6451=EDGE_CURVE('',#363,#347,#6454,.T.);
#6452=EDGE_CURVE('',#347,#379,#6455,.T.);
#6453=LINE('',#378,#6456);
#6454=LINE('',#362,#6457);
#6455=LINE('',#346,#6458);
#6456=VECTOR('',#6459,1.0);
#6457=VECTOR('',#6460,1.0);
#6458=VECTOR('',#6461,1.0);
#6459=DIRECTION('',(0,-0.5358247179103441,-0.8443292436462806));
#6460=DIRECTION('',(0,-0.30902046163982316,-0.9510553897055157));
#6461=DIRECTION('',(0,0.42577955336317996,0.9048269292731351));
#6462=FACE_SURFACE('',(#6467),#6463,.T.);
#6463=PLANE('',#6464);
#6464=AXIS2_PLACEMENT_3D('',#346,#6465,#6466);
#6465=DIRECTION('',(1,0,0));
#6466=DIRECTION('',(0,-0.06279009866747379,-0.998026754906565));
#6467=FACE_BOUND('',#6468,.T.);
#6468=EDGE_LOOP('',(#6469,#6470,#6471));
#6469=ORIENTED_EDGE('',*,*,#6472,.T.);
#6470=ORIENTED_EDGE('',*,*,#6473,.T.);
#6471=ORIENTED_EDGE('',*,*,#6474,.T.);
#6472=EDGE_CURVE('',#347,#331,#6475,.F.);
#6473=EDGE_CURVE('',#331,#315,#6476,.T.);
#6474=EDGE_CURVE('',#315,#347,#6477,.T.);
#6475=LINE('',#346,#6478);
#6476=LINE('',#330,#6479);
#6477=LINE('',#314,#6480);
#6478=VECTOR('',#6481,1.0);
#6479=VECTOR('',#6482,1.0);
#6480=VECTOR('',#6483,1.0);
#6481=DIRECTION('',(0,-0.06279009866747379,-0.998026754906565));
#6482=DIRECTION('',(0,0.18737737166951668,-0.9822880028719804));
#6483=DIRECTION('',(0,-0.06278828002832595,0.9980268693232084));
#6484=FACE_SURFACE('',(#6489),#6485,.T.);
#6485=PLANE('',#6486);
#6486=AXIS2_PLACEMENT_3D('',#314,#6487,#6488);
#6487=DIRECTION('',(1,0,0));
#6488=DIRECTION('',(0,0.4257814014563023,-0.904826059623565));
#6489=FACE_BOUND('',#6490,.T.);
#6490=EDGE_LOOP('',(#6491,#6492,#6493));
#6491=ORIENTED_EDGE('',*,*,#6494,.T.);
#6492=ORIENTED_EDGE('',*,*,#6495,.T.);
#6493=ORIENTED_EDGE('',*,*,#6496,.T.);
#6494=EDGE_CURVE('',#315,#299,#6497,.F.);
#6495=EDGE_CURVE('',#299,#283,#6498,.T.);
#6496=EDGE_CURVE('',#283,#315,#6499,.T.);
#6497=LINE('',#314,#6500);
#6498=LINE('',#298,#6501);
#6499=LINE('',#282,#6502);
#6500=VECTOR('',#6503,1.0);
#6501=VECTOR('',#6504,1.0);
#6502=VECTOR('',#6505,1.0);
#6503=DIRECTION('',(0,0.4257814014563023,-0.904826059623565));
#6504=DIRECTION('',(0,0.6374240186074303,-0.7705132189017619));
#6505=DIRECTION('',(0,-0.5358269632264707,0.8443278187288977));
#6506=FACE_SURFACE('',(#6511),#6507,.T.);
#6507=PLANE('',#6508);
#6508=AXIS2_PLACEMENT_3D('',#282,#6509,#6510);
#6509=DIRECTION('',(1,0,0));
#6510=DIRECTION('',(0,0.8090167737446722,-0.5877855559638752));
#6511=FACE_BOUND('',#6512,.T.);
#6512=EDGE_LOOP('',(#6513,#6514,#6515));
#6513=ORIENTED_EDGE('',*,*,#6516,.T.);
#6514=ORIENTED_EDGE('',*,*,#6517,.T.);
#6515=ORIENTED_EDGE('',*,*,#6518,.T.);
#6516=EDGE_CURVE('',#283,#267,#6519,.F.);
#6517=EDGE_CURVE('',#267,#251,#6520,.T.);
#6518=EDGE_CURVE('',#251,#283,#6521,.T.);
#6519=LINE('',#282,#6522);
#6520=LINE('',#266,#6523);
#6521=LINE('',#250,#6524);
#6522=VECTOR('',#6525,1.0);
#6523=VECTOR('',#6526,1.0);
#6524=VECTOR('',#6527,1.0);
#6525=DIRECTION('',(0,0.8090167737446722,-0.5877855559638752));
#6526=DIRECTION('',(0,0.92977796670907,-0.36812081253624784));
#6527=DIRECTION('',(0,-0.8763072214524694,0.4817526892818064));
#6528=FACE_SURFACE('',(#6533),#6529,.T.);
#6529=PLANE('',#6530);
#6530=AXIS2_PLACEMENT_3D('',#250,#6531,#6532);
#6531=DIRECTION('',(1,-0,0));
#6532=DIRECTION('',(0,0.9921142264509936,-0.12533699243857258));
#6533=FACE_BOUND('',#6534,.T.);
#6534=EDGE_LOOP('',(#6535,#6536,#6537));
#6535=ORIENTED_EDGE('',*,*,#6538,.T.);
#6536=ORIENTED_EDGE('',*,*,#6539,.T.);
#6537=ORIENTED_EDGE('',*,*,#6540,.T.);
#6538=EDGE_CURVE('',#251,#235,#6541,.F.);
#6539=EDGE_CURVE('',#235,#219,#6542,.T.);
#6540=EDGE_CURVE('',#219,#251,#6543,.T.);
#6541=LINE('',#250,#6544);
#6542=LINE('',#234,#6545);
#6543=LINE('',#218,#6546);
#6544=VECTOR('',#6547,1.0);
#6545=VECTOR('',#6548,1.0);
#6546=VECTOR('',#6549,1.0);
#6547=DIRECTION('',(0,0.9921142264509936,-0.12533699243857258));
#6548=DIRECTION('',(0,0.9921142264509936,0.12533699243857258));
#6549=DIRECTION('',(0,-1,0));
#6550=FACE_SURFACE('',(#6555),#6551,.T.);
#6551=PLANE('',#6552);
#6552=AXIS2_PLACEMENT_3D('',#218,#6553,#6554);
#6553=DIRECTION('',(1,0,0));
#6554=DIRECTION('',(0,0.92977796670907,0.36812081253624784));
#6555=FACE_BOUND('',#6556,.T.);
#6556=EDGE_LOOP('',(#6557,#6558,#6559));
#6557=ORIENTED_EDGE('',*,*,#6560,.T.);
#6558=ORIENTED_EDGE('',*,*,#6561,.T.);
#6559=ORIENTED_EDGE('',*,*,#6562,.T.);
#6560=EDGE_CURVE('',#219,#203,#6563,.F.);
#6561=EDGE_CURVE('',#203,#187,#6564,.T.);
#6562=EDGE_CURVE('',#187,#219,#6565,.T.);
#6563=LINE('',#218,#6566);
#6564=LINE('',#202,#6567);
#6565=LINE('',#186,#6568);
#6566=VECTOR('',#6569,1.0);
#6567=VECTOR('',#6570,1.0);
#6568=VECTOR('',#6571,1.0);
#6569=DIRECTION('',(0,0.92977796670907,0.36812081253624784));
#6570=DIRECTION('',(0,0.8090167737446722,0.5877855559638752));
#6571=DIRECTION('',(0,-0.8763072214524694,-0.4817526892818064));
#6572=FACE_SURFACE('',(#6577),#6573,.T.);
#6573=PLANE('',#6574);
#6574=AXIS2_PLACEMENT_3D('',#186,#6575,#6576);
#6575=DIRECTION('',(1,0,0));
#6576=DIRECTION('',(0,0.6374240186074303,0.7705132189017619));
#6577=FACE_BOUND('',#6578,.T.);
#6578=EDGE_LOOP('',(#6579,#6580,#6581));
#6579=ORIENTED_EDGE('',*,*,#6582,.T.);
#6580=ORIENTED_EDGE('',*,*,#6583,.T.);
#6581=ORIENTED_EDGE('',*,*,#6584,.T.);
#6582=EDGE_CURVE('',#187,#171,#6585,.F.);
#6583=EDGE_CURVE('',#171,#155,#6586,.T.);
#6584=EDGE_CURVE('',#155,#187,#6587,.T.);
#6585=LINE('',#186,#6588);
#6586=LINE('',#170,#6589);
#6587=LINE('',#154,#6590);
#6588=VECTOR('',#6591,1.0);
#6589=VECTOR('',#6592,1.0);
#6590=VECTOR('',#6593,1.0);
#6591=DIRECTION('',(0,0.6374240186074303,0.7705132189017619));
#6592=DIRECTION('',(0,0.4257814014563023,0.904826059623565));
#6593=DIRECTION('',(0,-0.5358269632264707,-0.8443278187288977));
#6594=FACE_SURFACE('',(#6599),#6595,.T.);
#6595=PLANE('',#6596);
#6596=AXIS2_PLACEMENT_3D('',#154,#6597,#6598);
#6597=DIRECTION('',(1,0,0));
#6598=DIRECTION('',(0,0.18737737166951668,0.9822880028719804));
#6599=FACE_BOUND('',#6600,.T.);
#6600=EDGE_LOOP('',(#6601,#6602,#6603));
#6601=ORIENTED_EDGE('',*,*,#6604,.T.);
#6602=ORIENTED_EDGE('',*,*,#6605,.T.);
#6603=ORIENTED_EDGE('',*,*,#6606,.T.);
#6604=EDGE_CURVE('',#155,#139,#6607,.F.);
#6605=EDGE_CURVE('',#139,#123,#6608,.T.);
#6606=EDGE_CURVE('',#123,#155,#6609,.T.);
#6607=LINE('',#154,#6610);
#6608=LINE('',#138,#6611);
#6609=LINE('',#122,#6612);
#6610=VECTOR('',#6613,1.0);
#6611=VECTOR('',#6614,1.0);
#6612=VECTOR('',#6615,1.0);
#6613=DIRECTION('',(0,0.18737737166951668,0.9822880028719804));
#6614=DIRECTION('',(0,-0.06279009866747379,0.998026754906565));
#6615=DIRECTION('',(0,-0.06278828002832595,-0.9980268693232084));
#6616=FACE_SURFACE('',(#6621),#6617,.T.);
#6617=PLANE('',#6618);
#6618=AXIS2_PLACEMENT_3D('',#122,#6619,#6620);
#6619=DIRECTION('',(1,0,0));
#6620=DIRECTION('',(0,-0.30902046163982316,0.9510553897055157));
#6621=FACE_BOUND('',#6622,.T.);
#6622=EDGE_LOOP('',(#6623,#6624,#6625));
#6623=ORIENTED_EDGE('',*,*,#6626,.T.);
#6624=ORIENTED_EDGE('',*,*,#6627,.T.);
#6625=ORIENTED_EDGE('',*,*,#6628,.T.);
#6626=EDGE_CURVE('',#123,#107,#6629,.F.);
#6627=EDGE_CURVE('',#107,#91,#6630,.T.);
#6628=EDGE_CURVE('',#91,#123,#6631,.T.);
#6629=LINE('',#122,#6632);
#6630=LINE('',#106,#6633);
#6631=LINE('',#90,#6634);
#6632=VECTOR('',#6635,1.0);
#6633=VECTOR('',#6636,1.0);
#6634=VECTOR('',#6637,1.0);
#6635=DIRECTION('',(0,-0.30902046163982316,0.9510553897055157));
#6636=DIRECTION('',(0,-0.5358247179103441,0.8443292436462806));
#6637=DIRECTION('',(0,0.42577955336317996,-0.9048269292731351));
#6638=FACE_SURFACE('',(#6643),#6639,.T.);
#6639=PLANE('',#6640);
#6640=AXIS2_PLACEMENT_3D('',#90,#6641,#6642);
#6641=DIRECTION('',(1,0,0));
#6642=DIRECTION('',(0,-0.7289715643672193,0.6845439783856178));
#6643=FACE_BOUND('',#6644,.T.);
#6644=EDGE_LOOP('',(#6645,#6646,#6647));
#6645=ORIENTED_EDGE('',*,*,#6648,.T.);
#6646=ORIENTED_EDGE('',*,*,#6649,.T.);
#6647=ORIENTED_EDGE('',*,*,#6650,.T.);
#6648=EDGE_CURVE('',#91,#75,#6651,.F.);
#6649=EDGE_CURVE('',#75,#59,#6652,.T.);
#6650=EDGE_CURVE('',#59,#91,#6653,.T.);
#6651=LINE('',#90,#6654);
#6652=LINE('',#74,#6655);
#6653=LINE('',#58,#6656);
#6654=VECTOR('',#6657,1.0);
#6655=VECTOR('',#6658,1.0);
#6656=VECTOR('',#6659,1.0);
#6657=DIRECTION('',(0,-0.7289715643672193,0.6845439783856178));
#6658=DIRECTION('',(0,-0.8763026457912052,0.4817610123072784));
#6659=DIRECTION('',(0,0.8090167950882405,-0.5877855265869956));
#6660=FACE_SURFACE('',(#6665),#6661,.T.);
#6661=PLANE('',#6662);
#6662=AXIS2_PLACEMENT_3D('',#58,#6663,#6664);
#6663=DIRECTION('',(1,0,0));
#6664=DIRECTION('',(0,-0.9685838282106954,0.24868728903728504));
#6665=FACE_BOUND('',#6666,.T.);
#6666=EDGE_LOOP('',(#6667,#6668,#6669));
#6667=ORIENTED_EDGE('',*,*,#6670,.T.);
#6668=ORIENTED_EDGE('',*,*,#6671,.T.);
#6669=ORIENTED_EDGE('',*,*,#6672,.T.);
#6670=EDGE_CURVE('',#59,#43,#6673,.F.);
#6671=EDGE_CURVE('',#43,#411,#6674,.T.);
#6672=EDGE_CURVE('',#411,#59,#6675,.T.);
#6673=LINE('',#58,#6676);
#6674=LINE('',#42,#6677);
#6675=LINE('',#410,#6678);
#6676=VECTOR('',#6679,1.0);
#6677=VECTOR('',#6680,1.0);
#6678=VECTOR('',#6681,1.0);
#6679=DIRECTION('',(0,-0.9685838282106954,0.24868728903728504));
#6680=DIRECTION('',(0,-0.9921149053662015,-0.1253316183180165));
#6681=DIRECTION('',(0,1,0));
#6682=FACE_SURFACE('',(#6687),#6683,.T.);
#6683=PLANE('',#6684);
#6684=AXIS2_PLACEMENT_3D('',#410,#6685,#6686);
#6685=DIRECTION('',(1,0,0));
#6686=DIRECTION('',(0,-0.8090167950882405,-0.5877855265869956));
#6687=FACE_BOUND('',#6688,.T.);
#6688=EDGE_LOOP('',(#6689,#6690,#6691));
#6689=ORIENTED_EDGE('',*,*,#6692,.T.);
#6690=ORIENTED_EDGE('',*,*,#6693,.T.);
#6691=ORIENTED_EDGE('',*,*,#6694,.T.);
#6692=EDGE_CURVE('',#411,#379,#6695,.F.);
#6693=EDGE_CURVE('',#379,#347,#6696,.T.);
#6694=EDGE_CURVE('',#347,#411,#6697,.T.);
#6695=LINE('',#410,#6698);
#6696=LINE('',#378,#6699);
#6697=LINE('',#346,#6700);
#6698=VECTOR('',#6701,1.0);
#6699=VECTOR('',#6702,1.0);
#6700=VECTOR('',#6703,1.0);
#6701=DIRECTION('',(0,-0.8090167950882405,-0.5877855265869956));
#6702=DIRECTION('',(0,-0.42577955336317996,-0.9048269292731351));
#6703=DIRECTION('',(0,0.6374241762044841,0.7705130885261032));
#6704=FACE_SURFACE('',(#6709),#6705,.T.);
#6705=PLANE('',#6706);
#6706=AXIS2_PLACEMENT_3D('',#346,#6707,#6708);
#6707=DIRECTION('',(1,0,0));
#6708=DIRECTION('',(0,0.06278828002832595,-0.9980268693232084));
#6709=FACE_BOUND('',#6710,.T.);
#6710=EDGE_LOOP('',(#6711,#6712,#6713));
#6711=ORIENTED_EDGE('',*,*,#6714,.T.);
#6712=ORIENTED_EDGE('',*,*,#6715,.T.);
#6713=ORIENTED_EDGE('',*,*,#6716,.T.);
#6714=EDGE_CURVE('',#347,#315,#6717,.F.);
#6715=EDGE_CURVE('',#315,#283,#6718,.T.);
#6716=EDGE_CURVE('',#283,#347,#6719,.T.);
#6717=LINE('',#346,#6720);
#6718=LINE('',#314,#6721);
#6719=LINE('',#282,#6722);
#6720=VECTOR('',#6723,1.0);
#6721=VECTOR('',#6724,1.0);
#6722=VECTOR('',#6725,1.0);
#6723=DIRECTION('',(0,0.06278828002832595,-0.9980268693232084));
#6724=DIRECTION('',(0,0.5358269632264707,-0.8443278187288977));
#6725=DIRECTION('',(0,-0.30901612386662086,0.9510567991400142));
#6726=FACE_SURFACE('',(#6731),#6727,.T.);
#6727=PLANE('',#6728);
#6728=AXIS2_PLACEMENT_3D('',#282,#6729,#6730);
#6729=DIRECTION('',(1,0,0));
#6730=DIRECTION('',(0,0.8763072214524694,-0.4817526892818064));
#6731=FACE_BOUND('',#6732,.T.);
#6732=EDGE_LOOP('',(#6733,#6734,#6735));
#6733=ORIENTED_EDGE('',*,*,#6736,.T.);
#6734=ORIENTED_EDGE('',*,*,#6737,.T.);
#6735=ORIENTED_EDGE('',*,*,#6738,.T.);
#6736=EDGE_CURVE('',#283,#251,#6739,.F.);
#6737=EDGE_CURVE('',#251,#219,#6740,.T.);
#6738=EDGE_CURVE('',#219,#283,#6741,.T.);
#6739=LINE('',#282,#6742);
#6740=LINE('',#250,#6743);
#6741=LINE('',#218,#6744);
#6742=VECTOR('',#6745,1.0);
#6743=VECTOR('',#6746,1.0);
#6744=VECTOR('',#6747,1.0);
#6745=DIRECTION('',(0,0.8763072214524694,-0.4817526892818064));
#6746=DIRECTION('',(0,1,0));
#6747=DIRECTION('',(0,-0.9685833779466251,0.2486890427129937));
#6748=FACE_SURFACE('',(#6753),#6749,.T.);
#6749=PLANE('',#6750);
#6750=AXIS2_PLACEMENT_3D('',#218,#6751,#6752);
#6751=DIRECTION('',(1,0,0));
#6752=DIRECTION('',(0,0.8763072214524694,0.4817526892818064));
#6753=FACE_BOUND('',#6754,.T.);
#6754=EDGE_LOOP('',(#6755,#6756,#6757));
#6755=ORIENTED_EDGE('',*,*,#6758,.T.);
#6756=ORIENTED_EDGE('',*,*,#6759,.T.);
#6757=ORIENTED_EDGE('',*,*,#6760,.T.);
#6758=EDGE_CURVE('',#219,#187,#6761,.F.);
#6759=EDGE_CURVE('',#187,#155,#6762,.T.);
#6760=EDGE_CURVE('',#155,#219,#6763,.T.);
#6761=LINE('',#218,#6764);
#6762=LINE('',#186,#6765);
#6763=LINE('',#154,#6766);
#6764=VECTOR('',#6767,1.0);
#6765=VECTOR('',#6768,1.0);
#6766=VECTOR('',#6769,1.0);
#6767=DIRECTION('',(0,0.8763072214524694,0.4817526892818064));
#6768=DIRECTION('',(0,0.5358269632264707,0.8443278187288977));
#6769=DIRECTION('',(0,-0.7289688394537839,-0.6845468801370754));
#6770=FACE_SURFACE('',(#6775),#6771,.T.);
#6771=PLANE('',#6772);
#6772=AXIS2_PLACEMENT_3D('',#154,#6773,#6774);
#6773=DIRECTION('',(1,0,-0));
#6774=DIRECTION('',(0,0.06278828002832595,0.9980268693232084));
#6775=FACE_BOUND('',#6776,.T.);
#6776=EDGE_LOOP('',(#6777,#6778,#6779));
#6777=ORIENTED_EDGE('',*,*,#6780,.T.);
#6778=ORIENTED_EDGE('',*,*,#6781,.T.);
#6779=ORIENTED_EDGE('',*,*,#6782,.T.);
#6780=EDGE_CURVE('',#155,#123,#6783,.F.);
#6781=EDGE_CURVE('',#123,#91,#6784,.T.);
#6782=EDGE_CURVE('',#91,#155,#6785,.T.);
#6783=LINE('',#154,#6786);
#6784=LINE('',#122,#6787);
#6785=LINE('',#90,#6788);
#6786=VECTOR('',#6789,1.0);
#6787=VECTOR('',#6790,1.0);
#6788=VECTOR('',#6791,1.0);
#6789=DIRECTION('',(0,0.06278828002832595,0.9980268693232084));
#6790=DIRECTION('',(0,-0.42577955336317996,0.9048269292731351));
#6791=DIRECTION('',(0,0.1873824509132201,-0.9822870339619446));
#6792=FACE_SURFACE('',(#6797),#6793,.T.);
#6793=PLANE('',#6794);
#6794=AXIS2_PLACEMENT_3D('',#90,#6795,#6796);
#6795=DIRECTION('',(1,0,0));
#6796=DIRECTION('',(0,-0.8090167950882405,0.5877855265869956));
#6797=FACE_BOUND('',#6798,.T.);
#6798=EDGE_LOOP('',(#6799,#6800,#6801));
#6799=ORIENTED_EDGE('',*,*,#6802,.T.);
#6800=ORIENTED_EDGE('',*,*,#6803,.T.);
#6801=ORIENTED_EDGE('',*,*,#6804,.T.);
#6802=EDGE_CURVE('',#91,#59,#6805,.F.);
#6803=EDGE_CURVE('',#59,#411,#6806,.T.);
#6804=EDGE_CURVE('',#411,#91,#6807,.T.);
#6805=LINE('',#90,#6808);
#6806=LINE('',#58,#6809);
#6807=LINE('',#410,#6810);
#6808=VECTOR('',#6811,1.0);
#6809=VECTOR('',#6812,1.0);
#6810=VECTOR('',#6813,1.0);
#6811=DIRECTION('',(0,-0.8090167950882405,0.5877855265869956));
#6812=DIRECTION('',(0,-1,0));
#6813=DIRECTION('',(0,0.9685829137272624,-0.24869085072757827));
#6814=FACE_SURFACE('',(#6819),#6815,.T.);
#6815=PLANE('',#6816);
#6816=AXIS2_PLACEMENT_3D('',#410,#6817,#6818);
#6817=DIRECTION('',(1,0,0));
#6818=DIRECTION('',(0,-0.6374241762044841,-0.7705130885261032));
#6819=FACE_BOUND('',#6820,.T.);
#6820=EDGE_LOOP('',(#6821,#6822,#6823));
#6821=ORIENTED_EDGE('',*,*,#6824,.T.);
#6822=ORIENTED_EDGE('',*,*,#6825,.T.);
#6823=ORIENTED_EDGE('',*,*,#6826,.T.);
#6824=EDGE_CURVE('',#411,#347,#6827,.F.);
#6825=EDGE_CURVE('',#347,#283,#6828,.T.);
#6826=EDGE_CURVE('',#283,#411,#6829,.T.);
#6827=LINE('',#410,#6830);
#6828=LINE('',#346,#6831);
#6829=LINE('',#282,#6832);
#6830=VECTOR('',#6833,1.0);
#6831=VECTOR('',#6834,1.0);
#6832=VECTOR('',#6835,1.0);
#6833=DIRECTION('',(0,-0.6374241762044841,-0.7705130885261032));
#6834=DIRECTION('',(0,0.30901612386662086,-0.9510567991400142));
#6835=DIRECTION('',(0,0.18738192656170774,0.9822871339878287));
#6836=FACE_SURFACE('',(#6841),#6837,.T.);
#6837=PLANE('',#6838);
#6838=AXIS2_PLACEMENT_3D('',#282,#6839,#6840);
#6839=DIRECTION('',(1,-0,0));
#6840=DIRECTION('',(0,0.9685833779466251,-0.2486890427129937));
#6841=FACE_BOUND('',#6842,.T.);
#6842=EDGE_LOOP('',(#6843,#6844,#6845));
#6843=ORIENTED_EDGE('',*,*,#6846,.T.);
#6844=ORIENTED_EDGE('',*,*,#6847,.T.);
#6845=ORIENTED_EDGE('',*,*,#6848,.T.);
#6846=EDGE_CURVE('',#283,#219,#6849,.F.);
#6847=EDGE_CURVE('',#219,#155,#6850,.T.);
#6848=EDGE_CURVE('',#155,#283,#6851,.T.);
#6849=LINE('',#282,#6852);
#6850=LINE('',#218,#6853);
#6851=LINE('',#154,#6854);
#6852=VECTOR('',#6855,1.0);
#6853=VECTOR('',#6856,1.0);
#6854=VECTOR('',#6857,1.0);
#6855=DIRECTION('',(0,0.9685833779466251,-0.2486890427129937));
#6856=DIRECTION('',(0,0.7289688394537839,0.6845468801370754));
#6857=DIRECTION('',(0,-0.9685830980605529,-0.2486901327986728));
#6858=FACE_SURFACE('',(#6863),#6859,.T.);
#6859=PLANE('',#6860);
#6860=AXIS2_PLACEMENT_3D('',#154,#6861,#6862);
#6861=DIRECTION('',(1,0,0));
#6862=DIRECTION('',(0,-0.1873824509132201,0.9822870339619446));
#6863=FACE_BOUND('',#6864,.T.);
#6864=EDGE_LOOP('',(#6865,#6866,#6867));
#6865=ORIENTED_EDGE('',*,*,#6868,.T.);
#6866=ORIENTED_EDGE('',*,*,#6869,.T.);
#6867=ORIENTED_EDGE('',*,*,#6870,.T.);
#6868=EDGE_CURVE('',#155,#91,#6871,.F.);
#6869=EDGE_CURVE('',#91,#411,#6872,.T.);
#6870=EDGE_CURVE('',#411,#155,#6873,.T.);
#6871=LINE('',#154,#6874);
#6872=LINE('',#90,#6875);
#6873=LINE('',#410,#6876);
#6874=VECTOR('',#6877,1.0);
#6875=VECTOR('',#6878,1.0);
#6876=VECTOR('',#6879,1.0);
#6877=DIRECTION('',(0,-0.1873824509132201,0.9822870339619446));
#6878=DIRECTION('',(0,-0.9685829137272624,0.24869085072757827));
#6879=DIRECTION('',(0,0.7289681507015502,-0.6845476135834249));
#6880=FACE_SURFACE('',(#6885),#6881,.T.);
#6881=PLANE('',#6882);
#6882=AXIS2_PLACEMENT_3D('',#410,#6883,#6884);
#6883=DIRECTION('',(1,0,0));
#6884=DIRECTION('',(0,-0.18738192656170774,-0.9822871339878287));
#6885=FACE_BOUND('',#6886,.T.);
#6886=EDGE_LOOP('',(#6887,#6888,#6889));
#6887=ORIENTED_EDGE('',*,*,#6890,.T.);
#6888=ORIENTED_EDGE('',*,*,#6891,.T.);
#6889=ORIENTED_EDGE('',*,*,#6892,.T.);
#6890=EDGE_CURVE('',#411,#283,#6893,.F.);
#6891=EDGE_CURVE('',#283,#155,#6894,.T.);
#6892=EDGE_CURVE('',#155,#411,#6895,.T.);
#6893=LINE('',#410,#6896);
#6894=LINE('',#282,#6897);
#6895=LINE('',#154,#6898);
#6896=VECTOR('',#6899,1.0);
#6897=VECTOR('',#6900,1.0);
#6898=VECTOR('',#6901,1.0);
#6899=DIRECTION('',(0,-0.18738192656170774,-0.9822871339878287));
#6900=DIRECTION('',(0,0.9685830980605529,0.2486901327986728));
#6901=DIRECTION('',(0,-0.7289681507015502,0.6845476135834249));
#6902=FACE_SURFACE('',(#6907),#6903,.T.);
#6903=PLANE('',#6904);
#6904=AXIS2_PLACEMENT_3D('',#428,#6905,#6906);
#6905=DIRECTION('',(0,-0.09407930618918411,0.9955647061577474));
#6906=DIRECTION('',(1,0,0));
#6907=FACE_BOUND('',#6908,.T.);
#6908=EDGE_LOOP('',(#6909,#6910,#6911));
#6909=ORIENTED_EDGE('',*,*,#6912,.T.);
#6910=ORIENTED_EDGE('',*,*,#6913,.T.);
#6911=ORIENTED_EDGE('',*,*,#6914,.T.);
#6912=EDGE_CURVE('',#429,#427,#6915,.F.);
#6913=EDGE_CURVE('',#427,#431,#6916,.T.);
#6914=EDGE_CURVE('',#431,#429,#6917,.T.);
#6915=LINE('',#428,#6918);
#6916=LINE('',#426,#6919);
#6917=LINE('',#430,#6920);
#6918=VECTOR('',#6921,1.0);
#6919=VECTOR('',#6922,1.0);
#6920=VECTOR('',#6923,1.0);
#6921=DIRECTION('',(1,0,0));
#6922=DIRECTION('',(0,0.9955647061577474,0.09407930618918411));
#6923=DIRECTION('',(-0.999905098240248,-0.013715489706701956,-0.0012960923058746533));
#6924=FACE_SURFACE('',(#6929),#6925,.T.);
#6925=PLANE('',#6926);
#6926=AXIS2_PLACEMENT_3D('',#428,#6927,#6928);
#6927=DIRECTION('',(1.1105476674785787E-06,-0.09415955193137206,0.9955571197971768));
#6928=DIRECTION('',(0.999905098240248,0.013715489706701956,0.0012960923058746533));
#6929=FACE_BOUND('',#6930,.T.);
#6930=EDGE_LOOP('',(#6931,#6932,#6933));
#6931=ORIENTED_EDGE('',*,*,#6934,.T.);
#6932=ORIENTED_EDGE('',*,*,#6935,.T.);
#6933=ORIENTED_EDGE('',*,*,#6936,.T.);
#6934=EDGE_CURVE('',#429,#431,#6937,.F.);
#6935=EDGE_CURVE('',#431,#433,#6938,.T.);
#6936=EDGE_CURVE('',#433,#429,#6939,.T.);
#6937=LINE('',#428,#6940);
#6938=LINE('',#430,#6941);
#6939=LINE('',#432,#6942);
#6940=VECTOR('',#6943,1.0);
#6941=VECTOR('',#6944,1.0);
#6942=VECTOR('',#6945,1.0);
#6943=DIRECTION('',(0.999905098240248,0.013715489706701956,0.0012960923058746533));
#6944=DIRECTION('',(-0.9999999999993778,0,1.1155037168576906E-06));
#6945=DIRECTION('',(0,-0.9955571197977906,-0.09415955193143012));
#6946=FACE_SURFACE('',(#6951),#6947,.T.);
#6947=PLANE('',#6948);
#6948=AXIS2_PLACEMENT_3D('',#432,#6949,#6950);
#6949=DIRECTION('',(1.114953161899543E-06,-0.03141421654605759,0.9995064517038168));
#6950=DIRECTION('',(0.9999999999993778,0,-1.1155037168576906E-06));
#6951=FACE_BOUND('',#6952,.T.);
#6952=EDGE_LOOP('',(#6953,#6954,#6955));
#6953=ORIENTED_EDGE('',*,*,#6956,.T.);
#6954=ORIENTED_EDGE('',*,*,#6957,.T.);
#6955=ORIENTED_EDGE('',*,*,#6958,.T.);
#6956=EDGE_CURVE('',#433,#431,#6959,.F.);
#6957=EDGE_CURVE('',#431,#37,#6960,.T.);
#6958=EDGE_CURVE('',#37,#433,#6961,.T.);
#6959=LINE('',#432,#6962);
#6960=LINE('',#430,#6963);
#6961=LINE('',#36,#6964);
#6962=VECTOR('',#6965,1.0);
#6963=VECTOR('',#6966,1.0);
#6964=VECTOR('',#6967,1.0);
#6965=DIRECTION('',(0.9999999999993778,0,-1.1155037168576906E-06));
#6966=DIRECTION('',(0,0.9995064517044381,0.031414216546077116));
#6967=DIRECTION('',(-0.9999051015755522,-0.01376958654853132,-0.0004316589707802042));
#6968=FACE_SURFACE('',(#6973),#6969,.T.);
#6969=PLANE('',#6970);
#6970=AXIS2_PLACEMENT_3D('',#432,#6971,#6972);
#6971=DIRECTION('',(1.114953161899543E-06,-0.03141421654605759,0.9995064517038168));
#6972=DIRECTION('',(0.9999051015755522,0.01376958654853132,0.0004316589707802042));
#6973=FACE_BOUND('',#6974,.T.);
#6974=EDGE_LOOP('',(#6975,#6976,#6977));
#6975=ORIENTED_EDGE('',*,*,#6978,.T.);
#6976=ORIENTED_EDGE('',*,*,#6979,.T.);
#6977=ORIENTED_EDGE('',*,*,#6980,.T.);
#6978=EDGE_CURVE('',#433,#37,#6981,.F.);
#6979=EDGE_CURVE('',#37,#35,#6982,.T.);
#6980=EDGE_CURVE('',#35,#433,#6983,.T.);
#6981=LINE('',#432,#6984);
#6982=LINE('',#36,#6985);
#6983=LINE('',#34,#6986);
#6984=VECTOR('',#6987,1.0);
#6985=VECTOR('',#6988,1.0);
#6986=VECTOR('',#6989,1.0);
#6987=DIRECTION('',(0.9999051015755522,0.01376958654853132,0.0004316589707802042));
#6988=DIRECTION('',(-0.9999999999993778,0,1.1155037168576906E-06));
#6989=DIRECTION('',(0,-0.9995064517044381,-0.031414216546077116));
#6990=FACE_SURFACE('',(#6995),#6991,.T.);
#6991=PLANE('',#6992);
#6992=AXIS2_PLACEMENT_3D('',#432,#6993,#6994);
#6993=DIRECTION('',(-1,0,0));
#6994=DIRECTION('',(0,0.9995064517044381,0.031414216546077116));
#6995=FACE_BOUND('',#6996,.T.);
#6996=EDGE_LOOP('',(#6997,#6998,#6999));
#6997=ORIENTED_EDGE('',*,*,#7000,.T.);
#6998=ORIENTED_EDGE('',*,*,#7001,.T.);
#6999=ORIENTED_EDGE('',*,*,#7002,.T.);
#7000=EDGE_CURVE('',#433,#35,#7003,.F.);
#7001=EDGE_CURVE('',#35,#41,#7004,.T.);
#7002=EDGE_CURVE('',#41,#433,#7005,.T.);
#7003=LINE('',#432,#7006);
#7004=LINE('',#34,#7007);
#7005=LINE('',#40,#7008);
#7006=VECTOR('',#7009,1.0);
#7007=VECTOR('',#7010,1.0);
#7008=VECTOR('',#7011,1.0);
#7009=DIRECTION('',(0,0.9995064517044381,0.031414216546077116));
#7010=DIRECTION('',(0,0.9995064517044381,-0.031414216546077116));
#7011=DIRECTION('',(0,-1,0));
#7012=FACE_SURFACE('',(#7017),#7013,.T.);
#7013=PLANE('',#7014);
#7014=AXIS2_PLACEMENT_3D('',#40,#7015,#7016);
#7015=DIRECTION('',(-1,0,0));
#7016=DIRECTION('',(0,0.9955571197977906,-0.09415955193143012));
#7017=FACE_BOUND('',#7018,.T.);
#7018=EDGE_LOOP('',(#7019,#7020,#7021));
#7019=ORIENTED_EDGE('',*,*,#7022,.T.);
#7020=ORIENTED_EDGE('',*,*,#7023,.T.);
#7021=ORIENTED_EDGE('',*,*,#7024,.T.);
#7022=EDGE_CURVE('',#41,#45,#7025,.F.);
#7023=EDGE_CURVE('',#45,#49,#7026,.T.);
#7024=EDGE_CURVE('',#49,#41,#7027,.T.);
#7025=LINE('',#40,#7028);
#7026=LINE('',#44,#7029);
#7027=LINE('',#48,#7030);
#7028=VECTOR('',#7031,1.0);
#7029=VECTOR('',#7032,1.0);
#7030=VECTOR('',#7033,1.0);
#7031=DIRECTION('',(0,0.9955571197977906,-0.09415955193143012));
#7032=DIRECTION('',(0,0.9876899891698059,-0.1564240559944311));
#7033=DIRECTION('',(0,-0.9921121895126881,0.12535311492077195));
#7034=FACE_SURFACE('',(#7039),#7035,.T.);
#7035=PLANE('',#7036);
#7036=AXIS2_PLACEMENT_3D('',#48,#7037,#7038);
#7037=DIRECTION('',(-1,0,0));
#7038=DIRECTION('',(0,0.9759234529633838,-0.21811330531635606));
#7039=FACE_BOUND('',#7040,.T.);
#7040=EDGE_LOOP('',(#7041,#7042,#7043));
#7041=ORIENTED_EDGE('',*,*,#7044,.T.);
#7042=ORIENTED_EDGE('',*,*,#7045,.T.);
#7043=ORIENTED_EDGE('',*,*,#7046,.T.);
#7044=EDGE_CURVE('',#49,#53,#7047,.F.);
#7045=EDGE_CURVE('',#53,#57,#7048,.T.);
#7046=EDGE_CURVE('',#57,#49,#7049,.T.);
#7047=LINE('',#48,#7050);
#7048=LINE('',#52,#7051);
#7049=LINE('',#56,#7052);
#7050=VECTOR('',#7053,1.0);
#7051=VECTOR('',#7054,1.0);
#7052=VECTOR('',#7055,1.0);
#7053=DIRECTION('',(0,0.9759234529633838,-0.21811330531635606));
#7054=DIRECTION('',(0,0.9602892123848226,-0.2790065027509884));
#7055=DIRECTION('',(0,-0.9685851121026392,0.24868228849903634));
#7056=FACE_SURFACE('',(#7061),#7057,.T.);
#7057=PLANE('',#7058);
#7058=AXIS2_PLACEMENT_3D('',#56,#7059,#7060);
#7059=DIRECTION('',(-1,0,0));
#7060=DIRECTION('',(0,0.9408760581108888,-0.3387510048305618));
#7061=FACE_BOUND('',#7062,.T.);
#7062=EDGE_LOOP('',(#7063,#7064,#7065));
#7063=ORIENTED_EDGE('',*,*,#7066,.T.);
#7064=ORIENTED_EDGE('',*,*,#7067,.T.);
#7065=ORIENTED_EDGE('',*,*,#7068,.T.);
#7066=EDGE_CURVE('',#57,#61,#7069,.F.);
#7067=EDGE_CURVE('',#61,#65,#7070,.T.);
#7068=EDGE_CURVE('',#65,#57,#7071,.T.);
#7069=LINE('',#56,#7072);
#7070=LINE('',#60,#7073);
#7071=LINE('',#64,#7074);
#7072=VECTOR('',#7075,1.0);
#7073=VECTOR('',#7076,1.0);
#7074=VECTOR('',#7077,1.0);
#7075=DIRECTION('',(0,0.9408760581108888,-0.3387510048305618));
#7076=DIRECTION('',(0,0.9177637404641161,-0.3971268269574778));
#7077=DIRECTION('',(0,-0.9297781678917533,0.3681203044004158));
#7078=FACE_SURFACE('',(#7083),#7079,.T.);
#7079=PLANE('',#7080);
#7080=AXIS2_PLACEMENT_3D('',#64,#7081,#7082);
#7081=DIRECTION('',(-1,0,0));
#7082=DIRECTION('',(0,0.8910172522188862,-0.4539694441791272));
#7083=FACE_BOUND('',#7084,.T.);
#7084=EDGE_LOOP('',(#7085,#7086,#7087));
#7085=ORIENTED_EDGE('',*,*,#7088,.T.);
#7086=ORIENTED_EDGE('',*,*,#7089,.T.);
#7087=ORIENTED_EDGE('',*,*,#7090,.T.);
#7088=EDGE_CURVE('',#65,#69,#7091,.F.);
#7089=EDGE_CURVE('',#69,#73,#7092,.T.);
#7090=EDGE_CURVE('',#73,#65,#7093,.T.);
#7091=LINE('',#64,#7094);
#7092=LINE('',#68,#7095);
#7093=LINE('',#72,#7096);
#7094=VECTOR('',#7097,1.0);
#7095=VECTOR('',#7098,1.0);
#7096=VECTOR('',#7099,1.0);
#7097=DIRECTION('',(0,0.8910172522188862,-0.4539694441791272));
#7098=DIRECTION('',(0,0.8607225721617741,-0.5090743106573141));
#7099=DIRECTION('',(0,-0.8763026881534131,0.4817609352522288));
#7100=FACE_SURFACE('',(#7105),#7101,.T.);
#7101=PLANE('',#7102);
#7102=AXIS2_PLACEMENT_3D('',#72,#7103,#7104);
#7103=DIRECTION('',(-1,0,0));
#7104=DIRECTION('',(0,0.8270973849398777,-0.5620586409135756));
#7105=FACE_BOUND('',#7106,.T.);
#7106=EDGE_LOOP('',(#7107,#7108,#7109));
#7107=ORIENTED_EDGE('',*,*,#7110,.T.);
#7108=ORIENTED_EDGE('',*,*,#7111,.T.);
#7109=ORIENTED_EDGE('',*,*,#7112,.T.);
#7110=EDGE_CURVE('',#73,#77,#7113,.F.);
#7111=EDGE_CURVE('',#77,#81,#7114,.T.);
#7112=EDGE_CURVE('',#81,#73,#7115,.T.);
#7113=LINE('',#72,#7116);
#7114=LINE('',#76,#7117);
#7115=LINE('',#80,#7118);
#7116=VECTOR('',#7119,1.0);
#7117=VECTOR('',#7120,1.0);
#7118=VECTOR('',#7121,1.0);
#7119=DIRECTION('',(0,0.8270973849398777,-0.5620586409135756));
#7120=DIRECTION('',(0,0.7901493795793824,-0.6129143153413182));
#7121=DIRECTION('',(0,-0.8090232293588487,0.5877766704776396));
#7122=FACE_SURFACE('',(#7127),#7123,.T.);
#7123=PLANE('',#7124);
#7124=AXIS2_PLACEMENT_3D('',#80,#7125,#7126);
#7125=DIRECTION('',(-1,0,0));
#7126=DIRECTION('',(0,0.7501189517238986,-0.6613029247361903));
#7127=FACE_BOUND('',#7128,.T.);
#7128=EDGE_LOOP('',(#7129,#7130,#7131));
#7129=ORIENTED_EDGE('',*,*,#7132,.T.);
#7130=ORIENTED_EDGE('',*,*,#7133,.T.);
#7131=ORIENTED_EDGE('',*,*,#7134,.T.);
#7132=EDGE_CURVE('',#81,#85,#7135,.F.);
#7133=EDGE_CURVE('',#85,#89,#7136,.T.);
#7134=EDGE_CURVE('',#89,#81,#7137,.T.);
#7135=LINE('',#80,#7138);
#7136=LINE('',#84,#7139);
#7137=LINE('',#88,#7140);
#7138=VECTOR('',#7141,1.0);
#7139=VECTOR('',#7142,1.0);
#7140=VECTOR('',#7143,1.0);
#7141=DIRECTION('',(0,0.7501189517238986,-0.6613029247361903));
#7142=DIRECTION('',(0,0.7070865402562136,-0.7071270215375015));
#7143=DIRECTION('',(0,-0.7289628978847397,0.6845532072143717));
#7144=FACE_SURFACE('',(#7149),#7145,.T.);
#7145=PLANE('',#7146);
#7146=AXIS2_PLACEMENT_3D('',#88,#7147,#7148);
#7147=DIRECTION('',(-1,0,0));
#7148=DIRECTION('',(0,0.6613029247361903,-0.7501189517238986));
#7149=FACE_BOUND('',#7150,.T.);
#7150=EDGE_LOOP('',(#7151,#7152,#7153));
#7151=ORIENTED_EDGE('',*,*,#7154,.T.);
#7152=ORIENTED_EDGE('',*,*,#7155,.T.);
#7153=ORIENTED_EDGE('',*,*,#7156,.T.);
#7154=EDGE_CURVE('',#89,#93,#7157,.F.);
#7155=EDGE_CURVE('',#93,#97,#7158,.T.);
#7156=EDGE_CURVE('',#97,#89,#7159,.T.);
#7157=LINE('',#88,#7160);
#7158=LINE('',#92,#7161);
#7159=LINE('',#96,#7162);
#7160=VECTOR('',#7163,1.0);
#7161=VECTOR('',#7164,1.0);
#7162=VECTOR('',#7165,1.0);
#7163=DIRECTION('',(0,0.6613029247361903,-0.7501189517238986));
#7164=DIRECTION('',(0,0.6129143153413182,-0.7901493795793824));
#7165=DIRECTION('',(0,-0.6374234727601099,0.7705136704656457));
#7166=FACE_SURFACE('',(#7171),#7167,.T.);
#7167=PLANE('',#7168);
#7168=AXIS2_PLACEMENT_3D('',#96,#7169,#7170);
#7169=DIRECTION('',(-1,0,0));
#7170=DIRECTION('',(0,0.5621051535609615,-0.8270657750990595));
#7171=FACE_BOUND('',#7172,.T.);
#7172=EDGE_LOOP('',(#7173,#7174,#7175));
#7173=ORIENTED_EDGE('',*,*,#7176,.T.);
#7174=ORIENTED_EDGE('',*,*,#7177,.T.);
#7175=ORIENTED_EDGE('',*,*,#7178,.T.);
#7176=EDGE_CURVE('',#97,#101,#7179,.F.);
#7177=EDGE_CURVE('',#101,#105,#7180,.T.);
#7178=EDGE_CURVE('',#105,#97,#7181,.T.);
#7179=LINE('',#96,#7182);
#7180=LINE('',#100,#7183);
#7181=LINE('',#104,#7184);
#7182=VECTOR('',#7185,1.0);
#7183=VECTOR('',#7186,1.0);
#7184=VECTOR('',#7187,1.0);
#7185=DIRECTION('',(0,0.5621051535609615,-0.8270657750990595));
#7186=DIRECTION('',(0,0.5090265842264459,-0.86075079817027));
#7187=DIRECTION('',(0,-0.5358294369566545,0.8443262488462114));
#7188=FACE_SURFACE('',(#7193),#7189,.T.);
#7189=PLANE('',#7190);
#7190=AXIS2_PLACEMENT_3D('',#104,#7191,#7192);
#7191=DIRECTION('',(-1,0,0));
#7192=DIRECTION('',(0,0.4539694441791272,-0.8910172522188862));
#7193=FACE_BOUND('',#7194,.T.);
#7194=EDGE_LOOP('',(#7195,#7196,#7197));
#7195=ORIENTED_EDGE('',*,*,#7198,.T.);
#7196=ORIENTED_EDGE('',*,*,#7199,.T.);
#7197=ORIENTED_EDGE('',*,*,#7200,.T.);
#7198=EDGE_CURVE('',#105,#109,#7201,.F.);
#7199=EDGE_CURVE('',#109,#113,#7202,.T.);
#7200=EDGE_CURVE('',#113,#105,#7203,.T.);
#7201=LINE('',#104,#7204);
#7202=LINE('',#108,#7205);
#7203=LINE('',#112,#7206);
#7204=VECTOR('',#7207,1.0);
#7205=VECTOR('',#7208,1.0);
#7206=VECTOR('',#7209,1.0);
#7207=DIRECTION('',(0,0.4539694441791272,-0.8910172522188862));
#7208=DIRECTION('',(0,0.3971756792416611,-0.9177425999804767));
#7209=DIRECTION('',(0,-0.4257824071885463,0.9048255863583472));
#7210=FACE_SURFACE('',(#7215),#7211,.T.);
#7211=PLANE('',#7212);
#7212=AXIS2_PLACEMENT_3D('',#112,#7213,#7214);
#7213=DIRECTION('',(-1,0,0));
#7214=DIRECTION('',(0,0.3387510048305618,-0.9408760581108888));
#7215=FACE_BOUND('',#7216,.T.);
#7216=EDGE_LOOP('',(#7217,#7218,#7219));
#7217=ORIENTED_EDGE('',*,*,#7220,.T.);
#7218=ORIENTED_EDGE('',*,*,#7221,.T.);
#7219=ORIENTED_EDGE('',*,*,#7222,.T.);
#7220=EDGE_CURVE('',#113,#117,#7223,.F.);
#7221=EDGE_CURVE('',#117,#121,#7224,.T.);
#7222=EDGE_CURVE('',#121,#113,#7225,.T.);
#7223=LINE('',#112,#7226);
#7224=LINE('',#116,#7227);
#7225=LINE('',#120,#7228);
#7226=VECTOR('',#7229,1.0);
#7227=VECTOR('',#7230,1.0);
#7228=VECTOR('',#7231,1.0);
#7229=DIRECTION('',(0,0.3387510048305618,-0.9408760581108888));
#7230=DIRECTION('',(0,0.2789583260295398,-0.9603032085434251));
#7231=DIRECTION('',(0,-0.30900731171641427,0.9510596623271301));
#7232=FACE_SURFACE('',(#7237),#7233,.T.);
#7233=PLANE('',#7234);
#7234=AXIS2_PLACEMENT_3D('',#120,#7235,#7236);
#7235=DIRECTION('',(-1,0,0));
#7236=DIRECTION('',(0,0.21815186028281855,-0.9759148353494507));
#7237=FACE_BOUND('',#7238,.T.);
#7238=EDGE_LOOP('',(#7239,#7240,#7241));
#7239=ORIENTED_EDGE('',*,*,#7242,.T.);
#7240=ORIENTED_EDGE('',*,*,#7243,.T.);
#7241=ORIENTED_EDGE('',*,*,#7244,.T.);
#7242=EDGE_CURVE('',#121,#125,#7245,.F.);
#7243=EDGE_CURVE('',#125,#129,#7246,.T.);
#7244=EDGE_CURVE('',#129,#121,#7247,.T.);
#7245=LINE('',#120,#7248);
#7246=LINE('',#124,#7249);
#7247=LINE('',#128,#7250);
#7248=VECTOR('',#7251,1.0);
#7249=VECTOR('',#7252,1.0);
#7250=VECTOR('',#7253,1.0);
#7251=DIRECTION('',(0,0.21815186028281855,-0.9759148353494507));
#7252=DIRECTION('',(0,0.1564240559944311,-0.9876899891698059));
#7253=DIRECTION('',(0,-0.18738103382198917,0.9822873042871941));
#7254=FACE_SURFACE('',(#7259),#7255,.T.);
#7255=PLANE('',#7256);
#7256=AXIS2_PLACEMENT_3D('',#128,#7257,#7258);
#7257=DIRECTION('',(-1,0,0));
#7258=DIRECTION('',(0,0.0941232226217973,-0.9955605551463395));
#7259=FACE_BOUND('',#7260,.T.);
#7260=EDGE_LOOP('',(#7261,#7262,#7263));
#7261=ORIENTED_EDGE('',*,*,#7264,.T.);
#7262=ORIENTED_EDGE('',*,*,#7265,.T.);
#7263=ORIENTED_EDGE('',*,*,#7266,.T.);
#7264=EDGE_CURVE('',#129,#133,#7267,.F.);
#7265=EDGE_CURVE('',#133,#137,#7268,.T.);
#7266=EDGE_CURVE('',#137,#129,#7269,.T.);
#7267=LINE('',#128,#7270);
#7268=LINE('',#132,#7271);
#7269=LINE('',#136,#7272);
#7270=VECTOR('',#7273,1.0);
#7271=VECTOR('',#7274,1.0);
#7272=VECTOR('',#7275,1.0);
#7273=DIRECTION('',(0,0.0941232226217973,-0.9955605551463395));
#7274=DIRECTION('',(0,0.031414216546077116,-0.9995064517044381));
#7275=DIRECTION('',(0,-0.06279938224164425,0.998026170794167));
#7276=FACE_SURFACE('',(#7281),#7277,.T.);
#7277=PLANE('',#7278);
#7278=AXIS2_PLACEMENT_3D('',#136,#7279,#7280);
#7279=DIRECTION('',(-1,0,0));
#7280=DIRECTION('',(0,-0.031414216546077116,-0.9995064517044381));
#7281=FACE_BOUND('',#7282,.T.);
#7282=EDGE_LOOP('',(#7283,#7284,#7285));
#7283=ORIENTED_EDGE('',*,*,#7286,.T.);
#7284=ORIENTED_EDGE('',*,*,#7287,.T.);
#7285=ORIENTED_EDGE('',*,*,#7288,.T.);
#7286=EDGE_CURVE('',#137,#141,#7289,.F.);
#7287=EDGE_CURVE('',#141,#145,#7290,.T.);
#7288=EDGE_CURVE('',#145,#137,#7291,.T.);
#7289=LINE('',#136,#7292);
#7290=LINE('',#140,#7293);
#7291=LINE('',#144,#7294);
#7292=VECTOR('',#7295,1.0);
#7293=VECTOR('',#7296,1.0);
#7294=VECTOR('',#7297,1.0);
#7295=DIRECTION('',(0,-0.031414216546077116,-0.9995064517044381));
#7296=DIRECTION('',(0,-0.09411563626181002,-0.9955612723539594));
#7297=DIRECTION('',(0,0.06279684382222152,0.9980263305173703));
#7298=FACE_SURFACE('',(#7303),#7299,.T.);
#7299=PLANE('',#7300);
#7300=AXIS2_PLACEMENT_3D('',#144,#7301,#7302);
#7301=DIRECTION('',(-1,0,0));
#7302=DIRECTION('',(0,-0.1564240559944311,-0.9876899891698059));
#7303=FACE_BOUND('',#7304,.T.);
#7304=EDGE_LOOP('',(#7305,#7306,#7307));
#7305=ORIENTED_EDGE('',*,*,#7308,.T.);
#7306=ORIENTED_EDGE('',*,*,#7309,.T.);
#7307=ORIENTED_EDGE('',*,*,#7310,.T.);
#7308=EDGE_CURVE('',#145,#149,#7311,.F.);
#7309=EDGE_CURVE('',#149,#153,#7312,.T.);
#7310=EDGE_CURVE('',#153,#145,#7313,.T.);
#7311=LINE('',#144,#7314);
#7312=LINE('',#148,#7315);
#7313=LINE('',#152,#7316);
#7314=VECTOR('',#7317,1.0);
#7315=VECTOR('',#7318,1.0);
#7316=VECTOR('',#7319,1.0);
#7317=DIRECTION('',(0,-0.1564240559944311,-0.9876899891698059));
#7318=DIRECTION('',(0,-0.21815186028281855,-0.9759148353494507));
#7319=DIRECTION('',(0,0.18738103382198917,0.9822873042871941));
#7320=FACE_SURFACE('',(#7325),#7321,.T.);
#7321=PLANE('',#7322);
#7322=AXIS2_PLACEMENT_3D('',#152,#7323,#7324);
#7323=DIRECTION('',(-1,0,0));
#7324=DIRECTION('',(0,-0.2789800164077433,-0.9602969074432841));
#7325=FACE_BOUND('',#7326,.T.);
#7326=EDGE_LOOP('',(#7327,#7328,#7329));
#7327=ORIENTED_EDGE('',*,*,#7330,.T.);
#7328=ORIENTED_EDGE('',*,*,#7331,.T.);
#7329=ORIENTED_EDGE('',*,*,#7332,.T.);
#7330=EDGE_CURVE('',#153,#157,#7333,.F.);
#7331=EDGE_CURVE('',#157,#161,#7334,.T.);
#7332=EDGE_CURVE('',#161,#153,#7335,.T.);
#7333=LINE('',#152,#7336);
#7334=LINE('',#156,#7337);
#7335=LINE('',#160,#7338);
#7336=VECTOR('',#7339,1.0);
#7337=VECTOR('',#7340,1.0);
#7338=VECTOR('',#7341,1.0);
#7339=DIRECTION('',(0,-0.2789800164077433,-0.9602969074432841));
#7340=DIRECTION('',(0,-0.3387510048305618,-0.9408760581108888));
#7341=DIRECTION('',(0,0.3090192149523656,0.9510557947829473));
#7342=FACE_SURFACE('',(#7347),#7343,.T.);
#7343=PLANE('',#7344);
#7344=AXIS2_PLACEMENT_3D('',#160,#7345,#7346);
#7345=DIRECTION('',(-1,0,0));
#7346=DIRECTION('',(0,-0.39714616893941956,-0.9177553707261767));
#7347=FACE_BOUND('',#7348,.T.);
#7348=EDGE_LOOP('',(#7349,#7350,#7351));
#7349=ORIENTED_EDGE('',*,*,#7352,.T.);
#7350=ORIENTED_EDGE('',*,*,#7353,.T.);
#7351=ORIENTED_EDGE('',*,*,#7354,.T.);
#7352=EDGE_CURVE('',#161,#165,#7355,.F.);
#7353=EDGE_CURVE('',#165,#169,#7356,.T.);
#7354=EDGE_CURVE('',#169,#161,#7357,.T.);
#7355=LINE('',#160,#7358);
#7356=LINE('',#164,#7359);
#7357=LINE('',#168,#7360);
#7358=VECTOR('',#7361,1.0);
#7359=VECTOR('',#7362,1.0);
#7360=VECTOR('',#7363,1.0);
#7361=DIRECTION('',(0,-0.39714616893941956,-0.9177553707261767));
#7362=DIRECTION('',(0,-0.4539694441791272,-0.8910172522188862));
#7363=DIRECTION('',(0,0.42576680375640874,0.9048329286774723));
#7364=FACE_SURFACE('',(#7369),#7365,.T.);
#7365=PLANE('',#7366);
#7366=AXIS2_PLACEMENT_3D('',#168,#7367,#7368);
#7367=DIRECTION('',(-1,0,0));
#7368=DIRECTION('',(0,-0.5090620578323269,-0.8607298189766152));
#7369=FACE_BOUND('',#7370,.T.);
#7370=EDGE_LOOP('',(#7371,#7372,#7373));
#7371=ORIENTED_EDGE('',*,*,#7374,.T.);
#7372=ORIENTED_EDGE('',*,*,#7375,.T.);
#7373=ORIENTED_EDGE('',*,*,#7376,.T.);
#7374=EDGE_CURVE('',#169,#173,#7377,.F.);
#7375=EDGE_CURVE('',#173,#177,#7378,.T.);
#7376=EDGE_CURVE('',#177,#169,#7379,.T.);
#7377=LINE('',#168,#7380);
#7378=LINE('',#172,#7381);
#7379=LINE('',#176,#7382);
#7380=VECTOR('',#7383,1.0);
#7381=VECTOR('',#7384,1.0);
#7382=VECTOR('',#7385,1.0);
#7383=DIRECTION('',(0,-0.5090620578323269,-0.8607298189766152));
#7384=DIRECTION('',(0,-0.562067514660338,-0.8270913546661884));
#7385=DIRECTION('',(0,0.5358294369566545,0.8443262488462114));
#7386=FACE_SURFACE('',(#7391),#7387,.T.);
#7387=PLANE('',#7388);
#7388=AXIS2_PLACEMENT_3D('',#176,#7389,#7390);
#7389=DIRECTION('',(-1,0,0));
#7390=DIRECTION('',(0,-0.6129143153413182,-0.7901493795793824));
#7391=FACE_BOUND('',#7392,.T.);
#7392=EDGE_LOOP('',(#7393,#7394,#7395));
#7393=ORIENTED_EDGE('',*,*,#7396,.T.);
#7394=ORIENTED_EDGE('',*,*,#7397,.T.);
#7395=ORIENTED_EDGE('',*,*,#7398,.T.);
#7396=EDGE_CURVE('',#177,#181,#7399,.F.);
#7397=EDGE_CURVE('',#181,#185,#7400,.T.);
#7398=EDGE_CURVE('',#185,#177,#7401,.T.);
#7399=LINE('',#176,#7402);
#7400=LINE('',#180,#7403);
#7401=LINE('',#184,#7404);
#7402=VECTOR('',#7405,1.0);
#7403=VECTOR('',#7406,1.0);
#7404=VECTOR('',#7407,1.0);
#7405=DIRECTION('',(0,-0.6129143153413182,-0.7901493795793824));
#7406=DIRECTION('',(0,-0.6613029247361903,-0.7501189517238986));
#7407=DIRECTION('',(0,0.6374234727601099,0.7705136704656457));
#7408=FACE_SURFACE('',(#7413),#7409,.T.);
#7409=PLANE('',#7410);
#7410=AXIS2_PLACEMENT_3D('',#184,#7411,#7412);
#7411=DIRECTION('',(-1,0,0));
#7412=DIRECTION('',(0,-0.7071270226962947,-0.707086539097354));
#7413=FACE_BOUND('',#7414,.T.);
#7414=EDGE_LOOP('',(#7415,#7416,#7417));
#7415=ORIENTED_EDGE('',*,*,#7418,.T.);
#7416=ORIENTED_EDGE('',*,*,#7419,.T.);
#7417=ORIENTED_EDGE('',*,*,#7420,.T.);
#7418=EDGE_CURVE('',#185,#189,#7421,.F.);
#7419=EDGE_CURVE('',#189,#193,#7422,.T.);
#7420=EDGE_CURVE('',#193,#185,#7423,.T.);
#7421=LINE('',#184,#7424);
#7422=LINE('',#188,#7425);
#7423=LINE('',#192,#7426);
#7424=VECTOR('',#7427,1.0);
#7425=VECTOR('',#7428,1.0);
#7426=VECTOR('',#7429,1.0);
#7427=DIRECTION('',(0,-0.7071270226962947,-0.707086539097354));
#7428=DIRECTION('',(0,-0.7501189517238986,-0.6613029247361903));
#7429=DIRECTION('',(0,0.728983108845549,0.6845316844514056));
#7430=FACE_SURFACE('',(#7435),#7431,.T.);
#7431=PLANE('',#7432);
#7432=AXIS2_PLACEMENT_3D('',#192,#7433,#7434);
#7433=DIRECTION('',(-1,0,0));
#7434=DIRECTION('',(0,-0.7901493795793824,-0.6129143153413182));
#7435=FACE_BOUND('',#7436,.T.);
#7436=EDGE_LOOP('',(#7437,#7438,#7439));
#7437=ORIENTED_EDGE('',*,*,#7440,.T.);
#7438=ORIENTED_EDGE('',*,*,#7441,.T.);
#7439=ORIENTED_EDGE('',*,*,#7442,.T.);
#7440=EDGE_CURVE('',#193,#197,#7443,.F.);
#7441=EDGE_CURVE('',#197,#201,#7444,.T.);
#7442=EDGE_CURVE('',#201,#193,#7445,.T.);
#7443=LINE('',#192,#7446);
#7444=LINE('',#196,#7447);
#7445=LINE('',#200,#7448);
#7446=VECTOR('',#7449,1.0);
#7447=VECTOR('',#7450,1.0);
#7448=VECTOR('',#7451,1.0);
#7449=DIRECTION('',(0,-0.7901493795793824,-0.6129143153413182));
#7450=DIRECTION('',(0,-0.8270597460393111,-0.5621140244482342));
#7451=DIRECTION('',(0,0.8090039692886808,0.5878031793680255));
#7452=FACE_SURFACE('',(#7457),#7453,.T.);
#7453=PLANE('',#7454);
#7454=AXIS2_PLACEMENT_3D('',#200,#7455,#7456);
#7455=DIRECTION('',(-1,0,0));
#7456=DIRECTION('',(0,-0.8607580457675851,-0.509014328527565));
#7457=FACE_BOUND('',#7458,.T.);
#7458=EDGE_LOOP('',(#7459,#7460,#7461));
#7459=ORIENTED_EDGE('',*,*,#7462,.T.);
#7460=ORIENTED_EDGE('',*,*,#7463,.T.);
#7461=ORIENTED_EDGE('',*,*,#7464,.T.);
#7462=EDGE_CURVE('',#201,#205,#7465,.F.);
#7463=EDGE_CURVE('',#205,#209,#7466,.T.);
#7464=EDGE_CURVE('',#209,#201,#7467,.T.);
#7465=LINE('',#200,#7468);
#7466=LINE('',#204,#7469);
#7467=LINE('',#208,#7470);
#7468=VECTOR('',#7471,1.0);
#7469=VECTOR('',#7472,1.0);
#7470=VECTOR('',#7473,1.0);
#7471=DIRECTION('',(0,-0.8607580457675851,-0.509014328527565));
#7472=DIRECTION('',(0,-0.8910172522188862,-0.4539694441791272));
#7473=DIRECTION('',(0,0.8763197862322384,0.48172983326537305));
#7474=FACE_SURFACE('',(#7479),#7475,.T.);
#7475=PLANE('',#7476);
#7476=AXIS2_PLACEMENT_3D('',#208,#7477,#7478);
#7477=DIRECTION('',(-1,0,0));
#7478=DIRECTION('',(0,-0.9177342301619574,-0.3971950185853789));
#7479=FACE_BOUND('',#7480,.T.);
#7480=EDGE_LOOP('',(#7481,#7482,#7483));
#7481=ORIENTED_EDGE('',*,*,#7484,.T.);
#7482=ORIENTED_EDGE('',*,*,#7485,.T.);
#7483=ORIENTED_EDGE('',*,*,#7486,.T.);
#7484=EDGE_CURVE('',#209,#213,#7487,.F.);
#7485=EDGE_CURVE('',#213,#217,#7488,.T.);
#7486=EDGE_CURVE('',#217,#209,#7489,.T.);
#7487=LINE('',#208,#7490);
#7488=LINE('',#212,#7491);
#7489=LINE('',#216,#7492);
#7490=VECTOR('',#7493,1.0);
#7491=VECTOR('',#7494,1.0);
#7492=VECTOR('',#7495,1.0);
#7493=DIRECTION('',(0,-0.9177342301619574,-0.3971950185853789));
#7494=DIRECTION('',(0,-0.9408760581108888,-0.3387510048305618));
#7495=DIRECTION('',(0,0.9297643049000505,0.3681553168619545));
#7496=FACE_SURFACE('',(#7501),#7497,.T.);
#7497=PLANE('',#7498);
#7498=AXIS2_PLACEMENT_3D('',#216,#7499,#7500);
#7499=DIRECTION('',(-1,0,0));
#7500=DIRECTION('',(0,-0.960310902762951,-0.2789318376137908));
#7501=FACE_BOUND('',#7502,.T.);
#7502=EDGE_LOOP('',(#7503,#7504,#7505));
#7503=ORIENTED_EDGE('',*,*,#7506,.T.);
#7504=ORIENTED_EDGE('',*,*,#7507,.T.);
#7505=ORIENTED_EDGE('',*,*,#7508,.T.);
#7506=EDGE_CURVE('',#217,#221,#7509,.F.);
#7507=EDGE_CURVE('',#221,#225,#7510,.T.);
#7508=EDGE_CURVE('',#225,#217,#7511,.T.);
#7509=LINE('',#216,#7512);
#7510=LINE('',#220,#7513);
#7511=LINE('',#224,#7514);
#7512=VECTOR('',#7515,1.0);
#7513=VECTOR('',#7516,1.0);
#7514=VECTOR('',#7517,1.0);
#7515=DIRECTION('',(0,-0.960310902762951,-0.2789318376137908));
#7516=DIRECTION('',(0,-0.9759062163646032,-0.21819041422785843));
#7517=DIRECTION('',(0,0.9685851121026392,0.24868228849903634));
#7518=FACE_SURFACE('',(#7523),#7519,.T.);
#7519=PLANE('',#7520);
#7520=AXIS2_PLACEMENT_3D('',#224,#7521,#7522);
#7521=DIRECTION('',(-1,0,0));
#7522=DIRECTION('',(0,-0.9876899891698059,-0.1564240559944311));
#7523=FACE_BOUND('',#7524,.T.);
#7524=EDGE_LOOP('',(#7525,#7526,#7527));
#7525=ORIENTED_EDGE('',*,*,#7528,.T.);
#7526=ORIENTED_EDGE('',*,*,#7529,.T.);
#7527=ORIENTED_EDGE('',*,*,#7530,.T.);
#7528=EDGE_CURVE('',#225,#229,#7531,.F.);
#7529=EDGE_CURVE('',#229,#233,#7532,.T.);
#7530=EDGE_CURVE('',#233,#225,#7533,.T.);
#7531=LINE('',#224,#7534);
#7532=LINE('',#228,#7535);
#7533=LINE('',#232,#7536);
#7534=VECTOR('',#7537,1.0);
#7535=VECTOR('',#7538,1.0);
#7536=VECTOR('',#7539,1.0);
#7537=DIRECTION('',(0,-0.9876899891698059,-0.1564240559944311));
#7538=DIRECTION('',(0,-0.9955647061577474,-0.09407930618918411));
#7539=DIRECTION('',(0,0.9921172257192359,0.1253132492243602));
#7540=FACE_SURFACE('',(#7545),#7541,.T.);
#7541=PLANE('',#7542);
#7542=AXIS2_PLACEMENT_3D('',#232,#7543,#7544);
#7543=DIRECTION('',(-1,-0,0));
#7544=DIRECTION('',(0,-0.9995064517044381,-0.031414216546077116));
#7545=FACE_BOUND('',#7546,.T.);
#7546=EDGE_LOOP('',(#7547,#7548,#7549));
#7547=ORIENTED_EDGE('',*,*,#7550,.T.);
#7548=ORIENTED_EDGE('',*,*,#7551,.T.);
#7549=ORIENTED_EDGE('',*,*,#7552,.T.);
#7550=EDGE_CURVE('',#233,#237,#7553,.F.);
#7551=EDGE_CURVE('',#237,#241,#7554,.T.);
#7552=EDGE_CURVE('',#241,#233,#7555,.T.);
#7553=LINE('',#232,#7556);
#7554=LINE('',#236,#7557);
#7555=LINE('',#240,#7558);
#7556=VECTOR('',#7559,1.0);
#7557=VECTOR('',#7560,1.0);
#7558=VECTOR('',#7561,1.0);
#7559=DIRECTION('',(0,-0.9995064517044381,-0.031414216546077116));
#7560=DIRECTION('',(0,-0.9995064517044381,0.031414216546077116));
#7561=DIRECTION('',(0,1,0));
#7562=FACE_SURFACE('',(#7567),#7563,.T.);
#7563=PLANE('',#7564);
#7564=AXIS2_PLACEMENT_3D('',#240,#7565,#7566);
#7565=DIRECTION('',(-1,0,0));
#7566=DIRECTION('',(0,-0.9955647061577474,0.09407930618918411));
#7567=FACE_BOUND('',#7568,.T.);
#7568=EDGE_LOOP('',(#7569,#7570,#7571));
#7569=ORIENTED_EDGE('',*,*,#7572,.T.);
#7570=ORIENTED_EDGE('',*,*,#7573,.T.);
#7571=ORIENTED_EDGE('',*,*,#7574,.T.);
#7572=EDGE_CURVE('',#241,#245,#7575,.F.);
#7573=EDGE_CURVE('',#245,#249,#7576,.T.);
#7574=EDGE_CURVE('',#249,#241,#7577,.T.);
#7575=LINE('',#240,#7578);
#7576=LINE('',#244,#7579);
#7577=LINE('',#248,#7580);
#7578=VECTOR('',#7581,1.0);
#7579=VECTOR('',#7582,1.0);
#7580=VECTOR('',#7583,1.0);
#7581=DIRECTION('',(0,-0.9955647061577474,0.09407930618918411));
#7582=DIRECTION('',(0,-0.9876899891698059,0.1564240559944311));
#7583=DIRECTION('',(0,0.9921172257192359,-0.1253132492243602));
#7584=FACE_SURFACE('',(#7589),#7585,.T.);
#7585=PLANE('',#7586);
#7586=AXIS2_PLACEMENT_3D('',#248,#7587,#7588);
#7587=DIRECTION('',(-1,0,0));
#7588=DIRECTION('',(0,-0.9759062163646032,0.21819041422785843));
#7589=FACE_BOUND('',#7590,.T.);
#7590=EDGE_LOOP('',(#7591,#7592,#7593));
#7591=ORIENTED_EDGE('',*,*,#7594,.T.);
#7592=ORIENTED_EDGE('',*,*,#7595,.T.);
#7593=ORIENTED_EDGE('',*,*,#7596,.T.);
#7594=EDGE_CURVE('',#249,#253,#7597,.F.);
#7595=EDGE_CURVE('',#253,#257,#7598,.T.);
#7596=EDGE_CURVE('',#257,#249,#7599,.T.);
#7597=LINE('',#248,#7600);
#7598=LINE('',#252,#7601);
#7599=LINE('',#256,#7602);
#7600=VECTOR('',#7603,1.0);
#7601=VECTOR('',#7604,1.0);
#7602=VECTOR('',#7605,1.0);
#7603=DIRECTION('',(0,-0.9759062163646032,0.21819041422785843));
#7604=DIRECTION('',(0,-0.960310902762951,0.2789318376137908));
#7605=DIRECTION('',(0,0.9685851121026392,-0.24868228849903634));
#7606=FACE_SURFACE('',(#7611),#7607,.T.);
#7607=PLANE('',#7608);
#7608=AXIS2_PLACEMENT_3D('',#256,#7609,#7610);
#7609=DIRECTION('',(-1,0,0));
#7610=DIRECTION('',(0,-0.9408760581108888,0.3387510048305618));
#7611=FACE_BOUND('',#7612,.T.);
#7612=EDGE_LOOP('',(#7613,#7614,#7615));
#7613=ORIENTED_EDGE('',*,*,#7616,.T.);
#7614=ORIENTED_EDGE('',*,*,#7617,.T.);
#7615=ORIENTED_EDGE('',*,*,#7618,.T.);
#7616=EDGE_CURVE('',#257,#261,#7619,.F.);
#7617=EDGE_CURVE('',#261,#265,#7620,.T.);
#7618=EDGE_CURVE('',#265,#257,#7621,.T.);
#7619=LINE('',#256,#7622);
#7620=LINE('',#260,#7623);
#7621=LINE('',#264,#7624);
#7622=VECTOR('',#7625,1.0);
#7623=VECTOR('',#7626,1.0);
#7624=VECTOR('',#7627,1.0);
#7625=DIRECTION('',(0,-0.9408760581108888,0.3387510048305618));
#7626=DIRECTION('',(0,-0.9177342301619574,0.3971950185853789));
#7627=DIRECTION('',(0,0.9297643049000505,-0.3681553168619545));
#7628=FACE_SURFACE('',(#7633),#7629,.T.);
#7629=PLANE('',#7630);
#7630=AXIS2_PLACEMENT_3D('',#264,#7631,#7632);
#7631=DIRECTION('',(-1,0,0));
#7632=DIRECTION('',(0,-0.8910172522188862,0.4539694441791272));
#7633=FACE_BOUND('',#7634,.T.);
#7634=EDGE_LOOP('',(#7635,#7636,#7637));
#7635=ORIENTED_EDGE('',*,*,#7638,.T.);
#7636=ORIENTED_EDGE('',*,*,#7639,.T.);
#7637=ORIENTED_EDGE('',*,*,#7640,.T.);
#7638=EDGE_CURVE('',#265,#269,#7641,.F.);
#7639=EDGE_CURVE('',#269,#273,#7642,.T.);
#7640=EDGE_CURVE('',#273,#265,#7643,.T.);
#7641=LINE('',#264,#7644);
#7642=LINE('',#268,#7645);
#7643=LINE('',#272,#7646);
#7644=VECTOR('',#7647,1.0);
#7645=VECTOR('',#7648,1.0);
#7646=VECTOR('',#7649,1.0);
#7647=DIRECTION('',(0,-0.8910172522188862,0.4539694441791272));
#7648=DIRECTION('',(0,-0.8607580457675851,0.509014328527565));
#7649=DIRECTION('',(0,0.8763197862322384,-0.48172983326537305));
#7650=FACE_SURFACE('',(#7655),#7651,.T.);
#7651=PLANE('',#7652);
#7652=AXIS2_PLACEMENT_3D('',#272,#7653,#7654);
#7653=DIRECTION('',(-1,0,0));
#7654=DIRECTION('',(0,-0.8270597460393111,0.5621140244482342));
#7655=FACE_BOUND('',#7656,.T.);
#7656=EDGE_LOOP('',(#7657,#7658,#7659));
#7657=ORIENTED_EDGE('',*,*,#7660,.T.);
#7658=ORIENTED_EDGE('',*,*,#7661,.T.);
#7659=ORIENTED_EDGE('',*,*,#7662,.T.);
#7660=EDGE_CURVE('',#273,#277,#7663,.F.);
#7661=EDGE_CURVE('',#277,#281,#7664,.T.);
#7662=EDGE_CURVE('',#281,#273,#7665,.T.);
#7663=LINE('',#272,#7666);
#7664=LINE('',#276,#7667);
#7665=LINE('',#280,#7668);
#7666=VECTOR('',#7669,1.0);
#7667=VECTOR('',#7670,1.0);
#7668=VECTOR('',#7671,1.0);
#7669=DIRECTION('',(0,-0.8270597460393111,0.5621140244482342));
#7670=DIRECTION('',(0,-0.7901493795793824,0.6129143153413182));
#7671=DIRECTION('',(0,0.8090039692886808,-0.5878031793680255));
#7672=FACE_SURFACE('',(#7677),#7673,.T.);
#7673=PLANE('',#7674);
#7674=AXIS2_PLACEMENT_3D('',#280,#7675,#7676);
#7675=DIRECTION('',(-1,0,0));
#7676=DIRECTION('',(0,-0.7501189517238986,0.6613029247361903));
#7677=FACE_BOUND('',#7678,.T.);
#7678=EDGE_LOOP('',(#7679,#7680,#7681));
#7679=ORIENTED_EDGE('',*,*,#7682,.T.);
#7680=ORIENTED_EDGE('',*,*,#7683,.T.);
#7681=ORIENTED_EDGE('',*,*,#7684,.T.);
#7682=EDGE_CURVE('',#281,#285,#7685,.F.);
#7683=EDGE_CURVE('',#285,#289,#7686,.T.);
#7684=EDGE_CURVE('',#289,#281,#7687,.T.);
#7685=LINE('',#280,#7688);
#7686=LINE('',#284,#7689);
#7687=LINE('',#288,#7690);
#7688=VECTOR('',#7691,1.0);
#7689=VECTOR('',#7692,1.0);
#7690=VECTOR('',#7693,1.0);
#7691=DIRECTION('',(0,-0.7501189517238986,0.6613029247361903));
#7692=DIRECTION('',(0,-0.7071270226962947,0.707086539097354));
#7693=DIRECTION('',(0,0.728983108845549,-0.6845316844514056));
#7694=FACE_SURFACE('',(#7699),#7695,.T.);
#7695=PLANE('',#7696);
#7696=AXIS2_PLACEMENT_3D('',#288,#7697,#7698);
#7697=DIRECTION('',(-1,0,0));
#7698=DIRECTION('',(0,-0.6613029247361903,0.7501189517238986));
#7699=FACE_BOUND('',#7700,.T.);
#7700=EDGE_LOOP('',(#7701,#7702,#7703));
#7701=ORIENTED_EDGE('',*,*,#7704,.T.);
#7702=ORIENTED_EDGE('',*,*,#7705,.T.);
#7703=ORIENTED_EDGE('',*,*,#7706,.T.);
#7704=EDGE_CURVE('',#289,#293,#7707,.F.);
#7705=EDGE_CURVE('',#293,#297,#7708,.T.);
#7706=EDGE_CURVE('',#297,#289,#7709,.T.);
#7707=LINE('',#288,#7710);
#7708=LINE('',#292,#7711);
#7709=LINE('',#296,#7712);
#7710=VECTOR('',#7713,1.0);
#7711=VECTOR('',#7714,1.0);
#7712=VECTOR('',#7715,1.0);
#7713=DIRECTION('',(0,-0.6613029247361903,0.7501189517238986));
#7714=DIRECTION('',(0,-0.6129143153413182,0.7901493795793824));
#7715=DIRECTION('',(0,0.6374234727601099,-0.7705136704656457));
#7716=FACE_SURFACE('',(#7721),#7717,.T.);
#7717=PLANE('',#7718);
#7718=AXIS2_PLACEMENT_3D('',#296,#7719,#7720);
#7719=DIRECTION('',(-1,0,0));
#7720=DIRECTION('',(0,-0.562067514660338,0.8270913546661884));
#7721=FACE_BOUND('',#7722,.T.);
#7722=EDGE_LOOP('',(#7723,#7724,#7725));
#7723=ORIENTED_EDGE('',*,*,#7726,.T.);
#7724=ORIENTED_EDGE('',*,*,#7727,.T.);
#7725=ORIENTED_EDGE('',*,*,#7728,.T.);
#7726=EDGE_CURVE('',#297,#301,#7729,.F.);
#7727=EDGE_CURVE('',#301,#305,#7730,.T.);
#7728=EDGE_CURVE('',#305,#297,#7731,.T.);
#7729=LINE('',#296,#7732);
#7730=LINE('',#300,#7733);
#7731=LINE('',#304,#7734);
#7732=VECTOR('',#7735,1.0);
#7733=VECTOR('',#7736,1.0);
#7734=VECTOR('',#7737,1.0);
#7735=DIRECTION('',(0,-0.562067514660338,0.8270913546661884));
#7736=DIRECTION('',(0,-0.5090620578323269,0.8607298189766152));
#7737=DIRECTION('',(0,0.5358294369566545,-0.8443262488462114));
#7738=FACE_SURFACE('',(#7743),#7739,.T.);
#7739=PLANE('',#7740);
#7740=AXIS2_PLACEMENT_3D('',#304,#7741,#7742);
#7741=DIRECTION('',(-1,0,0));
#7742=DIRECTION('',(0,-0.4539694441791272,0.8910172522188862));
#7743=FACE_BOUND('',#7744,.T.);
#7744=EDGE_LOOP('',(#7745,#7746,#7747));
#7745=ORIENTED_EDGE('',*,*,#7748,.T.);
#7746=ORIENTED_EDGE('',*,*,#7749,.T.);
#7747=ORIENTED_EDGE('',*,*,#7750,.T.);
#7748=EDGE_CURVE('',#305,#309,#7751,.F.);
#7749=EDGE_CURVE('',#309,#313,#7752,.T.);
#7750=EDGE_CURVE('',#313,#305,#7753,.T.);
#7751=LINE('',#304,#7754);
#7752=LINE('',#308,#7755);
#7753=LINE('',#312,#7756);
#7754=VECTOR('',#7757,1.0);
#7755=VECTOR('',#7758,1.0);
#7756=VECTOR('',#7759,1.0);
#7757=DIRECTION('',(0,-0.4539694441791272,0.8910172522188862));
#7758=DIRECTION('',(0,-0.39714616893941956,0.9177553707261767));
#7759=DIRECTION('',(0,0.42576680375640874,-0.9048329286774723));
#7760=FACE_SURFACE('',(#7765),#7761,.T.);
#7761=PLANE('',#7762);
#7762=AXIS2_PLACEMENT_3D('',#312,#7763,#7764);
#7763=DIRECTION('',(-1,0,0));
#7764=DIRECTION('',(0,-0.3387510048305618,0.9408760581108888));
#7765=FACE_BOUND('',#7766,.T.);
#7766=EDGE_LOOP('',(#7767,#7768,#7769));
#7767=ORIENTED_EDGE('',*,*,#7770,.T.);
#7768=ORIENTED_EDGE('',*,*,#7771,.T.);
#7769=ORIENTED_EDGE('',*,*,#7772,.T.);
#7770=EDGE_CURVE('',#313,#317,#7773,.F.);
#7771=EDGE_CURVE('',#317,#321,#7774,.T.);
#7772=EDGE_CURVE('',#321,#313,#7775,.T.);
#7773=LINE('',#312,#7776);
#7774=LINE('',#316,#7777);
#7775=LINE('',#320,#7778);
#7776=VECTOR('',#7779,1.0);
#7777=VECTOR('',#7780,1.0);
#7778=VECTOR('',#7781,1.0);
#7779=DIRECTION('',(0,-0.3387510048305618,0.9408760581108888));
#7780=DIRECTION('',(0,-0.2789800164077433,0.9602969074432841));
#7781=DIRECTION('',(0,0.3090192149523656,-0.9510557947829473));
#7782=FACE_SURFACE('',(#7787),#7783,.T.);
#7783=PLANE('',#7784);
#7784=AXIS2_PLACEMENT_3D('',#320,#7785,#7786);
#7785=DIRECTION('',(-1,0,0));
#7786=DIRECTION('',(0,-0.21815186028281855,0.9759148353494507));
#7787=FACE_BOUND('',#7788,.T.);
#7788=EDGE_LOOP('',(#7789,#7790,#7791));
#7789=ORIENTED_EDGE('',*,*,#7792,.T.);
#7790=ORIENTED_EDGE('',*,*,#7793,.T.);
#7791=ORIENTED_EDGE('',*,*,#7794,.T.);
#7792=EDGE_CURVE('',#321,#325,#7795,.F.);
#7793=EDGE_CURVE('',#325,#329,#7796,.T.);
#7794=EDGE_CURVE('',#329,#321,#7797,.T.);
#7795=LINE('',#320,#7798);
#7796=LINE('',#324,#7799);
#7797=LINE('',#328,#7800);
#7798=VECTOR('',#7801,1.0);
#7799=VECTOR('',#7802,1.0);
#7800=VECTOR('',#7803,1.0);
#7801=DIRECTION('',(0,-0.21815186028281855,0.9759148353494507));
#7802=DIRECTION('',(0,-0.1564240559944311,0.9876899891698059));
#7803=DIRECTION('',(0,0.18738103382198917,-0.9822873042871941));
#7804=FACE_SURFACE('',(#7809),#7805,.T.);
#7805=PLANE('',#7806);
#7806=AXIS2_PLACEMENT_3D('',#328,#7807,#7808);
#7807=DIRECTION('',(-1,0,0));
#7808=DIRECTION('',(0,-0.09411563626181002,0.9955612723539594));
#7809=FACE_BOUND('',#7810,.T.);
#7810=EDGE_LOOP('',(#7811,#7812,#7813));
#7811=ORIENTED_EDGE('',*,*,#7814,.T.);
#7812=ORIENTED_EDGE('',*,*,#7815,.T.);
#7813=ORIENTED_EDGE('',*,*,#7816,.T.);
#7814=EDGE_CURVE('',#329,#333,#7817,.F.);
#7815=EDGE_CURVE('',#333,#337,#7818,.T.);
#7816=EDGE_CURVE('',#337,#329,#7819,.T.);
#7817=LINE('',#328,#7820);
#7818=LINE('',#332,#7821);
#7819=LINE('',#336,#7822);
#7820=VECTOR('',#7823,1.0);
#7821=VECTOR('',#7824,1.0);
#7822=VECTOR('',#7825,1.0);
#7823=DIRECTION('',(0,-0.09411563626181002,0.9955612723539594));
#7824=DIRECTION('',(0,-0.031414216546077116,0.9995064517044381));
#7825=DIRECTION('',(0,0.06279684382222152,-0.9980263305173703));
#7826=FACE_SURFACE('',(#7831),#7827,.T.);
#7827=PLANE('',#7828);
#7828=AXIS2_PLACEMENT_3D('',#336,#7829,#7830);
#7829=DIRECTION('',(-1,0,0));
#7830=DIRECTION('',(0,0.031414216546077116,0.9995064517044381));
#7831=FACE_BOUND('',#7832,.T.);
#7832=EDGE_LOOP('',(#7833,#7834,#7835));
#7833=ORIENTED_EDGE('',*,*,#7836,.T.);
#7834=ORIENTED_EDGE('',*,*,#7837,.T.);
#7835=ORIENTED_EDGE('',*,*,#7838,.T.);
#7836=EDGE_CURVE('',#337,#341,#7839,.F.);
#7837=EDGE_CURVE('',#341,#345,#7840,.T.);
#7838=EDGE_CURVE('',#345,#337,#7841,.T.);
#7839=LINE('',#336,#7842);
#7840=LINE('',#340,#7843);
#7841=LINE('',#344,#7844);
#7842=VECTOR('',#7845,1.0);
#7843=VECTOR('',#7846,1.0);
#7844=VECTOR('',#7847,1.0);
#7845=DIRECTION('',(0,0.031414216546077116,0.9995064517044381));
#7846=DIRECTION('',(0,0.0941232226217973,0.9955605551463395));
#7847=DIRECTION('',(0,-0.06279938224164425,-0.998026170794167));
#7848=FACE_SURFACE('',(#7853),#7849,.T.);
#7849=PLANE('',#7850);
#7850=AXIS2_PLACEMENT_3D('',#344,#7851,#7852);
#7851=DIRECTION('',(-1,0,0));
#7852=DIRECTION('',(0,0.1564240559944311,0.9876899891698059));
#7853=FACE_BOUND('',#7854,.T.);
#7854=EDGE_LOOP('',(#7855,#7856,#7857));
#7855=ORIENTED_EDGE('',*,*,#7858,.T.);
#7856=ORIENTED_EDGE('',*,*,#7859,.T.);
#7857=ORIENTED_EDGE('',*,*,#7860,.T.);
#7858=EDGE_CURVE('',#345,#349,#7861,.F.);
#7859=EDGE_CURVE('',#349,#353,#7862,.T.);
#7860=EDGE_CURVE('',#353,#345,#7863,.T.);
#7861=LINE('',#344,#7864);
#7862=LINE('',#348,#7865);
#7863=LINE('',#352,#7866);
#7864=VECTOR('',#7867,1.0);
#7865=VECTOR('',#7868,1.0);
#7866=VECTOR('',#7869,1.0);
#7867=DIRECTION('',(0,0.1564240559944311,0.9876899891698059));
#7868=DIRECTION('',(0,0.21815186028281855,0.9759148353494507));
#7869=DIRECTION('',(0,-0.18738103382198917,-0.9822873042871941));
#7870=FACE_SURFACE('',(#7875),#7871,.T.);
#7871=PLANE('',#7872);
#7872=AXIS2_PLACEMENT_3D('',#352,#7873,#7874);
#7873=DIRECTION('',(-1,0,0));
#7874=DIRECTION('',(0,0.2789583260295398,0.9603032085434251));
#7875=FACE_BOUND('',#7876,.T.);
#7876=EDGE_LOOP('',(#7877,#7878,#7879));
#7877=ORIENTED_EDGE('',*,*,#7880,.T.);
#7878=ORIENTED_EDGE('',*,*,#7881,.T.);
#7879=ORIENTED_EDGE('',*,*,#7882,.T.);
#7880=EDGE_CURVE('',#353,#357,#7883,.F.);
#7881=EDGE_CURVE('',#357,#361,#7884,.T.);
#7882=EDGE_CURVE('',#361,#353,#7885,.T.);
#7883=LINE('',#352,#7886);
#7884=LINE('',#356,#7887);
#7885=LINE('',#360,#7888);
#7886=VECTOR('',#7889,1.0);
#7887=VECTOR('',#7890,1.0);
#7888=VECTOR('',#7891,1.0);
#7889=DIRECTION('',(0,0.2789583260295398,0.9603032085434251));
#7890=DIRECTION('',(0,0.3387510048305618,0.9408760581108888));
#7891=DIRECTION('',(0,-0.30900731171641427,-0.9510596623271301));
#7892=FACE_SURFACE('',(#7897),#7893,.T.);
#7893=PLANE('',#7894);
#7894=AXIS2_PLACEMENT_3D('',#360,#7895,#7896);
#7895=DIRECTION('',(-1,0,0));
#7896=DIRECTION('',(0,0.3971756792416611,0.9177425999804767));
#7897=FACE_BOUND('',#7898,.T.);
#7898=EDGE_LOOP('',(#7899,#7900,#7901));
#7899=ORIENTED_EDGE('',*,*,#7902,.T.);
#7900=ORIENTED_EDGE('',*,*,#7903,.T.);
#7901=ORIENTED_EDGE('',*,*,#7904,.T.);
#7902=EDGE_CURVE('',#361,#365,#7905,.F.);
#7903=EDGE_CURVE('',#365,#369,#7906,.T.);
#7904=EDGE_CURVE('',#369,#361,#7907,.T.);
#7905=LINE('',#360,#7908);
#7906=LINE('',#364,#7909);
#7907=LINE('',#368,#7910);
#7908=VECTOR('',#7911,1.0);
#7909=VECTOR('',#7912,1.0);
#7910=VECTOR('',#7913,1.0);
#7911=DIRECTION('',(0,0.3971756792416611,0.9177425999804767));
#7912=DIRECTION('',(0,0.4539694441791272,0.8910172522188862));
#7913=DIRECTION('',(0,-0.4257824071885463,-0.9048255863583472));
#7914=FACE_SURFACE('',(#7919),#7915,.T.);
#7915=PLANE('',#7916);
#7916=AXIS2_PLACEMENT_3D('',#368,#7917,#7918);
#7917=DIRECTION('',(-1,0,0));
#7918=DIRECTION('',(0,0.5090265842264459,0.86075079817027));
#7919=FACE_BOUND('',#7920,.T.);
#7920=EDGE_LOOP('',(#7921,#7922,#7923));
#7921=ORIENTED_EDGE('',*,*,#7924,.T.);
#7922=ORIENTED_EDGE('',*,*,#7925,.T.);
#7923=ORIENTED_EDGE('',*,*,#7926,.T.);
#7924=EDGE_CURVE('',#369,#373,#7927,.F.);
#7925=EDGE_CURVE('',#373,#377,#7928,.T.);
#7926=EDGE_CURVE('',#377,#369,#7929,.T.);
#7927=LINE('',#368,#7930);
#7928=LINE('',#372,#7931);
#7929=LINE('',#376,#7932);
#7930=VECTOR('',#7933,1.0);
#7931=VECTOR('',#7934,1.0);
#7932=VECTOR('',#7935,1.0);
#7933=DIRECTION('',(0,0.5090265842264459,0.86075079817027));
#7934=DIRECTION('',(0,0.5621051535609615,0.8270657750990595));
#7935=DIRECTION('',(0,-0.5358294369566545,-0.8443262488462114));
#7936=FACE_SURFACE('',(#7941),#7937,.T.);
#7937=PLANE('',#7938);
#7938=AXIS2_PLACEMENT_3D('',#376,#7939,#7940);
#7939=DIRECTION('',(-1,0,0));
#7940=DIRECTION('',(0,0.6129143153413182,0.7901493795793824));
#7941=FACE_BOUND('',#7942,.T.);
#7942=EDGE_LOOP('',(#7943,#7944,#7945));
#7943=ORIENTED_EDGE('',*,*,#7946,.T.);
#7944=ORIENTED_EDGE('',*,*,#7947,.T.);
#7945=ORIENTED_EDGE('',*,*,#7948,.T.);
#7946=EDGE_CURVE('',#377,#381,#7949,.F.);
#7947=EDGE_CURVE('',#381,#385,#7950,.T.);
#7948=EDGE_CURVE('',#385,#377,#7951,.T.);
#7949=LINE('',#376,#7952);
#7950=LINE('',#380,#7953);
#7951=LINE('',#384,#7954);
#7952=VECTOR('',#7955,1.0);
#7953=VECTOR('',#7956,1.0);
#7954=VECTOR('',#7957,1.0);
#7955=DIRECTION('',(0,0.6129143153413182,0.7901493795793824));
#7956=DIRECTION('',(0,0.6613029247361903,0.7501189517238986));
#7957=DIRECTION('',(0,-0.6374234727601099,-0.7705136704656457));
#7958=FACE_SURFACE('',(#7963),#7959,.T.);
#7959=PLANE('',#7960);
#7960=AXIS2_PLACEMENT_3D('',#384,#7961,#7962);
#7961=DIRECTION('',(-1,0,0));
#7962=DIRECTION('',(0,0.7070865402562136,0.7071270215375015));
#7963=FACE_BOUND('',#7964,.T.);
#7964=EDGE_LOOP('',(#7965,#7966,#7967));
#7965=ORIENTED_EDGE('',*,*,#7968,.T.);
#7966=ORIENTED_EDGE('',*,*,#7969,.T.);
#7967=ORIENTED_EDGE('',*,*,#7970,.T.);
#7968=EDGE_CURVE('',#385,#389,#7971,.F.);
#7969=EDGE_CURVE('',#389,#393,#7972,.T.);
#7970=EDGE_CURVE('',#393,#385,#7973,.T.);
#7971=LINE('',#384,#7974);
#7972=LINE('',#388,#7975);
#7973=LINE('',#392,#7976);
#7974=VECTOR('',#7977,1.0);
#7975=VECTOR('',#7978,1.0);
#7976=VECTOR('',#7979,1.0);
#7977=DIRECTION('',(0,0.7070865402562136,0.7071270215375015));
#7978=DIRECTION('',(0,0.7501189517238986,0.6613029247361903));
#7979=DIRECTION('',(0,-0.7289628978847397,-0.6845532072143717));
#7980=FACE_SURFACE('',(#7985),#7981,.T.);
#7981=PLANE('',#7982);
#7982=AXIS2_PLACEMENT_3D('',#392,#7983,#7984);
#7983=DIRECTION('',(-1,0,0));
#7984=DIRECTION('',(0,0.7901493795793824,0.6129143153413182));
#7985=FACE_BOUND('',#7986,.T.);
#7986=EDGE_LOOP('',(#7987,#7988,#7989));
#7987=ORIENTED_EDGE('',*,*,#7990,.T.);
#7988=ORIENTED_EDGE('',*,*,#7991,.T.);
#7989=ORIENTED_EDGE('',*,*,#7992,.T.);
#7990=EDGE_CURVE('',#393,#397,#7993,.F.);
#7991=EDGE_CURVE('',#397,#401,#7994,.T.);
#7992=EDGE_CURVE('',#401,#393,#7995,.T.);
#7993=LINE('',#392,#7996);
#7994=LINE('',#396,#7997);
#7995=LINE('',#400,#7998);
#7996=VECTOR('',#7999,1.0);
#7997=VECTOR('',#8000,1.0);
#7998=VECTOR('',#8001,1.0);
#7999=DIRECTION('',(0,0.7901493795793824,0.6129143153413182));
#8000=DIRECTION('',(0,0.8270973849398777,0.5620586409135756));
#8001=DIRECTION('',(0,-0.8090232293588487,-0.5877766704776396));
#8002=FACE_SURFACE('',(#8007),#8003,.T.);
#8003=PLANE('',#8004);
#8004=AXIS2_PLACEMENT_3D('',#400,#8005,#8006);
#8005=DIRECTION('',(-1,0,0));
#8006=DIRECTION('',(0,0.8607225721617741,0.5090743106573141));
#8007=FACE_BOUND('',#8008,.T.);
#8008=EDGE_LOOP('',(#8009,#8010,#8011));
#8009=ORIENTED_EDGE('',*,*,#8012,.T.);
#8010=ORIENTED_EDGE('',*,*,#8013,.T.);
#8011=ORIENTED_EDGE('',*,*,#8014,.T.);
#8012=EDGE_CURVE('',#401,#405,#8015,.F.);
#8013=EDGE_CURVE('',#405,#409,#8016,.T.);
#8014=EDGE_CURVE('',#409,#401,#8017,.T.);
#8015=LINE('',#400,#8018);
#8016=LINE('',#404,#8019);
#8017=LINE('',#408,#8020);
#8018=VECTOR('',#8021,1.0);
#8019=VECTOR('',#8022,1.0);
#8020=VECTOR('',#8023,1.0);
#8021=DIRECTION('',(0,0.8607225721617741,0.5090743106573141));
#8022=DIRECTION('',(0,0.8910172522188862,0.4539694441791272));
#8023=DIRECTION('',(0,-0.8763026881534131,-0.4817609352522288));
#8024=FACE_SURFACE('',(#8029),#8025,.T.);
#8025=PLANE('',#8026);
#8026=AXIS2_PLACEMENT_3D('',#408,#8027,#8028);
#8027=DIRECTION('',(-1,0,0));
#8028=DIRECTION('',(0,0.9177637404641161,0.3971268269574778));
#8029=FACE_BOUND('',#8030,.T.);
#8030=EDGE_LOOP('',(#8031,#8032,#8033));
#8031=ORIENTED_EDGE('',*,*,#8034,.T.);
#8032=ORIENTED_EDGE('',*,*,#8035,.T.);
#8033=ORIENTED_EDGE('',*,*,#8036,.T.);
#8034=EDGE_CURVE('',#409,#413,#8037,.F.);
#8035=EDGE_CURVE('',#413,#417,#8038,.T.);
#8036=EDGE_CURVE('',#417,#409,#8039,.T.);
#8037=LINE('',#408,#8040);
#8038=LINE('',#412,#8041);
#8039=LINE('',#416,#8042);
#8040=VECTOR('',#8043,1.0);
#8041=VECTOR('',#8044,1.0);
#8042=VECTOR('',#8045,1.0);
#8043=DIRECTION('',(0,0.9177637404641161,0.3971268269574778));
#8044=DIRECTION('',(0,0.9408760581108888,0.3387510048305618));
#8045=DIRECTION('',(0,-0.9297781678917533,-0.3681203044004158));
#8046=FACE_SURFACE('',(#8051),#8047,.T.);
#8047=PLANE('',#8048);
#8048=AXIS2_PLACEMENT_3D('',#416,#8049,#8050);
#8049=DIRECTION('',(-1,0,0));
#8050=DIRECTION('',(0,0.9602892123848226,0.2790065027509884));
#8051=FACE_BOUND('',#8052,.T.);
#8052=EDGE_LOOP('',(#8053,#8054,#8055));
#8053=ORIENTED_EDGE('',*,*,#8056,.T.);
#8054=ORIENTED_EDGE('',*,*,#8057,.T.);
#8055=ORIENTED_EDGE('',*,*,#8058,.T.);
#8056=EDGE_CURVE('',#417,#421,#8059,.F.);
#8057=EDGE_CURVE('',#421,#425,#8060,.T.);
#8058=EDGE_CURVE('',#425,#417,#8061,.T.);
#8059=LINE('',#416,#8062);
#8060=LINE('',#420,#8063);
#8061=LINE('',#424,#8064);
#8062=VECTOR('',#8065,1.0);
#8063=VECTOR('',#8066,1.0);
#8064=VECTOR('',#8067,1.0);
#8065=DIRECTION('',(0,0.9602892123848226,0.2790065027509884));
#8066=DIRECTION('',(0,0.9759234529633838,0.21811330531635606));
#8067=DIRECTION('',(0,-0.9685851121026392,-0.24868228849903634));
#8068=FACE_SURFACE('',(#8073),#8069,.T.);
#8069=PLANE('',#8070);
#8070=AXIS2_PLACEMENT_3D('',#424,#8071,#8072);
#8071=DIRECTION('',(-1,0,0));
#8072=DIRECTION('',(0,0.9876899891698059,0.1564240559944311));
#8073=FACE_BOUND('',#8074,.T.);
#8074=EDGE_LOOP('',(#8075,#8076,#8077));
#8075=ORIENTED_EDGE('',*,*,#8078,.T.);
#8076=ORIENTED_EDGE('',*,*,#8079,.T.);
#8077=ORIENTED_EDGE('',*,*,#8080,.T.);
#8078=EDGE_CURVE('',#425,#429,#8081,.F.);
#8079=EDGE_CURVE('',#429,#433,#8082,.T.);
#8080=EDGE_CURVE('',#433,#425,#8083,.T.);
#8081=LINE('',#424,#8084);
#8082=LINE('',#428,#8085);
#8083=LINE('',#432,#8086);
#8084=VECTOR('',#8087,1.0);
#8085=VECTOR('',#8088,1.0);
#8086=VECTOR('',#8089,1.0);
#8087=DIRECTION('',(0,0.9876899891698059,0.1564240559944311));
#8088=DIRECTION('',(0,0.9955571197977906,0.09415955193143012));
#8089=DIRECTION('',(0,-0.9921121895126881,-0.12535311492077195));
#8090=FACE_SURFACE('',(#8095),#8091,.T.);
#8091=PLANE('',#8092);
#8092=AXIS2_PLACEMENT_3D('',#432,#8093,#8094);
#8093=DIRECTION('',(-1,0,0));
#8094=DIRECTION('',(0,1,0));
#8095=FACE_BOUND('',#8096,.T.);
#8096=EDGE_LOOP('',(#8097,#8098,#8099));
#8097=ORIENTED_EDGE('',*,*,#8100,.T.);
#8098=ORIENTED_EDGE('',*,*,#8101,.T.);
#8099=ORIENTED_EDGE('',*,*,#8102,.T.);
#8100=EDGE_CURVE('',#433,#41,#8103,.F.);
#8101=EDGE_CURVE('',#41,#49,#8104,.T.);
#8102=EDGE_CURVE('',#49,#433,#8105,.T.);
#8103=LINE('',#432,#8106);
#8104=LINE('',#40,#8107);
#8105=LINE('',#48,#8108);
#8106=VECTOR('',#8109,1.0);
#8107=VECTOR('',#8110,1.0);
#8108=VECTOR('',#8111,1.0);
#8109=DIRECTION('',(0,1,0));
#8110=DIRECTION('',(0,0.9921121895126881,-0.12535311492077195));
#8111=DIRECTION('',(0,-0.9980260790671363,0.06280083997748903));
#8112=FACE_SURFACE('',(#8117),#8113,.T.);
#8113=PLANE('',#8114);
#8114=AXIS2_PLACEMENT_3D('',#48,#8115,#8116);
#8115=DIRECTION('',(-1,0,0));
#8116=DIRECTION('',(0,0.9685851121026392,-0.24868228849903634));
#8117=FACE_BOUND('',#8118,.T.);
#8118=EDGE_LOOP('',(#8119,#8120,#8121));
#8119=ORIENTED_EDGE('',*,*,#8122,.T.);
#8120=ORIENTED_EDGE('',*,*,#8123,.T.);
#8121=ORIENTED_EDGE('',*,*,#8124,.T.);
#8122=EDGE_CURVE('',#49,#57,#8125,.F.);
#8123=EDGE_CURVE('',#57,#65,#8126,.T.);
#8124=EDGE_CURVE('',#65,#49,#8127,.T.);
#8125=LINE('',#48,#8128);
#8126=LINE('',#56,#8129);
#8127=LINE('',#64,#8130);
#8128=VECTOR('',#8131,1.0);
#8129=VECTOR('',#8132,1.0);
#8130=VECTOR('',#8133,1.0);
#8131=DIRECTION('',(0,0.9685851121026392,-0.24868228849903634));
#8132=DIRECTION('',(0,0.9297781678917533,-0.3681203044004158));
#8133=DIRECTION('',(0,-0.9510583713753892,0.30901128496673425));
#8134=FACE_SURFACE('',(#8139),#8135,.T.);
#8135=PLANE('',#8136);
#8136=AXIS2_PLACEMENT_3D('',#64,#8137,#8138);
#8137=DIRECTION('',(-1,0,0));
#8138=DIRECTION('',(0,0.8763026881534131,-0.4817609352522288));
#8139=FACE_BOUND('',#8140,.T.);
#8140=EDGE_LOOP('',(#8141,#8142,#8143));
#8141=ORIENTED_EDGE('',*,*,#8144,.T.);
#8142=ORIENTED_EDGE('',*,*,#8145,.T.);
#8143=ORIENTED_EDGE('',*,*,#8146,.T.);
#8144=EDGE_CURVE('',#65,#73,#8147,.F.);
#8145=EDGE_CURVE('',#73,#81,#8148,.T.);
#8146=EDGE_CURVE('',#81,#65,#8149,.T.);
#8147=LINE('',#64,#8150);
#8148=LINE('',#72,#8151);
#8149=LINE('',#80,#8152);
#8150=VECTOR('',#8153,1.0);
#8151=VECTOR('',#8154,1.0);
#8152=VECTOR('',#8155,1.0);
#8153=DIRECTION('',(0,0.8763026881534131,-0.4817609352522288));
#8154=DIRECTION('',(0,0.8090232293588487,-0.5877766704776396));
#8155=DIRECTION('',(0,-0.8443292436462806,0.5358247179103441));
#8156=FACE_SURFACE('',(#8161),#8157,.T.);
#8157=PLANE('',#8158);
#8158=AXIS2_PLACEMENT_3D('',#80,#8159,#8160);
#8159=DIRECTION('',(-1,0,0));
#8160=DIRECTION('',(0,0.7289628978847397,-0.6845532072143717));
#8161=FACE_BOUND('',#8162,.T.);
#8162=EDGE_LOOP('',(#8163,#8164,#8165));
#8163=ORIENTED_EDGE('',*,*,#8166,.T.);
#8164=ORIENTED_EDGE('',*,*,#8167,.T.);
#8165=ORIENTED_EDGE('',*,*,#8168,.T.);
#8166=EDGE_CURVE('',#81,#89,#8169,.F.);
#8167=EDGE_CURVE('',#89,#97,#8170,.T.);
#8168=EDGE_CURVE('',#97,#81,#8171,.T.);
#8169=LINE('',#80,#8172);
#8170=LINE('',#88,#8173);
#8171=LINE('',#96,#8174);
#8172=VECTOR('',#8175,1.0);
#8173=VECTOR('',#8176,1.0);
#8174=VECTOR('',#8177,1.0);
#8175=DIRECTION('',(0,0.7289628978847397,-0.6845532072143717));
#8176=DIRECTION('',(0,0.6374234727601099,-0.7705136704656457));
#8177=DIRECTION('',(0,-0.6845443069607977,0.7289712558171008));
#8178=FACE_SURFACE('',(#8183),#8179,.T.);
#8179=PLANE('',#8180);
#8180=AXIS2_PLACEMENT_3D('',#96,#8181,#8182);
#8181=DIRECTION('',(-1,0,0));
#8182=DIRECTION('',(0,0.5358294369566545,-0.8443262488462114));
#8183=FACE_BOUND('',#8184,.T.);
#8184=EDGE_LOOP('',(#8185,#8186,#8187));
#8185=ORIENTED_EDGE('',*,*,#8188,.T.);
#8186=ORIENTED_EDGE('',*,*,#8189,.T.);
#8187=ORIENTED_EDGE('',*,*,#8190,.T.);
#8188=EDGE_CURVE('',#97,#105,#8191,.F.);
#8189=EDGE_CURVE('',#105,#113,#8192,.T.);
#8190=EDGE_CURVE('',#113,#97,#8193,.T.);
#8191=LINE('',#96,#8194);
#8192=LINE('',#104,#8195);
#8193=LINE('',#112,#8196);
#8194=VECTOR('',#8197,1.0);
#8195=VECTOR('',#8198,1.0);
#8196=VECTOR('',#8199,1.0);
#8197=DIRECTION('',(0,0.5358294369566545,-0.8443262488462114));
#8198=DIRECTION('',(0,0.4257824071885463,-0.9048255863583472));
#8199=DIRECTION('',(0,-0.481757504631164,0.8763045741815765));
#8200=FACE_SURFACE('',(#8205),#8201,.T.);
#8201=PLANE('',#8202);
#8202=AXIS2_PLACEMENT_3D('',#112,#8203,#8204);
#8203=DIRECTION('',(-1,0,0));
#8204=DIRECTION('',(0,0.30900731171641427,-0.9510596623271301));
#8205=FACE_BOUND('',#8206,.T.);
#8206=EDGE_LOOP('',(#8207,#8208,#8209));
#8207=ORIENTED_EDGE('',*,*,#8210,.T.);
#8208=ORIENTED_EDGE('',*,*,#8211,.T.);
#8209=ORIENTED_EDGE('',*,*,#8212,.T.);
#8210=EDGE_CURVE('',#113,#121,#8213,.F.);
#8211=EDGE_CURVE('',#121,#129,#8214,.T.);
#8212=EDGE_CURVE('',#129,#113,#8215,.T.);
#8213=LINE('',#112,#8216);
#8214=LINE('',#120,#8217);
#8215=LINE('',#128,#8218);
#8216=VECTOR('',#8219,1.0);
#8217=VECTOR('',#8220,1.0);
#8218=VECTOR('',#8221,1.0);
#8219=DIRECTION('',(0,0.30900731171641427,-0.9510596623271301));
#8220=DIRECTION('',(0,0.18738103382198917,-0.9822873042871941));
#8221=DIRECTION('',(0,-0.24868484526061277,0.9685844556556258));
#8222=FACE_SURFACE('',(#8227),#8223,.T.);
#8223=PLANE('',#8224);
#8224=AXIS2_PLACEMENT_3D('',#128,#8225,#8226);
#8225=DIRECTION('',(-1,0,0));
#8226=DIRECTION('',(0,0.06279938224164425,-0.998026170794167));
#8227=FACE_BOUND('',#8228,.T.);
#8228=EDGE_LOOP('',(#8229,#8230,#8231));
#8229=ORIENTED_EDGE('',*,*,#8232,.T.);
#8230=ORIENTED_EDGE('',*,*,#8233,.T.);
#8231=ORIENTED_EDGE('',*,*,#8234,.T.);
#8232=EDGE_CURVE('',#129,#137,#8235,.F.);
#8233=EDGE_CURVE('',#137,#145,#8236,.T.);
#8234=EDGE_CURVE('',#145,#129,#8237,.T.);
#8235=LINE('',#128,#8238);
#8236=LINE('',#136,#8239);
#8237=LINE('',#144,#8240);
#8238=VECTOR('',#8241,1.0);
#8239=VECTOR('',#8242,1.0);
#8240=VECTOR('',#8243,1.0);
#8241=DIRECTION('',(0,0.06279938224164425,-0.998026170794167));
#8242=DIRECTION('',(0,-0.06279684382222152,-0.9980263305173703));
#8243=DIRECTION('',(0,0,1));
#8244=FACE_SURFACE('',(#8249),#8245,.T.);
#8245=PLANE('',#8246);
#8246=AXIS2_PLACEMENT_3D('',#144,#8247,#8248);
#8247=DIRECTION('',(-1,0,0));
#8248=DIRECTION('',(0,-0.18738103382198917,-0.9822873042871941));
#8249=FACE_BOUND('',#8250,.T.);
#8250=EDGE_LOOP('',(#8251,#8252,#8253));
#8251=ORIENTED_EDGE('',*,*,#8254,.T.);
#8252=ORIENTED_EDGE('',*,*,#8255,.T.);
#8253=ORIENTED_EDGE('',*,*,#8256,.T.);
#8254=EDGE_CURVE('',#145,#153,#8257,.F.);
#8255=EDGE_CURVE('',#153,#161,#8258,.T.);
#8256=EDGE_CURVE('',#161,#145,#8259,.T.);
#8257=LINE('',#144,#8260);
#8258=LINE('',#152,#8261);
#8259=LINE('',#160,#8262);
#8260=VECTOR('',#8263,1.0);
#8261=VECTOR('',#8264,1.0);
#8262=VECTOR('',#8265,1.0);
#8263=DIRECTION('',(0,-0.18738103382198917,-0.9822873042871941));
#8264=DIRECTION('',(0,-0.3090192149523656,-0.9510557947829473));
#8265=DIRECTION('',(0,0.24868973286040366,0.9685832007472673));
#8266=FACE_SURFACE('',(#8271),#8267,.T.);
#8267=PLANE('',#8268);
#8268=AXIS2_PLACEMENT_3D('',#160,#8269,#8270);
#8269=DIRECTION('',(-1,0,0));
#8270=DIRECTION('',(0,-0.42576680375640874,-0.9048329286774723));
#8271=FACE_BOUND('',#8272,.T.);
#8272=EDGE_LOOP('',(#8273,#8274,#8275));
#8273=ORIENTED_EDGE('',*,*,#8276,.T.);
#8274=ORIENTED_EDGE('',*,*,#8277,.T.);
#8275=ORIENTED_EDGE('',*,*,#8278,.T.);
#8276=EDGE_CURVE('',#161,#169,#8279,.F.);
#8277=EDGE_CURVE('',#169,#177,#8280,.T.);
#8278=EDGE_CURVE('',#177,#161,#8281,.T.);
#8279=LINE('',#160,#8282);
#8280=LINE('',#168,#8283);
#8281=LINE('',#176,#8284);
#8282=VECTOR('',#8285,1.0);
#8283=VECTOR('',#8286,1.0);
#8284=VECTOR('',#8287,1.0);
#8285=DIRECTION('',(0,-0.42576680375640874,-0.9048329286774723));
#8286=DIRECTION('',(0,-0.5358294369566545,-0.8443262488462114));
#8287=DIRECTION('',(0,0.48174893861175555,0.8763092833848373));
#8288=FACE_SURFACE('',(#8293),#8289,.T.);
#8289=PLANE('',#8290);
#8290=AXIS2_PLACEMENT_3D('',#176,#8291,#8292);
#8291=DIRECTION('',(-1,0,0));
#8292=DIRECTION('',(0,-0.6374234727601099,-0.7705136704656457));
#8293=FACE_BOUND('',#8294,.T.);
#8294=EDGE_LOOP('',(#8295,#8296,#8297));
#8295=ORIENTED_EDGE('',*,*,#8298,.T.);
#8296=ORIENTED_EDGE('',*,*,#8299,.T.);
#8297=ORIENTED_EDGE('',*,*,#8300,.T.);
#8298=EDGE_CURVE('',#177,#185,#8301,.F.);
#8299=EDGE_CURVE('',#185,#193,#8302,.T.);
#8300=EDGE_CURVE('',#193,#177,#8303,.T.);
#8301=LINE('',#176,#8304);
#8302=LINE('',#184,#8305);
#8303=LINE('',#192,#8306);
#8304=VECTOR('',#8307,1.0);
#8305=VECTOR('',#8308,1.0);
#8306=VECTOR('',#8309,1.0);
#8307=DIRECTION('',(0,-0.6374234727601099,-0.7705136704656457));
#8308=DIRECTION('',(0,-0.728983108845549,-0.6845316844514056));
#8309=DIRECTION('',(0,0.6845544324752232,0.7289617472669777));
#8310=FACE_SURFACE('',(#8315),#8311,.T.);
#8311=PLANE('',#8312);
#8312=AXIS2_PLACEMENT_3D('',#192,#8313,#8314);
#8313=DIRECTION('',(-1,0,0));
#8314=DIRECTION('',(0,-0.8090039692886808,-0.5878031793680255));
#8315=FACE_BOUND('',#8316,.T.);
#8316=EDGE_LOOP('',(#8317,#8318,#8319));
#8317=ORIENTED_EDGE('',*,*,#8320,.T.);
#8318=ORIENTED_EDGE('',*,*,#8321,.T.);
#8319=ORIENTED_EDGE('',*,*,#8322,.T.);
#8320=EDGE_CURVE('',#193,#201,#8323,.F.);
#8321=EDGE_CURVE('',#201,#209,#8324,.T.);
#8322=EDGE_CURVE('',#209,#193,#8325,.T.);
#8323=LINE('',#192,#8326);
#8324=LINE('',#200,#8327);
#8325=LINE('',#208,#8328);
#8326=VECTOR('',#8329,1.0);
#8327=VECTOR('',#8330,1.0);
#8328=VECTOR('',#8331,1.0);
#8329=DIRECTION('',(0,-0.8090039692886808,-0.5878031793680255));
#8330=DIRECTION('',(0,-0.8763197862322384,-0.48172983326537305));
#8331=DIRECTION('',(0,0.8443292436462806,0.5358247179103441));
#8332=FACE_SURFACE('',(#8337),#8333,.T.);
#8333=PLANE('',#8334);
#8334=AXIS2_PLACEMENT_3D('',#208,#8335,#8336);
#8335=DIRECTION('',(-1,0,0));
#8336=DIRECTION('',(0,-0.9297643049000505,-0.3681553168619545));
#8337=FACE_BOUND('',#8338,.T.);
#8338=EDGE_LOOP('',(#8339,#8340,#8341));
#8339=ORIENTED_EDGE('',*,*,#8342,.T.);
#8340=ORIENTED_EDGE('',*,*,#8343,.T.);
#8341=ORIENTED_EDGE('',*,*,#8344,.T.);
#8342=EDGE_CURVE('',#209,#217,#8345,.F.);
#8343=EDGE_CURVE('',#217,#225,#8346,.T.);
#8344=EDGE_CURVE('',#225,#209,#8347,.T.);
#8345=LINE('',#208,#8348);
#8346=LINE('',#216,#8349);
#8347=LINE('',#224,#8350);
#8348=VECTOR('',#8351,1.0);
#8349=VECTOR('',#8352,1.0);
#8350=VECTOR('',#8353,1.0);
#8351=DIRECTION('',(0,-0.9297643049000505,-0.3681553168619545));
#8352=DIRECTION('',(0,-0.9685851121026392,-0.24868228849903634));
#8353=DIRECTION('',(0,0.9510524079657943,0.3090296382266017));
#8354=FACE_SURFACE('',(#8359),#8355,.T.);
#8355=PLANE('',#8356);
#8356=AXIS2_PLACEMENT_3D('',#224,#8357,#8358);
#8357=DIRECTION('',(-1,0,0));
#8358=DIRECTION('',(0,-0.9921172257192359,-0.1253132492243602));
#8359=FACE_BOUND('',#8360,.T.);
#8360=EDGE_LOOP('',(#8361,#8362,#8363));
#8361=ORIENTED_EDGE('',*,*,#8364,.T.);
#8362=ORIENTED_EDGE('',*,*,#8365,.T.);
#8363=ORIENTED_EDGE('',*,*,#8366,.T.);
#8364=EDGE_CURVE('',#225,#233,#8367,.F.);
#8365=EDGE_CURVE('',#233,#241,#8368,.T.);
#8366=EDGE_CURVE('',#241,#225,#8369,.T.);
#8367=LINE('',#224,#8370);
#8368=LINE('',#232,#8371);
#8369=LINE('',#240,#8372);
#8370=VECTOR('',#8373,1.0);
#8371=VECTOR('',#8374,1.0);
#8372=VECTOR('',#8375,1.0);
#8373=DIRECTION('',(0,-0.9921172257192359,-0.1253132492243602));
#8374=DIRECTION('',(0,-1,0));
#8375=DIRECTION('',(0,0.9980273506445503,0.06278062890270991));
#8376=FACE_SURFACE('',(#8381),#8377,.T.);
#8377=PLANE('',#8378);
#8378=AXIS2_PLACEMENT_3D('',#240,#8379,#8380);
#8379=DIRECTION('',(-1,0,0));
#8380=DIRECTION('',(0,-0.9921172257192359,0.1253132492243602));
#8381=FACE_BOUND('',#8382,.T.);
#8382=EDGE_LOOP('',(#8383,#8384,#8385));
#8383=ORIENTED_EDGE('',*,*,#8386,.T.);
#8384=ORIENTED_EDGE('',*,*,#8387,.T.);
#8385=ORIENTED_EDGE('',*,*,#8388,.T.);
#8386=EDGE_CURVE('',#241,#249,#8389,.F.);
#8387=EDGE_CURVE('',#249,#257,#8390,.T.);
#8388=EDGE_CURVE('',#257,#241,#8391,.T.);
#8389=LINE('',#240,#8392);
#8390=LINE('',#248,#8393);
#8391=LINE('',#256,#8394);
#8392=VECTOR('',#8395,1.0);
#8393=VECTOR('',#8396,1.0);
#8394=VECTOR('',#8397,1.0);
#8395=DIRECTION('',(0,-0.9921172257192359,0.1253132492243602));
#8396=DIRECTION('',(0,-0.9685851121026392,0.24868228849903634));
#8397=DIRECTION('',(0,0.9822898701940282,-0.18736758234603712));
#8398=FACE_SURFACE('',(#8403),#8399,.T.);
#8399=PLANE('',#8400);
#8400=AXIS2_PLACEMENT_3D('',#256,#8401,#8402);
#8401=DIRECTION('',(-1,0,0));
#8402=DIRECTION('',(0,-0.9297643049000505,0.3681553168619545));
#8403=FACE_BOUND('',#8404,.T.);
#8404=EDGE_LOOP('',(#8405,#8406,#8407));
#8405=ORIENTED_EDGE('',*,*,#8408,.T.);
#8406=ORIENTED_EDGE('',*,*,#8409,.T.);
#8407=ORIENTED_EDGE('',*,*,#8410,.T.);
#8408=EDGE_CURVE('',#257,#265,#8411,.F.);
#8409=EDGE_CURVE('',#265,#273,#8412,.T.);
#8410=EDGE_CURVE('',#273,#257,#8413,.T.);
#8411=LINE('',#256,#8414);
#8412=LINE('',#264,#8415);
#8413=LINE('',#272,#8416);
#8414=VECTOR('',#8417,1.0);
#8415=VECTOR('',#8418,1.0);
#8416=VECTOR('',#8419,1.0);
#8417=DIRECTION('',(0,-0.9297643049000505,0.3681553168619545));
#8418=DIRECTION('',(0,-0.8763197862322384,0.48172983326537305));
#8419=DIRECTION('',(0,0.904826059623565,-0.4257814014563023));
#8420=FACE_SURFACE('',(#8425),#8421,.T.);
#8421=PLANE('',#8422);
#8422=AXIS2_PLACEMENT_3D('',#272,#8423,#8424);
#8423=DIRECTION('',(-1,0,0));
#8424=DIRECTION('',(0,-0.8090039692886808,0.5878031793680255));
#8425=FACE_BOUND('',#8426,.T.);
#8426=EDGE_LOOP('',(#8427,#8428,#8429));
#8427=ORIENTED_EDGE('',*,*,#8430,.T.);
#8428=ORIENTED_EDGE('',*,*,#8431,.T.);
#8429=ORIENTED_EDGE('',*,*,#8432,.T.);
#8430=EDGE_CURVE('',#273,#281,#8433,.F.);
#8431=EDGE_CURVE('',#281,#289,#8434,.T.);
#8432=EDGE_CURVE('',#289,#273,#8435,.T.);
#8433=LINE('',#272,#8436);
#8434=LINE('',#280,#8437);
#8435=LINE('',#288,#8438);
#8436=VECTOR('',#8439,1.0);
#8437=VECTOR('',#8440,1.0);
#8438=VECTOR('',#8441,1.0);
#8439=DIRECTION('',(0,-0.8090039692886808,0.5878031793680255));
#8440=DIRECTION('',(0,-0.728983108845549,0.6845316844514056));
#8441=DIRECTION('',(0,0.7705132189017619,-0.6374240186074303));
#8442=FACE_SURFACE('',(#8447),#8443,.T.);
#8443=PLANE('',#8444);
#8444=AXIS2_PLACEMENT_3D('',#288,#8445,#8446);
#8445=DIRECTION('',(-1,0,0));
#8446=DIRECTION('',(0,-0.6374234727601099,0.7705136704656457));
#8447=FACE_BOUND('',#8448,.T.);
#8448=EDGE_LOOP('',(#8449,#8450,#8451));
#8449=ORIENTED_EDGE('',*,*,#8452,.T.);
#8450=ORIENTED_EDGE('',*,*,#8453,.T.);
#8451=ORIENTED_EDGE('',*,*,#8454,.T.);
#8452=EDGE_CURVE('',#289,#297,#8455,.F.);
#8453=EDGE_CURVE('',#297,#305,#8456,.T.);
#8454=EDGE_CURVE('',#305,#289,#8457,.T.);
#8455=LINE('',#288,#8458);
#8456=LINE('',#296,#8459);
#8457=LINE('',#304,#8460);
#8458=VECTOR('',#8461,1.0);
#8459=VECTOR('',#8462,1.0);
#8460=VECTOR('',#8463,1.0);
#8461=DIRECTION('',(0,-0.6374234727601099,0.7705136704656457));
#8462=DIRECTION('',(0,-0.5358294369566545,0.8443262488462114));
#8463=DIRECTION('',(0,0.5877855559638752,-0.8090167737446722));
#8464=FACE_SURFACE('',(#8469),#8465,.T.);
#8465=PLANE('',#8466);
#8466=AXIS2_PLACEMENT_3D('',#304,#8467,#8468);
#8467=DIRECTION('',(-1,0,0));
#8468=DIRECTION('',(0,-0.42576680375640874,0.9048329286774723));
#8469=FACE_BOUND('',#8470,.T.);
#8470=EDGE_LOOP('',(#8471,#8472,#8473));
#8471=ORIENTED_EDGE('',*,*,#8474,.T.);
#8472=ORIENTED_EDGE('',*,*,#8475,.T.);
#8473=ORIENTED_EDGE('',*,*,#8476,.T.);
#8474=EDGE_CURVE('',#305,#313,#8477,.F.);
#8475=EDGE_CURVE('',#313,#321,#8478,.T.);
#8476=EDGE_CURVE('',#321,#305,#8479,.T.);
#8477=LINE('',#304,#8480);
#8478=LINE('',#312,#8481);
#8479=LINE('',#320,#8482);
#8480=VECTOR('',#8483,1.0);
#8481=VECTOR('',#8484,1.0);
#8482=VECTOR('',#8485,1.0);
#8483=DIRECTION('',(0,-0.42576680375640874,0.9048329286774723));
#8484=DIRECTION('',(0,-0.3090192149523656,0.9510557947829473));
#8485=DIRECTION('',(0,0.36812081253624784,-0.92977796670907));
#8486=FACE_SURFACE('',(#8491),#8487,.T.);
#8487=PLANE('',#8488);
#8488=AXIS2_PLACEMENT_3D('',#320,#8489,#8490);
#8489=DIRECTION('',(-1,0,0));
#8490=DIRECTION('',(0,-0.18738103382198917,0.9822873042871941));
#8491=FACE_BOUND('',#8492,.T.);
#8492=EDGE_LOOP('',(#8493,#8494,#8495));
#8493=ORIENTED_EDGE('',*,*,#8496,.T.);
#8494=ORIENTED_EDGE('',*,*,#8497,.T.);
#8495=ORIENTED_EDGE('',*,*,#8498,.T.);
#8496=EDGE_CURVE('',#321,#329,#8499,.F.);
#8497=EDGE_CURVE('',#329,#337,#8500,.T.);
#8498=EDGE_CURVE('',#337,#321,#8501,.T.);
#8499=LINE('',#320,#8502);
#8500=LINE('',#328,#8503);
#8501=LINE('',#336,#8504);
#8502=VECTOR('',#8505,1.0);
#8503=VECTOR('',#8506,1.0);
#8504=VECTOR('',#8507,1.0);
#8505=DIRECTION('',(0,-0.18738103382198917,0.9822873042871941));
#8506=DIRECTION('',(0,-0.06279684382222152,0.9980263305173703));
#8507=DIRECTION('',(0,0.1253357308774925,-0.9921143858272617));
#8508=FACE_SURFACE('',(#8513),#8509,.T.);
#8509=PLANE('',#8510);
#8510=AXIS2_PLACEMENT_3D('',#336,#8511,#8512);
#8511=DIRECTION('',(-1,0,0));
#8512=DIRECTION('',(0,0.06279938224164425,0.998026170794167));
#8513=FACE_BOUND('',#8514,.T.);
#8514=EDGE_LOOP('',(#8515,#8516,#8517));
#8515=ORIENTED_EDGE('',*,*,#8518,.T.);
#8516=ORIENTED_EDGE('',*,*,#8519,.T.);
#8517=ORIENTED_EDGE('',*,*,#8520,.T.);
#8518=EDGE_CURVE('',#337,#345,#8521,.F.);
#8519=EDGE_CURVE('',#345,#353,#8522,.T.);
#8520=EDGE_CURVE('',#353,#337,#8523,.T.);
#8521=LINE('',#336,#8524);
#8522=LINE('',#344,#8525);
#8523=LINE('',#352,#8526);
#8524=VECTOR('',#8527,1.0);
#8525=VECTOR('',#8528,1.0);
#8526=VECTOR('',#8529,1.0);
#8527=DIRECTION('',(0,0.06279938224164425,0.998026170794167));
#8528=DIRECTION('',(0,0.18738103382198917,0.9822873042871941));
#8529=DIRECTION('',(0,-0.1253382540248466,-0.9921140670699127));
#8530=FACE_SURFACE('',(#8535),#8531,.T.);
#8531=PLANE('',#8532);
#8532=AXIS2_PLACEMENT_3D('',#352,#8533,#8534);
#8533=DIRECTION('',(-1,0,0));
#8534=DIRECTION('',(0,0.30900731171641427,0.9510596623271301));
#8535=FACE_BOUND('',#8536,.T.);
#8536=EDGE_LOOP('',(#8537,#8538,#8539));
#8537=ORIENTED_EDGE('',*,*,#8540,.T.);
#8538=ORIENTED_EDGE('',*,*,#8541,.T.);
#8539=ORIENTED_EDGE('',*,*,#8542,.T.);
#8540=EDGE_CURVE('',#353,#361,#8543,.F.);
#8541=EDGE_CURVE('',#361,#369,#8544,.T.);
#8542=EDGE_CURVE('',#369,#353,#8545,.T.);
#8543=LINE('',#352,#8546);
#8544=LINE('',#360,#8547);
#8545=LINE('',#368,#8548);
#8546=VECTOR('',#8549,1.0);
#8547=VECTOR('',#8550,1.0);
#8548=VECTOR('',#8551,1.0);
#8549=DIRECTION('',(0,0.30900731171641427,0.9510596623271301));
#8550=DIRECTION('',(0,0.4257824071885463,0.9048255863583472));
#8551=DIRECTION('',(0,-0.36812081253624784,-0.92977796670907));
#8552=FACE_SURFACE('',(#8557),#8553,.T.);
#8553=PLANE('',#8554);
#8554=AXIS2_PLACEMENT_3D('',#368,#8555,#8556);
#8555=DIRECTION('',(-1,0,0));
#8556=DIRECTION('',(0,0.5358294369566545,0.8443262488462114));
#8557=FACE_BOUND('',#8558,.T.);
#8558=EDGE_LOOP('',(#8559,#8560,#8561));
#8559=ORIENTED_EDGE('',*,*,#8562,.T.);
#8560=ORIENTED_EDGE('',*,*,#8563,.T.);
#8561=ORIENTED_EDGE('',*,*,#8564,.T.);
#8562=EDGE_CURVE('',#369,#377,#8565,.F.);
#8563=EDGE_CURVE('',#377,#385,#8566,.T.);
#8564=EDGE_CURVE('',#385,#369,#8567,.T.);
#8565=LINE('',#368,#8568);
#8566=LINE('',#376,#8569);
#8567=LINE('',#384,#8570);
#8568=VECTOR('',#8571,1.0);
#8569=VECTOR('',#8572,1.0);
#8570=VECTOR('',#8573,1.0);
#8571=DIRECTION('',(0,0.5358294369566545,0.8443262488462114));
#8572=DIRECTION('',(0,0.6374234727601099,0.7705136704656457));
#8573=DIRECTION('',(0,-0.5877855559638752,-0.8090167737446722));
#8574=FACE_SURFACE('',(#8579),#8575,.T.);
#8575=PLANE('',#8576);
#8576=AXIS2_PLACEMENT_3D('',#384,#8577,#8578);
#8577=DIRECTION('',(-1,0,0));
#8578=DIRECTION('',(0,0.7289628978847397,0.6845532072143717));
#8579=FACE_BOUND('',#8580,.T.);
#8580=EDGE_LOOP('',(#8581,#8582,#8583));
#8581=ORIENTED_EDGE('',*,*,#8584,.T.);
#8582=ORIENTED_EDGE('',*,*,#8585,.T.);
#8583=ORIENTED_EDGE('',*,*,#8586,.T.);
#8584=EDGE_CURVE('',#385,#393,#8587,.F.);
#8585=EDGE_CURVE('',#393,#401,#8588,.T.);
#8586=EDGE_CURVE('',#401,#385,#8589,.T.);
#8587=LINE('',#384,#8590);
#8588=LINE('',#392,#8591);
#8589=LINE('',#400,#8592);
#8590=VECTOR('',#8593,1.0);
#8591=VECTOR('',#8594,1.0);
#8592=VECTOR('',#8595,1.0);
#8593=DIRECTION('',(0,0.7289628978847397,0.6845532072143717));
#8594=DIRECTION('',(0,0.8090232293588487,0.5877766704776396));
#8595=DIRECTION('',(0,-0.7705132189017619,-0.6374240186074303));
#8596=FACE_SURFACE('',(#8601),#8597,.T.);
#8597=PLANE('',#8598);
#8598=AXIS2_PLACEMENT_3D('',#400,#8599,#8600);
#8599=DIRECTION('',(-1,0,0));
#8600=DIRECTION('',(0,0.8763026881534131,0.4817609352522288));
#8601=FACE_BOUND('',#8602,.T.);
#8602=EDGE_LOOP('',(#8603,#8604,#8605));
#8603=ORIENTED_EDGE('',*,*,#8606,.T.);
#8604=ORIENTED_EDGE('',*,*,#8607,.T.);
#8605=ORIENTED_EDGE('',*,*,#8608,.T.);
#8606=EDGE_CURVE('',#401,#409,#8609,.F.);
#8607=EDGE_CURVE('',#409,#417,#8610,.T.);
#8608=EDGE_CURVE('',#417,#401,#8611,.T.);
#8609=LINE('',#400,#8612);
#8610=LINE('',#408,#8613);
#8611=LINE('',#416,#8614);
#8612=VECTOR('',#8615,1.0);
#8613=VECTOR('',#8616,1.0);
#8614=VECTOR('',#8617,1.0);
#8615=DIRECTION('',(0,0.8763026881534131,0.4817609352522288));
#8616=DIRECTION('',(0,0.9297781678917533,0.3681203044004158));
#8617=DIRECTION('',(0,-0.904826059623565,-0.4257814014563023));
#8618=FACE_SURFACE('',(#8623),#8619,.T.);
#8619=PLANE('',#8620);
#8620=AXIS2_PLACEMENT_3D('',#416,#8621,#8622);
#8621=DIRECTION('',(-1,0,0));
#8622=DIRECTION('',(0,0.9685851121026392,0.24868228849903634));
#8623=FACE_BOUND('',#8624,.T.);
#8624=EDGE_LOOP('',(#8625,#8626,#8627));
#8625=ORIENTED_EDGE('',*,*,#8628,.T.);
#8626=ORIENTED_EDGE('',*,*,#8629,.T.);
#8627=ORIENTED_EDGE('',*,*,#8630,.T.);
#8628=EDGE_CURVE('',#417,#425,#8631,.F.);
#8629=EDGE_CURVE('',#425,#433,#8632,.T.);
#8630=EDGE_CURVE('',#433,#417,#8633,.T.);
#8631=LINE('',#416,#8634);
#8632=LINE('',#424,#8635);
#8633=LINE('',#432,#8636);
#8634=VECTOR('',#8637,1.0);
#8635=VECTOR('',#8638,1.0);
#8636=VECTOR('',#8639,1.0);
#8637=DIRECTION('',(0,0.9685851121026392,0.24868228849903634));
#8638=DIRECTION('',(0,0.9921121895126881,0.12535311492077195));
#8639=DIRECTION('',(0,-0.9822861354594742,-0.18738716093716679));
#8640=FACE_SURFACE('',(#8645),#8641,.T.);
#8641=PLANE('',#8642);
#8642=AXIS2_PLACEMENT_3D('',#432,#8643,#8644);
#8643=DIRECTION('',(-1,0,0));
#8644=DIRECTION('',(0,0.9980260790671363,-0.06280083997748903));
#8645=FACE_BOUND('',#8646,.T.);
#8646=EDGE_LOOP('',(#8647,#8648,#8649));
#8647=ORIENTED_EDGE('',*,*,#8650,.T.);
#8648=ORIENTED_EDGE('',*,*,#8651,.T.);
#8649=ORIENTED_EDGE('',*,*,#8652,.T.);
#8650=EDGE_CURVE('',#433,#49,#8653,.F.);
#8651=EDGE_CURVE('',#49,#65,#8654,.T.);
#8652=EDGE_CURVE('',#65,#433,#8655,.T.);
#8653=LINE('',#432,#8656);
#8654=LINE('',#48,#8657);
#8655=LINE('',#64,#8658);
#8656=VECTOR('',#8659,1.0);
#8657=VECTOR('',#8660,1.0);
#8658=VECTOR('',#8661,1.0);
#8659=DIRECTION('',(0,0.9980260790671363,-0.06280083997748903));
#8660=DIRECTION('',(0,0.9510583713753892,-0.30901128496673425));
#8661=DIRECTION('',(0,-0.9822867940259477,0.18738370868948445));
#8662=FACE_SURFACE('',(#8667),#8663,.T.);
#8663=PLANE('',#8664);
#8664=AXIS2_PLACEMENT_3D('',#64,#8665,#8666);
#8665=DIRECTION('',(-1,0,0));
#8666=DIRECTION('',(0,0.8443292436462806,-0.5358247179103441));
#8667=FACE_BOUND('',#8668,.T.);
#8668=EDGE_LOOP('',(#8669,#8670,#8671));
#8669=ORIENTED_EDGE('',*,*,#8672,.T.);
#8670=ORIENTED_EDGE('',*,*,#8673,.T.);
#8671=ORIENTED_EDGE('',*,*,#8674,.T.);
#8672=EDGE_CURVE('',#65,#81,#8675,.F.);
#8673=EDGE_CURVE('',#81,#97,#8676,.T.);
#8674=EDGE_CURVE('',#97,#65,#8677,.T.);
#8675=LINE('',#64,#8678);
#8676=LINE('',#80,#8679);
#8677=LINE('',#96,#8680);
#8678=VECTOR('',#8681,1.0);
#8679=VECTOR('',#8682,1.0);
#8680=VECTOR('',#8683,1.0);
#8681=DIRECTION('',(0,0.8443292436462806,-0.5358247179103441));
#8682=DIRECTION('',(0,0.6845443069607977,-0.7289712558171008));
#8683=DIRECTION('',(0,-0.7705126046633484,0.6374247610933408));
#8684=FACE_SURFACE('',(#8689),#8685,.T.);
#8685=PLANE('',#8686);
#8686=AXIS2_PLACEMENT_3D('',#96,#8687,#8688);
#8687=DIRECTION('',(-1,0,0));
#8688=DIRECTION('',(0,0.481757504631164,-0.8763045741815765));
#8689=FACE_BOUND('',#8690,.T.);
#8690=EDGE_LOOP('',(#8691,#8692,#8693));
#8691=ORIENTED_EDGE('',*,*,#8694,.T.);
#8692=ORIENTED_EDGE('',*,*,#8695,.T.);
#8693=ORIENTED_EDGE('',*,*,#8696,.T.);
#8694=EDGE_CURVE('',#97,#113,#8697,.F.);
#8695=EDGE_CURVE('',#113,#129,#8698,.T.);
#8696=EDGE_CURVE('',#129,#97,#8699,.T.);
#8697=LINE('',#96,#8700);
#8698=LINE('',#112,#8701);
#8699=LINE('',#128,#8702);
#8700=VECTOR('',#8703,1.0);
#8701=VECTOR('',#8704,1.0);
#8702=VECTOR('',#8705,1.0);
#8703=DIRECTION('',(0,0.481757504631164,-0.8763045741815765));
#8704=DIRECTION('',(0,0.24868484526061277,-0.9685844556556258));
#8705=DIRECTION('',(0,-0.36812396554833615,0.9297767183517597));
#8706=FACE_SURFACE('',(#8711),#8707,.T.);
#8707=PLANE('',#8708);
#8708=AXIS2_PLACEMENT_3D('',#128,#8709,#8710);
#8709=DIRECTION('',(-1,0,-0));
#8710=DIRECTION('',(0,0,-1));
#8711=FACE_BOUND('',#8712,.T.);
#8712=EDGE_LOOP('',(#8713,#8714,#8715));
#8713=ORIENTED_EDGE('',*,*,#8716,.T.);
#8714=ORIENTED_EDGE('',*,*,#8717,.T.);
#8715=ORIENTED_EDGE('',*,*,#8718,.T.);
#8716=EDGE_CURVE('',#129,#145,#8719,.F.);
#8717=EDGE_CURVE('',#145,#161,#8720,.T.);
#8718=EDGE_CURVE('',#161,#129,#8721,.T.);
#8719=LINE('',#128,#8722);
#8720=LINE('',#144,#8723);
#8721=LINE('',#160,#8724);
#8722=VECTOR('',#8725,1.0);
#8723=VECTOR('',#8726,1.0);
#8724=VECTOR('',#8727,1.0);
#8725=DIRECTION('',(0,0,-1));
#8726=DIRECTION('',(0,-0.24868973286040366,-0.9685832007472673));
#8727=DIRECTION('',(0,0.1253322540977894,0.9921148250493826));
#8728=FACE_SURFACE('',(#8733),#8729,.T.);
#8729=PLANE('',#8730);
#8730=AXIS2_PLACEMENT_3D('',#160,#8731,#8732);
#8731=DIRECTION('',(-1,0,0));
#8732=DIRECTION('',(0,-0.48174893861175555,-0.8763092833848373));
#8733=FACE_BOUND('',#8734,.T.);
#8734=EDGE_LOOP('',(#8735,#8736,#8737));
#8735=ORIENTED_EDGE('',*,*,#8738,.T.);
#8736=ORIENTED_EDGE('',*,*,#8739,.T.);
#8737=ORIENTED_EDGE('',*,*,#8740,.T.);
#8738=EDGE_CURVE('',#161,#177,#8741,.F.);
#8739=EDGE_CURVE('',#177,#193,#8742,.T.);
#8740=EDGE_CURVE('',#193,#161,#8743,.T.);
#8741=LINE('',#160,#8744);
#8742=LINE('',#176,#8745);
#8743=LINE('',#192,#8746);
#8744=VECTOR('',#8747,1.0);
#8745=VECTOR('',#8748,1.0);
#8746=VECTOR('',#8749,1.0);
#8747=DIRECTION('',(0,-0.48174893861175555,-0.8763092833848373));
#8748=DIRECTION('',(0,-0.6845544324752232,-0.7289617472669777));
#8749=DIRECTION('',(0,0.5877855265869956,0.8090167950882405));
#8750=FACE_SURFACE('',(#8755),#8751,.T.);
#8751=PLANE('',#8752);
#8752=AXIS2_PLACEMENT_3D('',#192,#8753,#8754);
#8753=DIRECTION('',(-1,0,0));
#8754=DIRECTION('',(0,-0.8443292436462806,-0.5358247179103441));
#8755=FACE_BOUND('',#8756,.T.);
#8756=EDGE_LOOP('',(#8757,#8758,#8759));
#8757=ORIENTED_EDGE('',*,*,#8760,.T.);
#8758=ORIENTED_EDGE('',*,*,#8761,.T.);
#8759=ORIENTED_EDGE('',*,*,#8762,.T.);
#8760=EDGE_CURVE('',#193,#209,#8763,.F.);
#8761=EDGE_CURVE('',#209,#225,#8764,.T.);
#8762=EDGE_CURVE('',#225,#193,#8765,.T.);
#8763=LINE('',#192,#8766);
#8764=LINE('',#208,#8767);
#8765=LINE('',#224,#8768);
#8766=VECTOR('',#8769,1.0);
#8767=VECTOR('',#8770,1.0);
#8768=VECTOR('',#8771,1.0);
#8769=DIRECTION('',(0,-0.8443292436462806,-0.5358247179103441));
#8770=DIRECTION('',(0,-0.9510524079657943,-0.3090296382266017));
#8771=DIRECTION('',(0,0.9048249594279276,0.42578373946905157));
#8772=FACE_SURFACE('',(#8777),#8773,.T.);
#8773=PLANE('',#8774);
#8774=AXIS2_PLACEMENT_3D('',#224,#8775,#8776);
#8775=DIRECTION('',(-1,-0,0));
#8776=DIRECTION('',(0,-0.9980273506445503,-0.06278062890270991));
#8777=FACE_BOUND('',#8778,.T.);
#8778=EDGE_LOOP('',(#8779,#8780,#8781));
#8779=ORIENTED_EDGE('',*,*,#8782,.T.);
#8780=ORIENTED_EDGE('',*,*,#8783,.T.);
#8781=ORIENTED_EDGE('',*,*,#8784,.T.);
#8782=EDGE_CURVE('',#225,#241,#8785,.F.);
#8783=EDGE_CURVE('',#241,#257,#8786,.T.);
#8784=EDGE_CURVE('',#257,#225,#8787,.T.);
#8785=LINE('',#224,#8788);
#8786=LINE('',#240,#8789);
#8787=LINE('',#256,#8790);
#8788=VECTOR('',#8791,1.0);
#8789=VECTOR('',#8792,1.0);
#8790=VECTOR('',#8793,1.0);
#8791=DIRECTION('',(0,-0.9980273506445503,-0.06278062890270991));
#8792=DIRECTION('',(0,-0.9822898701940282,0.18736758234603712));
#8793=DIRECTION('',(0,0.9980268491655205,-0.06278860043625266));
#8794=FACE_SURFACE('',(#8799),#8795,.T.);
#8795=PLANE('',#8796);
#8796=AXIS2_PLACEMENT_3D('',#256,#8797,#8798);
#8797=DIRECTION('',(-1,0,0));
#8798=DIRECTION('',(0,-0.904826059623565,0.4257814014563023));
#8799=FACE_BOUND('',#8800,.T.);
#8800=EDGE_LOOP('',(#8801,#8802,#8803));
#8801=ORIENTED_EDGE('',*,*,#8804,.T.);
#8802=ORIENTED_EDGE('',*,*,#8805,.T.);
#8803=ORIENTED_EDGE('',*,*,#8806,.T.);
#8804=EDGE_CURVE('',#257,#273,#8807,.F.);
#8805=EDGE_CURVE('',#273,#289,#8808,.T.);
#8806=EDGE_CURVE('',#289,#257,#8809,.T.);
#8807=LINE('',#256,#8810);
#8808=LINE('',#272,#8811);
#8809=LINE('',#288,#8812);
#8810=VECTOR('',#8813,1.0);
#8811=VECTOR('',#8814,1.0);
#8812=VECTOR('',#8815,1.0);
#8813=DIRECTION('',(0,-0.904826059623565,0.4257814014563023));
#8814=DIRECTION('',(0,-0.7705132189017619,0.6374240186074303));
#8815=DIRECTION('',(0,0.8443278187288977,-0.5358269632264707));
#8816=FACE_SURFACE('',(#8821),#8817,.T.);
#8817=PLANE('',#8818);
#8818=AXIS2_PLACEMENT_3D('',#288,#8819,#8820);
#8819=DIRECTION('',(-1,0,0));
#8820=DIRECTION('',(0,-0.5877855559638752,0.8090167737446722));
#8821=FACE_BOUND('',#8822,.T.);
#8822=EDGE_LOOP('',(#8823,#8824,#8825));
#8823=ORIENTED_EDGE('',*,*,#8826,.T.);
#8824=ORIENTED_EDGE('',*,*,#8827,.T.);
#8825=ORIENTED_EDGE('',*,*,#8828,.T.);
#8826=EDGE_CURVE('',#289,#305,#8829,.F.);
#8827=EDGE_CURVE('',#305,#321,#8830,.T.);
#8828=EDGE_CURVE('',#321,#289,#8831,.T.);
#8829=LINE('',#288,#8832);
#8830=LINE('',#304,#8833);
#8831=LINE('',#320,#8834);
#8832=VECTOR('',#8835,1.0);
#8833=VECTOR('',#8836,1.0);
#8834=VECTOR('',#8837,1.0);
#8835=DIRECTION('',(0,-0.5877855559638752,0.8090167737446722));
#8836=DIRECTION('',(0,-0.36812081253624784,0.92977796670907));
#8837=DIRECTION('',(0,0.4817526892818064,-0.8763072214524694));
#8838=FACE_SURFACE('',(#8843),#8839,.T.);
#8839=PLANE('',#8840);
#8840=AXIS2_PLACEMENT_3D('',#320,#8841,#8842);
#8841=DIRECTION('',(-1,0,0));
#8842=DIRECTION('',(0,-0.1253357308774925,0.9921143858272617));
#8843=FACE_BOUND('',#8844,.T.);
#8844=EDGE_LOOP('',(#8845,#8846,#8847));
#8845=ORIENTED_EDGE('',*,*,#8848,.T.);
#8846=ORIENTED_EDGE('',*,*,#8849,.T.);
#8847=ORIENTED_EDGE('',*,*,#8850,.T.);
#8848=EDGE_CURVE('',#321,#337,#8851,.F.);
#8849=EDGE_CURVE('',#337,#353,#8852,.T.);
#8850=EDGE_CURVE('',#353,#321,#8853,.T.);
#8851=LINE('',#320,#8854);
#8852=LINE('',#336,#8855);
#8853=LINE('',#352,#8856);
#8854=VECTOR('',#8857,1.0);
#8855=VECTOR('',#8858,1.0);
#8856=VECTOR('',#8859,1.0);
#8857=DIRECTION('',(0,-0.1253357308774925,0.9921143858272617));
#8858=DIRECTION('',(0,0.1253382540248466,0.9921140670699127));
#8859=DIRECTION('',(0,0,-1));
#8860=FACE_SURFACE('',(#8865),#8861,.T.);
#8861=PLANE('',#8862);
#8862=AXIS2_PLACEMENT_3D('',#352,#8863,#8864);
#8863=DIRECTION('',(-1,0,0));
#8864=DIRECTION('',(0,0.36812081253624784,0.92977796670907));
#8865=FACE_BOUND('',#8866,.T.);
#8866=EDGE_LOOP('',(#8867,#8868,#8869));
#8867=ORIENTED_EDGE('',*,*,#8870,.T.);
#8868=ORIENTED_EDGE('',*,*,#8871,.T.);
#8869=ORIENTED_EDGE('',*,*,#8872,.T.);
#8870=EDGE_CURVE('',#353,#369,#8873,.F.);
#8871=EDGE_CURVE('',#369,#385,#8874,.T.);
#8872=EDGE_CURVE('',#385,#353,#8875,.T.);
#8873=LINE('',#352,#8876);
#8874=LINE('',#368,#8877);
#8875=LINE('',#384,#8878);
#8876=VECTOR('',#8879,1.0);
#8877=VECTOR('',#8880,1.0);
#8878=VECTOR('',#8881,1.0);
#8879=DIRECTION('',(0,0.36812081253624784,0.92977796670907));
#8880=DIRECTION('',(0,0.5877855559638752,0.8090167737446722));
#8881=DIRECTION('',(0,-0.4817526892818064,-0.8763072214524694));
#8882=FACE_SURFACE('',(#8887),#8883,.T.);
#8883=PLANE('',#8884);
#8884=AXIS2_PLACEMENT_3D('',#384,#8885,#8886);
#8885=DIRECTION('',(-1,0,0));
#8886=DIRECTION('',(0,0.7705132189017619,0.6374240186074303));
#8887=FACE_BOUND('',#8888,.T.);
#8888=EDGE_LOOP('',(#8889,#8890,#8891));
#8889=ORIENTED_EDGE('',*,*,#8892,.T.);
#8890=ORIENTED_EDGE('',*,*,#8893,.T.);
#8891=ORIENTED_EDGE('',*,*,#8894,.T.);
#8892=EDGE_CURVE('',#385,#401,#8895,.F.);
#8893=EDGE_CURVE('',#401,#417,#8896,.T.);
#8894=EDGE_CURVE('',#417,#385,#8897,.T.);
#8895=LINE('',#384,#8898);
#8896=LINE('',#400,#8899);
#8897=LINE('',#416,#8900);
#8898=VECTOR('',#8901,1.0);
#8899=VECTOR('',#8902,1.0);
#8900=VECTOR('',#8903,1.0);
#8901=DIRECTION('',(0,0.7705132189017619,0.6374240186074303));
#8902=DIRECTION('',(0,0.904826059623565,0.4257814014563023));
#8903=DIRECTION('',(0,-0.8443278187288977,-0.5358269632264707));
#8904=FACE_SURFACE('',(#8909),#8905,.T.);
#8905=PLANE('',#8906);
#8906=AXIS2_PLACEMENT_3D('',#416,#8907,#8908);
#8907=DIRECTION('',(-1,0,0));
#8908=DIRECTION('',(0,0.9822861354594742,0.18738716093716679));
#8909=FACE_BOUND('',#8910,.T.);
#8910=EDGE_LOOP('',(#8911,#8912,#8913));
#8911=ORIENTED_EDGE('',*,*,#8914,.T.);
#8912=ORIENTED_EDGE('',*,*,#8915,.T.);
#8913=ORIENTED_EDGE('',*,*,#8916,.T.);
#8914=EDGE_CURVE('',#417,#433,#8917,.F.);
#8915=EDGE_CURVE('',#433,#65,#8918,.T.);
#8916=EDGE_CURVE('',#65,#417,#8919,.T.);
#8917=LINE('',#416,#8920);
#8918=LINE('',#432,#8921);
#8919=LINE('',#64,#8922);
#8920=VECTOR('',#8923,1.0);
#8921=VECTOR('',#8924,1.0);
#8922=VECTOR('',#8925,1.0);
#8923=DIRECTION('',(0,0.9822861354594742,0.18738716093716679));
#8924=DIRECTION('',(0,0.9822867940259477,-0.18738370868948445));
#8925=DIRECTION('',(0,-0.9980267551728166,0.06279009443549702));
#8926=FACE_SURFACE('',(#8931),#8927,.T.);
#8927=PLANE('',#8928);
#8928=AXIS2_PLACEMENT_3D('',#64,#8929,#8930);
#8929=DIRECTION('',(-1,0,0));
#8930=DIRECTION('',(0,0.7705126046633484,-0.6374247610933408));
#8931=FACE_BOUND('',#8932,.T.);
#8932=EDGE_LOOP('',(#8933,#8934,#8935));
#8933=ORIENTED_EDGE('',*,*,#8936,.T.);
#8934=ORIENTED_EDGE('',*,*,#8937,.T.);
#8935=ORIENTED_EDGE('',*,*,#8938,.T.);
#8936=EDGE_CURVE('',#65,#97,#8939,.F.);
#8937=EDGE_CURVE('',#97,#129,#8940,.T.);
#8938=EDGE_CURVE('',#129,#65,#8941,.T.);
#8939=LINE('',#64,#8942);
#8940=LINE('',#96,#8943);
#8941=LINE('',#128,#8944);
#8942=VECTOR('',#8945,1.0);
#8943=VECTOR('',#8946,1.0);
#8944=VECTOR('',#8947,1.0);
#8945=DIRECTION('',(0,0.7705126046633484,-0.6374247610933408));
#8946=DIRECTION('',(0,0.36812396554833615,-0.9297767183517597));
#8947=DIRECTION('',(0,-0.5877843016965755,0.8090176850224406));
#8948=FACE_SURFACE('',(#8953),#8949,.T.);
#8949=PLANE('',#8950);
#8950=AXIS2_PLACEMENT_3D('',#128,#8951,#8952);
#8951=DIRECTION('',(-1,0,0));
#8952=DIRECTION('',(0,-0.1253322540977894,-0.9921148250493826));
#8953=FACE_BOUND('',#8954,.T.);
#8954=EDGE_LOOP('',(#8955,#8956,#8957));
#8955=ORIENTED_EDGE('',*,*,#8958,.T.);
#8956=ORIENTED_EDGE('',*,*,#8959,.T.);
#8957=ORIENTED_EDGE('',*,*,#8960,.T.);
#8958=EDGE_CURVE('',#129,#161,#8961,.F.);
#8959=EDGE_CURVE('',#161,#193,#8962,.T.);
#8960=EDGE_CURVE('',#193,#129,#8963,.T.);
#8961=LINE('',#128,#8964);
#8962=LINE('',#160,#8965);
#8963=LINE('',#192,#8966);
#8964=VECTOR('',#8967,1.0);
#8965=VECTOR('',#8968,1.0);
#8966=VECTOR('',#8969,1.0);
#8967=DIRECTION('',(0,-0.1253322540977894,-0.9921148250493826));
#8968=DIRECTION('',(0,-0.5877855265869956,-0.8090167950882405));
#8969=DIRECTION('',(0,0.3681254645281678,0.9297761248633569));
#8970=FACE_SURFACE('',(#8975),#8971,.T.);
#8971=PLANE('',#8972);
#8972=AXIS2_PLACEMENT_3D('',#192,#8973,#8974);
#8973=DIRECTION('',(-1,0,0));
#8974=DIRECTION('',(0,-0.9048249594279276,-0.42578373946905157));
#8975=FACE_BOUND('',#8976,.T.);
#8976=EDGE_LOOP('',(#8977,#8978,#8979));
#8977=ORIENTED_EDGE('',*,*,#8980,.T.);
#8978=ORIENTED_EDGE('',*,*,#8981,.T.);
#8979=ORIENTED_EDGE('',*,*,#8982,.T.);
#8980=EDGE_CURVE('',#193,#225,#8983,.F.);
#8981=EDGE_CURVE('',#225,#257,#8984,.T.);
#8982=EDGE_CURVE('',#257,#193,#8985,.T.);
#8983=LINE('',#192,#8986);
#8984=LINE('',#224,#8987);
#8985=LINE('',#256,#8988);
#8986=VECTOR('',#8989,1.0);
#8987=VECTOR('',#8990,1.0);
#8988=VECTOR('',#8991,1.0);
#8989=DIRECTION('',(0,-0.9048249594279276,-0.42578373946905157));
#8990=DIRECTION('',(0,-0.9980268491655205,0.06278860043625266));
#8991=DIRECTION('',(0,0.9822864554532551,0.1873854835174817));
#8992=FACE_SURFACE('',(#8997),#8993,.T.);
#8993=PLANE('',#8994);
#8994=AXIS2_PLACEMENT_3D('',#256,#8995,#8996);
#8995=DIRECTION('',(-1,0,0));
#8996=DIRECTION('',(0,-0.8443278187288977,0.5358269632264707));
#8997=FACE_BOUND('',#8998,.T.);
#8998=EDGE_LOOP('',(#8999,#9000,#9001));
#8999=ORIENTED_EDGE('',*,*,#9002,.T.);
#9000=ORIENTED_EDGE('',*,*,#9003,.T.);
#9001=ORIENTED_EDGE('',*,*,#9004,.T.);
#9002=EDGE_CURVE('',#257,#289,#9005,.F.);
#9003=EDGE_CURVE('',#289,#321,#9006,.T.);
#9004=EDGE_CURVE('',#321,#257,#9007,.T.);
#9005=LINE('',#256,#9008);
#9006=LINE('',#288,#9009);
#9007=LINE('',#320,#9010);
#9008=VECTOR('',#9011,1.0);
#9009=VECTOR('',#9012,1.0);
#9010=VECTOR('',#9013,1.0);
#9011=DIRECTION('',(0,-0.8443278187288977,0.5358269632264707));
#9012=DIRECTION('',(0,-0.4817526892818064,0.8763072214524694));
#9013=DIRECTION('',(0,0.6845468801370754,-0.7289688394537839));
#9014=FACE_SURFACE('',(#9019),#9015,.T.);
#9015=PLANE('',#9016);
#9016=AXIS2_PLACEMENT_3D('',#320,#9017,#9018);
#9017=DIRECTION('',(-1,0,0));
#9018=DIRECTION('',(0,0,1));
#9019=FACE_BOUND('',#9020,.T.);
#9020=EDGE_LOOP('',(#9021,#9022,#9023));
#9021=ORIENTED_EDGE('',*,*,#9024,.T.);
#9022=ORIENTED_EDGE('',*,*,#9025,.T.);
#9023=ORIENTED_EDGE('',*,*,#9026,.T.);
#9024=EDGE_CURVE('',#321,#353,#9027,.F.);
#9025=EDGE_CURVE('',#353,#385,#9028,.T.);
#9026=EDGE_CURVE('',#385,#321,#9029,.T.);
#9027=LINE('',#320,#9030);
#9028=LINE('',#352,#9031);
#9029=LINE('',#384,#9032);
#9030=VECTOR('',#9033,1.0);
#9031=VECTOR('',#9034,1.0);
#9032=VECTOR('',#9035,1.0);
#9033=DIRECTION('',(0,0,1));
#9034=DIRECTION('',(0,0.4817526892818064,0.8763072214524694));
#9035=DIRECTION('',(0,-0.2486890427129937,-0.9685833779466251));
#9036=FACE_SURFACE('',(#9041),#9037,.T.);
#9037=PLANE('',#9038);
#9038=AXIS2_PLACEMENT_3D('',#384,#9039,#9040);
#9039=DIRECTION('',(-1,0,0));
#9040=DIRECTION('',(0,0.8443278187288977,0.5358269632264707));
#9041=FACE_BOUND('',#9042,.T.);
#9042=EDGE_LOOP('',(#9043,#9044,#9045));
#9043=ORIENTED_EDGE('',*,*,#9046,.T.);
#9044=ORIENTED_EDGE('',*,*,#9047,.T.);
#9045=ORIENTED_EDGE('',*,*,#9048,.T.);
#9046=EDGE_CURVE('',#385,#417,#9049,.F.);
#9047=EDGE_CURVE('',#417,#65,#9050,.T.);
#9048=EDGE_CURVE('',#65,#385,#9051,.T.);
#9049=LINE('',#384,#9052);
#9050=LINE('',#416,#9053);
#9051=LINE('',#64,#9054);
#9052=VECTOR('',#9055,1.0);
#9053=VECTOR('',#9056,1.0);
#9054=VECTOR('',#9057,1.0);
#9055=DIRECTION('',(0,0.8443278187288977,0.5358269632264707));
#9056=DIRECTION('',(0,0.9980267551728166,-0.06279009443549702));
#9057=DIRECTION('',(0,-0.9822870640670608,-0.18738229309759766));
#9058=FACE_SURFACE('',(#9063),#9059,.T.);
#9059=PLANE('',#9060);
#9060=AXIS2_PLACEMENT_3D('',#64,#9061,#9062);
#9061=DIRECTION('',(-1,0,0));
#9062=DIRECTION('',(0,0.5877843016965755,-0.8090176850224406));
#9063=FACE_BOUND('',#9064,.T.);
#9064=EDGE_LOOP('',(#9065,#9066,#9067));
#9065=ORIENTED_EDGE('',*,*,#9068,.T.);
#9066=ORIENTED_EDGE('',*,*,#9069,.T.);
#9067=ORIENTED_EDGE('',*,*,#9070,.T.);
#9068=EDGE_CURVE('',#65,#129,#9071,.F.);
#9069=EDGE_CURVE('',#129,#193,#9072,.T.);
#9070=EDGE_CURVE('',#193,#65,#9073,.T.);
#9071=LINE('',#64,#9074);
#9072=LINE('',#128,#9075);
#9073=LINE('',#192,#9076);
#9074=VECTOR('',#9077,1.0);
#9075=VECTOR('',#9078,1.0);
#9076=VECTOR('',#9079,1.0);
#9077=DIRECTION('',(0,0.5877843016965755,-0.8090176850224406));
#9078=DIRECTION('',(0,-0.3681254645281678,-0.9297761248633569));
#9079=DIRECTION('',(0,-0.1253332266877504,0.9921147021831886));
#9080=FACE_SURFACE('',(#9085),#9081,.T.);
#9081=PLANE('',#9082);
#9082=AXIS2_PLACEMENT_3D('',#192,#9083,#9084);
#9083=DIRECTION('',(-1,-0,0));
#9084=DIRECTION('',(0,-0.9822864554532551,-0.1873854835174817));
#9085=FACE_BOUND('',#9086,.T.);
#9086=EDGE_LOOP('',(#9087,#9088,#9089));
#9087=ORIENTED_EDGE('',*,*,#9090,.T.);
#9088=ORIENTED_EDGE('',*,*,#9091,.T.);
#9089=ORIENTED_EDGE('',*,*,#9092,.T.);
#9090=EDGE_CURVE('',#193,#257,#9093,.F.);
#9091=EDGE_CURVE('',#257,#321,#9094,.T.);
#9092=EDGE_CURVE('',#321,#193,#9095,.T.);
#9093=LINE('',#192,#9096);
#9094=LINE('',#256,#9097);
#9095=LINE('',#320,#9098);
#9096=VECTOR('',#9099,1.0);
#9097=VECTOR('',#9100,1.0);
#9098=VECTOR('',#9101,1.0);
#9099=DIRECTION('',(0,-0.9822864554532551,-0.1873854835174817));
#9100=DIRECTION('',(0,-0.6845468801370754,0.7289688394537839));
#9101=DIRECTION('',(0,0.9510569866108953,-0.30901554688818395));
#9102=FACE_SURFACE('',(#9107),#9103,.T.);
#9103=PLANE('',#9104);
#9104=AXIS2_PLACEMENT_3D('',#320,#9105,#9106);
#9105=DIRECTION('',(-1,0,0));
#9106=DIRECTION('',(0,0.2486890427129937,0.9685833779466251));
#9107=FACE_BOUND('',#9108,.T.);
#9108=EDGE_LOOP('',(#9109,#9110,#9111));
#9109=ORIENTED_EDGE('',*,*,#9112,.T.);
#9110=ORIENTED_EDGE('',*,*,#9113,.T.);
#9111=ORIENTED_EDGE('',*,*,#9114,.T.);
#9112=EDGE_CURVE('',#321,#385,#9115,.F.);
#9113=EDGE_CURVE('',#385,#65,#9116,.T.);
#9114=EDGE_CURVE('',#65,#321,#9117,.T.);
#9115=LINE('',#320,#9118);
#9116=LINE('',#384,#9119);
#9117=LINE('',#64,#9120);
#9118=VECTOR('',#9121,1.0);
#9119=VECTOR('',#9122,1.0);
#9120=VECTOR('',#9123,1.0);
#9121=DIRECTION('',(0,0.2486890427129937,0.9685833779466251));
#9122=DIRECTION('',(0,0.9822870640670608,0.18738229309759766));
#9123=DIRECTION('',(0,-0.7705124137611634,-0.6374249918539009));
#9124=FACE_SURFACE('',(#9129),#9125,.T.);
#9125=PLANE('',#9126);
#9126=AXIS2_PLACEMENT_3D('',#64,#9127,#9128);
#9127=DIRECTION('',(-1,0,-0));
#9128=DIRECTION('',(0,0.1253332266877504,-0.9921147021831886));
#9129=FACE_BOUND('',#9130,.T.);
#9130=EDGE_LOOP('',(#9131,#9132,#9133));
#9131=ORIENTED_EDGE('',*,*,#9134,.T.);
#9132=ORIENTED_EDGE('',*,*,#9135,.T.);
#9133=ORIENTED_EDGE('',*,*,#9136,.T.);
#9134=EDGE_CURVE('',#65,#193,#9137,.F.);
#9135=EDGE_CURVE('',#193,#321,#9138,.T.);
#9136=EDGE_CURVE('',#321,#65,#9139,.T.);
#9137=LINE('',#64,#9140);
#9138=LINE('',#192,#9141);
#9139=LINE('',#320,#9142);
#9140=VECTOR('',#9143,1.0);
#9141=VECTOR('',#9144,1.0);
#9142=VECTOR('',#9145,1.0);
#9143=DIRECTION('',(0,0.1253332266877504,-0.9921147021831886));
#9144=DIRECTION('',(0,-0.9510569866108953,0.30901554688818395));
#9145=DIRECTION('',(0,0.7705124137611634,0.6374249918539009));
ENDSEC;
END-ISO-10303-21;
